scenario,iteration,fuzzer_type,algorithm,handover_count_iter,vulnerabilities,jain_fairness_index,alpha_fairness_a1,alpha_fairness_a2,avg_sinr_db,sinr_5th_percentile_db,avg_throughput_mbps,throughput_5th_percentile_mbps,avg_transmission_time_ms
Low Load,0,AI,baseline,20,"['QoS Violation: Avg High Prio SINR = 4.61 dB (Threshold: 5.0 dB)', 'Unfairness: Jain Index = 0.08']",0.07813917214830882,6.267084121704102,-163.3995361328125,0.90725356,-11.116495895385741,22.24394,1.7484979271888736,3.56459547765553
Low Load,1,AI,baseline,24,"['QoS Violation: Avg High Prio SINR = 3.05 dB (Threshold: 5.0 dB)', 'Unfairness: Jain Index = 0.17']",0.16936704191289026,11.34298324584961,-39.39075469970703,1.642065,-4.296431279182434,22.093672,6.241940331459046,1.0509329149499536
Low Load,2,AI,baseline,24,"['QoS Violation: Avg High Prio SINR = 3.33 dB (Threshold: 5.0 dB)', 'Unfairness: Jain Index = 0.11']",0.10789119727901561,6.2091193199157715,-302.94854736328125,0.8988622,-12.823840808868407,21.958387,1.956971716880799,6.39178603887558
Low Load,3,AI,baseline,24,"['Ping-Pong: 16 UEs oscillating', 'QoS Violation: Avg High Prio SINR = 4.24 dB (Threshold: 5.0 dB)', 'Unfairness: Jain Index = 0.07']",0.07205838588412015,27.764211654663086,-46.019012451171875,4.019281,-6.17242636680603,31.045189,4.342112982273102,1.1675239074975252
Low Load,4,AI,baseline,25,"['Ping-Pong: 18 UEs oscillating', 'Unfairness: Jain Index = 0.05']",0.05151838979380428,34.74715042114258,-34.986141204833984,5.0301647,-4.037386929988861,35.096157,6.57442524433136,0.9422451839782298
Low Load,5,AI,baseline,25,"['Ping-Pong: 16 UEs oscillating', 'QoS Violation: Avg High Prio SINR = 1.92 dB (Threshold: 5.0 dB)', 'Unfairness: Jain Index = 0.16']",0.15842219613661981,-10.428912162780762,-2668.711181640625,-1.5097396,-24.939369678497314,18.940271,0.06526089236140252,54.344017058610916
Low Load,6,AI,baseline,22,"['Ping-Pong: 16 UEs oscillating', 'QoS Violation: Avg High Prio SINR = 1.38 dB (Threshold: 5.0 dB)', 'Unfairness: Jain Index = 0.08']",0.07961100403595979,28.44443130493164,-17612.1875,4.1177535,-20.133008480072018,40.405876,1.5018141873180872,357.3611080646515
Low Load,7,AI,baseline,23,"['Ping-Pong: 15 UEs oscillating', 'QoS Violation: Avg High Prio SINR = -0.24 dB (Threshold: 5.0 dB)', 'Unfairness: Jain Index = 0.07']",0.0689354121587322,22.830778121948242,-224.71322631835938,3.305093,-16.424462890625,34.0205,0.4457724139094353,4.789756145328283
Low Load,8,AI,baseline,19,"['Ping-Pong: 11 UEs oscillating', 'QoS Violation: Avg High Prio SINR = -0.17 dB (Threshold: 5.0 dB)', 'Unfairness: Jain Index = 0.03']",0.03466298396718052,24.52629852294922,-452.6484375,3.5505452,-15.495128202438353,34.789944,0.7282527625560762,9.411972016096115
Low Load,9,AI,baseline,21,"['Ping-Pong: 11 UEs oscillating', 'QoS Violation: Avg High Prio SINR = 2.67 dB (Threshold: 5.0 dB)', 'Unfairness: Jain Index = 0.10']",0.09590600584162724,34.6897087097168,-640.2156982421875,5.0218496,-17.49065885543823,40.907093,0.5901028066873553,13.20201437920332
Low Load,10,AI,baseline,22,"['Ping-Pong: 12 UEs oscillating', 'QoS Violation: Avg High Prio SINR = -0.52 dB (Threshold: 5.0 dB)', 'Unfairness: Jain Index = 0.07']",0.07165901250072028,23.945459365844727,-1470.5810546875,3.4664605,-25.89675054550171,41.148464,0.05243903044611216,30.03927133977413
Low Load,11,AI,baseline,23,"['Ping-Pong: 14 UEs oscillating', 'QoS Violation: Avg High Prio SINR = 2.27 dB (Threshold: 5.0 dB)', 'Unfairness: Jain Index = 0.05']",0.04834305205807442,15.242250442504883,-502.0408020019531,2.2065418,-12.89888162612915,28.733877,1.3325325787067417,10.418638586997986
Low Load,12,AI,baseline,26,"['Ping-Pong: 16 UEs oscillating', 'Unfairness: Jain Index = 0.07']",0.07197669528011764,56.62074279785156,-179.0191192626953,8.196692,-4.073030936717987,48.938267,6.535712957382202,3.8478546775877476
Low Load,13,AI,baseline,22,"['Ping-Pong: 15 UEs oscillating', 'QoS Violation: Avg High Prio SINR = 2.80 dB (Threshold: 5.0 dB)', 'Unfairness: Jain Index = 0.07']",0.07162900864746057,32.511322021484375,-171.83705139160156,4.706495,-9.167681431770323,36.752625,2.726691961288453,3.7164236418902874
Low Load,14,AI,baseline,21,"['Ping-Pong: 14 UEs oscillating', 'Unfairness: Jain Index = 0.09']",0.08843076988555187,25.41323471069336,-700.8317260742188,3.6789427,-13.377664852142333,35.401035,1.3482560992240908,14.441922307014465
Low Load,15,AI,baseline,20,"['Ping-Pong: 14 UEs oscillating', 'QoS Violation: Avg High Prio SINR = -0.77 dB (Threshold: 5.0 dB)', 'Unfairness: Jain Index = 0.12']",0.11974803776902589,14.407106399536133,-1994.6817626953125,2.085643,-23.009376335144044,35.32958,0.09860637411475182,40.666405111551285
Low Load,16,AI,baseline,21,"['Ping-Pong: 14 UEs oscillating', 'QoS Violation: Avg High Prio SINR = -3.36 dB (Threshold: 5.0 dB)', 'Unfairness: Jain Index = 0.03']",0.03334718846474438,-2.513929605484009,-3309.50244140625,-0.36392874,-27.25645513534546,32.001644,0.03791898116469383,67.32263416051865
Low Load,17,AI,baseline,21,"['Ping-Pong: 15 UEs oscillating', 'QoS Violation: Avg High Prio SINR = 0.98 dB (Threshold: 5.0 dB)', 'Unfairness: Jain Index = 0.05']",0.05267211944738142,34.46400833129883,-839.5668334960938,4.9891763,-19.377336502075195,45.619682,0.22911778092384338,17.238246276974678
Low Load,18,AI,baseline,20,"['Ping-Pong: 14 UEs oscillating', 'QoS Violation: Avg High Prio SINR = 1.41 dB (Threshold: 5.0 dB)', 'Unfairness: Jain Index = 0.07']",0.07272788363739989,35.500152587890625,-9353.107421875,5.139173,-13.928145313262938,42.0672,1.1677937686443332,189.8941844701767
Low Load,19,AI,baseline,19,"['Ping-Pong: 9 UEs oscillating', 'QoS Violation: Avg High Prio SINR = 3.71 dB (Threshold: 5.0 dB)', 'Unfairness: Jain Index = 0.08']",0.08078544399759753,20.161773681640625,-2695.82763671875,2.9187155,-24.767245769500732,38.589764,0.11323460452258591,54.87259104847908
Low Load,20,AI,baseline,19,"['Ping-Pong: 8 UEs oscillating', 'QoS Violation: Avg High Prio SINR = -1.12 dB (Threshold: 5.0 dB)', 'Unfairness: Jain Index = 0.03']",0.03456109228596284,0.12059974670410156,-9249.5966796875,0.017458694,-24.169854640960693,25.084734,0.08500772416591645,187.69758939743042
Low Load,21,AI,baseline,21,"['Ping-Pong: 9 UEs oscillating', 'QoS Violation: Avg High Prio SINR = -5.80 dB (Threshold: 5.0 dB)', 'Unfairness: Jain Index = 0.03']",0.03385318088786613,-15.091960906982422,-15419.7021484375,-2.1847851,-35.65839805603027,24.249977,0.006503482023254038,312.76795268058777
Low Load,22,AI,baseline,23,"['Ping-Pong: 13 UEs oscillating', 'QoS Violation: Avg High Prio SINR = 1.46 dB (Threshold: 5.0 dB)', 'Unfairness: Jain Index = 0.03']",0.03486327930286845,7.69050407409668,-19713.134765625,1.1133145,-33.64842281341552,35.09585,0.017103507090359932,399.82059597969055
Low Load,23,AI,baseline,24,"['Ping-Pong: 16 UEs oscillating', 'Unfairness: Jain Index = 0.04']",0.040333933168422015,14.362936019897461,-843.0415649414062,2.0792482,-19.62178063392639,31.594578,0.3757973834872247,17.332859337329865
Low Load,24,AI,baseline,23,"['Ping-Pong: 18 UEs oscillating', 'QoS Violation: Avg High Prio SINR = -0.73 dB (Threshold: 5.0 dB)', 'Unfairness: Jain Index = 0.03']",0.03436329456109039,16.1539306640625,-9182.23046875,2.3385208,-30.086981868743894,34.28969,0.037930402345955384,186.33465468883514
Low Load,25,AI,baseline,23,"['Ping-Pong: 18 UEs oscillating', 'QoS Violation: Avg High Prio SINR = -4.17 dB (Threshold: 5.0 dB)', 'Unfairness: Jain Index = 0.24']",0.24108995161347005,-4.678409576416016,-1256.8797607421875,-0.6772693,-24.658336734771726,23.899061,0.07145275156944991,25.721514597535133
Low Load,26,AI,baseline,23,"['Ping-Pong: 17 UEs oscillating', 'QoS Violation: Avg High Prio SINR = -3.78 dB (Threshold: 5.0 dB)', 'Unfairness: Jain Index = 0.05']",0.04614531651560273,15.460031509399414,-13407.267578125,2.2380693,-32.92192516326904,35.54222,0.01845154464244843,271.9739079475403
Low Load,27,AI,baseline,18,"['Ping-Pong: 15 UEs oscillating', 'QoS Violation: Avg High Prio SINR = 1.36 dB (Threshold: 5.0 dB)', 'Unfairness: Jain Index = 0.03']",0.03353497442962907,-6.972944259643555,-15778.591796875,-1.0094372,-34.180686473846436,27.489864,0.01217989828437567,319.98157501220703
Low Load,28,AI,baseline,19,"['Ping-Pong: 12 UEs oscillating', 'QoS Violation: Avg High Prio SINR = 0.63 dB (Threshold: 5.0 dB)', 'Unfairness: Jain Index = 0.04']",0.04038619140320107,-5.838943958282471,-7700.98486328125,-0.84527385,-33.45802516937256,30.500603,0.008943240344524385,156.32952749729156
Low Load,29,AI,baseline,24,"['Ping-Pong: 13 UEs oscillating', 'QoS Violation: Avg High Prio SINR = -4.60 dB (Threshold: 5.0 dB)', 'Unfairness: Jain Index = 0.06']",0.05793330403267479,-21.37535858154297,-8012.07275390625,-3.0944002,-27.015241909027097,16.110176,0.14567691627889878,162.63748705387115
Low Load,30,AI,baseline,23,"['Ping-Pong: 16 UEs oscillating', 'QoS Violation: Avg High Prio SINR = 3.53 dB (Threshold: 5.0 dB)', 'Unfairness: Jain Index = 0.05']",0.04555937756630245,5.850570201873779,-3657.646484375,0.8469568,-27.73569173812866,29.990294,0.034005780518054966,74.36423748731613
Low Load,31,AI,baseline,21,"['Ping-Pong: 16 UEs oscillating', 'QoS Violation: Avg High Prio SINR = 4.61 dB (Threshold: 5.0 dB)', 'Unfairness: Jain Index = 0.03']",0.03350698608983564,18.266441345214844,-1574.9654541015625,2.6443381,-23.381122398376462,35.315823,0.13226938098669055,32.16090053319931
Low Load,32,AI,baseline,23,"['Ping-Pong: 13 UEs oscillating', 'QoS Violation: Avg High Prio SINR = 4.79 dB (Threshold: 5.0 dB)', 'Unfairness: Jain Index = 0.05']",0.0513009186317046,55.76628112792969,-7293.60107421875,8.072996,-19.96311302185058,56.849087,2.637908697128297,148.00409972667694
Low Load,33,AI,baseline,19,"['Ping-Pong: 12 UEs oscillating', 'QoS Violation: Avg High Prio SINR = 1.99 dB (Threshold: 5.0 dB)', 'Unfairness: Jain Index = 0.03']",0.033439383650309476,8.526202201843262,-8417.2919921875,1.2342942,-31.38902645111084,33.41299,0.014502370357513429,170.8630621433258
Low Load,34,AI,baseline,15,"['Ping-Pong: 9 UEs oscillating', 'QoS Violation: Avg High Prio SINR = -4.29 dB (Threshold: 5.0 dB)', 'Unfairness: Jain Index = 0.11']",0.11046388115809569,-30.409833908081055,-16257.6591796875,-4.4022746,-36.778649711608885,19.087181,0.004195388092193753,329.7854959964752
Low Load,35,AI,baseline,20,"['Ping-Pong: 9 UEs oscillating', 'QoS Violation: Avg High Prio SINR = -3.50 dB (Threshold: 5.0 dB)', 'Unfairness: Jain Index = 0.06']",0.06030097979660255,15.454399108886719,-7571.46923828125,2.2372544,-29.257204246520995,38.14427,0.0268454778008163,153.66679430007935
Low Load,36,AI,baseline,18,"['Ping-Pong: 11 UEs oscillating', 'QoS Violation: Avg High Prio SINR = -3.74 dB (Threshold: 5.0 dB)', 'Unfairness: Jain Index = 0.12']",0.1181546171456022,-34.20421600341797,-21242.9296875,-4.9515676,-37.72669925689697,19.605223,0.0033319970476441084,430.799663066864
Low Load,37,AI,baseline,26,"['Ping-Pong: 15 UEs oscillating', 'Unfairness: Jain Index = 0.05']",0.0480498599494363,45.25392150878906,-4191.798828125,6.551176,-22.60248527526855,49.998177,0.890231930650771,85.1890966296196
Low Load,38,AI,baseline,17,"['Ping-Pong: 9 UEs oscillating', 'QoS Violation: Avg High Prio SINR = -6.03 dB (Threshold: 5.0 dB)', 'Unfairness: Jain Index = 0.07']",0.06867483497723154,23.818387985229492,-8913.6044921875,3.448064,-32.28229598999023,43.99877,0.011671577906236052,180.89325726032257
Low Load,39,AI,baseline,21,"['Ping-Pong: 12 UEs oscillating', 'QoS Violation: Avg High Prio SINR = 1.48 dB (Threshold: 5.0 dB)', 'Unfairness: Jain Index = 0.03']",0.03432689779015134,17.44782829284668,-8297.943359375,2.5258317,-31.398816680908205,38.514206,0.014618747029453517,168.3950126171112
Low Load,40,AI,baseline,21,"['Ping-Pong: 10 UEs oscillating', 'QoS Violation: Avg High Prio SINR = 2.59 dB (Threshold: 5.0 dB)', 'Unfairness: Jain Index = 0.04']",0.037211434349637876,9.695660591125488,-14626.619140625,1.4035908,-36.22535285949707,40.977215,0.004900181561242789,296.7049777507782
Low Load,41,AI,baseline,16,"['Ping-Pong: 10 UEs oscillating', 'Unfairness: Jain Index = 0.06']",0.0626068485224627,10.156357765197754,-6326.51025390625,1.470283,-32.2174786567688,38.006733,0.012444766703993084,128.45483422279358
Low Load,42,AI,baseline,18,"['Ping-Pong: 11 UEs oscillating', 'QoS Violation: Avg High Prio SINR = -5.04 dB (Threshold: 5.0 dB)', 'Unfairness: Jain Index = 0.23']",0.2276994772501384,-38.172603607177734,-18730.416015625,-5.526051,-36.32095184326172,18.37781,0.0048562994110398,379.8799514770508
Low Load,43,AI,baseline,16,"['Ping-Pong: 9 UEs oscillating', 'QoS Violation: Avg High Prio SINR = -2.94 dB (Threshold: 5.0 dB)', 'Unfairness: Jain Index = 0.06']",0.06356108975402942,-15.42694091796875,-8983.78125,-2.2332778,-29.358384227752687,29.747925,0.022988089080899957,182.32570588588715
Low Load,44,AI,baseline,20,"['Ping-Pong: 10 UEs oscillating', 'Unfairness: Jain Index = 0.06']",0.05692913266996138,21.2685546875,-12349.7626953125,3.0789387,-33.9632306098938,44.384506,0.01146401599980891,250.5725622177124
Low Load,45,AI,baseline,20,"['Ping-Pong: 10 UEs oscillating', 'QoS Violation: Avg High Prio SINR = 0.12 dB (Threshold: 5.0 dB)', 'Unfairness: Jain Index = 0.05']",0.052180405615437124,-7.848899841308594,-11797.4453125,-1.1362449,-33.84468479156494,31.245611,0.011146426573395731,239.35666680335999
Low Load,46,AI,baseline,18,"['Ping-Pong: 13 UEs oscillating', 'QoS Violation: Avg High Prio SINR = -5.53 dB (Threshold: 5.0 dB)', 'Unfairness: Jain Index = 0.04']",0.03836447773792636,16.022045135498047,-1016.1995239257812,2.3194284,-23.418780708312987,38.917828,0.0903767965734005,20.83432301878929
Low Load,47,AI,baseline,18,"['Ping-Pong: 15 UEs oscillating', 'QoS Violation: Avg High Prio SINR = 0.15 dB (Threshold: 5.0 dB)', 'Unfairness: Jain Index = 0.04']",0.03630822543901612,-2.5127339363098145,-9692.5068359375,-0.3637556,-28.075195217132567,37.85522,0.031751681026071316,196.7061460018158
Low Load,48,AI,baseline,16,"['Ping-Pong: 11 UEs oscillating', 'QoS Violation: Avg High Prio SINR = 3.70 dB (Threshold: 5.0 dB)', 'Unfairness: Jain Index = 0.10']",0.09790626102313858,19.93462562561035,-5140.08203125,2.8858323,-31.12326021194458,44.307995,0.01593503747135401,104.39535975456238
Low Load,49,AI,baseline,21,"['Ping-Pong: 9 UEs oscillating', 'Unfairness: Jain Index = 0.06']",0.05648304543811769,35.2929801940918,-13839.5517578125,5.109182,-34.466694831848145,52.64347,0.008269226364791396,280.67633509635925
Low Load,50,AI,baseline,16,"['Ping-Pong: 8 UEs oscillating', 'QoS Violation: Avg High Prio SINR = -6.71 dB (Threshold: 5.0 dB)', 'Unfairness: Jain Index = 0.17']",0.1737322683763071,-57.18321990966797,-27306.078125,-8.278119,-37.77435359954834,13.868643,0.0033060022280551496,553.7453293800354
Low Load,51,AI,baseline,17,"['Ping-Pong: 8 UEs oscillating', 'QoS Violation: Avg High Prio SINR = 3.39 dB (Threshold: 5.0 dB)', 'Unfairness: Jain Index = 0.06']",0.059129669243062004,-9.213719367980957,-18593.169921875,-1.3338225,-37.47989292144776,30.33786,0.003525710431858897,377.0389258861542
Low Load,52,AI,baseline,15,"['Ping-Pong: 7 UEs oscillating', 'QoS Violation: Avg High Prio SINR = -0.01 dB (Threshold: 5.0 dB)', 'Unfairness: Jain Index = 0.04']",0.03609043498326755,-13.282108306884766,-18070.48828125,-1.9227815,-37.53898544311524,31.952364,0.0034800756140612064,366.47728085517883
Low Load,53,AI,baseline,21,"['Ping-Pong: 11 UEs oscillating', 'Unfairness: Jain Index = 0.06']",0.056642618557850126,-8.567614555358887,-17834.435546875,-1.2402891,-37.451432418823245,30.922232,0.0035479396814480425,361.79205775260925
Low Load,54,AI,baseline,20,"['Ping-Pong: 13 UEs oscillating', 'QoS Violation: Avg High Prio SINR = 1.87 dB (Threshold: 5.0 dB)', 'Unfairness: Jain Index = 0.05']",0.05329808545148188,28.26693344116211,-11810.787109375,4.092057,-34.02290468215942,49.354492,0.009676770679652693,239.66744542121887
Low Load,55,AI,baseline,21,"['Ping-Pong: 16 UEs oscillating', 'QoS Violation: Avg High Prio SINR = 2.17 dB (Threshold: 5.0 dB)', 'Unfairness: Jain Index = 0.06']",0.057967989579585,12.512788772583008,-11339.845703125,1.8114115,-29.074790668487545,35.895855,0.1164961677975953,230.06267845630646
Low Load,56,AI,baseline,18,"['Ping-Pong: 14 UEs oscillating', 'QoS Violation: Avg High Prio SINR = 0.62 dB (Threshold: 5.0 dB)', 'Unfairness: Jain Index = 0.07']",0.07272798924980146,1.9697608947753906,-9519.931640625,0.28515154,-32.312369918823244,36.971367,0.011623002914711833,193.15314292907715
Low Load,57,AI,baseline,19,"['Ping-Pong: 13 UEs oscillating', 'QoS Violation: Avg High Prio SINR = 3.04 dB (Threshold: 5.0 dB)', 'Unfairness: Jain Index = 0.08']",0.0802228209311235,14.083009719848633,-13793.1875,2.0387244,-34.50206756591797,45.593586,0.009130905009806158,279.7709107398987
Low Load,58,AI,baseline,17,"['Ping-Pong: 10 UEs oscillating', 'QoS Violation: Avg High Prio SINR = -6.54 dB (Threshold: 5.0 dB)', 'Unfairness: Jain Index = 0.03']",0.03344673838854577,-52.68115234375,-25893.796875,-7.6263785,-37.394961738586424,17.162848,0.003595220879651606,525.0970721244812
Low Load,59,AI,baseline,18,"['Ping-Pong: 10 UEs oscillating', 'QoS Violation: Avg High Prio SINR = -4.08 dB (Threshold: 5.0 dB)', 'Unfairness: Jain Index = 0.04']",0.0432145981497441,-17.060043334960938,-12232.9560546875,-2.469694,-32.9061782836914,25.715263,0.01797938221134246,248.18645417690277
Low Load,60,AI,baseline,20,"['Ping-Pong: 11 UEs oscillating', 'QoS Violation: Avg High Prio SINR = 1.40 dB (Threshold: 5.0 dB)', 'Unfairness: Jain Index = 0.07']",0.06663156738109614,-1.3121557235717773,-5409.92529296875,-0.18995361,-29.502816772460935,31.048542,0.024126630276441578,109.9100187420845
Low Load,61,AI,baseline,20,"['Ping-Pong: 12 UEs oscillating', 'QoS Violation: Avg High Prio SINR = -1.76 dB (Threshold: 5.0 dB)', 'Unfairness: Jain Index = 0.12']",0.1173608725494392,-45.72377014160156,-22626.4296875,-6.6191936,-37.4211088180542,15.315396,0.003574050182942301,458.83265137672424
Low Load,62,AI,baseline,22,"['Ping-Pong: 15 UEs oscillating', 'QoS Violation: Avg High Prio SINR = -2.07 dB (Threshold: 5.0 dB)', 'Unfairness: Jain Index = 0.05']",0.04663725581156101,11.966974258422852,-12401.49609375,1.732396,-33.26354217529297,43.108902,0.013756780698895459,251.57704949378967
Low Load,63,AI,baseline,19,"['Ping-Pong: 15 UEs oscillating', 'QoS Violation: Avg High Prio SINR = 0.99 dB (Threshold: 5.0 dB)', 'Unfairness: Jain Index = 0.07']",0.0666524678819413,-5.021054267883301,-8954.537109375,-0.72687227,-29.62972660064697,31.74435,0.04499958651140334,181.70280754566193
Low Load,64,AI,baseline,19,"['Ping-Pong: 14 UEs oscillating', 'QoS Violation: Avg High Prio SINR = -5.97 dB (Threshold: 5.0 dB)', 'Unfairness: Jain Index = 0.05']",0.05248126792206322,1.448112964630127,-10268.2568359375,0.2096358,-32.53753147125244,36.283943,0.011694322992116214,208.38326215744019
Low Load,65,AI,baseline,21,"['Ping-Pong: 11 UEs oscillating', 'QoS Violation: Avg High Prio SINR = -1.67 dB (Threshold: 5.0 dB)', 'Unfairness: Jain Index = 0.07']",0.06645158504076393,26.828847885131836,-13067.2255859375,3.883873,-35.00088024139404,50.061855,0.007470017066225411,265.068918466568
Low Load,66,AI,baseline,17,"['Ping-Pong: 11 UEs oscillating', 'Unfairness: Jain Index = 0.04']",0.038523673592199326,-13.326688766479492,-18642.875,-1.9292357,-37.379759788513184,30.594969,0.0036074529285542666,378.116250038147
Low Load,67,AI,baseline,16,"['Ping-Pong: 11 UEs oscillating', 'QoS Violation: Avg High Prio SINR = -4.82 dB (Threshold: 5.0 dB)', 'Unfairness: Jain Index = 0.03']",0.03427427684897694,-23.96713638305664,-24379.6484375,-3.4695978,-37.399403953552245,30.822142,0.0035916924709454177,494.3479597568512
Low Load,68,AI,baseline,15,"['Ping-Pong: 10 UEs oscillating', 'QoS Violation: Avg High Prio SINR = 1.16 dB (Threshold: 5.0 dB)', 'Unfairness: Jain Index = 0.03']",0.03352765214083761,-27.963436126708984,-19886.474609375,-4.0481215,-36.938391494750974,27.999035,0.004020152613520622,403.3706486225128
Low Load,69,AI,baseline,18,"['Ping-Pong: 6 UEs oscillating', 'QoS Violation: Avg High Prio SINR = 1.06 dB (Threshold: 5.0 dB)', 'Unfairness: Jain Index = 0.04']",0.042939277867989685,28.841388702392578,-17417.884765625,4.175219,-37.446940422058105,46.32579,0.003551938571035862,353.323757648468
Low Load,70,AI,baseline,20,"['Ping-Pong: 8 UEs oscillating', 'Unfairness: Jain Index = 0.08']",0.07890361862315598,26.57351303100586,-11734.6865234375,3.8469107,-32.563688850402826,48.440018,0.021134120505303153,238.01641166210175
Low Load,71,AI,baseline,15,"['Ping-Pong: 8 UEs oscillating', 'QoS Violation: Avg High Prio SINR = -3.89 dB (Threshold: 5.0 dB)', 'Unfairness: Jain Index = 0.03']",0.03334731225348444,-12.732745170593262,-11284.630859375,-1.8432534,-32.626731395721436,28.586035,0.011178973130881786,228.94267737865448
Low Load,72,AI,baseline,19,"['Ping-Pong: 7 UEs oscillating', 'QoS Violation: Avg High Prio SINR = -2.98 dB (Threshold: 5.0 dB)', 'Unfairness: Jain Index = 0.04']",0.040701559038304046,-9.303983688354492,-15282.3662109375,-1.3468896,-35.03028678894043,30.652325,0.007384784845635296,309.9488317966461
Low Load,73,AI,baseline,21,"['Ping-Pong: 8 UEs oscillating', 'Unfairness: Jain Index = 0.07']",0.06670281080330051,-6.133500099182129,-24882.66796875,-0.8879141,-37.46379013061524,31.901201,0.00353935391176492,504.59933280944824
Low Load,74,AI,baseline,18,"['Ping-Pong: 11 UEs oscillating', 'QoS Violation: Avg High Prio SINR = -0.37 dB (Threshold: 5.0 dB)', 'Unfairness: Jain Index = 0.07']",0.06505774983842094,-40.14356231689453,-25213.841796875,-5.8113766,-37.3972225189209,21.968422,0.0035931036109104753,511.31099462509155
Low Load,75,AI,baseline,14,"['Ping-Pong: 10 UEs oscillating', 'QoS Violation: Avg High Prio SINR = -1.49 dB (Threshold: 5.0 dB)', 'Unfairness: Jain Index = 0.07']",0.06673657321254838,-43.04998016357422,-18903.416015625,-6.232123,-36.27485961914063,21.990353,0.004730974650010467,383.3528757095337
Low Load,76,AI,baseline,23,"['Ping-Pong: 10 UEs oscillating', 'QoS Violation: Avg High Prio SINR = 3.68 dB (Threshold: 5.0 dB)', 'Unfairness: Jain Index = 0.11']",0.10953148799395591,24.6325740814209,-1378.1512451171875,3.5659301,-24.07913475036621,41.192646,0.08061474971473218,28.171084821224213
Low Load,77,AI,baseline,20,"['Ping-Pong: 10 UEs oscillating', 'Unfairness: Jain Index = 0.08']",0.07733379461001427,-11.88710880279541,-19684.771484375,-1.720835,-37.50531368255615,33.916763,0.0035054804757237434,399.24171566963196
Low Load,78,AI,baseline,18,"['Ping-Pong: 12 UEs oscillating', 'QoS Violation: Avg High Prio SINR = -4.36 dB (Threshold: 5.0 dB)', 'Unfairness: Jain Index = 0.06']",0.06405070800790018,-9.998332977294922,-19180.34765625,-1.4474074,-36.91954498291015,37.74304,0.004040146688930691,388.92021775245667
Low Load,79,AI,baseline,22,"['Ping-Pong: 11 UEs oscillating', 'QoS Violation: Avg High Prio SINR = 3.61 dB (Threshold: 5.0 dB)', 'Unfairness: Jain Index = 0.06']",0.05981246484103971,-6.79681396484375,-17772.978515625,-0.9839401,-37.472244834899904,30.587492,0.003532179328612983,360.4849576950073
Low Load,80,AI,baseline,18,"['Ping-Pong: 10 UEs oscillating', 'QoS Violation: Avg High Prio SINR = 2.57 dB (Threshold: 5.0 dB)', 'Unfairness: Jain Index = 0.10']",0.10310491830895818,46.358795166015625,-5743.1357421875,6.7111225,-18.20901355743408,56.635452,0.4813478589057924,116.60240590572357
Low Load,81,AI,baseline,16,"['Ping-Pong: 8 UEs oscillating', 'QoS Violation: Avg High Prio SINR = -3.48 dB (Threshold: 5.0 dB)', 'Unfairness: Jain Index = 0.03']",0.03333469922786086,-27.546079635620117,-9821.787109375,-3.9877036,-30.83413906097412,21.530132,0.028086858056485663,199.30142164230347
Low Load,82,AI,baseline,19,"['Ping-Pong: 8 UEs oscillating', 'QoS Violation: Avg High Prio SINR = 2.92 dB (Threshold: 5.0 dB)', 'Unfairness: Jain Index = 0.07']",0.07159560364619655,27.381250381469727,-8256.65625,3.963842,-25.49692611694336,51.246075,0.05558693986386061,167.59687662124634
Low Load,83,AI,baseline,17,"['Ping-Pong: 11 UEs oscillating', 'QoS Violation: Avg High Prio SINR = -3.89 dB (Threshold: 5.0 dB)', 'Unfairness: Jain Index = 0.03']",0.03350232328383776,-34.6059455871582,-11929.052734375,-5.009724,-32.0769136428833,25.18583,0.012403192138299346,242.0019656419754
Low Load,84,AI,baseline,23,"['Ping-Pong: 13 UEs oscillating', 'Unfairness: Jain Index = 0.12']",0.12308110827488124,24.928661346435547,-21725.169921875,3.6087937,-37.478621292114255,49.5104,0.0035268865758553147,440.5788779258728
Low Load,85,AI,baseline,17,"['Ping-Pong: 13 UEs oscillating', 'QoS Violation: Avg High Prio SINR = -5.81 dB (Threshold: 5.0 dB)', 'Unfairness: Jain Index = 0.03']",0.03334081289135805,-33.297096252441406,-16664.91015625,-4.8202486,-36.428744888305665,22.50909,0.004626760142855346,337.98471093177795
Low Load,86,AI,baseline,18,"['Ping-Pong: 13 UEs oscillating', 'QoS Violation: Avg High Prio SINR = -4.11 dB (Threshold: 5.0 dB)', 'Unfairness: Jain Index = 0.03']",0.034790065470594524,-30.808273315429688,-20014.8984375,-4.4599543,-35.94255428314209,22.584173,0.005373731162399054,405.9337079524994
Low Load,87,AI,baseline,19,"['Ping-Pong: 11 UEs oscillating', 'Unfairness: Jain Index = 0.03']",0.03469428198842687,7.876629829406738,-13597.92578125,1.140259,-27.820906162261963,39.96983,0.0326248343102634,275.73537826538086
Low Load,88,AI,baseline,16,"['Ping-Pong: 11 UEs oscillating', 'QoS Violation: Avg High Prio SINR = -6.62 dB (Threshold: 5.0 dB)', 'Unfairness: Jain Index = 0.06']",0.06158949129666859,-22.7847843170166,-31134.6953125,-3.2984352,-37.89507274627685,31.796774,0.0032056768075563015,631.1720609664917
Low Load,89,AI,baseline,21,"['Ping-Pong: 11 UEs oscillating', 'Unfairness: Jain Index = 0.06']",0.06271504916279691,-5.40117073059082,-10269.53125,-0.7818993,-30.49346828460693,28.499317,0.04395623272284867,208.4248811006546
Low Load,90,AI,baseline,19,"['Ping-Pong: 11 UEs oscillating', 'QoS Violation: Avg High Prio SINR = 1.86 dB (Threshold: 5.0 dB)', 'Unfairness: Jain Index = 0.03']",0.03441896698874753,5.810205459594727,-10977.1826171875,0.8411138,-33.49495859146118,40.786316,0.010976515198126438,222.73127734661102
Low Load,91,AI,baseline,18,"['Ping-Pong: 14 UEs oscillating', 'Unfairness: Jain Index = 0.03']",0.03336286588298749,-18.64600944519043,-9615.875,-2.6992865,-31.25994701385498,27.690088,0.015379850240424278,195.18187642097473
Low Load,92,AI,baseline,25,"['Ping-Pong: 14 UEs oscillating', 'QoS Violation: Avg High Prio SINR = 4.97 dB (Threshold: 5.0 dB)', 'Unfairness: Jain Index = 0.10']",0.09786536304884315,46.60476303100586,-3000.1474609375,6.7467313,-28.631339454650877,53.40298,0.02925963029265404,61.031028628349304
Low Load,93,AI,baseline,22,"['Ping-Pong: 16 UEs oscillating', 'QoS Violation: Avg High Prio SINR = -2.83 dB (Threshold: 5.0 dB)', 'Unfairness: Jain Index = 0.09']",0.08821666843155182,14.933042526245117,-7006.53125,2.1617792,-26.826602745056153,42.33916,0.04102885276079178,142.27256178855896
Low Load,94,AI,baseline,21,"['Ping-Pong: 18 UEs oscillating', 'QoS Violation: Avg High Prio SINR = -1.73 dB (Threshold: 5.0 dB)', 'Unfairness: Jain Index = 0.06']",0.06173583783540987,9.227533340454102,-8276.2548828125,1.3358227,-30.56253957748413,39.832172,0.019558146316558125,167.96594858169556
Low Load,95,AI,baseline,23,"['Ping-Pong: 16 UEs oscillating', 'Unfairness: Jain Index = 0.05']",0.04981340865990124,22.403417587280273,-8314.927734375,3.2432272,-27.5026270866394,41.937508,0.11170576773583893,168.74171793460846
Low Load,96,AI,baseline,20,"['Ping-Pong: 14 UEs oscillating', 'QoS Violation: Avg High Prio SINR = -0.43 dB (Threshold: 5.0 dB)', 'Unfairness: Jain Index = 0.04']",0.04104360329683524,-3.70481276512146,-8861.638671875,-0.5363265,-29.55276288986206,30.34029,0.02260138485580683,179.849311709404
Low Load,97,AI,baseline,16,"['Ping-Pong: 12 UEs oscillating', 'QoS Violation: Avg High Prio SINR = -3.58 dB (Threshold: 5.0 dB)', 'Unfairness: Jain Index = 0.03']",0.03334718585888241,-32.460113525390625,-16611.701171875,-4.6990824,-35.89881706237793,24.10035,0.0054599228780716665,336.9562327861786
Low Load,98,AI,baseline,17,"['Ping-Pong: 10 UEs oscillating', 'Unfairness: Jain Index = 0.07']",0.06672472279164067,6.507339954376221,-8509.31640625,0.942034,-29.721506118774414,37.42389,0.03243327867239715,172.72190749645233
Low Load,99,AI,baseline,16,"['Ping-Pong: 9 UEs oscillating', 'QoS Violation: Avg High Prio SINR = -5.48 dB (Threshold: 5.0 dB)', 'Unfairness: Jain Index = 0.03']",0.03337459127629603,-29.17798614501953,-14970.4560546875,-4.223946,-35.062719917297365,23.00493,0.007317297393456103,303.6835789680481
Low Load,100,AI,baseline,18,"['Ping-Pong: 10 UEs oscillating', 'QoS Violation: Avg High Prio SINR = -3.27 dB (Threshold: 5.0 dB)', 'Unfairness: Jain Index = 0.03']",0.03333561147613968,-19.263957977294922,-13434.3115234375,-2.7887433,-32.066932296752924,23.42093,0.026645173551514755,272.5195586681366
Low Load,101,AI,baseline,18,"['Ping-Pong: 10 UEs oscillating', 'QoS Violation: Avg High Prio SINR = -3.59 dB (Threshold: 5.0 dB)', 'Unfairness: Jain Index = 0.09']",0.08852815460561775,-0.37022876739501953,-17630.4296875,-0.053595923,-37.380143547058104,38.185783,0.0036085114581510423,357.5146496295929
Low Load,102,AI,baseline,22,"['Ping-Pong: 13 UEs oscillating', 'Unfairness: Jain Index = 0.10']",0.10165372638771851,37.85115432739258,-11163.6005859375,5.4795156,-33.34985237121582,53.755836,0.009207780286669732,226.4574021100998
Low Load,103,AI,baseline,17,"['Ping-Pong: 11 UEs oscillating', 'QoS Violation: Avg High Prio SINR = -1.09 dB (Threshold: 5.0 dB)', 'Unfairness: Jain Index = 0.31']",0.3081315929243752,-45.17607498168945,-21554.431640625,-6.539907,-37.38697414398193,12.591359,0.0036009840085171165,437.2243881225586
Low Load,104,AI,baseline,21,"['Ping-Pong: 12 UEs oscillating', 'QoS Violation: Avg High Prio SINR = -2.15 dB (Threshold: 5.0 dB)', 'Unfairness: Jain Index = 0.03']",0.03333814033943383,-25.16049575805664,-15006.5556640625,-3.6423547,-35.56538410186768,21.74609,0.00610006102360785,304.3931722640991
Low Load,105,AI,baseline,21,"['Ping-Pong: 11 UEs oscillating', 'QoS Violation: Avg High Prio SINR = -0.55 dB (Threshold: 5.0 dB)', 'Unfairness: Jain Index = 0.05']",0.05385043878287632,21.313709259033203,-14241.2734375,3.0854757,-36.37020015716553,43.594627,0.004705552989616991,288.814514875412
Low Load,106,AI,baseline,18,"['Ping-Pong: 11 UEs oscillating', 'QoS Violation: Avg High Prio SINR = -3.13 dB (Threshold: 5.0 dB)', 'Unfairness: Jain Index = 0.05']",0.050729962339625435,22.139314651489258,-10961.2294921875,3.204994,-29.79552316665649,41.667393,0.07784550939686599,222.3491668701172
Low Load,107,AI,baseline,21,"['Ping-Pong: 9 UEs oscillating', 'QoS Violation: Avg High Prio SINR = 3.79 dB (Threshold: 5.0 dB)', 'Unfairness: Jain Index = 0.04']",0.038420636176621184,22.08917808532715,-8336.3515625,3.1977365,-31.98756351470947,41.100418,0.013017315138131381,169.20094192028046
Low Load,108,AI,baseline,23,"['Ping-Pong: 10 UEs oscillating', 'Unfairness: Jain Index = 0.07']",0.07030659549749571,22.55987548828125,-11008.4052734375,3.2658763,-32.01892929077148,42.149662,0.025410734117031104,223.36561977863312
Low Load,109,AI,baseline,19,"['Ping-Pong: 14 UEs oscillating', 'QoS Violation: Avg High Prio SINR = -1.68 dB (Threshold: 5.0 dB)', 'Unfairness: Jain Index = 0.07']",0.06568215250518755,10.537140846252441,-16619.1640625,1.5254078,-37.38175315856934,38.931763,0.0036061592982150614,337.0486795902252
Low Load,110,AI,baseline,21,"['Ping-Pong: 15 UEs oscillating', 'QoS Violation: Avg High Prio SINR = 2.75 dB (Threshold: 5.0 dB)', 'Unfairness: Jain Index = 0.04']",0.040075909713491724,-10.367464065551758,-18692.18359375,-1.5008442,-30.701524543762204,23.131739,0.051651222491636894,379.2201578617096
Low Load,111,AI,baseline,18,"['Ping-Pong: 11 UEs oscillating', 'Unfairness: Jain Index = 0.03']",0.03340004566516927,-24.831756591796875,-17375.55078125,-3.594765,-37.378184700012206,25.570415,0.0036098052165471016,352.3787558078766
Low Load,112,AI,baseline,19,"['Ping-Pong: 12 UEs oscillating', 'Unfairness: Jain Index = 0.03']",0.03333523931364289,-21.34143829345703,-17339.921875,-3.0894892,-37.37576770782471,22.96128,0.003611098974943161,351.7288863658905
Low Load,113,AI,baseline,20,"['Ping-Pong: 12 UEs oscillating', 'Unfairness: Jain Index = 0.09']",0.08970353431146681,35.897178649902344,-9488.228515625,5.1966486,-25.999651241302487,50.304867,0.36236781766638176,192.52820312976837
Low Load,114,AI,baseline,19,"['Ping-Pong: 13 UEs oscillating', 'QoS Violation: Avg High Prio SINR = 4.26 dB (Threshold: 5.0 dB)', 'Unfairness: Jain Index = 0.03']",0.03333445414836089,-27.29933738708496,-22025.455078125,-3.9519832,-37.39238815307617,20.896124,0.0035967497853562234,446.6632306575775
Low Load,115,AI,baseline,18,"['Ping-Pong: 10 UEs oscillating', 'Unfairness: Jain Index = 0.04']",0.03876856175507328,43.390663146972656,-11036.248046875,6.2814417,-28.553563213348383,54.1787,0.14911975786089904,223.91439974308014
Low Load,116,AI,baseline,19,"['Ping-Pong: 11 UEs oscillating', 'QoS Violation: Avg High Prio SINR = -2.53 dB (Threshold: 5.0 dB)', 'Unfairness: Jain Index = 0.04']",0.03555303237065301,-7.016697406768799,-10787.71484375,-1.015771,-31.754652404785155,27.015692,0.026433174684643755,218.87406706809998
Low Load,117,AI,baseline,16,"['Ping-Pong: 8 UEs oscillating', 'QoS Violation: Avg High Prio SINR = 3.06 dB (Threshold: 5.0 dB)', 'Unfairness: Jain Index = 0.07']",0.06777454923532616,8.314101219177246,-17374.626953125,1.2035893,-37.43017520904541,41.010544,0.003565817303024232,352.40358114242554
Low Load,118,AI,baseline,17,"['Ping-Pong: 8 UEs oscillating', 'QoS Violation: Avg High Prio SINR = -4.38 dB (Threshold: 5.0 dB)', 'Unfairness: Jain Index = 0.03']",0.033334812690897414,-31.001020431518555,-15342.8349609375,-4.4878564,-36.10330867767334,22.156488,0.005101386271417142,311.2438917160034
Low Load,119,AI,baseline,13,"['Ping-Pong: 5 UEs oscillating', 'QoS Violation: Avg High Prio SINR = -1.79 dB (Threshold: 5.0 dB)', 'Unfairness: Jain Index = 0.23']",0.23329998320105305,-56.38434600830078,-23240.779296875,-8.162471,-37.384823417663576,10.5406885,0.0036033362965099515,471.37650847435
Low Load,120,AI,baseline,25,"['Ping-Pong: 9 UEs oscillating', 'QoS Violation: Avg High Prio SINR = 3.88 dB (Threshold: 5.0 dB)', 'Unfairness: Jain Index = 0.04']",0.04233180782440109,27.88471221923828,-16724.26953125,4.0367265,-37.42942581176758,46.586678,0.0035668757278472184,339.1629159450531
Low Load,121,AI,baseline,23,"['Ping-Pong: 12 UEs oscillating', 'QoS Violation: Avg High Prio SINR = -4.13 dB (Threshold: 5.0 dB)', 'Unfairness: Jain Index = 0.08']",0.07609925650562757,3.6576571464538574,-12329.3095703125,0.5295003,-35.10338153839111,37.647953,0.00657307323999703,250.1700222492218
Low Load,122,AI,baseline,19,"['Ping-Pong: 16 UEs oscillating', 'QoS Violation: Avg High Prio SINR = 1.24 dB (Threshold: 5.0 dB)', 'Unfairness: Jain Index = 0.07']",0.06783200731998572,17.192420959472656,-11529.50390625,2.4888573,-32.698770904541014,41.705097,0.019758072681725032,233.93748700618744
Low Load,123,AI,baseline,19,"['Ping-Pong: 14 UEs oscillating', 'Unfairness: Jain Index = 0.09']",0.08612858295721844,16.946979522705078,-8122.541015625,2.453327,-29.91964054107666,42.30852,0.028063911385834226,164.88496959209442
Low Load,124,AI,baseline,16,"['Ping-Pong: 10 UEs oscillating', 'QoS Violation: Avg High Prio SINR = -3.35 dB (Threshold: 5.0 dB)', 'Unfairness: Jain Index = 0.25']",0.24853598677068636,-52.79481887817383,-18271.998046875,-7.642833,-36.960855102539064,10.097281,0.003995337570086121,370.56997418403625
Low Load,125,AI,baseline,22,"['Ping-Pong: 10 UEs oscillating', 'QoS Violation: Avg High Prio SINR = 0.35 dB (Threshold: 5.0 dB)', 'Unfairness: Jain Index = 0.09']",0.08592319512986979,1.0670124292373657,-8026.607421875,0.1544661,-30.864260768890382,35.151012,0.01645090226083994,162.9449874162674
Low Load,126,AI,baseline,17,"['Ping-Pong: 8 UEs oscillating', 'QoS Violation: Avg High Prio SINR = -3.48 dB (Threshold: 5.0 dB)', 'Unfairness: Jain Index = 0.07']",0.06681959239291124,5.718451023101807,-15666.107421875,0.82783026,-35.890872192382815,40.219593,0.0054690957535058265,317.79804825782776
Low Load,127,AI,baseline,16,"['Ping-Pong: 8 UEs oscillating', 'Unfairness: Jain Index = 0.07']",0.06886692085244207,-12.68443775177002,-26945.92578125,-1.8362606,-37.37816619873047,36.081932,0.0036085114581510423,546.4122891426086
Low Load,128,AI,baseline,19,"['Ping-Pong: 8 UEs oscillating', 'QoS Violation: Avg High Prio SINR = -5.39 dB (Threshold: 5.0 dB)', 'Unfairness: Jain Index = 0.03']",0.03333511677278761,-31.789844512939453,-18447.96484375,-4.6020513,-37.154755210876466,22.586079,0.00380586632527411,374.1329610347748
Low Load,129,AI,baseline,19,"['Ping-Pong: 10 UEs oscillating', 'QoS Violation: Avg High Prio SINR = -0.15 dB (Threshold: 5.0 dB)', 'Unfairness: Jain Index = 0.08']",0.07563434437410498,16.620058059692383,-12538.82421875,2.4059994,-34.737716102600096,45.697144,0.00825742278248072,254.37867641448975
Low Load,130,AI,baseline,15,"['Ping-Pong: 11 UEs oscillating', 'QoS Violation: Avg High Prio SINR = -4.15 dB (Threshold: 5.0 dB)', 'Unfairness: Jain Index = 0.04']",0.03612500599119161,-37.58230209350586,-28514.357421875,-5.4405966,-37.43036441802978,26.928415,0.0035665232222527265,578.1727433204651
Low Load,131,AI,baseline,20,"['Ping-Pong: 9 UEs oscillating', 'Unfairness: Jain Index = 0.07']",0.06619103685396026,0.823338508605957,-19586.7578125,0.11919066,-37.37808399200439,37.551353,0.0036085114581510423,397.215336561203
Low Load,132,AI,baseline,20,"['Ping-Pong: 10 UEs oscillating', 'QoS Violation: Avg High Prio SINR = -0.49 dB (Threshold: 5.0 dB)', 'Unfairness: Jain Index = 0.03']",0.03334081289135805,-23.882892608642578,-22267.978515625,-3.4574025,-37.37966175079346,27.199127,0.003607217827811837,451.6177773475647
Low Load,133,AI,baseline,20,"['Ping-Pong: 13 UEs oscillating', 'QoS Violation: Avg High Prio SINR = -4.63 dB (Threshold: 5.0 dB)', 'Unfairness: Jain Index = 0.32']",0.3173216759473866,-41.89518356323242,-13827.919921875,-6.064949,-35.59180450439453,12.871041,0.006037744693458081,280.4798185825348
Low Load,134,AI,baseline,21,"['Ping-Pong: 15 UEs oscillating', 'QoS Violation: Avg High Prio SINR = 3.42 dB (Threshold: 5.0 dB)', 'Unfairness: Jain Index = 0.04']",0.03890802219616949,-4.775671005249023,-24193.466796875,-0.69134927,-37.387077522277835,35.06376,0.003602512995712459,490.57450890541077
Low Load,135,AI,baseline,23,"['Ping-Pong: 17 UEs oscillating', 'QoS Violation: Avg High Prio SINR = -0.88 dB (Threshold: 5.0 dB)', 'Unfairness: Jain Index = 0.05']",0.05229116738653193,13.396634101867676,-10076.1015625,1.9393617,-33.51152381896973,39.485653,0.008806620817631483,204.43123579025269
Low Load,136,AI,baseline,22,"['Ping-Pong: 17 UEs oscillating', 'QoS Violation: Avg High Prio SINR = 0.02 dB (Threshold: 5.0 dB)', 'Unfairness: Jain Index = 0.07']",0.0719819123389529,-3.832502841949463,-17056.037109375,-0.5548114,-37.375912475585935,36.018867,0.003611098974943161,345.96168994903564
Low Load,137,AI,baseline,22,"['Ping-Pong: 16 UEs oscillating', 'QoS Violation: Avg High Prio SINR = -1.42 dB (Threshold: 5.0 dB)', 'Unfairness: Jain Index = 0.03']",0.033350751123938406,-19.434284210205078,-17212.57421875,-2.8134012,-37.3752326965332,25.31686,0.003611098974943161,349.1646349430084
Low Load,138,AI,baseline,20,"['Ping-Pong: 16 UEs oscillating', 'QoS Violation: Avg High Prio SINR = -4.85 dB (Threshold: 5.0 dB)', 'Unfairness: Jain Index = 0.03']",0.03414059245110258,-20.303627014160156,-35058.83203125,-2.9392505,-38.345122528076175,32.071964,0.002947261941153556,710.801362991333
Low Load,139,AI,baseline,19,"['Ping-Pong: 15 UEs oscillating', 'QoS Violation: Avg High Prio SINR = -3.51 dB (Threshold: 5.0 dB)', 'Unfairness: Jain Index = 0.07']",0.06669897860893274,-16.701072692871094,-19053.21484375,-2.417728,-36.67442646026611,33.583767,0.004312877799384296,386.3714635372162
Low Load,140,AI,baseline,22,"['Ping-Pong: 14 UEs oscillating', 'Unfairness: Jain Index = 0.11']",0.10525113093991206,28.636070251464844,-12595.1708984375,4.1454964,-34.38372287750244,51.242477,0.009515856578946116,255.4677128791809
Low Load,141,AI,baseline,16,"['Ping-Pong: 13 UEs oscillating', 'QoS Violation: Avg High Prio SINR = -2.15 dB (Threshold: 5.0 dB)', 'Unfairness: Jain Index = 0.03']",0.03399004530144126,-48.16751480102539,-24550.154296875,-6.972962,-37.385997200012206,20.0902,0.003602042538113892,497.8777766227722
Low Load,142,AI,baseline,20,"['Ping-Pong: 14 UEs oscillating', 'QoS Violation: Avg High Prio SINR = 3.34 dB (Threshold: 5.0 dB)', 'Unfairness: Jain Index = 0.07']",0.06667901138249159,-17.937225341796875,-22770.072265625,-2.596679,-37.38072338104248,32.42424,0.003607217827811837,461.76883578300476
Low Load,143,AI,baseline,20,"['Ping-Pong: 13 UEs oscillating', 'Unfairness: Jain Index = 0.03']",0.03472084633103841,-1.8151582479476929,-16121.48828125,-0.2627714,-36.23945846557617,35.09485,0.004891829681582749,327.0248472690582
Low Load,144,AI,baseline,19,"['Ping-Pong: 16 UEs oscillating', 'QoS Violation: Avg High Prio SINR = -3.38 dB (Threshold: 5.0 dB)', 'Unfairness: Jain Index = 0.05']",0.05167762065635936,-7.117094993591309,-23573.603515625,-1.0303054,-37.53713550567627,35.842525,0.0034817221108824014,477.94610261917114
Low Load,145,AI,baseline,21,"['Ping-Pong: 12 UEs oscillating', 'Unfairness: Jain Index = 0.05']",0.052123826539296224,39.91265106201172,-11277.056640625,5.7779474,-30.730625438690183,54.38711,0.050559687614440935,228.7808358669281
Low Load,146,AI,baseline,24,"['Ping-Pong: 12 UEs oscillating', 'Unfairness: Jain Index = 0.06']",0.06199237745682765,47.28962707519531,-5983.17333984375,6.8458743,-32.36004505157471,56.323997,0.011480287043377757,121.49495631456375
Low Load,147,AI,baseline,23,"['Ping-Pong: 15 UEs oscillating', 'QoS Violation: Avg High Prio SINR = 3.23 dB (Threshold: 5.0 dB)', 'Unfairness: Jain Index = 0.08']",0.07821300367118976,36.32882308959961,-4918.869140625,5.2591352,-28.78661479949951,49.070827,0.02839331272989512,99.92726147174835
Low Load,148,AI,baseline,23,"['Ping-Pong: 15 UEs oscillating', 'QoS Violation: Avg High Prio SINR = 1.68 dB (Threshold: 5.0 dB)', 'Unfairness: Jain Index = 0.07']",0.0732319039884222,17.679882049560547,-11557.7421875,2.559425,-32.155896949768064,40.23661,0.02545957532711328,234.51048135757446
Low Load,149,AI,baseline,19,"['Ping-Pong: 13 UEs oscillating', 'QoS Violation: Avg High Prio SINR = -3.47 dB (Threshold: 5.0 dB)', 'Unfairness: Jain Index = 0.08']",0.08149580909162096,15.05797290802002,-14113.6015625,2.1798654,-35.91766891479492,41.99961,0.005411478341557086,286.2856984138489
Low Load,150,AI,baseline,19,"['Ping-Pong: 11 UEs oscillating', 'QoS Violation: Avg High Prio SINR = 1.93 dB (Threshold: 5.0 dB)', 'Unfairness: Jain Index = 0.04']",0.03739209625626449,17.302459716796875,-5991.28564453125,2.504788,-22.713479423522948,38.156166,0.11123979687690735,121.67894840240479
Low Load,151,AI,baseline,18,"['Ping-Pong: 10 UEs oscillating', 'QoS Violation: Avg High Prio SINR = -5.24 dB (Threshold: 5.0 dB)', 'Unfairness: Jain Index = 0.03']",0.033335193928114674,-33.5786247253418,-18728.064453125,-4.8610024,-37.37766227722168,21.54228,0.0036098052165471016,379.7893524169922
Low Load,152,AI,baseline,16,"['Ping-Pong: 11 UEs oscillating', 'QoS Violation: Avg High Prio SINR = 0.62 dB (Threshold: 5.0 dB)', 'Unfairness: Jain Index = 0.03']",0.033340899350480575,-24.673648834228516,-12269.2236328125,-3.571877,-33.38871145248413,22.847334,0.014475569315254693,248.97195398807526
Low Load,153,AI,baseline,17,"['Ping-Pong: 12 UEs oscillating', 'QoS Violation: Avg High Prio SINR = -0.50 dB (Threshold: 5.0 dB)', 'Unfairness: Jain Index = 0.03']",0.03333893579467873,-41.42413330078125,-24352.12890625,-5.996757,-37.39391326904297,20.067217,0.0035967497853562234,493.8025176525116
Low Load,154,AI,baseline,19,"['Ping-Pong: 11 UEs oscillating', 'QoS Violation: Avg High Prio SINR = -8.55 dB (Threshold: 5.0 dB)', 'Unfairness: Jain Index = 0.04']",0.04297040826758771,-23.242441177368164,-11696.73046875,-3.3646882,-32.77025661468506,25.246298,0.010479156859219074,237.34433948993683
Low Load,155,AI,baseline,21,"['Ping-Pong: 14 UEs oscillating', 'QoS Violation: Avg High Prio SINR = -2.65 dB (Threshold: 5.0 dB)', 'Unfairness: Jain Index = 0.05']",0.04597376295586424,-13.297894477844238,-22836.0078125,-1.9250677,-37.38251914978027,31.62957,0.0036061592982150614,463.0512595176697
Low Load,156,AI,baseline,17,"['Ping-Pong: 13 UEs oscillating', 'QoS Violation: Avg High Prio SINR = -3.02 dB (Threshold: 5.0 dB)', 'Unfairness: Jain Index = 0.03']",0.03347100998404954,-24.0460205078125,-13605.6025390625,-3.4810188,-34.41455974578857,21.478537,0.009393383050337437,276.0084867477417
Low Load,157,AI,baseline,21,"['Ping-Pong: 13 UEs oscillating', 'QoS Violation: Avg High Prio SINR = 1.20 dB (Threshold: 5.0 dB)', 'Unfairness: Jain Index = 0.05']",0.04771247162517629,47.90214920043945,-4682.2060546875,6.9345474,-6.090700936317444,50.080765,4.350758838653564,95.15324980020523
Low Load,158,AI,baseline,21,"['Ping-Pong: 12 UEs oscillating', 'Unfairness: Jain Index = 0.05']",0.04658374032596851,-0.6947829723358154,-23102.408203125,-0.10057981,-37.533663749694824,38.000767,0.003483016020618379,468.47647428512573
Low Load,159,AI,baseline,20,"['Ping-Pong: 12 UEs oscillating', 'QoS Violation: Avg High Prio SINR = 3.15 dB (Threshold: 5.0 dB)', 'Unfairness: Jain Index = 0.03']",0.03348742233076342,-21.862258911132812,-24497.015625,-3.1648862,-37.43382377624512,26.782808,0.0035631119390018284,496.76191806793213
Low Load,160,AI,baseline,17,"['Ping-Pong: 14 UEs oscillating', 'QoS Violation: Avg High Prio SINR = -2.76 dB (Threshold: 5.0 dB)', 'Unfairness: Jain Index = 0.03']",0.033335552474629666,-31.11250114440918,-17419.837890625,-4.503996,-35.9845516204834,22.87384,0.005297179357148707,353.30429673194885
Low Load,161,AI,baseline,22,"['Ping-Pong: 13 UEs oscillating', 'Unfairness: Jain Index = 0.06']",0.061548784875656654,12.410944938659668,-18873.755859375,1.7966678,-37.106089210510255,44.27083,0.0038513823645189406,382.7711045742035
Low Load,162,AI,baseline,17,"['Ping-Pong: 10 UEs oscillating', 'QoS Violation: Avg High Prio SINR = -7.19 dB (Threshold: 5.0 dB)', 'Unfairness: Jain Index = 0.19']",0.18750624487085082,-68.18223571777344,-28122.564453125,-9.87039,-37.38224639892578,9.999371,0.0036059240694157777,570.2484846115112
Low Load,163,AI,baseline,22,"['Ping-Pong: 13 UEs oscillating', 'QoS Violation: Avg High Prio SINR = -7.71 dB (Threshold: 5.0 dB)', 'Unfairness: Jain Index = 0.03']",0.033343396186346824,-26.634838104248047,-16609.00390625,-3.8557875,-36.48516082763672,22.513529,0.004548908211290836,336.92654967308044
Low Load,164,AI,baseline,23,"['Ping-Pong: 13 UEs oscillating', 'Unfairness: Jain Index = 0.10']",0.1036500080674079,36.7567253112793,-6147.8291015625,5.3210807,-25.084472846984863,49.488285,0.06156214997172356,124.83663856983185
Low Load,165,AI,baseline,20,"['Ping-Pong: 14 UEs oscillating', 'QoS Violation: Avg High Prio SINR = -2.36 dB (Threshold: 5.0 dB)', 'Unfairness: Jain Index = 0.04']",0.043147169877715816,-4.7024431228637695,-13384.9228515625,-0.6807484,-34.14991207122802,30.90061,0.01044763904064894,271.51137590408325
Low Load,166,AI,baseline,15,"['Ping-Pong: 10 UEs oscillating', 'QoS Violation: Avg High Prio SINR = -6.80 dB (Threshold: 5.0 dB)', 'Unfairness: Jain Index = 0.03']",0.03342773010648685,-36.57709503173828,-31865.541015625,-5.295077,-37.409723091125485,22.72042,0.003583459125366062,646.0980772972107
Low Load,167,AI,baseline,17,"['Ping-Pong: 9 UEs oscillating', 'Unfairness: Jain Index = 0.04']",0.04396995770267792,-13.269179344177246,-23355.92578125,-1.9209105,-37.404693031311034,31.71536,0.0035878113238140942,473.5601544380188
Low Load,168,AI,baseline,17,"['Ping-Pong: 10 UEs oscillating', 'QoS Violation: Avg High Prio SINR = -5.21 dB (Threshold: 5.0 dB)', 'Unfairness: Jain Index = 0.03']",0.0333360517198242,-37.07591247558594,-22722.08984375,-5.367288,-37.37602157592774,22.61942,0.003611098974943161,460.75013279914856
Low Load,169,AI,baseline,22,"['Ping-Pong: 14 UEs oscillating', 'Unfairness: Jain Index = 0.04']",0.03982798766927496,-17.14961051940918,-11480.1455078125,-2.4826605,-34.938838195800784,26.204922,0.006692822952754796,232.97159373760223
Low Load,170,AI,baseline,18,"['Ping-Pong: 14 UEs oscillating', 'QoS Violation: Avg High Prio SINR = -6.92 dB (Threshold: 5.0 dB)', 'Unfairness: Jain Index = 0.14']",0.13545340089314564,-55.235355377197266,-23655.30859375,-7.9961348,-37.38502502441406,11.274665,0.0036033362965099515,479.69749569892883
Low Load,171,AI,baseline,25,"['Ping-Pong: 15 UEs oscillating', 'Unfairness: Jain Index = 0.13']",0.1315350017777309,45.47732925415039,-6895.15087890625,6.5835185,-26.333001804351806,57.062634,0.07162575982511046,139.98432457447052
Low Load,172,AI,baseline,18,"['Ping-Pong: 14 UEs oscillating', 'QoS Violation: Avg High Prio SINR = -6.19 dB (Threshold: 5.0 dB)', 'Unfairness: Jain Index = 0.03']",0.03402806414630586,-15.128743171691895,-17408.53515625,-2.1901102,-37.381273078918454,28.476353,0.0036059240694157777,353.13114523887634
Low Load,173,AI,baseline,20,"['Ping-Pong: 14 UEs oscillating', 'QoS Violation: Avg High Prio SINR = 0.15 dB (Threshold: 5.0 dB)', 'Unfairness: Jain Index = 0.05']",0.05027642588155419,3.7275943756103516,-14793.1865234375,0.53962487,-36.55135841369629,35.971848,0.004373578098602593,299.99494552612305
Low Load,174,AI,baseline,22,"['Ping-Pong: 11 UEs oscillating', 'QoS Violation: Avg High Prio SINR = -0.56 dB (Threshold: 5.0 dB)', 'Unfairness: Jain Index = 0.07']",0.07017362298584053,11.283600807189941,-23483.462890625,1.6334684,-37.38281879425049,45.2686,0.003604865539819002,476.2025773525238
Low Load,175,AI,baseline,21,"['Ping-Pong: 14 UEs oscillating', 'QoS Violation: Avg High Prio SINR = -0.22 dB (Threshold: 5.0 dB)', 'Unfairness: Jain Index = 0.04']",0.03957973823222514,-16.267169952392578,-20847.43359375,-2.354914,-37.37971515655518,30.405745,0.0036085114581510423,422.75360226631165
Low Load,176,AI,baseline,21,"['Ping-Pong: 14 UEs oscillating', 'QoS Violation: Avg High Prio SINR = -3.45 dB (Threshold: 5.0 dB)', 'Unfairness: Jain Index = 0.04']",0.03578584023878276,-4.475481986999512,-7123.193359375,-0.6478922,-27.873881149291993,32.067497,0.03238640241324902,144.6409374475479
Low Load,177,AI,baseline,19,"['Ping-Pong: 14 UEs oscillating', 'QoS Violation: Avg High Prio SINR = 1.27 dB (Threshold: 5.0 dB)', 'Unfairness: Jain Index = 0.07']",0.06827531791663588,6.228420257568359,-19419.34375,0.90165627,-37.37519073486328,41.617855,0.003611098974943161,393.8466012477875
Low Load,178,AI,baseline,18,"['Ping-Pong: 12 UEs oscillating', 'QoS Violation: Avg High Prio SINR = -1.09 dB (Threshold: 5.0 dB)', 'Unfairness: Jain Index = 0.07']",0.07095737188165878,6.779656887054443,-14741.33203125,0.9814559,-33.33696184158325,42.92674,0.014875654317438607,298.96342754364014
Low Load,179,AI,baseline,20,"['Ping-Pong: 10 UEs oscillating', 'QoS Violation: Avg High Prio SINR = -5.18 dB (Threshold: 5.0 dB)', 'Unfairness: Jain Index = 0.09']",0.08555022177978748,21.77893829345703,-11855.8486328125,3.1528242,-32.56893825531006,44.788307,0.02097731269896031,240.5116707086563
Low Load,180,AI,baseline,22,"['Ping-Pong: 8 UEs oscillating', 'Unfairness: Jain Index = 0.13']",0.1305032586121216,62.24681854248047,-5962.880859375,9.01115,-20.666171550750732,63.5355,0.21757520288228993,121.09557539224625
Low Load,181,AI,baseline,20,"['Ping-Pong: 10 UEs oscillating', 'QoS Violation: Avg High Prio SINR = -0.71 dB (Threshold: 5.0 dB)', 'Unfairness: Jain Index = 0.05']",0.052331249284863775,2.3927721977233887,-4629.09130859375,0.34638938,-29.529125881195068,33.345455,0.02504609804600478,94.07594054937363
Low Load,182,AI,baseline,20,"['Ping-Pong: 14 UEs oscillating', 'QoS Violation: Avg High Prio SINR = -8.30 dB (Threshold: 5.0 dB)', 'Unfairness: Jain Index = 0.03']",0.033789154205629925,-36.659767150878906,-14166.419921875,-5.307045,-35.26748886108398,17.280989,0.006763904495164753,287.4138653278351
Low Load,183,AI,baseline,20,"['Ping-Pong: 14 UEs oscillating', 'QoS Violation: Avg High Prio SINR = -5.01 dB (Threshold: 5.0 dB)', 'Unfairness: Jain Index = 0.04']",0.04431484817745429,-13.01494026184082,-8635.6474609375,-1.8841056,-30.159049892425536,31.489695,0.019297196995466948,175.29486119747162
Low Load,184,AI,baseline,18,"['Ping-Pong: 15 UEs oscillating', 'QoS Violation: Avg High Prio SINR = 4.41 dB (Threshold: 5.0 dB)', 'Unfairness: Jain Index = 0.07']",0.06897785614121095,0.24745559692382812,-11487.0703125,0.035823185,-33.40041923522949,38.795002,0.009150494658388198,233.0881506204605
Low Load,185,AI,baseline,21,"['Ping-Pong: 15 UEs oscillating', 'QoS Violation: Avg High Prio SINR = -0.25 dB (Threshold: 5.0 dB)', 'Unfairness: Jain Index = 0.06']",0.05535385805705033,6.2341814041137695,-13481.0078125,0.90248996,-33.60250549316406,34.13959,0.013182473834604028,273.488312959671
Low Load,186,AI,baseline,21,"['Ping-Pong: 15 UEs oscillating', 'QoS Violation: Avg High Prio SINR = -4.05 dB (Threshold: 5.0 dB)', 'Unfairness: Jain Index = 0.03']",0.033721035245238895,-4.389352798461914,-13855.607421875,-0.635424,-35.197810363769534,33.82601,0.0069374404847621935,281.086802482605
Low Load,187,AI,baseline,22,"['Ping-Pong: 16 UEs oscillating', 'QoS Violation: Avg High Prio SINR = 1.15 dB (Threshold: 5.0 dB)', 'Unfairness: Jain Index = 0.07']",0.06796518553182325,16.17363166809082,-16680.333984375,2.3413734,-37.37805690765381,43.41268,0.0036085114581510423,338.3583426475525
Low Load,188,AI,baseline,21,"['Ping-Pong: 15 UEs oscillating', 'Unfairness: Jain Index = 0.08']",0.07736312304711657,22.070825576782227,-1304.6141357421875,3.195079,-23.338567447662353,40.391586,0.11258526444435121,26.686571538448334
Low Load,189,AI,baseline,23,"['Ping-Pong: 14 UEs oscillating', 'QoS Violation: Avg High Prio SINR = -3.48 dB (Threshold: 5.0 dB)', 'Unfairness: Jain Index = 0.04']",0.040476518889205226,-5.099987983703613,-8244.2939453125,-0.7382983,-29.130583572387692,25.438787,0.04730288321152331,167.3540621995926
Low Load,190,AI,baseline,19,"['Ping-Pong: 14 UEs oscillating', 'QoS Violation: Avg High Prio SINR = -7.19 dB (Threshold: 5.0 dB)', 'Unfairness: Jain Index = 0.03']",0.033753771473607724,-34.516231536865234,-16593.982421875,-4.9967365,-36.17939357757568,18.060568,0.004983908240683377,336.530864238739
Low Load,191,AI,baseline,20,"['Ping-Pong: 12 UEs oscillating', 'QoS Violation: Avg High Prio SINR = -2.96 dB (Threshold: 5.0 dB)', 'Unfairness: Jain Index = 0.07']",0.06637388078461949,-5.9180192947387695,-18227.0625,-0.856721,-37.377861976623535,31.732414,0.0036098052165471016,369.6085810661316
Low Load,192,AI,baseline,22,"['Ping-Pong: 12 UEs oscillating', 'QoS Violation: Avg High Prio SINR = -5.31 dB (Threshold: 5.0 dB)', 'Unfairness: Jain Index = 0.05']",0.051454641360319416,8.89551067352295,-11126.1474609375,1.2877572,-26.76026935577392,33.378456,0.3658463500440122,225.7409393787384
Low Load,193,AI,baseline,21,"['Ping-Pong: 11 UEs oscillating', 'QoS Violation: Avg High Prio SINR = -1.79 dB (Threshold: 5.0 dB)', 'Unfairness: Jain Index = 0.04']",0.035156864420898805,-21.80513572692871,-24756.5,-3.1566179,-37.46125736236572,28.882547,0.003541470866184682,502.02488899230957
Low Load,194,AI,baseline,24,"['Ping-Pong: 16 UEs oscillating', 'Unfairness: Jain Index = 0.07']",0.06756102526118436,21.964061737060547,-13381.4091796875,3.1796236,-34.830062770843504,44.453842,0.007961656246334315,271.424800157547
Low Load,195,AI,baseline,17,"['Ping-Pong: 12 UEs oscillating', 'QoS Violation: Avg High Prio SINR = -8.57 dB (Threshold: 5.0 dB)', 'Unfairness: Jain Index = 0.03']",0.03399018761550555,-28.47086524963379,-17418.8984375,-4.12158,-37.385542678833005,23.492638,0.0036033362965099515,353.3119261264801
Low Load,196,AI,baseline,20,"['Ping-Pong: 14 UEs oscillating', 'QoS Violation: Avg High Prio SINR = -4.84 dB (Threshold: 5.0 dB)', 'Unfairness: Jain Index = 0.04']",0.04407950094337276,-10.058517456054688,-19984.189453125,-1.4561195,-37.39684085845947,31.12035,0.0035929861012846233,405.365526676178
Low Load,197,AI,baseline,19,"['Ping-Pong: 12 UEs oscillating', 'QoS Violation: Avg High Prio SINR = -10.91 dB (Threshold: 5.0 dB)', 'Unfairness: Jain Index = 0.04']",0.038325939340561346,-26.718461990356445,-23282.904296875,-3.8678937,-37.54659156799316,29.026062,0.0034739593043923377,472.1910059452057
Low Load,198,AI,baseline,19,"['Ping-Pong: 13 UEs oscillating', 'QoS Violation: Avg High Prio SINR = -1.58 dB (Threshold: 5.0 dB)', 'Unfairness: Jain Index = 0.04']",0.037903714649948655,-11.178056716918945,-22733.474609375,-1.618189,-37.4015697479248,32.80528,0.003590045846067369,460.9709084033966
Low Load,199,AI,baseline,20,"['Ping-Pong: 12 UEs oscillating', 'QoS Violation: Avg High Prio SINR = 0.15 dB (Threshold: 5.0 dB)', 'Unfairness: Jain Index = 0.03']",0.033409803093848736,-29.99472427368164,-18585.904296875,-4.34218,-36.9903980255127,18.200287,0.00396464157383889,376.9940435886383
Low Load,0,AI,utility,25,['Unfairness: Jain Index = 0.04'],0.03950991875069258,25.173860549926758,-33.25152587890625,3.6442893,-5.71750922203064,28.698645,4.68732705116272,0.9146193624474108
Low Load,1,AI,utility,23,"['QoS Violation: Avg High Prio SINR = 3.16 dB (Threshold: 5.0 dB)', 'Unfairness: Jain Index = 0.12']",0.11596447662018416,27.76980209350586,-32.14527893066406,4.0200906,-4.978034949302673,30.15961,5.448248338699341,0.8883638656698167
Low Load,2,AI,utility,25,"['QoS Violation: Avg High Prio SINR = 2.95 dB (Threshold: 5.0 dB)', 'Unfairness: Jain Index = 0.04']",0.043396257650797354,19.70792007446289,-34.48085021972656,2.8530138,-5.414920163154602,25.480045,4.988456273078919,0.9449057397432625
Low Load,3,AI,utility,24,"['Ping-Pong: 18 UEs oscillating', 'Unfairness: Jain Index = 0.07']",0.06902201687768526,54.538150787353516,-28.343589782714844,7.895206,-5.791602754592895,45.06268,4.797525084018708,0.7845521322451532
Low Load,4,AI,utility,26,"['Ping-Pong: 21 UEs oscillating', 'Unfairness: Jain Index = 0.04']",0.03702164809165265,43.01634979248047,-26.86733055114746,6.2272544,-4.408087873458862,38.751728,6.117005228996277,0.7701441645622253
Low Load,5,AI,utility,27,"['Ping-Pong: 21 UEs oscillating', 'QoS Violation: Avg High Prio SINR = 2.01 dB (Threshold: 5.0 dB)', 'Unfairness: Jain Index = 0.09']",0.08520377252510475,23.90167999267578,-30.093036651611328,3.4601226,-3.850524878501892,27.611673,6.812693881988525,0.8522546268068254
Low Load,6,AI,utility,24,"['Ping-Pong: 21 UEs oscillating', 'Unfairness: Jain Index = 0.07']",0.07197043526924364,36.12490463256836,-30.830291748046875,5.2296157,-5.884034562110901,34.801807,4.581882178783417,0.854531885124743
Low Load,7,AI,utility,27,"['Ping-Pong: 22 UEs oscillating', 'QoS Violation: Avg High Prio SINR = 3.21 dB (Threshold: 5.0 dB)', 'Unfairness: Jain Index = 0.06']",0.056003384161916865,27.774948120117188,-35.282188415527344,4.020836,-5.710905408859253,30.635622,4.695998859405518,0.9519016020931304
Low Load,8,AI,utility,26,"['Ping-Pong: 20 UEs oscillating', 'Unfairness: Jain Index = 0.03']",0.034169597209358235,37.91398239135742,-23.814191818237305,5.488611,-2.9764099836349485,34.981186,8.066719222068787,0.7138879154808819
Low Load,9,AI,utility,25,"['Ping-Pong: 22 UEs oscillating', 'QoS Violation: Avg High Prio SINR = 2.70 dB (Threshold: 5.0 dB)', 'Unfairness: Jain Index = 0.09']",0.09419929532251065,26.76620101928711,-31.763822555541992,3.8748045,-4.762746763229369,29.40392,5.722281455993652,0.8830651640892029
Low Load,10,AI,utility,25,"['Ping-Pong: 22 UEs oscillating', 'Unfairness: Jain Index = 0.28']",0.2792523198788934,30.286968231201172,-33.43020248413086,4.3844886,-5.034560513496398,32.15201,5.4473669052124025,0.9103029151447117
Low Load,11,AI,utility,21,"['Ping-Pong: 17 UEs oscillating', 'Unfairness: Jain Index = 0.04']",0.04055022496628719,40.45690155029297,-24.62874412536621,5.856735,-4.237629151344299,36.332092,6.312549901008606,0.7255306700244546
Low Load,12,AI,utility,26,"['Ping-Pong: 18 UEs oscillating', 'Unfairness: Jain Index = 0.04']",0.036570977233840556,29.736572265625,-34.95799255371094,4.3048096,-5.657947897911072,32.42858,4.745834493637085,0.9476307313889265
Low Load,13,AI,utility,27,"['Ping-Pong: 20 UEs oscillating', 'Unfairness: Jain Index = 0.03']",0.03335084917898587,34.94314956665039,-29.786043167114258,5.058539,-4.477130556106567,34.322754,6.199972271919251,0.8402391686104238
Low Load,14,AI,utility,28,"['Ping-Pong: 24 UEs oscillating', 'Unfairness: Jain Index = 0.07']",0.06760549671027616,24.0373592376709,-50.0052490234375,3.4797642,-6.442137241363525,30.3356,4.056352853775024,1.2567315716296434
Low Load,15,AI,utility,23,"['Ping-Pong: 22 UEs oscillating', 'Unfairness: Jain Index = 0.04']",0.03707835135358396,29.824390411376953,-26.492919921875,4.3175235,-3.1769529819488525,30.554466,7.767503094673157,0.7751050288788974
Low Load,16,AI,utility,25,"['Ping-Pong: 21 UEs oscillating', 'QoS Violation: Avg High Prio SINR = 4.77 dB (Threshold: 5.0 dB)', 'Unfairness: Jain Index = 0.03']",0.03418008992584944,18.3530330657959,-44.513919830322266,2.6568735,-6.1001784324646,26.942625,4.333820438385009,1.1488036252558231
Low Load,17,AI,utility,25,"['Ping-Pong: 19 UEs oscillating', 'Unfairness: Jain Index = 0.03']",0.03430272281164751,38.04158401489258,-29.82271957397461,5.5070834,-4.131632280349732,36.79092,6.446944332122802,0.8382666856050491
Low Load,18,AI,utility,25,"['Ping-Pong: 22 UEs oscillating', 'QoS Violation: Avg High Prio SINR = -1.12 dB (Threshold: 5.0 dB)', 'Unfairness: Jain Index = 0.04']",0.04480232014249457,24.323801040649414,-44.629241943359375,3.521231,-6.601099801063538,30.218803,3.904789388179779,1.1473606573417783
Low Load,19,AI,utility,25,"['Ping-Pong: 21 UEs oscillating', 'QoS Violation: Avg High Prio SINR = 2.72 dB (Threshold: 5.0 dB)', 'Unfairness: Jain Index = 0.05']",0.050076948041153174,26.483245849609375,-43.49046325683594,3.8338432,-7.194211387634278,31.37567,3.449625515937805,1.1244324268773198
Low Load,20,AI,utility,26,"['Ping-Pong: 19 UEs oscillating', 'QoS Violation: Avg High Prio SINR = 2.08 dB (Threshold: 5.0 dB)', 'Unfairness: Jain Index = 0.08']",0.08065473361986579,38.22639846801758,-39.956031799316406,5.5338387,-6.591984796524048,38.663296,3.9519789934158327,1.0423825588077307
Low Load,21,AI,utility,25,"['Ping-Pong: 19 UEs oscillating', 'QoS Violation: Avg High Prio SINR = 4.48 dB (Threshold: 5.0 dB)', 'Unfairness: Jain Index = 0.06']",0.0636196989989692,24.6358585357666,-39.988460540771484,3.566406,-5.8643248796463014,28.945211,4.557051038742065,1.052228850312531
Low Load,22,AI,utility,27,"['Ping-Pong: 22 UEs oscillating', 'QoS Violation: Avg High Prio SINR = 3.77 dB (Threshold: 5.0 dB)', 'Unfairness: Jain Index = 0.05']",0.05457711997540026,23.23776626586914,-53.42074966430664,3.3640106,-7.8142511367797844,30.427431,3.32745168209076,1.3250404736027122
Low Load,23,AI,utility,25,"['Ping-Pong: 22 UEs oscillating', 'Unfairness: Jain Index = 0.04']",0.04364663073866487,14.887521743774414,-70.32960510253906,2.1551898,-5.94028606414795,25.588867,4.483701300621033,1.67760846670717
Low Load,24,AI,utility,24,"['Ping-Pong: 19 UEs oscillating', 'Unfairness: Jain Index = 0.05']",0.046447104668108405,35.19061279296875,-41.625282287597656,5.094363,-5.380928254127502,37.593674,5.027190399169922,1.0809163795784116
Low Load,25,AI,utility,28,"['Ping-Pong: 20 UEs oscillating', 'Unfairness: Jain Index = 0.06']",0.06380128170199639,66.19253540039062,-27.114276885986328,9.582352,-3.8674147367477416,53.530655,6.797335171699524,0.7622198900207877
Low Load,26,AI,utility,25,"['Ping-Pong: 20 UEs oscillating', 'Unfairness: Jain Index = 0.06']",0.058400770003069896,38.35023880004883,-31.300844192504883,5.551766,-3.9579187154769895,37.23415,6.7539660930633545,0.8699145982973278
Low Load,27,AI,utility,27,"['Ping-Pong: 22 UEs oscillating', 'Unfairness: Jain Index = 0.05']",0.04713919112519357,31.776390075683594,-97.84040069580078,4.6001034,-11.266994619369505,38.046833,1.7664621949195867,2.219600137323141
Low Load,28,AI,utility,25,"['Ping-Pong: 20 UEs oscillating', 'QoS Violation: Avg High Prio SINR = 2.43 dB (Threshold: 5.0 dB)', 'Unfairness: Jain Index = 0.07']",0.0658506474318569,39.91251754760742,-52.316184997558594,5.777929,-4.933245968818665,40.59308,5.497449207305908,1.2980190804228187
Low Load,29,AI,utility,29,"['Ping-Pong: 24 UEs oscillating', 'Unfairness: Jain Index = 0.05']",0.04509676327343985,35.800270080566406,-63.448822021484375,5.18262,-9.191610121726988,38.701073,2.321534186601639,1.5267281560227275
Low Load,30,AI,utility,29,"['Ping-Pong: 24 UEs oscillating', 'Unfairness: Jain Index = 0.07']",0.06935134174808937,66.1225357055664,-117.19619750976562,9.572218,-6.8842309474945065,56.93774,3.7188554406166077,2.5886499788612127
Low Load,31,AI,utility,25,"['Ping-Pong: 23 UEs oscillating', 'Unfairness: Jain Index = 0.03']",0.03427871228193972,21.38365364074707,-130.46353149414062,3.0956013,-8.88465232849121,32.30047,2.422177338600159,2.891440177336335
Low Load,32,AI,utility,27,"['Ping-Pong: 22 UEs oscillating', 'Unfairness: Jain Index = 0.04']",0.042271266819944524,59.01953125,-41.61928939819336,8.543951,-7.230690956115722,51.44679,3.6489401340484626,1.065380172803998
Low Load,33,AI,utility,28,"['Ping-Pong: 22 UEs oscillating', 'Unfairness: Jain Index = 0.09']",0.08892727542290174,59.47187042236328,-904.1314086914062,8.609436,-6.467347288131714,53.864956,4.015067255496978,18.53729970753193
Low Load,34,AI,utility,26,"['Ping-Pong: 24 UEs oscillating', 'Unfairness: Jain Index = 0.10']",0.10402922951797149,58.72007751464844,-5523.61767578125,8.500602,-6.067643880844116,55.945988,4.361793661117554,112.16826736927032
Low Load,35,AI,utility,27,"['Ping-Pong: 23 UEs oscillating', 'Unfairness: Jain Index = 0.04']",0.03571695788679471,51.5683479309082,-5563.77294921875,7.465282,-8.756230401992799,50.704468,2.473555529117584,112.95546591281891
Low Load,36,AI,utility,25,"['Ping-Pong: 22 UEs oscillating', 'QoS Violation: Avg High Prio SINR = -0.32 dB (Threshold: 5.0 dB)', 'Unfairness: Jain Index = 0.04']",0.04359686058004088,14.95758056640625,-94.30802154541016,2.1653318,-8.845296573638915,27.354893,2.429916608333588,2.162605756893754
Low Load,37,AI,utility,26,"['Ping-Pong: 22 UEs oscillating', 'QoS Violation: Avg High Prio SINR = 1.25 dB (Threshold: 5.0 dB)', 'Unfairness: Jain Index = 0.07']",0.07334885487918616,50.73273849487305,-5651.86279296875,7.344316,-9.123824787139892,52.491875,2.2842952013015747,114.78378623723984
Low Load,38,AI,utility,26,"['Ping-Pong: 21 UEs oscillating', 'Unfairness: Jain Index = 0.05']",0.045498679383275495,15.254182815551758,-11325.2890625,2.208269,-25.040204238891597,36.496086,0.8665370453149084,229.77076470851898
Low Load,39,AI,utility,27,"['Ping-Pong: 23 UEs oscillating', 'Unfairness: Jain Index = 0.04']",0.03677762899789467,26.860349655151367,-77.36885070800781,3.8884337,-8.726118969917296,33.68004,2.869005990028382,1.8111045937985182
Low Load,40,AI,utility,28,"['Ping-Pong: 25 UEs oscillating', 'Unfairness: Jain Index = 0.06']",0.05673333401342097,66.55608367919922,-5501.62841796875,9.63498,-5.988107919692993,59.8504,4.463672411441803,111.68306320905685
Low Load,41,AI,utility,26,"['Ping-Pong: 25 UEs oscillating', 'Unfairness: Jain Index = 0.07']",0.07481427305524284,86.32437896728516,-5566.453125,12.496734,-10.34422948360443,74.05298,1.9818778753280644,113.04745823144913
Low Load,42,AI,utility,25,"['Ping-Pong: 23 UEs oscillating', 'Unfairness: Jain Index = 0.07']",0.06769155551052186,63.21019744873047,-5578.5546875,9.150614,-9.3087167263031,59.2064,2.200310814380646,113.31062763929367
Low Load,43,AI,utility,28,"['Ping-Pong: 23 UEs oscillating', 'Unfairness: Jain Index = 0.15']",0.14735004848035585,74.48326110839844,-35.56226348876953,10.782557,-5.240990519523621,61.07929,5.20281286239624,0.9383886936120689
Low Load,44,AI,utility,26,"['Ping-Pong: 22 UEs oscillating', 'Unfairness: Jain Index = 0.06']",0.05777759560284615,24.76580810546875,-11123.447265625,3.5852182,-26.90150642395019,44.004803,0.3450513041578235,225.6338745355606
Low Load,45,AI,utility,25,"['Ping-Pong: 19 UEs oscillating', 'Unfairness: Jain Index = 0.06']",0.0634633231918506,48.89591598510742,-9637.7236328125,7.078409,-26.131867790222167,56.51243,0.37112074242904797,195.54971158504486
Low Load,46,AI,utility,29,"['Ping-Pong: 20 UEs oscillating', 'Unfairness: Jain Index = 0.05']",0.048040091795248166,11.9702787399292,-4751.76953125,1.7328753,-27.045446681976316,34.677483,0.1126307481899858,96.55188024044037
Low Load,47,AI,utility,28,"['Ping-Pong: 23 UEs oscillating', 'Unfairness: Jain Index = 0.04']",0.04234934407179869,14.706497192382812,-306.2353210449219,2.1289835,-13.254555273056031,31.050161,0.9115993320941925,6.4589292742311954
Low Load,48,AI,utility,26,"['Ping-Pong: 25 UEs oscillating', 'Unfairness: Jain Index = 0.12']",0.11937205557759337,104.58325958251953,-56.680580139160156,15.139976,-5.814062714576721,80.98738,4.603924751281738,1.346393022686243
Low Load,49,AI,utility,27,"['Ping-Pong: 23 UEs oscillating', 'QoS Violation: Avg High Prio SINR = -0.40 dB (Threshold: 5.0 dB)', 'Unfairness: Jain Index = 0.05']",0.046424802701380094,10.346904754638672,-706.439697265625,1.4978681,-19.23927583694458,33.238907,0.2367742106318474,14.568417333066463
Low Load,50,AI,utility,25,"['Ping-Pong: 21 UEs oscillating', 'Unfairness: Jain Index = 0.10']",0.10322110528652648,39.13883590698242,-10650.595703125,5.665926,-26.563641166687006,53.1554,0.37049685544334365,216.08494222164154
Low Load,51,AI,utility,27,"['Ping-Pong: 23 UEs oscillating', 'QoS Violation: Avg High Prio SINR = 4.15 dB (Threshold: 5.0 dB)', 'Unfairness: Jain Index = 0.08']",0.07858857793618076,47.183441162109375,-5526.087890625,6.8305025,-10.312035369873046,52.67271,1.817555344104767,112.19705641269684
Low Load,52,AI,utility,29,"['Ping-Pong: 24 UEs oscillating', 'Unfairness: Jain Index = 0.14']",0.14078500558846113,52.32550048828125,-11282.9873046875,7.5748925,-27.71564140319824,59.361084,0.22716685817576954,228.87173295021057
Low Load,53,AI,utility,26,"['Ping-Pong: 23 UEs oscillating', 'Unfairness: Jain Index = 0.12']",0.11784447198544255,53.02519226074219,-1236.3387451171875,7.6761827,-10.966930103302001,55.987614,1.5200605273246766,25.289880111813545
Low Load,54,AI,utility,29,"['Ping-Pong: 24 UEs oscillating', 'Unfairness: Jain Index = 0.04']",0.040129889376900006,60.019283294677734,-5536.5517578125,8.688682,-11.341050195693967,55.604,2.404708445072175,112.39674687385559
Low Load,55,AI,utility,25,"['Ping-Pong: 20 UEs oscillating', 'Unfairness: Jain Index = 0.07']",0.06736515770247731,61.112239837646484,-5528.2109375,8.846905,-11.959376859664916,59.363407,1.391105604171753,112.28563636541367
Low Load,56,AI,utility,25,"['Ping-Pong: 20 UEs oscillating', 'Unfairness: Jain Index = 0.14']",0.1407452344137481,106.98568725585938,-5490.47314453125,15.487763,-6.774779295921325,85.45323,3.857526779174805,111.48916184902191
Low Load,57,AI,utility,29,"['Ping-Pong: 21 UEs oscillating', 'Unfairness: Jain Index = 0.14']",0.14062894676508747,67.77843475341797,-5595.95166015625,9.811934,-16.941287422180174,66.00614,0.39781136214733126,113.62886428833008
Low Load,58,AI,utility,26,"['Ping-Pong: 21 UEs oscillating', 'QoS Violation: Avg High Prio SINR = -1.01 dB (Threshold: 5.0 dB)', 'Unfairness: Jain Index = 0.11']",0.10983522390267667,57.4843635559082,-5640.23388671875,8.3217125,-10.230933427810669,57.37318,1.8019323885440828,114.57205563783646
Low Load,59,AI,utility,28,"['Ping-Pong: 23 UEs oscillating', 'Unfairness: Jain Index = 0.08']",0.07642494271165111,42.654109954833984,-5520.69189453125,6.1748147,-10.411094594001769,47.598007,2.398835933208466,112.14109510183334
Low Load,60,AI,utility,26,"['Ping-Pong: 21 UEs oscillating', 'Unfairness: Jain Index = 0.10']",0.09837046156938725,58.055328369140625,-5493.51416015625,8.404369,-6.071355843544006,54.485397,4.372945332527161,111.56181246042252
Low Load,61,AI,utility,27,"['Ping-Pong: 23 UEs oscillating', 'Unfairness: Jain Index = 0.04']",0.04485349031801714,22.589385986328125,-11106.2802734375,3.2701483,-27.743188476562494,43.045265,0.2237880177795888,225.33144056797028
Low Load,62,AI,utility,28,"['Ping-Pong: 23 UEs oscillating', 'Unfairness: Jain Index = 0.09']",0.09253228117462542,59.653656005859375,-52.99501419067383,8.635753,-3.431621754169464,51.84052,7.38448555469513,1.3028867542743683
Low Load,63,AI,utility,26,"['Ping-Pong: 22 UEs oscillating', 'Unfairness: Jain Index = 0.15']",0.1473669559464553,74.83378601074219,-5614.00732421875,10.833302,-14.04664387702942,72.97515,0.7675221234560013,113.99547755718231
Low Load,64,AI,utility,28,"['Ping-Pong: 23 UEs oscillating', 'QoS Violation: Avg High Prio SINR = 3.76 dB (Threshold: 5.0 dB)', 'Unfairness: Jain Index = 0.05']",0.0482566049828407,12.21224308013916,-5589.669921875,1.7679032,-16.719179916381837,30.930264,0.41683956533670424,113.55824768543243
Low Load,65,AI,utility,23,"['Ping-Pong: 20 UEs oscillating', 'Unfairness: Jain Index = 0.07']",0.06785833732487037,9.648038864135742,-16675.91015625,1.3966964,-37.385405731201175,37.564274,0.0036033362965099515,338.1938636302948
Low Load,66,AI,utility,26,"['Ping-Pong: 19 UEs oscillating', 'QoS Violation: Avg High Prio SINR = 1.63 dB (Threshold: 5.0 dB)', 'Unfairness: Jain Index = 0.05']",0.045499709121725955,33.71366500854492,-5651.18212890625,4.8805532,-13.81519727706909,43.534996,0.9346279919147493,114.80703204870224
Low Load,67,AI,utility,30,"['Ping-Pong: 20 UEs oscillating', 'QoS Violation: Avg High Prio SINR = 1.58 dB (Threshold: 5.0 dB)', 'Unfairness: Jain Index = 0.10']",0.09633067604335943,39.260337829589844,-5584.4794921875,5.6835165,-13.927496719360352,51.349304,0.7912796705961228,113.43646049499512
Low Load,68,AI,utility,28,"['Ping-Pong: 24 UEs oscillating', 'Unfairness: Jain Index = 0.17']",0.16736591406878584,88.97761535644531,-5510.7958984375,12.88083,-10.14602608680725,76.67512,1.8396605372428896,111.91180348396301
Low Load,69,AI,utility,29,"['Ping-Pong: 27 UEs oscillating', 'Unfairness: Jain Index = 0.07']",0.07021921508270565,24.587736129760742,-5554.08349609375,3.5594397,-14.492141246795654,38.528267,0.7387282788753511,112.83157020807266
Low Load,70,AI,utility,28,"['Ping-Pong: 25 UEs oscillating', 'Unfairness: Jain Index = 0.14']",0.13846380087194207,63.11296081542969,-5582.4599609375,9.136537,-16.396753215789794,62.903877,0.4700766578316689,113.3822575211525
Low Load,71,AI,utility,27,"['Ping-Pong: 24 UEs oscillating', 'QoS Violation: Avg High Prio SINR = 1.76 dB (Threshold: 5.0 dB)', 'Unfairness: Jain Index = 0.07']",0.07391223656152807,10.141519546508789,-12774.400390625,1.4681351,-34.863884353637694,41.12403,0.007859028642997147,259.15759801864624
Low Load,72,AI,utility,24,"['Ping-Pong: 20 UEs oscillating', 'Unfairness: Jain Index = 0.15']",0.15486598120021233,59.39158630371094,-5643.06640625,8.597814,-18.365523242950438,62.650772,0.2875324934720993,114.61061984300613
Low Load,73,AI,utility,29,"['Ping-Pong: 21 UEs oscillating', 'QoS Violation: Avg High Prio SINR = -3.08 dB (Threshold: 5.0 dB)', 'Unfairness: Jain Index = 0.03']",0.03429991329880087,-24.089046478271484,-23291.6640625,-3.4872472,-37.42076473236084,26.273012,0.003572991758119315,472.3915755748749
Low Load,74,AI,utility,29,"['Ping-Pong: 22 UEs oscillating', 'Unfairness: Jain Index = 0.11']",0.11183065015613484,61.97500228881836,-5508.2705078125,8.971801,-7.704807591438293,60.321865,3.1555527925491336,111.88095062971115
Low Load,75,AI,utility,27,"['Ping-Pong: 25 UEs oscillating', 'Unfairness: Jain Index = 0.05']",0.051869644805752846,3.881424903869629,-11100.2099609375,0.56189376,-29.47537107467651,31.4409,0.094076631218195,225.23215413093567
Low Load,76,AI,utility,25,"['Ping-Pong: 22 UEs oscillating', 'Unfairness: Jain Index = 0.12']",0.12185328088906823,73.53954315185547,-341.43231201171875,10.645939,-11.733885717391967,63.93923,2.1664654314517984,7.137889042496681
Low Load,77,AI,utility,24,"['Ping-Pong: 18 UEs oscillating', 'QoS Violation: Avg High Prio SINR = 3.94 dB (Threshold: 5.0 dB)', 'Unfairness: Jain Index = 0.10']",0.09877884670300038,50.45025634765625,-11030.642578125,7.303422,-25.396775531768796,56.782494,0.7185902290046218,223.7567901611328
Low Load,78,AI,utility,27,"['Ping-Pong: 18 UEs oscillating', 'QoS Violation: Avg High Prio SINR = 2.06 dB (Threshold: 5.0 dB)', 'Unfairness: Jain Index = 0.04']",0.03634393848719063,0.9590963125228882,-11591.7509765625,0.13884348,-32.79176330566406,33.49843,0.018932818993926057,235.20703613758087
Low Load,79,AI,utility,23,"['Ping-Pong: 17 UEs oscillating', 'QoS Violation: Avg High Prio SINR = 2.44 dB (Threshold: 5.0 dB)', 'Unfairness: Jain Index = 0.10']",0.0996826742444781,33.081478118896484,-685.3751220703125,4.7890344,-10.116057467460632,41.614788,2.0265321850776674,14.135411009192467
Low Load,80,AI,utility,30,"['Ping-Pong: 21 UEs oscillating', 'Unfairness: Jain Index = 0.03']",0.0334374063605201,0.8813467025756836,-11133.4111328125,0.12758808,-28.78795480728149,31.701843,0.13261288031935697,225.89614987373352
Low Load,81,AI,utility,27,"['Ping-Pong: 20 UEs oscillating', 'Unfairness: Jain Index = 0.05']",0.05377939365043324,7.246788024902344,-16772.37109375,1.0490801,-37.43386573791504,38.887466,0.0035632299142889677,340.2068018913269
Low Load,82,AI,utility,28,"['Ping-Pong: 25 UEs oscillating', 'QoS Violation: Avg High Prio SINR = 2.11 dB (Threshold: 5.0 dB)', 'Unfairness: Jain Index = 0.04']",0.041502070074898055,11.341068267822266,-11103.5927734375,1.6417882,-29.328137969970697,35.47881,0.1012428164482117,225.27821362018585
Low Load,83,AI,utility,27,"['Ping-Pong: 23 UEs oscillating', 'QoS Violation: Avg High Prio SINR = 4.30 dB (Threshold: 5.0 dB)', 'Unfairness: Jain Index = 0.14']",0.1380136036019162,66.68873596191406,-5522.546875,9.654183,-10.196412611007691,62.48567,1.8019896507263184,112.17080056667328
Low Load,84,AI,utility,27,"['Ping-Pong: 24 UEs oscillating', 'QoS Violation: Avg High Prio SINR = 0.63 dB (Threshold: 5.0 dB)', 'Unfairness: Jain Index = 0.03']",0.033346076624035964,-17.25863265991211,-11110.9423828125,-2.4984424,-28.25027103424072,21.24637,0.1735843606293202,225.48724710941315
Low Load,85,AI,utility,28,"['Ping-Pong: 23 UEs oscillating', 'QoS Violation: Avg High Prio SINR = 0.31 dB (Threshold: 5.0 dB)', 'Unfairness: Jain Index = 0.10']",0.10371338643239712,40.26169204711914,-5593.5390625,5.8284764,-13.304192066192627,49.78416,0.9672551870346071,113.5731190443039
Low Load,86,AI,utility,25,"['Ping-Pong: 21 UEs oscillating', 'QoS Violation: Avg High Prio SINR = 1.76 dB (Threshold: 5.0 dB)', 'Unfairness: Jain Index = 0.09']",0.08822495260825049,15.78108024597168,-17423.919921875,2.284546,-37.38138427734375,43.089428,0.0036059240694157777,353.400319814682
Low Load,87,AI,utility,23,"['Ping-Pong: 20 UEs oscillating', 'QoS Violation: Avg High Prio SINR = -1.73 dB (Threshold: 5.0 dB)', 'Unfairness: Jain Index = 0.03']",0.03371144136346271,-8.189834594726562,-16506.029296875,-1.1855998,-37.37659225463867,28.667442,0.0036098052165471016,334.84888076782227
Low Load,88,AI,utility,28,"['Ping-Pong: 21 UEs oscillating', 'Unfairness: Jain Index = 0.17']",0.1703864496813547,93.74124145507812,-5512.1982421875,13.570437,-5.22661337852478,78.33762,5.183108019828796,111.92110180854797
Low Load,89,AI,utility,26,"['Ping-Pong: 20 UEs oscillating', 'QoS Violation: Avg High Prio SINR = -0.41 dB (Threshold: 5.0 dB)', 'Unfairness: Jain Index = 0.04']",0.03558129098493477,5.620800018310547,-11962.76171875,0.81369406,-33.55554695129394,36.58642,0.01345527628436685,242.72854626178741
Low Load,90,AI,utility,29,"['Ping-Pong: 24 UEs oscillating', 'QoS Violation: Avg High Prio SINR = 1.76 dB (Threshold: 5.0 dB)', 'Unfairness: Jain Index = 0.09']",0.087361179539928,14.188985824584961,-15371.9013671875,2.0540655,-35.69978427886963,43.731018,0.005815746542066336,311.8436634540558
Low Load,91,AI,utility,28,"['Ping-Pong: 23 UEs oscillating', 'Unfairness: Jain Index = 0.07']",0.06555552003362966,30.390119552612305,-10980.16796875,4.3994203,-26.802616310119625,43.78683,0.3581725768744947,222.80097007751465
Low Load,92,AI,utility,24,"['Ping-Pong: 21 UEs oscillating', 'Unfairness: Jain Index = 0.10']",0.09585366242600313,45.796993255615234,-11055.796875,6.629793,-26.546467494964595,56.01586,0.406933742016554,224.35207664966583
Low Load,93,AI,utility,27,"['Ping-Pong: 21 UEs oscillating', 'Unfairness: Jain Index = 0.07']",0.06728364922936383,28.26678466796875,-11667.234375,4.092036,-33.36544704437256,46.30076,0.014624638948589569,236.73337697982788
Low Load,94,AI,utility,25,"['Ping-Pong: 20 UEs oscillating', 'QoS Violation: Avg High Prio SINR = -6.65 dB (Threshold: 5.0 dB)', 'Unfairness: Jain Index = 0.03']",0.03390456204335511,-11.104511260986328,-18995.654296875,-1.6075432,-37.37519073486328,29.175753,0.003611098974943161,385.2978050708771
Low Load,95,AI,utility,26,"['Ping-Pong: 22 UEs oscillating', 'QoS Violation: Avg High Prio SINR = -1.95 dB (Threshold: 5.0 dB)', 'Unfairness: Jain Index = 0.07']",0.06528737600233245,13.557628631591797,-11138.072265625,1.9626687,-30.43016710281372,37.073032,0.05859848260879519,226.03438794612885
Low Load,96,AI,utility,28,"['Ping-Pong: 20 UEs oscillating', 'QoS Violation: Avg High Prio SINR = -0.41 dB (Threshold: 5.0 dB)', 'Unfairness: Jain Index = 0.07']",0.06764647677549104,16.21977996826172,-21960.236328125,2.3480535,-37.38277950286865,46.29589,0.0036046300549060105,445.3967809677124
Low Load,97,AI,utility,27,"['Ping-Pong: 22 UEs oscillating', 'QoS Violation: Avg High Prio SINR = 4.07 dB (Threshold: 5.0 dB)', 'Unfairness: Jain Index = 0.06']",0.058096250242055114,-1.012603759765625,-21032.396484375,-0.14658915,-37.37519073486328,32.33151,0.003611098974943161,426.50243639945984
Low Load,98,AI,utility,27,"['Ping-Pong: 24 UEs oscillating', 'QoS Violation: Avg High Prio SINR = -1.63 dB (Threshold: 5.0 dB)', 'Unfairness: Jain Index = 0.07']",0.06593592304967273,-7.6108574867248535,-12142.7578125,-1.1017845,-34.20335025787353,28.554743,0.010220227111130955,246.38214707374573
Low Load,99,AI,utility,30,"['Ping-Pong: 25 UEs oscillating', 'QoS Violation: Avg High Prio SINR = -7.93 dB (Threshold: 5.0 dB)', 'Unfairness: Jain Index = 0.07']",0.06553764834957049,-2.9595980644226074,-20098.84765625,-0.42844608,-37.37519073486328,35.223186,0.003611098974943161,407.6334238052368
Low Load,100,AI,utility,26,"['Ping-Pong: 24 UEs oscillating', 'QoS Violation: Avg High Prio SINR = -2.75 dB (Threshold: 5.0 dB)', 'Unfairness: Jain Index = 0.03']",0.033336269573444294,-6.649405479431152,-11962.02734375,-0.9626001,-35.103981018066406,25.756035,0.006110951164737344,242.7043318748474
Low Load,101,AI,utility,23,"['Ping-Pong: 20 UEs oscillating', 'Unfairness: Jain Index = 0.15']",0.14506091345137062,48.93893814086914,-10986.525390625,7.084636,-26.26353778839111,58.506218,0.46838486716151256,222.93192148208618
Low Load,102,AI,utility,26,"['Ping-Pong: 18 UEs oscillating', 'Unfairness: Jain Index = 0.16']",0.1556050196367295,70.37080383300781,-11002.478515625,10.187219,-27.915127944946285,69.50772,0.20532021746039397,223.18905591964722
Low Load,103,AI,utility,26,"['Ping-Pong: 19 UEs oscillating', 'QoS Violation: Avg High Prio SINR = -3.08 dB (Threshold: 5.0 dB)', 'Unfairness: Jain Index = 0.07']",0.06711613775923062,14.987040519714355,-14318.337890625,2.1695952,-36.41566886901855,39.49977,0.004640990332700313,290.4766798019409
Low Load,104,AI,utility,25,"['Ping-Pong: 19 UEs oscillating', 'QoS Violation: Avg High Prio SINR = -4.73 dB (Threshold: 5.0 dB)', 'Unfairness: Jain Index = 0.04']",0.038431124212878386,-14.815800666809082,-22857.630859375,-2.144807,-37.375457191467284,30.67583,0.003611098974943161,463.5692536830902
Low Load,105,AI,utility,27,"['Ping-Pong: 21 UEs oscillating', 'Unfairness: Jain Index = 0.08']",0.07842582865577105,18.918476104736328,-19566.029296875,2.7387297,-37.37672233581543,44.692932,0.0036098052165471016,396.8258798122406
Low Load,106,AI,utility,26,"['Ping-Pong: 23 UEs oscillating', 'QoS Violation: Avg High Prio SINR = -2.24 dB (Threshold: 5.0 dB)', 'Unfairness: Jain Index = 0.05']",0.05429765167546338,0.5786390900611877,-16458.44140625,0.083766475,-37.37519073486328,31.590326,0.003611098974943161,333.88975262641907
Low Load,107,AI,utility,27,"['Ping-Pong: 22 UEs oscillating', 'QoS Violation: Avg High Prio SINR = 1.30 dB (Threshold: 5.0 dB)', 'Unfairness: Jain Index = 0.07']",0.06654978117399124,-5.744472503662109,-21931.33984375,-0.8315975,-37.37672863006592,33.86318,0.0036098052165471016,444.80985403060913
Low Load,108,AI,utility,27,"['Ping-Pong: 20 UEs oscillating', 'QoS Violation: Avg High Prio SINR = 3.97 dB (Threshold: 5.0 dB)', 'Unfairness: Jain Index = 0.04']",0.04182716643417,12.487350463867188,-20351.85546875,1.8077291,-37.37519073486328,44.062767,0.003611098974943161,412.7071797847748
Low Load,109,AI,utility,26,"['Ping-Pong: 20 UEs oscillating', 'QoS Violation: Avg High Prio SINR = -5.92 dB (Threshold: 5.0 dB)', 'Unfairness: Jain Index = 0.03']",0.033353434351514645,-26.384370803833008,-28172.5546875,-3.8195279,-37.3760871887207,26.42028,0.003611098974943161,571.2351202964783
Low Load,110,AI,utility,24,"['Ping-Pong: 20 UEs oscillating', 'QoS Violation: Avg High Prio SINR = -3.47 dB (Threshold: 5.0 dB)', 'Unfairness: Jain Index = 0.07']",0.07125218282305745,21.590694427490234,-16434.0078125,3.125573,-37.37519073486328,42.799477,0.003611098974943161,333.37607979774475
Low Load,111,AI,utility,28,"['Ping-Pong: 20 UEs oscillating', 'QoS Violation: Avg High Prio SINR = -4.15 dB (Threshold: 5.0 dB)', 'Unfairness: Jain Index = 0.09']",0.09452349557387273,17.02758026123047,-27462.0546875,2.4649942,-37.392686653137204,49.46734,0.003596867504529655,556.8407773971558
Low Load,112,AI,utility,26,"['Ping-Pong: 21 UEs oscillating', 'QoS Violation: Avg High Prio SINR = -8.74 dB (Threshold: 5.0 dB)', 'Unfairness: Jain Index = 0.04']",0.03790019523937789,-14.747166633605957,-23053.21875,-2.1348715,-37.375257873535155,30.459028,0.003611098974943161,467.5043523311615
Low Load,113,AI,utility,27,"['Ping-Pong: 23 UEs oscillating', 'QoS Violation: Avg High Prio SINR = 4.36 dB (Threshold: 5.0 dB)', 'Unfairness: Jain Index = 0.06']",0.06469455720099092,16.577543258666992,-11803.33203125,2.3998454,-33.64790811538696,42.142864,0.012924466282129291,239.50126767158508
Low Load,114,AI,utility,27,"['Ping-Pong: 21 UEs oscillating', 'QoS Violation: Avg High Prio SINR = 1.20 dB (Threshold: 5.0 dB)', 'Unfairness: Jain Index = 0.03']",0.033734189370138716,-28.937149047851562,-23067.0546875,-4.1890807,-37.375721549987794,23.966341,0.003611098974943161,467.8058922290802
Low Load,115,AI,utility,27,"['Ping-Pong: 23 UEs oscillating', 'Unfairness: Jain Index = 0.05']",0.0499342169270114,21.241666793823242,-22051.048828125,3.0750465,-37.37519073486328,49.855717,0.003611098974943161,447.17732071876526
Low Load,116,AI,utility,25,"['Ping-Pong: 22 UEs oscillating', 'QoS Violation: Avg High Prio SINR = -2.38 dB (Threshold: 5.0 dB)', 'Unfairness: Jain Index = 0.04']",0.03684174525941993,-10.481396675109863,-20552.82421875,-1.517338,-37.37519073486328,27.732431,0.003611098974943161,416.86421632766724
Low Load,117,AI,utility,26,"['Ping-Pong: 23 UEs oscillating', 'QoS Violation: Avg High Prio SINR = -2.51 dB (Threshold: 5.0 dB)', 'Unfairness: Jain Index = 0.10']",0.09975694459956536,14.009154319763184,-16556.083984375,2.0280328,-37.37519073486328,43.65178,0.003611098974943161,335.8047306537628
Low Load,118,AI,utility,24,"['Ping-Pong: 20 UEs oscillating', 'Unfairness: Jain Index = 0.04']",0.043334549259079626,11.596661567687988,-25863.310546875,1.6787883,-37.37519073486328,47.31917,0.003611098974943161,524.4991183280945
Low Load,119,AI,utility,25,"['Ping-Pong: 20 UEs oscillating', 'Unfairness: Jain Index = 0.06']",0.0635301596949302,16.714183807373047,-27445.916015625,2.4196258,-37.38069019317627,50.822727,0.003607217827811837,556.5359592437744
Low Load,120,AI,utility,21,"['Ping-Pong: 15 UEs oscillating', 'Unfairness: Jain Index = 0.10']",0.10123768407383825,45.74018859863281,-16491.59765625,6.62157,-37.3801908493042,59.347546,0.0036074529285542666,334.4958424568176
Low Load,121,AI,utility,28,"['Ping-Pong: 17 UEs oscillating', 'Unfairness: Jain Index = 0.07']",0.06806129997984389,31.767221450805664,-16429.5234375,4.598776,-37.37519073486328,49.247505,0.003611098974943161,333.26369524002075
Low Load,122,AI,utility,29,"['Ping-Pong: 20 UEs oscillating', 'Unfairness: Jain Index = 0.09']",0.09286625514728505,20.88348960876465,-16491.216796875,3.0231948,-37.37542991638183,42.673985,0.003611098974943161,334.50016379356384
Low Load,123,AI,utility,26,"['Ping-Pong: 25 UEs oscillating', 'QoS Violation: Avg High Prio SINR = -1.58 dB (Threshold: 5.0 dB)', 'Unfairness: Jain Index = 0.08']",0.07514984753078094,21.737905502319336,-19377.583984375,3.1468837,-37.37521591186523,47.471626,0.003611098974943161,392.9862380027771
Low Load,124,AI,utility,27,"['Ping-Pong: 24 UEs oscillating', 'QoS Violation: Avg High Prio SINR = -0.17 dB (Threshold: 5.0 dB)', 'Unfairness: Jain Index = 0.05']",0.045071435083535775,-5.078949928283691,-32890.3203125,-0.7352534,-37.37814483642578,41.831028,0.0036085114581510423,666.9079065322876
Low Load,125,AI,utility,30,"['Ping-Pong: 24 UEs oscillating', 'Unfairness: Jain Index = 0.17']",0.16689549163058576,69.30738067626953,-5503.78271484375,10.033273,-7.052356576919555,65.006195,3.659138870239258,111.78997159004211
Low Load,126,AI,utility,28,"['Ping-Pong: 25 UEs oscillating', 'QoS Violation: Avg High Prio SINR = 3.54 dB (Threshold: 5.0 dB)', 'Unfairness: Jain Index = 0.09']",0.08751509269416931,21.844451904296875,-21921.787109375,3.1623082,-37.37519073486328,50.71154,0.003611098974943161,444.55939531326294
Low Load,127,AI,utility,26,"['Ping-Pong: 24 UEs oscillating', 'Unfairness: Jain Index = 0.13']",0.12964848177550228,75.2109375,-21940.48046875,10.887898,-37.37721748352051,81.21972,0.0036098052165471016,444.94524598121643
Low Load,128,AI,utility,24,"['Ping-Pong: 21 UEs oscillating', 'Unfairness: Jain Index = 0.06']",0.0643756720870155,15.186246871948242,-21951.5546875,2.1984344,-37.3820068359375,44.874928,0.0036059240694157777,445.1840817928314
Low Load,129,AI,utility,24,"['Ping-Pong: 22 UEs oscillating', 'QoS Violation: Avg High Prio SINR = 1.92 dB (Threshold: 5.0 dB)', 'Unfairness: Jain Index = 0.10']",0.10311648436749182,43.53049087524414,-11002.927734375,6.301683,-27.874300003051754,54.047443,0.20956274792552002,223.26602041721344
Low Load,130,AI,utility,27,"['Ping-Pong: 23 UEs oscillating', 'QoS Violation: Avg High Prio SINR = -6.09 dB (Threshold: 5.0 dB)', 'Unfairness: Jain Index = 0.03']",0.03462238427320976,-43.00110626220703,-27503.798828125,-6.2250476,-37.37519073486328,17.4665,0.003611098974943161,557.7373504638672
Low Load,131,AI,utility,26,"['Ping-Pong: 22 UEs oscillating', 'QoS Violation: Avg High Prio SINR = -3.66 dB (Threshold: 5.0 dB)', 'Unfairness: Jain Index = 0.05']",0.049720587776179395,20.385440826416016,-18962.435546875,2.9510946,-37.37519073486328,47.45503,0.003611098974943161,384.55361127853394
Low Load,132,AI,utility,25,"['Ping-Pong: 22 UEs oscillating', 'QoS Violation: Avg High Prio SINR = -6.87 dB (Threshold: 5.0 dB)', 'Unfairness: Jain Index = 0.04']",0.03665740093594097,-47.45444107055664,-38376.66015625,-6.869735,-37.38002319335938,21.270477,0.003607217827811837,778.108537197113
Low Load,133,AI,utility,25,"['Ping-Pong: 20 UEs oscillating', 'QoS Violation: Avg High Prio SINR = 0.19 dB (Threshold: 5.0 dB)', 'Unfairness: Jain Index = 0.04']",0.036258442155492905,-17.049423217773438,-38364.56640625,-2.4681573,-37.38545608520508,37.83393,0.00360274858539924,777.9026031494141
Low Load,134,AI,utility,25,"['Ping-Pong: 21 UEs oscillating', 'Unfairness: Jain Index = 0.16']",0.16289242923886887,47.17878723144531,-21961.26953125,6.8298297,-37.377290916442874,65.38582,0.0036098052165471016,445.37821412086487
Low Load,135,AI,utility,25,"['Ping-Pong: 21 UEs oscillating', 'Unfairness: Jain Index = 0.13']",0.13086241344988575,37.64741516113281,-16614.431640625,5.4500217,-37.396320533752444,56.178333,0.0035942798596806822,336.92923188209534
Low Load,136,AI,utility,28,"['Ping-Pong: 22 UEs oscillating', 'QoS Violation: Avg High Prio SINR = 4.84 dB (Threshold: 5.0 dB)', 'Unfairness: Jain Index = 0.13']",0.12642170087881033,25.591190338134766,-27421.51171875,3.7047036,-37.38222770690918,56.99468,0.0036059240694157777,556.0369491577148
Low Load,137,AI,utility,27,"['Ping-Pong: 23 UEs oscillating', 'Unfairness: Jain Index = 0.13']",0.13391116263694297,52.429649353027344,-20698.470703125,7.58997,-37.37519073486328,65.51287,0.003611098974943161,419.7309911251068
Low Load,138,AI,utility,26,"['Ping-Pong: 22 UEs oscillating', 'QoS Violation: Avg High Prio SINR = -2.44 dB (Threshold: 5.0 dB)', 'Unfairness: Jain Index = 0.05']",0.051099654961827286,-31.82421875,-30698.185546875,-4.607028,-37.377706336975095,28.722723,0.0036098052165471016,622.4539875984192
Low Load,139,AI,utility,26,"['Ping-Pong: 20 UEs oscillating', 'QoS Violation: Avg High Prio SINR = -2.10 dB (Threshold: 5.0 dB)', 'Unfairness: Jain Index = 0.13']",0.1336546009483276,32.21408462524414,-27399.806640625,4.6634665,-37.37519073486328,60.16925,0.003611098974943161,555.6331872940063
Low Load,140,AI,utility,25,"['Ping-Pong: 20 UEs oscillating', 'QoS Violation: Avg High Prio SINR = -10.48 dB (Threshold: 5.0 dB)', 'Unfairness: Jain Index = 0.06']",0.06231073124569274,-33.697547912597656,-32880.9375,-4.87822,-37.37713146209717,27.74888,0.0036098052165471016,666.7245030403137
Low Load,141,AI,utility,28,"['Ping-Pong: 21 UEs oscillating', 'QoS Violation: Avg High Prio SINR = 2.69 dB (Threshold: 5.0 dB)', 'Unfairness: Jain Index = 0.09']",0.08765796137168357,-19.03160858154297,-29081.759765625,-2.7551079,-37.37519073486328,35.865543,0.003611098974943161,589.7035002708435
Low Load,142,AI,utility,26,"['Ping-Pong: 20 UEs oscillating', 'Unfairness: Jain Index = 0.06']",0.0645162966102017,2.3044180870056152,-27376.12109375,0.33359867,-37.37522640228271,40.029823,0.003611098974943161,555.1493167877197
Low Load,143,AI,utility,27,"['Ping-Pong: 22 UEs oscillating', 'QoS Violation: Avg High Prio SINR = -2.32 dB (Threshold: 5.0 dB)', 'Unfairness: Jain Index = 0.15']",0.15356249284041895,48.178218841552734,-16463.89453125,6.974511,-37.37519073486328,62.30331,0.003611098974943161,333.94888043403625
Low Load,144,AI,utility,29,"['Ping-Pong: 23 UEs oscillating', 'QoS Violation: Avg High Prio SINR = 4.82 dB (Threshold: 5.0 dB)', 'Unfairness: Jain Index = 0.12']",0.12187848288180302,61.59892654418945,-21914.46484375,8.917359,-37.37582015991211,70.87866,0.003611098974943161,444.41768527030945
Low Load,145,AI,utility,28,"['Ping-Pong: 26 UEs oscillating', 'QoS Violation: Avg High Prio SINR = -5.33 dB (Threshold: 5.0 dB)', 'Unfairness: Jain Index = 0.10']",0.10363976273036062,0.532295823097229,-23839.189453125,0.0770576,-37.37519073486328,43.301308,0.003611098974943161,483.4708571434021
Low Load,146,AI,utility,28,"['Ping-Pong: 26 UEs oscillating', 'QoS Violation: Avg High Prio SINR = -0.66 dB (Threshold: 5.0 dB)', 'Unfairness: Jain Index = 0.07']",0.07200348890166954,-26.51763916015625,-34238.65234375,-3.8388226,-37.375268363952635,33.143173,0.003611098974943161,694.2790150642395
Low Load,147,AI,utility,27,"['Ping-Pong: 23 UEs oscillating', 'QoS Violation: Avg High Prio SINR = -0.99 dB (Threshold: 5.0 dB)', 'Unfairness: Jain Index = 0.09']",0.08544731400586379,21.51116180419922,-27341.20703125,3.1140592,-37.37519073486328,51.262985,0.003611098974943161,554.4506311416626
Low Load,148,AI,utility,28,"['Ping-Pong: 23 UEs oscillating', 'Unfairness: Jain Index = 0.05']",0.048637677489051186,-37.0170783996582,-43865.2578125,-5.3587713,-37.382525253295896,32.82645,0.0036059240694157777,889.3375992774963
Low Load,149,AI,utility,29,"['Ping-Pong: 24 UEs oscillating', 'QoS Violation: Avg High Prio SINR = -4.16 dB (Threshold: 5.0 dB)', 'Unfairness: Jain Index = 0.04']",0.03526679999867462,-20.941490173339844,-34309.21875,-3.031592,-37.37519073486328,35.215233,0.003611098974943161,695.6934332847595
Low Load,150,AI,utility,27,"['Ping-Pong: 24 UEs oscillating', 'QoS Violation: Avg High Prio SINR = -0.83 dB (Threshold: 5.0 dB)', 'Unfairness: Jain Index = 0.07']",0.07004292145024973,-7.065299987792969,-29936.1640625,-1.022807,-37.37519073486328,42.933727,0.003611098974943161,607.0557236671448
Low Load,151,AI,utility,29,"['Ping-Pong: 25 UEs oscillating', 'QoS Violation: Avg High Prio SINR = 1.68 dB (Threshold: 5.0 dB)', 'Unfairness: Jain Index = 0.13']",0.13196786116331752,39.4156494140625,-16434.689453125,5.706,-37.37519073486328,56.233906,0.003611098974943161,333.3621323108673
Low Load,152,AI,utility,26,"['Ping-Pong: 23 UEs oscillating', 'QoS Violation: Avg High Prio SINR = -6.27 dB (Threshold: 5.0 dB)', 'Unfairness: Jain Index = 0.07']",0.06667317455583255,-11.494283676147461,-27700.515625,-1.6639682,-37.37519073486328,35.87708,0.003611098974943161,561.7020130157471
Low Load,153,AI,utility,27,"['Ping-Pong: 23 UEs oscillating', 'QoS Violation: Avg High Prio SINR = -10.17 dB (Threshold: 5.0 dB)', 'Unfairness: Jain Index = 0.08']",0.0846577087585112,-4.946407318115234,-27404.1875,-0.7160664,-37.37519073486328,38.15612,0.003611098974943161,555.7330846786499
Low Load,154,AI,utility,25,"['Ping-Pong: 20 UEs oscillating', 'QoS Violation: Avg High Prio SINR = -4.40 dB (Threshold: 5.0 dB)', 'Unfairness: Jain Index = 0.04']",0.040338840651822166,-9.784136772155762,-32936.015625,-1.4163992,-37.37738952636719,39.668358,0.0036098052165471016,667.8421497344971
Low Load,155,AI,utility,23,"['Ping-Pong: 19 UEs oscillating', 'QoS Violation: Avg High Prio SINR = -1.34 dB (Threshold: 5.0 dB)', 'Unfairness: Jain Index = 0.07']",0.07336850998563904,1.6715556383132935,-37923.7109375,0.24198191,-37.37519073486328,51.054653,0.003611098974943161,768.9706087112427
Low Load,156,AI,utility,27,"['Ping-Pong: 19 UEs oscillating', 'QoS Violation: Avg High Prio SINR = -2.78 dB (Threshold: 5.0 dB)', 'Unfairness: Jain Index = 0.13']",0.1333341495099165,15.894308090209961,-19007.412109375,2.3009377,-37.37519073486328,47.099895,0.003611098974943161,385.5189085006714
Low Load,157,AI,utility,24,"['Ping-Pong: 18 UEs oscillating', 'QoS Violation: Avg High Prio SINR = -9.12 dB (Threshold: 5.0 dB)', 'Unfairness: Jain Index = 0.13']",0.12860111198777666,-73.47677612304688,-44206.375,-10.636853,-37.375295639038086,15.1458025,0.003611098974943161,896.33709192276
Low Load,158,AI,utility,26,"['Ping-Pong: 21 UEs oscillating', 'QoS Violation: Avg High Prio SINR = -10.91 dB (Threshold: 5.0 dB)', 'Unfairness: Jain Index = 0.08']",0.07660850086119847,-8.333012580871582,-32862.7109375,-1.2063276,-37.37519073486328,40.572517,0.003611098974943161,666.3709282875061
Low Load,159,AI,utility,23,"['Ping-Pong: 19 UEs oscillating', 'QoS Violation: Avg High Prio SINR = -0.95 dB (Threshold: 5.0 dB)', 'Unfairness: Jain Index = 0.10']",0.10122697178982287,11.150689125061035,-29510.34375,1.6142273,-37.37519073486328,50.71153,0.003611098974943161,598.4201431274414
Low Load,160,AI,utility,27,"['Ping-Pong: 21 UEs oscillating', 'QoS Violation: Avg High Prio SINR = -10.09 dB (Threshold: 5.0 dB)', 'Unfairness: Jain Index = 0.04']",0.04354467086342218,-36.75856399536133,-38441.26171875,-5.3213477,-37.37532501220703,28.485073,0.003611098974943161,779.4418334960938
Low Load,161,AI,utility,28,"['Ping-Pong: 21 UEs oscillating', 'QoS Violation: Avg High Prio SINR = 1.32 dB (Threshold: 5.0 dB)', 'Unfairness: Jain Index = 0.07']",0.0745098991521596,9.919970512390137,-32971.484375,1.436062,-37.37519073486328,52.913555,0.003611098974943161,668.5923337936401
Low Load,162,AI,utility,29,"['Ping-Pong: 25 UEs oscillating', 'QoS Violation: Avg High Prio SINR = -9.35 dB (Threshold: 5.0 dB)', 'Unfairness: Jain Index = 0.07']",0.06682895775592786,-29.100826263427734,-38441.875,-4.2127767,-37.37519073486328,33.301357,0.003611098974943161,779.5017957687378
Low Load,163,AI,utility,26,"['Ping-Pong: 23 UEs oscillating', 'QoS Violation: Avg High Prio SINR = 1.40 dB (Threshold: 5.0 dB)', 'Unfairness: Jain Index = 0.07']",0.0745173123935239,26.588603973388672,-27370.134765625,3.8490942,-37.37519073486328,56.316044,0.003611098974943161,555.0298094749451
Low Load,164,AI,utility,26,"['Ping-Pong: 22 UEs oscillating', 'QoS Violation: Avg High Prio SINR = -5.46 dB (Threshold: 5.0 dB)', 'Unfairness: Jain Index = 0.07']",0.06727007705433796,-5.8697710037231445,-25643.396484375,-0.8497362,-37.37519073486328,39.653748,0.003611098974943161,520.0406908988953
Low Load,165,AI,utility,28,"['Ping-Pong: 23 UEs oscillating', 'QoS Violation: Avg High Prio SINR = -7.18 dB (Threshold: 5.0 dB)', 'Unfairness: Jain Index = 0.10']",0.1005970602225005,15.420683860778809,-32925.015625,2.2323723,-37.37519073486328,54.06671,0.003611098974943161,667.6447987556458
Low Load,166,AI,utility,26,"['Ping-Pong: 23 UEs oscillating', 'QoS Violation: Avg High Prio SINR = -3.54 dB (Threshold: 5.0 dB)', 'Unfairness: Jain Index = 0.08']",0.08281226894278139,4.653016567230225,-27439.28515625,0.6735929,-37.37519073486328,45.010464,0.003611098974943161,556.4478039741516
Low Load,167,AI,utility,24,"['Ping-Pong: 21 UEs oscillating', 'Unfairness: Jain Index = 0.10']",0.10161519934967736,-3.3174872398376465,-32892.9609375,-0.4802555,-37.37519073486328,44.70221,0.003611098974943161,667.0094132423401
Low Load,168,AI,utility,28,"['Ping-Pong: 20 UEs oscillating', 'QoS Violation: Avg High Prio SINR = -9.06 dB (Threshold: 5.0 dB)', 'Unfairness: Jain Index = 0.07']",0.06722960117179025,-19.47258758544922,-40723.75,-2.8189473,-37.37519073486328,41.70103,0.003611098974943161,825.7333040237427
Low Load,169,AI,utility,28,"['Ping-Pong: 22 UEs oscillating', 'QoS Violation: Avg High Prio SINR = 1.05 dB (Threshold: 5.0 dB)', 'Unfairness: Jain Index = 0.07']",0.07250524447057531,-8.068897247314453,-32834.67578125,-1.1680924,-37.37519073486328,40.112923,0.003611098974943161,665.837824344635
Low Load,170,AI,utility,29,"['Ping-Pong: 26 UEs oscillating', 'QoS Violation: Avg High Prio SINR = -0.18 dB (Threshold: 5.0 dB)', 'Unfairness: Jain Index = 0.05']",0.051043233012306226,-6.192483425140381,-38405.6015625,-0.89645463,-37.39453067779541,45.96879,0.003595573746133596,778.6799073219299
Low Load,171,AI,utility,28,"['Ping-Pong: 25 UEs oscillating', 'QoS Violation: Avg High Prio SINR = -5.23 dB (Threshold: 5.0 dB)', 'Unfairness: Jain Index = 0.10']",0.10400603215037936,14.1843900680542,-27410.44921875,2.0534003,-37.37519073486328,49.228416,0.003611098974943161,555.8573603630066
Low Load,172,AI,utility,29,"['Ping-Pong: 26 UEs oscillating', 'QoS Violation: Avg High Prio SINR = -8.42 dB (Threshold: 5.0 dB)', 'Unfairness: Jain Index = 0.07']",0.07206759171884475,-8.915156364440918,-32812.77734375,-1.2906016,-37.37519073486328,38.531178,0.003611098974943161,665.3763651847839
Low Load,173,AI,utility,28,"['Ping-Pong: 25 UEs oscillating', 'QoS Violation: Avg High Prio SINR = 3.76 dB (Threshold: 5.0 dB)', 'Unfairness: Jain Index = 0.10']",0.1045427468904036,25.79150390625,-27457.642578125,3.7337022,-37.37519073486328,56.542873,0.003611098974943161,556.8036437034607
Low Load,174,AI,utility,29,"['Ping-Pong: 26 UEs oscillating', 'QoS Violation: Avg High Prio SINR = -4.07 dB (Threshold: 5.0 dB)', 'Unfairness: Jain Index = 0.08']",0.08117519297530634,-26.44774627685547,-43145.9453125,-3.828704,-37.37519073486328,37.196888,0.003611098974943161,874.81689453125
Low Load,175,AI,utility,28,"['Ping-Pong: 26 UEs oscillating', 'QoS Violation: Avg High Prio SINR = -4.31 dB (Threshold: 5.0 dB)', 'Unfairness: Jain Index = 0.07']",0.06680092462075933,-21.66182518005371,-43788.1328125,-3.1358705,-37.38204936981201,41.430405,0.0036059240694157777,887.8017067909241
Low Load,176,AI,utility,28,"['Ping-Pong: 28 UEs oscillating', 'QoS Violation: Avg High Prio SINR = -5.06 dB (Threshold: 5.0 dB)', 'Unfairness: Jain Index = 0.09']",0.0903586940773956,1.2386987209320068,-32889.59765625,0.17932008,-37.376783180236814,46.38061,0.0036098052165471016,666.9209003448486
Low Load,177,AI,utility,25,"['Ping-Pong: 24 UEs oscillating', 'QoS Violation: Avg High Prio SINR = -8.66 dB (Threshold: 5.0 dB)', 'Unfairness: Jain Index = 0.07']",0.06742266918309096,-10.366781234741211,-32814.734375,-1.5007458,-37.37519073486328,38.49436,0.003611098974943161,665.4167175292969
Low Load,178,AI,utility,25,"['Ping-Pong: 22 UEs oscillating', 'QoS Violation: Avg High Prio SINR = -3.57 dB (Threshold: 5.0 dB)', 'Unfairness: Jain Index = 0.10']",0.10020566901894613,-1.6379255056381226,-32891.40625,-0.23711427,-37.37519073486328,46.60388,0.003611098974943161,666.961669921875
Low Load,179,AI,utility,26,"['Ping-Pong: 22 UEs oscillating', 'Unfairness: Jain Index = 0.16']",0.15500253144026496,35.41364288330078,-30548.576171875,5.12665,-37.37519073486328,64.59246,0.003611098974943161,619.4465756416321
Low Load,180,AI,utility,27,"['Ping-Pong: 22 UEs oscillating', 'QoS Violation: Avg High Prio SINR = 0.25 dB (Threshold: 5.0 dB)', 'Unfairness: Jain Index = 0.05']",0.0516832278958091,-5.104557037353516,-38280.78515625,-0.7389609,-37.37519073486328,45.9557,0.003611098974943161,776.174008846283
Low Load,181,AI,utility,27,"['Ping-Pong: 22 UEs oscillating', 'Unfairness: Jain Index = 0.17']",0.1668873586923267,46.199554443359375,-21914.951171875,6.688071,-37.37519073486328,63.91823,0.003611098974943161,444.4080889225006
Low Load,182,AI,utility,28,"['Ping-Pong: 25 UEs oscillating', 'QoS Violation: Avg High Prio SINR = -4.88 dB (Threshold: 5.0 dB)', 'Unfairness: Jain Index = 0.04']",0.044046518969402315,-33.23902130126953,-43747.359375,-4.8118424,-37.37712421417236,32.522278,0.0036098052165471016,886.991560459137
Low Load,183,AI,utility,26,"['Ping-Pong: 24 UEs oscillating', 'Unfairness: Jain Index = 0.10']",0.10196166904223142,19.362468719482422,-32817.95703125,2.8030043,-37.37519073486328,55.09507,0.003611098974943161,665.4528975486755
Low Load,184,AI,utility,26,"['Ping-Pong: 23 UEs oscillating', 'Unfairness: Jain Index = 0.13']",0.1276430974755186,50.27541732788086,-27354.998046875,7.278113,-37.37519073486328,71.606575,0.003611098974943161,554.6964406967163
Low Load,185,AI,utility,25,"['Ping-Pong: 21 UEs oscillating', 'QoS Violation: Avg High Prio SINR = -5.30 dB (Threshold: 5.0 dB)', 'Unfairness: Jain Index = 0.12']",0.12389175352557082,20.85202980041504,-32812.06640625,3.0186398,-37.37519073486328,57.56614,0.003611098974943161,665.3251647949219
Low Load,186,AI,utility,27,"['Ping-Pong: 21 UEs oscillating', 'QoS Violation: Avg High Prio SINR = -2.04 dB (Threshold: 5.0 dB)', 'Unfairness: Jain Index = 0.09']",0.09374994455848942,-35.098567962646484,-38285.140625,-5.0810385,-37.375681686401364,27.77545,0.003611098974943161,776.3075232505798
Low Load,187,AI,utility,30,"['Ping-Pong: 24 UEs oscillating', 'QoS Violation: Avg High Prio SINR = -7.65 dB (Threshold: 5.0 dB)', 'Unfairness: Jain Index = 0.06']",0.06231967124101006,-20.677762985229492,-43742.67578125,-2.9934132,-37.37519073486328,41.368263,0.003611098974943161,886.9027495384216
Low Load,188,AI,utility,25,"['Ping-Pong: 22 UEs oscillating', 'Unfairness: Jain Index = 0.10']",0.10486654162728416,11.409502029418945,-32810.62109375,1.6516942,-37.37519073486328,50.899757,0.003611098974943161,665.3145551681519
Low Load,189,AI,utility,27,"['Ping-Pong: 22 UEs oscillating', 'QoS Violation: Avg High Prio SINR = -2.08 dB (Threshold: 5.0 dB)', 'Unfairness: Jain Index = 0.06']",0.06463770967694867,-21.167295455932617,-32832.3359375,-3.06428,-37.37519073486328,34.098927,0.003611098974943161,665.7475829124451
Low Load,190,AI,utility,27,"['Ping-Pong: 21 UEs oscillating', 'QoS Violation: Avg High Prio SINR = -5.78 dB (Threshold: 5.0 dB)', 'Unfairness: Jain Index = 0.14']",0.13896923821233978,47.79286575317383,-27350.78515625,6.9187255,-37.37519073486328,69.44559,0.003611098974943161,554.6289086341858
Low Load,191,AI,utility,28,"['Ping-Pong: 23 UEs oscillating', 'QoS Violation: Avg High Prio SINR = -9.58 dB (Threshold: 5.0 dB)', 'Unfairness: Jain Index = 0.03']",0.03384875142457555,-64.0928955078125,-49200.60546875,-9.2783985,-37.37519073486328,18.279783,0.003611098974943161,997.5815415382385
Low Load,192,AI,utility,29,"['Ping-Pong: 24 UEs oscillating', 'QoS Violation: Avg High Prio SINR = 2.98 dB (Threshold: 5.0 dB)', 'Unfairness: Jain Index = 0.10']",0.09727407440497798,7.26356315612793,-38274.6484375,1.0515081,-37.37519073486328,53.820236,0.003611098974943161,776.0768532752991
Low Load,193,AI,utility,26,"['Ping-Pong: 24 UEs oscillating', 'QoS Violation: Avg High Prio SINR = -3.45 dB (Threshold: 5.0 dB)', 'Unfairness: Jain Index = 0.07']",0.06666886291172035,-37.99623107910156,-43754.16015625,-5.5005198,-37.37519073486328,31.252724,0.003611098974943161,887.1370553970337
Low Load,194,AI,utility,26,"['Ping-Pong: 23 UEs oscillating', 'QoS Violation: Avg High Prio SINR = 1.90 dB (Threshold: 5.0 dB)', 'Unfairness: Jain Index = 0.12']",0.12379404062977133,31.301773071289062,-38272.9140625,4.531395,-37.37519073486328,67.93117,0.003611098974943161,775.9801745414734
Low Load,195,AI,utility,25,"['Ping-Pong: 22 UEs oscillating', 'Unfairness: Jain Index = 0.16']",0.1631439092877632,29.286603927612305,-32806.3671875,4.239669,-37.37519073486328,61.787823,0.003611098974943161,665.2222871780396
Low Load,196,AI,utility,26,"['Ping-Pong: 22 UEs oscillating', 'QoS Violation: Avg High Prio SINR = -6.44 dB (Threshold: 5.0 dB)', 'Unfairness: Jain Index = 0.14']",0.1352510178882847,21.177961349487305,-32822.19140625,3.065823,-37.37519073486328,58.8665,0.003611098974943161,665.5502319335938
Low Load,197,AI,utility,26,"['Ping-Pong: 20 UEs oscillating', 'QoS Violation: Avg High Prio SINR = -5.66 dB (Threshold: 5.0 dB)', 'Unfairness: Jain Index = 0.06']",0.06348486288452665,-9.119001388549805,-38282.20703125,-1.3201109,-37.37519073486328,44.411922,0.003611098974943161,776.2372493743896
Low Load,198,AI,utility,29,"['Ping-Pong: 24 UEs oscillating', 'QoS Violation: Avg High Prio SINR = 2.54 dB (Threshold: 5.0 dB)', 'Unfairness: Jain Index = 0.04']",0.03740048675548627,-26.382610321044922,-32832.609375,-3.8192744,-37.37519073486328,30.505928,0.003611098974943161,665.7717227935791
Low Load,199,AI,utility,27,"['Ping-Pong: 25 UEs oscillating', 'QoS Violation: Avg High Prio SINR = -0.52 dB (Threshold: 5.0 dB)', 'Unfairness: Jain Index = 0.13']",0.13232393340662715,13.379069328308105,-32823.38671875,1.9368185,-37.37519073486328,53.846924,0.003611098974943161,665.5352711677551
Low Load,0,Random,baseline,18,['Unfairness: Jain Index = 0.08'],0.08082682535549232,29.88433074951172,-198.79786682128906,4.3262005,-6.762780284881591,34.964146,3.7742886781692504,4.261690657585859
Low Load,1,Random,baseline,22,"['QoS Violation: Avg High Prio SINR = 3.11 dB (Threshold: 5.0 dB)', 'Unfairness: Jain Index = 0.04']",0.0437721634224129,23.610797882080078,-278.1741638183594,3.4180133,-5.334485292434692,30.24085,5.090904974937439,5.87504031136632
Low Load,2,Random,baseline,21,['Unfairness: Jain Index = 0.05'],0.04708572089643275,24.40920639038086,-98.98929595947266,3.5335953,-5.03027229309082,30.945196,5.389992141723633,2.2466068621724844
Low Load,3,Random,baseline,24,"['Ping-Pong: 18 UEs oscillating', 'Unfairness: Jain Index = 0.05']",0.04663380496304117,40.23893356323242,-382.30126953125,5.825182,-9.285123205184934,40.748695,3.1346476316452034,7.973307743668556
Low Load,4,Random,baseline,21,"['Ping-Pong: 15 UEs oscillating', 'QoS Violation: Avg High Prio SINR = 2.82 dB (Threshold: 5.0 dB)', 'Unfairness: Jain Index = 0.08']",0.07598755897083954,19.17226219177246,-458.7952880859375,2.7754695,-13.85028095245361,30.287191,1.9468443572521217,9.53588355332613
Low Load,5,Random,baseline,19,"['Ping-Pong: 14 UEs oscillating', 'QoS Violation: Avg High Prio SINR = 4.99 dB (Threshold: 5.0 dB)', 'Unfairness: Jain Index = 0.11']",0.10629574798483364,30.45262908935547,-173.64666748046875,4.408469,-14.459706401824949,36.46963,1.0123170137405397,3.749439725652337
Low Load,6,Random,baseline,24,"['Ping-Pong: 12 UEs oscillating', 'Unfairness: Jain Index = 0.10']",0.09917716931413958,41.856014251708984,-45.09806823730469,6.0592804,-5.124504351615906,39.607594,5.294131875038147,1.1428878642618656
Low Load,7,Random,baseline,22,"['Ping-Pong: 13 UEs oscillating', 'Unfairness: Jain Index = 0.07']",0.07063410830337861,27.21646499633789,-840.43701171875,3.9399874,-13.03225679397583,35.310585,1.1263507544994358,17.265314236283302
Low Load,8,Random,baseline,21,"['Ping-Pong: 12 UEs oscillating', 'Unfairness: Jain Index = 0.08']",0.08271359613741347,63.19152069091797,-90.0672607421875,9.14791,-11.044508266448974,54.340553,1.859422588348389,2.0343377254903316
Low Load,9,Random,baseline,24,"['Ping-Pong: 16 UEs oscillating', 'Unfairness: Jain Index = 0.08']",0.07953888950439851,45.77113723754883,-83.8863525390625,6.626051,-4.347073245048523,43.614876,6.191224980354309,1.92718964535743
Low Load,10,Random,baseline,22,"['Ping-Pong: 15 UEs oscillating', 'QoS Violation: Avg High Prio SINR = 4.78 dB (Threshold: 5.0 dB)', 'Unfairness: Jain Index = 0.07']",0.07011077327889083,28.971445083618164,-139.83212280273438,4.1940455,-10.914314270019531,34.26515,1.62318993806839,3.0668387189507484
Low Load,11,Random,baseline,22,"['Ping-Pong: 15 UEs oscillating', 'Unfairness: Jain Index = 0.19']",0.1909681737729985,33.292720794677734,-147.4259490966797,4.819614,-12.542902708053589,37.879124,1.1805071055889131,3.213956020772457
Low Load,12,Random,baseline,22,"['Ping-Pong: 14 UEs oscillating', 'Unfairness: Jain Index = 0.03']",0.03407959400018863,17.784847259521484,-1316.83740234375,2.5746205,-16.884654045104977,30.812927,2.1551144294440756,26.92883089184761
Low Load,13,Random,baseline,22,"['Ping-Pong: 15 UEs oscillating', 'QoS Violation: Avg High Prio SINR = 0.70 dB (Threshold: 5.0 dB)', 'Unfairness: Jain Index = 0.05']",0.04521936686990701,20.11137580871582,-28490.97265625,2.9114199,-18.51577587127685,33.95719,2.481129015982152,578.5529017448425
Low Load,14,Random,baseline,18,"['Ping-Pong: 13 UEs oscillating', 'QoS Violation: Avg High Prio SINR = 0.45 dB (Threshold: 5.0 dB)', 'Unfairness: Jain Index = 0.04']",0.03553843550332721,16.593402862548828,-426.3067932128906,2.402141,-14.223094415664672,30.33557,0.739776074886322,8.879373781383038
Low Load,15,Random,baseline,19,"['Ping-Pong: 11 UEs oscillating', 'Unfairness: Jain Index = 0.13']",0.12541844009957917,18.0405330657959,-1245.404541015625,2.6116345,-16.626125669479368,34.951374,0.46806604266166696,25.475764647126198
Low Load,16,Random,baseline,16,"['Ping-Pong: 8 UEs oscillating', 'Unfairness: Jain Index = 0.12']",0.11963712049277268,40.75856399536133,-997.180908203125,5.900407,-22.2440465927124,49.036804,0.17606947124004368,20.43391391634941
Low Load,17,Random,baseline,24,"['Ping-Pong: 11 UEs oscillating', 'QoS Violation: Avg High Prio SINR = 2.54 dB (Threshold: 5.0 dB)', 'Unfairness: Jain Index = 0.06']",0.05879044346665881,42.004417419433594,-4172.1357421875,6.080764,-6.100725555419921,43.543262,4.373058485984803,84.80189740657806
Low Load,18,Random,baseline,23,"['Ping-Pong: 11 UEs oscillating', 'QoS Violation: Avg High Prio SINR = 0.80 dB (Threshold: 5.0 dB)', 'Unfairness: Jain Index = 0.06']",0.057139795377135594,32.41215515136719,-563.9979248046875,4.6921396,-20.354294204711913,40.07251,0.2149552166461945,11.659822426736355
Low Load,19,Random,baseline,24,"['Ping-Pong: 17 UEs oscillating', 'QoS Violation: Avg High Prio SINR = 3.33 dB (Threshold: 5.0 dB)', 'Unfairness: Jain Index = 0.04']",0.03823765352741486,42.61119079589844,-79.75093841552734,6.168602,-9.546886825561522,41.115532,2.8344126820564277,1.8436593236401677
Low Load,20,Random,baseline,19,"['Ping-Pong: 14 UEs oscillating', 'QoS Violation: Avg High Prio SINR = -3.69 dB (Threshold: 5.0 dB)', 'Unfairness: Jain Index = 0.04']",0.03771922864037868,9.404181480407715,-9934.3779296875,1.3613948,-17.599788618087768,31.451876,0.47627549171447764,201.6293704509735
Low Load,21,Random,baseline,21,"['Ping-Pong: 13 UEs oscillating', 'QoS Violation: Avg High Prio SINR = -0.92 dB (Threshold: 5.0 dB)', 'Unfairness: Jain Index = 0.06']",0.061136003714970744,16.781225204467773,-758.3339233398438,2.429332,-21.233708000183107,33.95217,0.15407510399818422,15.612572431564331
Low Load,22,Random,baseline,18,"['Ping-Pong: 11 UEs oscillating', 'QoS Violation: Avg High Prio SINR = 4.59 dB (Threshold: 5.0 dB)', 'Unfairness: Jain Index = 0.06']",0.06222436530835209,27.59979248046875,-653.9373779296875,3.9954793,-21.320709896087646,43.49954,0.14513124898076057,13.484356924891472
Low Load,23,Random,baseline,23,"['Ping-Pong: 12 UEs oscillating', 'Unfairness: Jain Index = 0.05']",0.04600990504957438,48.81575393676758,-1855.4302978515625,7.0668044,-17.677706336975092,51.187943,2.1552556872367865,37.826601415872574
Low Load,24,Random,baseline,18,"['Ping-Pong: 11 UEs oscillating', 'QoS Violation: Avg High Prio SINR = 1.71 dB (Threshold: 5.0 dB)', 'Unfairness: Jain Index = 0.04']",0.0399444848337704,11.739152908325195,-1196.23583984375,1.6994165,-23.446235942840577,35.544632,0.08921617530286312,24.48619157075882
Low Load,25,Random,baseline,16,"['Ping-Pong: 12 UEs oscillating', 'QoS Violation: Avg High Prio SINR = 1.53 dB (Threshold: 5.0 dB)', 'Unfairness: Jain Index = 0.03']",0.03378935186649791,16.462852478027344,-548.3209228515625,2.3832421,-18.640493488311765,32.671177,0.3084634423255921,11.358237825334072
Low Load,26,Random,baseline,19,"['Ping-Pong: 10 UEs oscillating', 'Unfairness: Jain Index = 0.04']",0.03806531575022339,6.738556385040283,-2193.1240234375,0.97550607,-26.35976619720459,32.654354,0.05913419723510743,44.6954146027565
Low Load,27,Random,baseline,22,"['Ping-Pong: 13 UEs oscillating', 'Unfairness: Jain Index = 0.11']",0.11095718165850618,40.233116149902344,-2185.370361328125,5.8243394,-26.019869899749754,49.10696,0.052102849446237096,44.51414570212364
Low Load,28,Random,baseline,20,"['Ping-Pong: 13 UEs oscillating', 'QoS Violation: Avg High Prio SINR = 1.76 dB (Threshold: 5.0 dB)', 'Unfairness: Jain Index = 0.03']",0.033357265630297256,-2.116509199142456,-5856.2275390625,-0.30639607,-29.800745677947997,29.680964,0.023842221125960357,118.93009394407272
Low Load,29,Random,baseline,21,"['Ping-Pong: 15 UEs oscillating', 'QoS Violation: Avg High Prio SINR = 4.57 dB (Threshold: 5.0 dB)', 'Unfairness: Jain Index = 0.03']",0.03397567187454003,9.079169273376465,-5574.935546875,1.3143443,-23.65552110671997,28.100874,0.09098503813147546,113.20468038320541
Low Load,30,Random,baseline,22,"['Ping-Pong: 14 UEs oscillating', 'QoS Violation: Avg High Prio SINR = -0.01 dB (Threshold: 5.0 dB)', 'Unfairness: Jain Index = 0.03']",0.0333896229750695,12.315972328186035,-6214.93359375,1.7829198,-27.258366966247557,31.068228,0.09851530455052857,126.20149552822113
Low Load,31,Random,baseline,21,"['Ping-Pong: 13 UEs oscillating', 'Unfairness: Jain Index = 0.08']",0.08233284820248146,50.90532302856445,-6302.34033203125,7.3692994,-7.59131999015808,51.743443,3.2596464395523075,127.9505044221878
Low Load,32,Random,baseline,21,"['Ping-Pong: 13 UEs oscillating', 'Unfairness: Jain Index = 0.05']",0.054590863671677245,53.07887268066406,-1964.2144775390625,7.6839533,-11.520698928833006,51.805515,2.547500956058503,40.02733528614044
Low Load,33,Random,baseline,20,"['Ping-Pong: 10 UEs oscillating', 'Unfairness: Jain Index = 0.05']",0.05196050287402225,29.057186126708984,-2437.693115234375,4.2064595,-22.133242273330687,42.071514,0.3094907727092506,49.6382899582386
Low Load,34,Random,baseline,17,"['Ping-Pong: 8 UEs oscillating', 'QoS Violation: Avg High Prio SINR = 3.23 dB (Threshold: 5.0 dB)', 'Unfairness: Jain Index = 0.05']",0.04821276742907766,27.82883644104004,-6073.63427734375,4.0286365,-14.573620986938476,41.8941,0.7411432027816773,123.35970997810364
Low Load,35,Random,baseline,21,"['Ping-Pong: 10 UEs oscillating', 'QoS Violation: Avg High Prio SINR = -0.77 dB (Threshold: 5.0 dB)', 'Unfairness: Jain Index = 0.07']",0.06504463332284006,14.469847679138184,-9175.111328125,2.094725,-27.54745807647705,35.942337,0.11568310353904966,186.1691027879715
Low Load,36,Random,baseline,21,"['Ping-Pong: 12 UEs oscillating', 'QoS Violation: Avg High Prio SINR = 2.49 dB (Threshold: 5.0 dB)', 'Unfairness: Jain Index = 0.03']",0.03363651979409703,-4.712928295135498,-11973.2744140625,-0.6822661,-29.730823040008545,24.338928,0.023055465891957286,242.9441660642624
Low Load,37,Random,baseline,17,"['Ping-Pong: 11 UEs oscillating', 'QoS Violation: Avg High Prio SINR = -1.83 dB (Threshold: 5.0 dB)', 'Unfairness: Jain Index = 0.06']",0.06416639435440247,10.137726783752441,-5884.87646484375,1.4675862,-20.381887769699095,32.929237,0.2949117690324784,119.54588443040848
Low Load,38,Random,baseline,20,"['Ping-Pong: 11 UEs oscillating', 'QoS Violation: Avg High Prio SINR = 0.62 dB (Threshold: 5.0 dB)', 'Unfairness: Jain Index = 0.05']",0.050236994074923505,-11.710744857788086,-4221.27099609375,-1.6953044,-28.349482822418214,28.10257,0.032133650686591866,85.81646531820297
Low Load,39,Random,baseline,19,"['Ping-Pong: 13 UEs oscillating', 'QoS Violation: Avg High Prio SINR = -5.01 dB (Threshold: 5.0 dB)', 'Unfairness: Jain Index = 0.03']",0.03335271786105563,-18.338825225830078,-10385.0849609375,-2.6548166,-28.823918628692624,20.875546,0.034252607636153704,210.70359647274017
Low Load,40,Random,baseline,19,"['Ping-Pong: 13 UEs oscillating', 'Unfairness: Jain Index = 0.05']",0.05105817376603559,6.780181407928467,-6786.966796875,0.9815321,-32.06774826049805,36.128864,0.012892637867480518,137.7999186515808
Low Load,41,Random,baseline,18,"['Ping-Pong: 9 UEs oscillating', 'QoS Violation: Avg High Prio SINR = 4.97 dB (Threshold: 5.0 dB)', 'Unfairness: Jain Index = 0.08']",0.0826285382355612,57.79235076904297,-3415.251220703125,8.366301,-17.79087104797363,58.1953,2.044454652816058,69.44701820611954
Low Load,42,Random,baseline,18,"['Ping-Pong: 11 UEs oscillating', 'Unfairness: Jain Index = 0.08']",0.07938472931442075,30.99333953857422,-6674.6943359375,4.486746,-25.433435535430906,50.73126,0.06547249406576158,135.52512228488922
Low Load,43,Random,baseline,14,"['Ping-Pong: 7 UEs oscillating', 'Unfairness: Jain Index = 0.04']",0.0442365549349068,30.901264190673828,-11083.533203125,4.473417,-28.510129356384276,45.952015,0.1533257674425841,224.8724400997162
Low Load,44,Random,baseline,17,"['Ping-Pong: 7 UEs oscillating', 'QoS Violation: Avg High Prio SINR = -4.04 dB (Threshold: 5.0 dB)', 'Unfairness: Jain Index = 0.07']",0.0657538310763788,10.23232650756836,-12993.4619140625,1.4812809,-34.33700103759765,36.845474,0.010049859993159774,263.56202363967896
Low Load,45,Random,baseline,16,"['Ping-Pong: 9 UEs oscillating', 'QoS Violation: Avg High Prio SINR = 0.83 dB (Threshold: 5.0 dB)', 'Unfairness: Jain Index = 0.03']",0.03373386148351985,-24.61074447631836,-25540.298828125,-3.5627706,-37.73692932128906,21.993658,0.003329761768691242,517.8817510604858
Low Load,46,Random,baseline,22,"['Ping-Pong: 10 UEs oscillating', 'QoS Violation: Avg High Prio SINR = 4.58 dB (Threshold: 5.0 dB)', 'Unfairness: Jain Index = 0.06']",0.06115965468026799,19.02168846130371,-7570.3623046875,2.7536724,-29.331694984436034,40.26987,0.029282195493578918,153.6431759595871
Low Load,47,Random,baseline,20,"['Ping-Pong: 10 UEs oscillating', 'QoS Violation: Avg High Prio SINR = -4.63 dB (Threshold: 5.0 dB)', 'Unfairness: Jain Index = 0.03']",0.033387279680236435,-19.855459213256836,-12243.1630859375,-2.8743718,-32.453582477569576,20.640686,0.022138291783630856,248.41614067554474
Low Load,48,Random,baseline,16,"['Ping-Pong: 10 UEs oscillating', 'QoS Violation: Avg High Prio SINR = 3.36 dB (Threshold: 5.0 dB)', 'Unfairness: Jain Index = 0.04']",0.0421196322381941,13.708086967468262,-9246.177734375,1.9844489,-32.27988395690918,39.370403,0.012190186372026802,187.62792646884918
Low Load,49,Random,baseline,16,"['Ping-Pong: 8 UEs oscillating', 'QoS Violation: Avg High Prio SINR = 3.99 dB (Threshold: 5.0 dB)', 'Unfairness: Jain Index = 0.06']",0.05878138346550016,23.448253631591797,-16445.181640625,3.3944821,-36.276564025878905,47.92235,0.004839733627159149,333.5660994052887
Low Load,50,Random,baseline,20,"['Ping-Pong: 10 UEs oscillating', 'QoS Violation: Avg High Prio SINR = 2.97 dB (Threshold: 5.0 dB)', 'Unfairness: Jain Index = 0.04']",0.039856401128937034,7.223728179931641,-6069.990234375,1.0457419,-31.405198287963866,36.58215,0.01464656931348145,123.26620519161224
Low Load,51,Random,baseline,17,"['Ping-Pong: 10 UEs oscillating', 'QoS Violation: Avg High Prio SINR = -1.13 dB (Threshold: 5.0 dB)', 'Unfairness: Jain Index = 0.05']",0.04983649985843648,-2.0583462715148926,-29917.931640625,-0.29797623,-37.232719802856444,37.893406,0.0037351812236011027,606.6343188285828
Low Load,52,Random,baseline,17,"['Ping-Pong: 8 UEs oscillating', 'QoS Violation: Avg High Prio SINR = 2.21 dB (Threshold: 5.0 dB)', 'Unfairness: Jain Index = 0.07']",0.068417053536678,10.388347625732422,-12370.0498046875,1.5038675,-34.54277725219726,39.723576,0.008914403058588507,250.98764896392822
Low Load,53,Random,baseline,22,"['Ping-Pong: 10 UEs oscillating', 'QoS Violation: Avg High Prio SINR = -2.37 dB (Threshold: 5.0 dB)', 'Unfairness: Jain Index = 0.04']",0.038344943671981484,37.31039047241211,-11517.984375,5.4012327,-31.62366504669189,49.723625,0.03278178498148919,233.6805909872055
Low Load,54,Random,baseline,17,"['Ping-Pong: 10 UEs oscillating', 'QoS Violation: Avg High Prio SINR = -0.97 dB (Threshold: 5.0 dB)', 'Unfairness: Jain Index = 0.06']",0.05614579123073928,-5.041189193725586,-12228.62890625,-0.72978693,-33.89069890975952,32.656803,0.011651239264756445,248.05855751037598
Low Load,55,Random,baseline,20,"['Ping-Pong: 13 UEs oscillating', 'QoS Violation: Avg High Prio SINR = 1.22 dB (Threshold: 5.0 dB)', 'Unfairness: Jain Index = 0.06']",0.05826151477395459,20.01396942138672,-2992.71484375,2.8973188,-27.144311904907227,38.37482,0.04533406924456359,60.89913100004196
Low Load,56,Random,baseline,24,"['Ping-Pong: 12 UEs oscillating', 'Unfairness: Jain Index = 0.06']",0.05627683512432017,36.93746566772461,-5610.90625,5.347247,-8.890713763236999,43.85861,2.7825888872146614,113.9703243970871
Low Load,57,Random,baseline,20,"['Ping-Pong: 10 UEs oscillating', 'QoS Violation: Avg High Prio SINR = 3.04 dB (Threshold: 5.0 dB)', 'Unfairness: Jain Index = 0.05']",0.04539825008334314,2.231818914413452,-11224.5244140625,0.32308877,-31.714279842376705,33.020535,0.029305524891242395,227.76010632514954
Low Load,58,Random,baseline,20,"['Ping-Pong: 15 UEs oscillating', 'Unfairness: Jain Index = 0.12']",0.11920951948655883,50.520286560058594,-8993.6962890625,7.313561,-27.93390607833862,58.643974,0.11434629829600458,182.48875439167023
Low Load,59,Random,baseline,19,"['Ping-Pong: 12 UEs oscillating', 'QoS Violation: Avg High Prio SINR = -2.31 dB (Threshold: 5.0 dB)', 'Unfairness: Jain Index = 0.05']",0.04832554127309547,14.166927337646484,-9488.890625,2.0508728,-31.10262613296509,41.802402,0.01617349684238434,192.5102323293686
Low Load,60,Random,baseline,18,"['Ping-Pong: 11 UEs oscillating', 'Unfairness: Jain Index = 0.03']",0.033937865448877426,2.975778818130493,-9696.2646484375,0.43078837,-31.974837493896484,34.53957,0.01699645752087236,196.74579799175262
Low Load,61,Random,baseline,18,"['Ping-Pong: 13 UEs oscillating', 'Unfairness: Jain Index = 0.07']",0.06736250934722725,32.89149475097656,-8959.80078125,4.7615304,-31.32582950592041,49.174694,0.020139917731285102,181.82629346847534
Low Load,62,Random,baseline,18,"['Ping-Pong: 10 UEs oscillating', 'QoS Violation: Avg High Prio SINR = 0.76 dB (Threshold: 5.0 dB)', 'Unfairness: Jain Index = 0.03']",0.03349055038714127,-9.403636932373047,-10158.4521484375,-1.361316,-32.10779628753662,28.945906,0.01709762681275607,206.14013075828552
Low Load,63,Random,baseline,19,"['Ping-Pong: 12 UEs oscillating', 'QoS Violation: Avg High Prio SINR = -1.50 dB (Threshold: 5.0 dB)', 'Unfairness: Jain Index = 0.08']",0.08372863021605015,25.533891677856445,-8193.9228515625,3.6964083,-25.616915512084958,47.09346,0.07102278023958208,166.2885546684265
Low Load,64,Random,baseline,19,"['Ping-Pong: 11 UEs oscillating', 'QoS Violation: Avg High Prio SINR = -5.09 dB (Threshold: 5.0 dB)', 'Unfairness: Jain Index = 0.03']",0.033335089541517024,-15.07526969909668,-1996.3079833984375,-2.1823688,-25.049195766448975,22.392935,0.07513352409005167,40.72345420718193
Low Load,65,Random,baseline,20,"['Ping-Pong: 13 UEs oscillating', 'Unfairness: Jain Index = 0.04']",0.03869747571556386,-13.911564826965332,-11476.47265625,-2.0139055,-32.99011383056641,29.191639,0.012904091645032171,232.86941647529602
Low Load,66,Random,baseline,18,"['Ping-Pong: 13 UEs oscillating', 'QoS Violation: Avg High Prio SINR = -3.64 dB (Threshold: 5.0 dB)', 'Unfairness: Jain Index = 0.03']",0.03333496700093702,-21.18085479736328,-18894.8671875,-3.0662427,-36.85486888885498,23.070621,0.004501322493888438,383.22174549102783
Low Load,67,Random,baseline,16,"['Ping-Pong: 12 UEs oscillating', 'QoS Violation: Avg High Prio SINR = -10.84 dB (Threshold: 5.0 dB)', 'Unfairness: Jain Index = 0.03']",0.033391095595205866,-34.09160614013672,-14572.740234375,-4.935265,-34.811403846740724,23.47648,0.00652337244246155,295.6327795982361
Low Load,68,Random,baseline,19,"['Ping-Pong: 11 UEs oscillating', 'QoS Violation: Avg High Prio SINR = -0.15 dB (Threshold: 5.0 dB)', 'Unfairness: Jain Index = 0.03']",0.03334559744115757,-18.33165168762207,-13657.2568359375,-2.6537786,-31.161724376678464,21.594145,0.04096001461148264,277.0901918411255
Low Load,69,Random,baseline,18,"['Ping-Pong: 13 UEs oscillating', 'QoS Violation: Avg High Prio SINR = -3.99 dB (Threshold: 5.0 dB)', 'Unfairness: Jain Index = 0.03']",0.034164768064461996,-8.9033784866333,-11666.419921875,-1.2888962,-32.14770355224609,29.317137,0.025539009273052225,236.72541975975037
Low Load,70,Random,baseline,14,"['Ping-Pong: 9 UEs oscillating', 'QoS Violation: Avg High Prio SINR = -0.49 dB (Threshold: 5.0 dB)', 'Unfairness: Jain Index = 0.03']",0.03333588833007627,-10.823153495788574,-11829.20703125,-1.5668118,-30.957381248474118,23.930569,0.045244903862476364,240.06110429763794
Low Load,71,Random,baseline,16,"['Ping-Pong: 8 UEs oscillating', 'QoS Violation: Avg High Prio SINR = 4.29 dB (Threshold: 5.0 dB)', 'Unfairness: Jain Index = 0.04']",0.04016385085747533,10.977423667907715,-20270.998046875,1.589145,-37.44523906707764,43.276665,0.0035534677910618482,411.1456274986267
Low Load,72,Random,baseline,21,"['Ping-Pong: 9 UEs oscillating', 'Unfairness: Jain Index = 0.08']",0.07903326768269826,20.39671516418457,-11897.650390625,2.9527266,-33.53221092224121,43.1066,0.013591675832867627,241.41055345535278
Low Load,73,Random,baseline,22,"['Ping-Pong: 12 UEs oscillating', 'Unfairness: Jain Index = 0.14']",0.1373863255068263,69.955078125,-11368.4580078125,10.127034,-23.53384037017822,69.07514,1.7530164830386645,230.64680397510529
Low Load,74,Random,baseline,15,"['Ping-Pong: 13 UEs oscillating', 'QoS Violation: Avg High Prio SINR = -4.60 dB (Threshold: 5.0 dB)', 'Unfairness: Jain Index = 0.03']",0.034015444106303326,-4.712852478027344,-15441.08984375,-0.6822549,-35.92793769836426,32.737648,0.005393487005494536,313.1859004497528
Low Load,75,Random,baseline,17,"['Ping-Pong: 11 UEs oscillating', 'Unfairness: Jain Index = 0.07']",0.0688835198201962,12.173775672912598,-20917.12109375,1.7623346,-37.38830165863037,42.78754,0.003600748907774687,424.1485297679901
Low Load,76,Random,baseline,19,"['Ping-Pong: 10 UEs oscillating', 'QoS Violation: Avg High Prio SINR = 3.96 dB (Threshold: 5.0 dB)', 'Unfairness: Jain Index = 0.07']",0.06739264573159714,5.007460117340088,-16938.513671875,0.7249039,-37.380007934570315,38.63226,0.003607217827811837,343.56486797332764
Low Load,77,Random,baseline,23,"['Ping-Pong: 10 UEs oscillating', 'QoS Violation: Avg High Prio SINR = -0.79 dB (Threshold: 5.0 dB)', 'Unfairness: Jain Index = 0.06']",0.05973905317806513,27.841638565063477,-8872.4921875,4.0304904,-27.61724300384521,43.179493,0.13110397178679709,180.0229847431183
Low Load,78,Random,baseline,16,"['Ping-Pong: 12 UEs oscillating', 'QoS Violation: Avg High Prio SINR = -1.38 dB (Threshold: 5.0 dB)', 'Unfairness: Jain Index = 0.03']",0.033579836060994295,-14.174858093261719,-18448.794921875,-2.052021,-37.39852352142334,30.14657,0.0035916924709454177,374.1898238658905
Low Load,79,Random,baseline,17,"['Ping-Pong: 11 UEs oscillating', 'Unfairness: Jain Index = 0.04']",0.03590137450624611,4.668316841125488,-9308.521484375,0.67580813,-31.80834445953369,36.34438,0.014676871942356232,188.91528248786926
Low Load,80,Random,baseline,18,"['Ping-Pong: 9 UEs oscillating', 'QoS Violation: Avg High Prio SINR = 1.32 dB (Threshold: 5.0 dB)', 'Unfairness: Jain Index = 0.04']",0.03591482827930506,-8.793172836303711,-21687.064453125,-1.2729421,-37.38255920410156,28.153185,0.0036046300549060105,439.7515654563904
Low Load,81,Random,baseline,23,"['Ping-Pong: 13 UEs oscillating', 'Unfairness: Jain Index = 0.06']",0.06290921567195812,32.23395538330078,-7355.326171875,4.666343,-28.324453258514403,49.896484,0.03870954625308515,149.32285249233246
Low Load,82,Random,baseline,19,"['Ping-Pong: 11 UEs oscillating', 'Unfairness: Jain Index = 0.06']",0.05625354890954352,10.373930931091309,-18813.58984375,1.5017804,-36.866397857666016,42.438057,0.004094834532588721,381.53403997421265
Low Load,83,Random,baseline,20,"['Ping-Pong: 13 UEs oscillating', 'Unfairness: Jain Index = 0.06']",0.058720014139370745,26.41413116455078,-17659.19921875,3.823838,-36.45948257446289,51.393414,0.004583836020901799,358.15003514289856
Low Load,84,Random,baseline,19,"['Ping-Pong: 11 UEs oscillating', 'Unfairness: Jain Index = 0.10']",0.09905679265011713,35.92576217651367,-17506.439453125,5.200787,-37.38123741149902,52.377502,0.0036059240694157777,355.0906777381897
Low Load,85,Random,baseline,22,"['Ping-Pong: 13 UEs oscillating', 'Unfairness: Jain Index = 0.10']",0.09637865421456583,23.526081085205078,-13167.671875,3.4057488,-35.599314308166505,43.836407,0.006017873203381896,267.1250104904175
Low Load,86,Random,baseline,18,"['Ping-Pong: 13 UEs oscillating', 'QoS Violation: Avg High Prio SINR = 3.75 dB (Threshold: 5.0 dB)', 'Unfairness: Jain Index = 0.04']",0.04230753045050565,-10.359040260314941,-23262.3359375,-1.4996246,-37.382243156433105,35.544155,0.003604865539819002,471.76963090896606
Low Load,87,Random,baseline,18,"['Ping-Pong: 13 UEs oscillating', 'QoS Violation: Avg High Prio SINR = -4.71 dB (Threshold: 5.0 dB)', 'Unfairness: Jain Index = 0.05']",0.047926392739100196,-28.97804832458496,-20966.423828125,-4.1950026,-37.37793407440186,19.086584,0.0036098052165471016,425.15596747398376
Low Load,88,Random,baseline,22,"['Ping-Pong: 12 UEs oscillating', 'Unfairness: Jain Index = 0.10']",0.1020491935516635,42.84255599975586,-8857.34375,6.202095,-31.7766788482666,54.5271,0.01561827110126615,179.76969480514526
Low Load,89,Random,baseline,18,"['Ping-Pong: 10 UEs oscillating', 'QoS Violation: Avg High Prio SINR = -10.19 dB (Threshold: 5.0 dB)', 'Unfairness: Jain Index = 0.07']",0.06755543943702293,2.6031196117401123,-12171.7265625,0.3768402,-34.230946159362794,36.158745,0.007563214865513146,246.93219363689423
Low Load,90,Random,baseline,19,"['Ping-Pong: 11 UEs oscillating', 'Unfairness: Jain Index = 0.05']",0.045140583485290715,31.95701026916504,-21145.13671875,4.6262503,-37.37519073486328,57.688374,0.003611098974943161,428.79822850227356
Low Load,91,Random,baseline,16,"['Ping-Pong: 7 UEs oscillating', 'QoS Violation: Avg High Prio SINR = 3.64 dB (Threshold: 5.0 dB)', 'Unfairness: Jain Index = 0.04']",0.03636201829532572,-3.7846293449401855,-18909.431640625,-0.54788107,-37.375230598449704,36.303543,0.003611098974943161,383.54015350341797
Low Load,92,Random,baseline,14,"['Ping-Pong: 7 UEs oscillating', 'QoS Violation: Avg High Prio SINR = -1.36 dB (Threshold: 5.0 dB)', 'Unfairness: Jain Index = 0.03']",0.03336042934963105,-16.833223342895508,-21790.0,-2.4368587,-37.377821350097655,26.056583,0.003608746686950326,441.943496465683
Low Load,93,Random,baseline,18,"['Ping-Pong: 5 UEs oscillating', 'Unfairness: Jain Index = 0.09']",0.0937744942347481,24.0773983001709,-21693.794921875,3.4855604,-37.38184852600098,52.673836,0.0036059240694157777,439.8791193962097
Low Load,94,Random,baseline,17,"['Ping-Pong: 7 UEs oscillating', 'Unfairness: Jain Index = 0.07']",0.0742099147560827,15.780921936035156,-17192.296875,2.2845223,-37.37576141357422,44.80107,0.003611098974943161,348.6585021018982
Low Load,95,Random,baseline,17,"['Ping-Pong: 10 UEs oscillating', 'QoS Violation: Avg High Prio SINR = -3.74 dB (Threshold: 5.0 dB)', 'Unfairness: Jain Index = 0.04']",0.04193848617648123,0.23425614833831787,-17128.482421875,0.033912387,-37.37749824523926,36.28431,0.0036098052165471016,347.3919928073883
Low Load,96,Random,baseline,16,"['Ping-Pong: 9 UEs oscillating', 'QoS Violation: Avg High Prio SINR = -7.74 dB (Threshold: 5.0 dB)', 'Unfairness: Jain Index = 0.03']",0.03395915104147547,-40.068939208984375,-25185.94140625,-5.800573,-37.37529983520508,18.894339,0.003611098974943161,510.7634663581848
Low Load,97,Random,baseline,18,"['Ping-Pong: 12 UEs oscillating', 'QoS Violation: Avg High Prio SINR = -6.49 dB (Threshold: 5.0 dB)', 'Unfairness: Jain Index = 0.04']",0.03607144751262081,-29.05286979675293,-23159.740234375,-4.2058344,-37.37519073486328,24.574984,0.003611098974943161,469.67217326164246
Low Load,98,Random,baseline,22,"['Ping-Pong: 15 UEs oscillating', 'QoS Violation: Avg High Prio SINR = 2.51 dB (Threshold: 5.0 dB)', 'Unfairness: Jain Index = 0.03']",0.03339879117499777,-11.223115921020508,-23911.228515625,-1.624712,-37.37881641387939,32.150333,0.0036085114581510423,484.9177896976471
Low Load,99,Random,baseline,17,"['Ping-Pong: 13 UEs oscillating', 'Unfairness: Jain Index = 0.05']",0.0455379846135192,-7.005917072296143,-14629.09375,-1.0142099,-35.2971851348877,31.65452,0.006691949628293515,296.7831790447235
Low Load,100,Random,baseline,20,"['Ping-Pong: 12 UEs oscillating', 'QoS Violation: Avg High Prio SINR = -2.38 dB (Threshold: 5.0 dB)', 'Unfairness: Jain Index = 0.10']",0.09996120794017782,28.029401779174805,-12357.5625,4.0576715,-33.34771270751953,49.173237,0.014739875029772524,250.69376826286316
Low Load,101,Random,baseline,20,"['Ping-Pong: 12 UEs oscillating', 'QoS Violation: Avg High Prio SINR = -6.63 dB (Threshold: 5.0 dB)', 'Unfairness: Jain Index = 0.07']",0.07368543493498583,13.21619701385498,-11667.787109375,1.9132398,-32.611588382720946,40.91074,0.020567397400736816,236.70406639575958
Low Load,102,Random,baseline,20,"['Ping-Pong: 13 UEs oscillating', 'Unfairness: Jain Index = 0.10']",0.10151833369951406,53.04505157470703,-11832.7783203125,7.6790576,-33.76801958084106,62.13698,0.0122730708681047,240.07345736026764
Low Load,103,Random,baseline,17,"['Ping-Pong: 10 UEs oscillating', 'Unfairness: Jain Index = 0.07']",0.07204505204060896,1.2587395906448364,-24646.78515625,0.18222103,-37.375291442871095,41.712208,0.003611098974943161,499.8193085193634
Low Load,104,Random,baseline,19,"['Ping-Pong: 11 UEs oscillating', 'QoS Violation: Avg High Prio SINR = -6.70 dB (Threshold: 5.0 dB)', 'Unfairness: Jain Index = 0.04']",0.04059938936282238,-31.6284122467041,-29326.439453125,-4.578682,-37.39989738464355,22.461802,0.003591927571687847,594.5971608161926
Low Load,105,Random,baseline,21,"['Ping-Pong: 11 UEs oscillating', 'QoS Violation: Avg High Prio SINR = 0.18 dB (Threshold: 5.0 dB)', 'Unfairness: Jain Index = 0.04']",0.03513545837228594,2.81223726272583,-19084.826171875,0.407113,-37.37522430419922,38.467953,0.003611098974943161,387.0733976364136
Low Load,106,Random,baseline,23,"['Ping-Pong: 14 UEs oscillating', 'QoS Violation: Avg High Prio SINR = 1.30 dB (Threshold: 5.0 dB)', 'Unfairness: Jain Index = 0.06']",0.06419571166850871,54.47562026977539,-7296.93798828125,7.8861537,-28.99633731842041,57.806114,0.030478559434413917,148.12371134757996
Low Load,107,Random,baseline,21,"['Ping-Pong: 17 UEs oscillating', 'QoS Violation: Avg High Prio SINR = 3.53 dB (Threshold: 5.0 dB)', 'Unfairness: Jain Index = 0.08']",0.07995279365878893,15.105772018432617,-12818.232421875,2.1867855,-32.729970359802245,41.7769,0.019475952908396727,260.08933782577515
Low Load,108,Random,baseline,17,"['Ping-Pong: 13 UEs oscillating', 'QoS Violation: Avg High Prio SINR = 3.94 dB (Threshold: 5.0 dB)', 'Unfairness: Jain Index = 0.09']",0.09294068644529307,25.18795394897461,-14739.265625,3.6463292,-34.55207757949829,51.686333,0.008875732962042096,298.96098375320435
Low Load,109,Random,baseline,19,"['Ping-Pong: 12 UEs oscillating', 'QoS Violation: Avg High Prio SINR = -4.16 dB (Threshold: 5.0 dB)', 'Unfairness: Jain Index = 0.03']",0.034296063582384656,-13.729996681213379,-23259.17578125,-1.9876211,-37.380249214172366,35.319046,0.003607217827811837,471.67453169822693
Low Load,110,Random,baseline,22,"['Ping-Pong: 12 UEs oscillating', 'QoS Violation: Avg High Prio SINR = -1.99 dB (Threshold: 5.0 dB)', 'Unfairness: Jain Index = 0.07']",0.06666870860283099,-7.685235500335693,-17649.287109375,-1.1125516,-37.37828330993652,32.550224,0.0036085114581510423,357.960969209671
Low Load,111,Random,baseline,23,"['Ping-Pong: 14 UEs oscillating', 'Unfairness: Jain Index = 0.13']",0.13365571139000054,82.23233795166016,-5523.39794921875,11.904351,-11.23350086212158,72.23533,2.1296703338623053,112.1751144528389
Low Load,112,Random,baseline,21,"['Ping-Pong: 11 UEs oscillating', 'Unfairness: Jain Index = 0.07']",0.06857729141576618,44.429603576660156,-16422.509765625,6.431844,-37.37519073486328,57.13605,0.003611098974943161,333.11450481414795
Low Load,113,Random,baseline,17,"['Ping-Pong: 10 UEs oscillating', 'QoS Violation: Avg High Prio SINR = 4.71 dB (Threshold: 5.0 dB)', 'Unfairness: Jain Index = 0.09']",0.09273806941351209,17.462186813354492,-18212.09375,2.527911,-37.3386251449585,47.91006,0.0036417963332496584,369.4051504135132
Low Load,114,Random,baseline,16,"['Ping-Pong: 6 UEs oscillating', 'QoS Violation: Avg High Prio SINR = -0.82 dB (Threshold: 5.0 dB)', 'Unfairness: Jain Index = 0.03']",0.033334658381214965,-37.74760818481445,-28842.537109375,-5.4645247,-37.40813770294189,20.73221,0.0035841651493683457,584.8596692085266
Low Load,115,Random,baseline,22,"['Ping-Pong: 8 UEs oscillating', 'Unfairness: Jain Index = 0.07']",0.07313502170557808,31.628459930419922,-18909.08984375,4.578688,-37.38150596618652,53.383884,0.0036059240694157777,383.4761083126068
Low Load,116,Random,baseline,19,"['Ping-Pong: 12 UEs oscillating', 'QoS Violation: Avg High Prio SINR = -4.27 dB (Threshold: 5.0 dB)', 'Unfairness: Jain Index = 0.05']",0.05433288909499508,-16.659486770629883,-17313.7734375,-2.4117076,-35.49967308044434,31.907112,0.005756332632154227,351.16568207740784
Low Load,117,Random,baseline,21,"['Ping-Pong: 14 UEs oscillating', 'Unfairness: Jain Index = 0.13']",0.13215434619938926,21.04151725769043,-18747.482421875,3.0460718,-37.18366298675537,48.05992,0.003778345393948257,380.25912642478943
Low Load,118,Random,baseline,17,"['Ping-Pong: 12 UEs oscillating', 'QoS Violation: Avg High Prio SINR = -9.66 dB (Threshold: 5.0 dB)', 'Unfairness: Jain Index = 0.03']",0.03342637557240825,-30.617382049560547,-34902.06640625,-4.4323196,-37.41274089813233,28.120935,0.0035808717366307974,707.7241539955139
Low Load,119,Random,baseline,18,"['Ping-Pong: 12 UEs oscillating', 'QoS Violation: Avg High Prio SINR = -2.09 dB (Threshold: 5.0 dB)', 'Unfairness: Jain Index = 0.07']",0.06741525412800382,-4.3031816482543945,-30933.91015625,-0.62294924,-37.389166069030765,44.31606,0.0035994548932649197,627.2614598274231
Low Load,120,Random,baseline,19,"['Ping-Pong: 13 UEs oscillating', 'Unfairness: Jain Index = 0.10']",0.09895356884017407,19.518800735473633,-21969.310546875,2.8256354,-37.38117446899414,47.861145,0.0036059240694157777,445.51676511764526
Low Load,121,Random,baseline,21,"['Ping-Pong: 13 UEs oscillating', 'QoS Violation: Avg High Prio SINR = -4.76 dB (Threshold: 5.0 dB)', 'Unfairness: Jain Index = 0.10']",0.10169598217229846,15.266101837158203,-24001.001953125,2.209995,-37.39163761138916,47.704144,0.003598161262925714,486.68166995048523
Low Load,122,Random,baseline,18,"['Ping-Pong: 14 UEs oscillating', 'QoS Violation: Avg High Prio SINR = -4.13 dB (Threshold: 5.0 dB)', 'Unfairness: Jain Index = 0.03']",0.03333434976292153,-34.55143737792969,-20057.326171875,-5.001833,-37.37519073486328,19.90875,0.003611098974943161,406.83069825172424
Low Load,123,Random,baseline,18,"['Ping-Pong: 14 UEs oscillating', 'QoS Violation: Avg High Prio SINR = -12.77 dB (Threshold: 5.0 dB)', 'Unfairness: Jain Index = 0.03']",0.03337728541211978,-21.989944458007812,-17564.4375,-3.1833708,-37.37519073486328,27.414534,0.003611098974943161,356.2915027141571
Low Load,124,Random,baseline,25,"['Ping-Pong: 15 UEs oscillating', 'Unfairness: Jain Index = 0.12']",0.11730874799671646,60.82323455810547,-6761.4462890625,8.805066,-28.017066097259523,62.16805,0.032303412444889545,137.27182149887085
Low Load,125,Random,baseline,20,"['Ping-Pong: 14 UEs oscillating', 'QoS Violation: Avg High Prio SINR = 3.12 dB (Threshold: 5.0 dB)', 'Unfairness: Jain Index = 0.09']",0.0865856136183494,7.468137264251709,-19863.802734375,1.0811232,-37.37519073486328,40.135506,0.003611098974943161,402.85882353782654
Low Load,126,Random,baseline,15,"['Ping-Pong: 11 UEs oscillating', 'QoS Violation: Avg High Prio SINR = -0.76 dB (Threshold: 5.0 dB)', 'Unfairness: Jain Index = 0.07']",0.07158386924371488,-6.365075588226318,-38195.5234375,-0.9214394,-37.3899543762207,46.97609,0.0035988670540973546,774.4097113609314
Low Load,127,Random,baseline,19,"['Ping-Pong: 10 UEs oscillating', 'QoS Violation: Avg High Prio SINR = -2.67 dB (Threshold: 5.0 dB)', 'Unfairness: Jain Index = 0.03']",0.033845061955669,-13.52545166015625,-22564.396484375,-1.9580096,-37.37519073486328,31.744106,0.003611098974943161,457.60902762413025
Low Load,128,Random,baseline,17,"['Ping-Pong: 10 UEs oscillating', 'QoS Violation: Avg High Prio SINR = -14.53 dB (Threshold: 5.0 dB)', 'Unfairness: Jain Index = 0.03']",0.03343027522383821,-54.20931625366211,-31481.443359375,-7.847604,-37.37519073486328,17.214016,0.003611098974943161,638.3612751960754
Low Load,129,Random,baseline,20,"['Ping-Pong: 14 UEs oscillating', 'QoS Violation: Avg High Prio SINR = -6.84 dB (Threshold: 5.0 dB)', 'Unfairness: Jain Index = 0.04']",0.0437969108470156,-11.229717254638672,-18826.529296875,-1.625668,-37.405900382995604,30.825441,0.003586517565418035,381.80291652679443
Low Load,130,Random,baseline,18,"['Ping-Pong: 11 UEs oscillating', 'QoS Violation: Avg High Prio SINR = 1.23 dB (Threshold: 5.0 dB)', 'Unfairness: Jain Index = 0.07']",0.06667214882575283,-4.587123870849609,-17148.72265625,-0.66405445,-37.37519073486328,34.39967,0.003611098974943161,347.8325605392456
Low Load,131,Random,baseline,22,"['Ping-Pong: 12 UEs oscillating', 'Unfairness: Jain Index = 0.16']",0.15964527732649927,39.96936798095703,-15699.1884765625,5.7861586,-36.16599082946777,58.348904,0.005002958630211652,318.46553087234497
Low Load,132,Random,baseline,19,"['Ping-Pong: 12 UEs oscillating', 'QoS Violation: Avg High Prio SINR = -8.03 dB (Threshold: 5.0 dB)', 'Unfairness: Jain Index = 0.03']",0.03428120429420604,-0.11217069625854492,-17567.1015625,-0.016238006,-37.37519073486328,35.394726,0.003611098974943161,356.3259541988373
Low Load,133,Random,baseline,15,"['Ping-Pong: 12 UEs oscillating', 'QoS Violation: Avg High Prio SINR = -10.74 dB (Threshold: 5.0 dB)', 'Unfairness: Jain Index = 0.03']",0.03451188777577852,-33.05258560180664,-29651.53125,-4.784852,-37.37519073486328,30.905714,0.003611098974943161,601.2988686561584
Low Load,134,Random,baseline,21,"['Ping-Pong: 12 UEs oscillating', 'QoS Violation: Avg High Prio SINR = 3.21 dB (Threshold: 5.0 dB)', 'Unfairness: Jain Index = 0.13']",0.13218360689257788,30.464820861816406,-10237.162109375,4.4102345,-32.48807163238525,51.190346,0.015278763603419069,207.73202180862427
Low Load,135,Random,baseline,16,"['Ping-Pong: 10 UEs oscillating', 'QoS Violation: Avg High Prio SINR = -2.19 dB (Threshold: 5.0 dB)', 'Unfairness: Jain Index = 0.07']",0.0666682638311491,-4.079273700714111,-14310.109375,-0.59053475,-36.115587615966795,31.849224,0.005082335881888867,290.31017422676086
Low Load,136,Random,baseline,16,"['Ping-Pong: 8 UEs oscillating', 'QoS Violation: Avg High Prio SINR = -4.63 dB (Threshold: 5.0 dB)', 'Unfairness: Jain Index = 0.07']",0.06645253939532782,-25.99521827697754,-27026.19140625,-3.7631938,-37.37519073486328,30.27959,0.003611098974943161,548.072099685669
Low Load,137,Random,baseline,21,"['Ping-Pong: 10 UEs oscillating', 'Unfairness: Jain Index = 0.12']",0.12392275188662273,39.66443634033203,-19632.169921875,5.7420154,-37.37519073486328,60.738014,0.003611098974943161,398.14090728759766
Low Load,138,Random,baseline,22,"['Ping-Pong: 13 UEs oscillating', 'QoS Violation: Avg High Prio SINR = 4.77 dB (Threshold: 5.0 dB)', 'Unfairness: Jain Index = 0.10']",0.10127974891315444,31.193531036376953,-12502.7529296875,4.515727,-34.30059986114502,51.834396,0.009820391051471235,253.66681814193726
Low Load,139,Random,baseline,21,"['Ping-Pong: 14 UEs oscillating', 'Unfairness: Jain Index = 0.09']",0.09341261085086645,31.496681213378906,-13018.771484375,4.5596113,-34.96241111755371,50.31878,0.007570182811468841,264.12567496299744
Low Load,140,Random,baseline,21,"['Ping-Pong: 13 UEs oscillating', 'Unfairness: Jain Index = 0.09']",0.09182710254191224,40.527400970458984,-11183.7236328125,5.8669424,-29.771352195739745,56.385857,0.08119188249111178,226.90138220787048
Low Load,141,Random,baseline,17,"['Ping-Pong: 13 UEs oscillating', 'QoS Violation: Avg High Prio SINR = -14.37 dB (Threshold: 5.0 dB)', 'Unfairness: Jain Index = 0.05']",0.04717426791852435,-14.892309188842773,-23310.505859375,-2.1558816,-37.37519073486328,38.24345,0.003611098974943161,472.7538228034973
Low Load,142,Random,baseline,23,"['Ping-Pong: 15 UEs oscillating', 'QoS Violation: Avg High Prio SINR = 2.22 dB (Threshold: 5.0 dB)', 'Unfairness: Jain Index = 0.10']",0.10267100519138632,31.492961883544922,-16906.169921875,4.559073,-37.341773414611815,56.302883,0.003639679169282317,342.88662672042847
Low Load,143,Random,baseline,21,"['Ping-Pong: 13 UEs oscillating', 'Unfairness: Jain Index = 0.12']",0.12351276943261903,33.45931625366211,-12986.34375,4.8437314,-33.719114112854,50.783985,0.012534269411116843,263.43798637390137
Low Load,144,Random,baseline,17,"['Ping-Pong: 12 UEs oscillating', 'QoS Violation: Avg High Prio SINR = -2.34 dB (Threshold: 5.0 dB)', 'Unfairness: Jain Index = 0.03']",0.03333431345498093,-26.425430297851562,-12909.005859375,-3.8254733,-34.50575923919678,20.065996,0.009039705619215967,261.934369802475
Low Load,145,Random,baseline,19,"['Ping-Pong: 12 UEs oscillating', 'QoS Violation: Avg High Prio SINR = 3.74 dB (Threshold: 5.0 dB)', 'Unfairness: Jain Index = 0.09']",0.09360633640578861,15.118556022644043,-16866.87890625,2.1886358,-37.375278854370116,45.973965,0.003611098974943161,342.09251403808594
Low Load,146,Random,baseline,22,"['Ping-Pong: 11 UEs oscillating', 'QoS Violation: Avg High Prio SINR = -1.90 dB (Threshold: 5.0 dB)', 'Unfairness: Jain Index = 0.11']",0.11126224840345471,29.827041625976562,-11190.083984375,4.3179064,-30.720836162567135,48.70244,0.05079554095864298,227.0500510931015
Low Load,147,Random,baseline,21,"['Ping-Pong: 13 UEs oscillating', 'QoS Violation: Avg High Prio SINR = 3.82 dB (Threshold: 5.0 dB)', 'Unfairness: Jain Index = 0.12']",0.11577861273580445,31.036457061767578,-16615.078125,4.4929867,-37.37587471008301,53.52057,0.003611098974943161,336.96916699409485
Low Load,148,Random,baseline,19,"['Ping-Pong: 9 UEs oscillating', 'Unfairness: Jain Index = 0.13']",0.12760482856820723,46.0252685546875,-6511.646484375,6.66284,-24.907737731933594,57.085716,0.11885169260203843,132.22232460975647
Low Load,149,Random,baseline,19,"['Ping-Pong: 7 UEs oscillating', 'QoS Violation: Avg High Prio SINR = 2.18 dB (Threshold: 5.0 dB)', 'Unfairness: Jain Index = 0.09']",0.08824942170442945,3.68160343170166,-22089.52734375,0.5329666,-37.37675380706787,38.58395,0.0036098052165471016,447.95820116996765
Low Load,150,Random,baseline,20,"['Ping-Pong: 9 UEs oscillating', 'QoS Violation: Avg High Prio SINR = 3.57 dB (Threshold: 5.0 dB)', 'Unfairness: Jain Index = 0.10']",0.10001844639885916,14.991964340209961,-19741.859375,2.1703098,-37.37934913635254,42.638737,0.0036085114581510423,400.2586305141449
Low Load,151,Random,baseline,19,"['Ping-Pong: 11 UEs oscillating', 'QoS Violation: Avg High Prio SINR = -3.33 dB (Threshold: 5.0 dB)', 'Unfairness: Jain Index = 0.06']",0.06493232576336566,-11.190085411071777,-22229.818359375,-1.6199306,-37.37519073486328,32.742046,0.003611098974943161,450.84962248802185
Low Load,152,Random,baseline,14,"['Ping-Pong: 8 UEs oscillating', 'QoS Violation: Avg High Prio SINR = -13.23 dB (Threshold: 5.0 dB)', 'Unfairness: Jain Index = 0.06']",0.056320818581302404,-28.102121353149414,-28316.462890625,-4.0681996,-37.379106521606445,27.695395,0.0036074529285542666,574.2084980010986
Low Load,153,Random,baseline,20,"['Ping-Pong: 8 UEs oscillating', 'QoS Violation: Avg High Prio SINR = -4.22 dB (Threshold: 5.0 dB)', 'Unfairness: Jain Index = 0.07']",0.06722599093357755,-7.833474159240723,-22312.15625,-1.134012,-37.37581386566162,36.328842,0.003611098974943161,452.4804651737213
Low Load,154,Random,baseline,17,"['Ping-Pong: 8 UEs oscillating', 'QoS Violation: Avg High Prio SINR = -14.43 dB (Threshold: 5.0 dB)', 'Unfairness: Jain Index = 0.03']",0.03380758738962321,-48.37807846069336,-28263.642578125,-7.003445,-37.375257873535155,18.118813,0.003611098974943161,573.1056928634644
Low Load,155,Random,baseline,17,"['Ping-Pong: 9 UEs oscillating', 'QoS Violation: Avg High Prio SINR = 1.38 dB (Threshold: 5.0 dB)', 'Unfairness: Jain Index = 0.06']",0.06336026328599949,15.593992233276367,-22704.583984375,2.2574618,-37.377736282348636,43.653572,0.0036098052165471016,460.37283539772034
Low Load,156,Random,baseline,21,"['Ping-Pong: 8 UEs oscillating', 'QoS Violation: Avg High Prio SINR = 3.06 dB (Threshold: 5.0 dB)', 'Unfairness: Jain Index = 0.11']",0.10805206420017839,28.581321716308594,-16577.259765625,4.1375704,-37.37519073486328,52.87104,0.003611098974943161,336.26317977905273
Low Load,157,Random,baseline,18,"['Ping-Pong: 10 UEs oscillating', 'QoS Violation: Avg High Prio SINR = -3.87 dB (Threshold: 5.0 dB)', 'Unfairness: Jain Index = 0.05']",0.051035123222712656,-33.075557708740234,-23782.056640625,-4.788177,-37.37558097839356,27.154879,0.003611098974943161,482.30308294296265
Low Load,158,Random,baseline,15,"['Ping-Pong: 9 UEs oscillating', 'QoS Violation: Avg High Prio SINR = -8.27 dB (Threshold: 5.0 dB)', 'Unfairness: Jain Index = 0.03']",0.03474248394964408,-15.890443801879883,-21739.80078125,-2.3003776,-37.37519073486328,29.163033,0.003611098974943161,440.90113043785095
Low Load,159,Random,baseline,20,"['Ping-Pong: 11 UEs oscillating', 'QoS Violation: Avg High Prio SINR = -10.35 dB (Threshold: 5.0 dB)', 'Unfairness: Jain Index = 0.03']",0.034329536452180565,-16.564403533935547,-22065.21875,-2.3979425,-37.375719451904295,29.176031,0.003611098974943161,447.45102524757385
Low Load,160,Random,baseline,21,"['Ping-Pong: 13 UEs oscillating', 'QoS Violation: Avg High Prio SINR = -5.93 dB (Threshold: 5.0 dB)', 'Unfairness: Jain Index = 0.06']",0.05958031870317353,-11.08853530883789,-18126.921875,-1.605229,-37.37636775970459,34.174137,0.0036098052165471016,367.6595687866211
Low Load,161,Random,baseline,19,"['Ping-Pong: 15 UEs oscillating', 'QoS Violation: Avg High Prio SINR = 4.85 dB (Threshold: 5.0 dB)', 'Unfairness: Jain Index = 0.04']",0.0400103267727179,-8.733623504638672,-23814.521484375,-1.2643218,-37.37519073486328,37.575977,0.003611098974943161,482.98758268356323
Low Load,162,Random,baseline,17,"['Ping-Pong: 11 UEs oscillating', 'QoS Violation: Avg High Prio SINR = -1.55 dB (Threshold: 5.0 dB)', 'Unfairness: Jain Index = 0.03']",0.03333551616603407,-20.90171241760254,-17215.625,-3.0258331,-37.37519073486328,24.348799,0.003611098974943161,349.19774532318115
Low Load,163,Random,baseline,21,"['Ping-Pong: 12 UEs oscillating', 'QoS Violation: Avg High Prio SINR = -7.18 dB (Threshold: 5.0 dB)', 'Unfairness: Jain Index = 0.05']",0.04733497274347216,-10.821043968200684,-27554.03125,-1.5665067,-37.38064727783203,35.737488,0.003607217827811837,558.7441921234131
Low Load,164,Random,baseline,20,"['Ping-Pong: 9 UEs oscillating', 'Unfairness: Jain Index = 0.07']",0.07266933129082598,11.711026191711426,-16606.654296875,1.6953446,-37.37533130645752,39.380867,0.003611098974943161,336.81854605674744
Low Load,165,Random,baseline,20,"['Ping-Pong: 12 UEs oscillating', 'QoS Violation: Avg High Prio SINR = 1.83 dB (Threshold: 5.0 dB)', 'Unfairness: Jain Index = 0.13']",0.12935185596466503,35.73078918457031,-12743.6630859375,5.172561,-34.97807579040527,55.332886,0.007526801852509381,258.5097551345825
Low Load,166,Random,baseline,19,"['Ping-Pong: 10 UEs oscillating', 'QoS Violation: Avg High Prio SINR = -2.23 dB (Threshold: 5.0 dB)', 'Unfairness: Jain Index = 0.08']",0.07925655763486679,12.421431541442871,-22019.1796875,1.7981864,-37.3829252243042,42.371456,0.0036046300549060105,446.5668797492981
Low Load,167,Random,baseline,23,"['Ping-Pong: 14 UEs oscillating', 'QoS Violation: Avg High Prio SINR = -4.56 dB (Threshold: 5.0 dB)', 'Unfairness: Jain Index = 0.07']",0.06556948052566061,-0.11225223541259766,-22383.560546875,-0.01625042,-37.42066841125488,36.31444,0.003573579853400588,453.98667454719543
Low Load,168,Random,baseline,23,"['Ping-Pong: 14 UEs oscillating', 'QoS Violation: Avg High Prio SINR = -0.28 dB (Threshold: 5.0 dB)', 'Unfairness: Jain Index = 0.09']",0.0895401589438535,12.13662052154541,-22478.228515625,1.756956,-37.40154685974121,43.982365,0.0035891049541532994,455.88192343711853
Low Load,169,Random,baseline,22,"['Ping-Pong: 16 UEs oscillating', 'QoS Violation: Avg High Prio SINR = 4.31 dB (Threshold: 5.0 dB)', 'Unfairness: Jain Index = 0.09']",0.0865394372355968,14.184168815612793,-22000.75,2.0533683,-37.37519073486328,45.710808,0.003611098974943161,446.1979568004608
Low Load,170,Random,baseline,24,"['Ping-Pong: 15 UEs oscillating', 'QoS Violation: Avg High Prio SINR = 1.58 dB (Threshold: 5.0 dB)', 'Unfairness: Jain Index = 0.08']",0.08120833249921008,27.474796295166016,-16478.873046875,3.9773839,-37.37519073486328,45.55877,0.003611098974943161,334.21653509140015
Low Load,171,Random,baseline,20,"['Ping-Pong: 13 UEs oscillating', 'QoS Violation: Avg High Prio SINR = -5.98 dB (Threshold: 5.0 dB)', 'Unfairness: Jain Index = 0.03']",0.033335298314875764,-37.102882385253906,-27628.708984375,-5.3711925,-37.382443809509276,20.370153,0.0036059240694157777,560.2740049362183
Low Load,172,Random,baseline,19,"['Ping-Pong: 13 UEs oscillating', 'Unfairness: Jain Index = 0.13']",0.133569086203727,52.01721954345703,-12915.2177734375,7.530264,-35.36202507019043,61.33265,0.006538515118882061,261.98044419288635
Low Load,173,Random,baseline,22,"['Ping-Pong: 10 UEs oscillating', 'QoS Violation: Avg High Prio SINR = -2.72 dB (Threshold: 5.0 dB)', 'Unfairness: Jain Index = 0.07']",0.07233948292597964,31.146007537841797,-10966.9365234375,4.5088453,-24.086603736877436,45.137608,1.3526024810969834,222.54225611686707
Low Load,174,Random,baseline,20,"['Ping-Pong: 9 UEs oscillating', 'Unfairness: Jain Index = 0.15']",0.14979155795625462,58.53050231933594,-11009.8076171875,8.473158,-24.627688980102533,63.267517,1.044299935549498,223.37107360363007
Low Load,175,Random,baseline,24,"['Ping-Pong: 11 UEs oscillating', 'QoS Violation: Avg High Prio SINR = 2.54 dB (Threshold: 5.0 dB)', 'Unfairness: Jain Index = 0.06']",0.055045089967518786,19.392839431762695,-16587.361328125,2.8074014,-37.405489158630374,41.95147,0.003586517565418035,336.4555239677429
Low Load,176,Random,baseline,22,"['Ping-Pong: 14 UEs oscillating', 'QoS Violation: Avg High Prio SINR = -3.22 dB (Threshold: 5.0 dB)', 'Unfairness: Jain Index = 0.10']",0.0996831635634331,9.886021614074707,-22069.9921875,1.4311483,-37.38226547241211,41.38969,0.0036059240694157777,447.5519061088562
Low Load,177,Random,baseline,20,"['Ping-Pong: 17 UEs oscillating', 'QoS Violation: Avg High Prio SINR = -10.25 dB (Threshold: 5.0 dB)', 'Unfairness: Jain Index = 0.03']",0.03339156480218934,-39.90223693847656,-26762.814453125,-5.776441,-37.37519073486328,17.354193,0.003611098974943161,542.7650809288025
Low Load,178,Random,baseline,21,"['Ping-Pong: 17 UEs oscillating', 'QoS Violation: Avg High Prio SINR = -3.37 dB (Threshold: 5.0 dB)', 'Unfairness: Jain Index = 0.03']",0.033350973745380603,-22.65251922607422,-20400.935546875,-3.2792883,-37.37519073486328,23.466616,0.003611098974943161,413.7823283672333
Low Load,179,Random,baseline,19,"['Ping-Pong: 16 UEs oscillating', 'QoS Violation: Avg High Prio SINR = -10.79 dB (Threshold: 5.0 dB)', 'Unfairness: Jain Index = 0.04']",0.04111056764788609,-42.47917938232422,-28006.41796875,-6.1494913,-37.37519073486328,16.893187,0.003611098974943161,567.9377317428589
Low Load,180,Random,baseline,19,"['Ping-Pong: 15 UEs oscillating', 'QoS Violation: Avg High Prio SINR = -1.27 dB (Threshold: 5.0 dB)', 'Unfairness: Jain Index = 0.03']",0.033334658381214965,-8.248472213745117,-11018.57421875,-1.1940888,-28.334361076354977,22.222994,0.16642331853508957,223.61372411251068
Low Load,181,Random,baseline,20,"['Ping-Pong: 11 UEs oscillating', 'QoS Violation: Avg High Prio SINR = -8.02 dB (Threshold: 5.0 dB)', 'Unfairness: Jain Index = 0.04']",0.04246188511262323,0.29169100522994995,-14015.3447265625,0.042226743,-36.234140396118164,30.969526,0.00490029666107148,284.3318581581116
Low Load,182,Random,baseline,19,"['Ping-Pong: 11 UEs oscillating', 'QoS Violation: Avg High Prio SINR = -0.52 dB (Threshold: 5.0 dB)', 'Unfairness: Jain Index = 0.03']",0.03334310055321786,-22.954050064086914,-27568.119140625,-3.3229396,-37.3918176651001,25.59897,0.003598161262925714,559.0309500694275
Low Load,183,Random,baseline,24,"['Ping-Pong: 13 UEs oscillating', 'QoS Violation: Avg High Prio SINR = 1.72 dB (Threshold: 5.0 dB)', 'Unfairness: Jain Index = 0.07']",0.06668335058870169,11.380138397216797,-16438.064453125,1.6474439,-37.37519073486328,37.354534,0.003611098974943161,333.4645628929138
Low Load,184,Random,baseline,22,"['Ping-Pong: 14 UEs oscillating', 'QoS Violation: Avg High Prio SINR = -8.56 dB (Threshold: 5.0 dB)', 'Unfairness: Jain Index = 0.07']",0.06666929860837188,0.2562815248966217,-16448.46875,0.03710067,-37.37519073486328,30.94792,0.003611098974943161,333.68879556655884
Low Load,185,Random,baseline,19,"['Ping-Pong: 14 UEs oscillating', 'QoS Violation: Avg High Prio SINR = -1.04 dB (Threshold: 5.0 dB)', 'Unfairness: Jain Index = 0.07']",0.06728709865168911,10.860650062561035,-21899.265625,1.5722401,-37.377760887145996,41.19979,0.0036098052165471016,444.09888982772827
Low Load,186,Random,baseline,20,"['Ping-Pong: 13 UEs oscillating', 'QoS Violation: Avg High Prio SINR = -4.60 dB (Threshold: 5.0 dB)', 'Unfairness: Jain Index = 0.03']",0.03333457214948916,-35.181461334228516,-26906.8984375,-5.0930386,-37.37519073486328,20.546618,0.003611098974943161,545.6573367118835
Low Load,187,Random,baseline,22,"['Ping-Pong: 13 UEs oscillating', 'Unfairness: Jain Index = 0.13']",0.1278314251413626,41.42885208129883,-16469.57421875,5.9974422,-37.37519073486328,58.24656,0.003611098974943161,334.0740203857422
Low Load,188,Random,baseline,26,"['Ping-Pong: 15 UEs oscillating', 'Unfairness: Jain Index = 0.10']",0.09506781053844912,45.93268585205078,-5503.53662109375,6.6494384,-6.847069883346558,49.788925,3.708692955970764,111.7951050400734
Low Load,189,Random,baseline,22,"['Ping-Pong: 15 UEs oscillating', 'QoS Violation: Avg High Prio SINR = -0.74 dB (Threshold: 5.0 dB)', 'Unfairness: Jain Index = 0.09']",0.08984867210479935,21.552091598510742,-21908.140625,3.1199849,-37.37519073486328,50.009254,0.003611098974943161,444.2782998085022
Low Load,190,Random,baseline,21,"['Ping-Pong: 16 UEs oscillating', 'QoS Violation: Avg High Prio SINR = -7.12 dB (Threshold: 5.0 dB)', 'Unfairness: Jain Index = 0.07']",0.07286605521703504,1.7590137720108032,-27348.453125,0.2546429,-37.37519073486328,39.552464,0.003611098974943161,554.6019673347473
Low Load,191,Random,baseline,18,"['Ping-Pong: 12 UEs oscillating', 'QoS Violation: Avg High Prio SINR = -8.64 dB (Threshold: 5.0 dB)', 'Unfairness: Jain Index = 0.03']",0.03361583973853064,-11.268363952636719,-27369.15234375,-1.6312631,-37.37519073486328,32.94651,0.003611098974943161,555.0048351287842
Low Load,192,Random,baseline,22,"['Ping-Pong: 12 UEs oscillating', 'Unfairness: Jain Index = 0.10']",0.1006133029684433,23.80194664001465,-16433.58203125,3.4456851,-37.37519073486328,45.8412,0.003611098974943161,333.3219289779663
Low Load,193,Random,baseline,23,"['Ping-Pong: 12 UEs oscillating', 'QoS Violation: Avg High Prio SINR = 4.67 dB (Threshold: 5.0 dB)', 'Unfairness: Jain Index = 0.10']",0.10076506491057123,28.461532592773438,-16453.978515625,4.1202292,-37.37969532012939,47.631714,0.003607217827811837,333.74086022377014
Low Load,194,Random,baseline,17,"['Ping-Pong: 14 UEs oscillating', 'QoS Violation: Avg High Prio SINR = -2.39 dB (Threshold: 5.0 dB)', 'Unfairness: Jain Index = 0.07']",0.07011688112461276,3.0857770442962646,-21920.166015625,0.4467119,-37.37555160522461,40.7858,0.003611098974943161,444.5245563983917
Low Load,195,Random,baseline,21,"['Ping-Pong: 13 UEs oscillating', 'QoS Violation: Avg High Prio SINR = 4.36 dB (Threshold: 5.0 dB)', 'Unfairness: Jain Index = 0.07']",0.07161235787884644,16.972810745239258,-16433.142578125,2.4570653,-37.37519073486328,41.076572,0.003611098974943161,333.3607017993927
Low Load,196,Random,baseline,22,"['Ping-Pong: 10 UEs oscillating', 'QoS Violation: Avg High Prio SINR = 0.55 dB (Threshold: 5.0 dB)', 'Unfairness: Jain Index = 0.12']",0.11704113286627885,64.00397491455078,-10992.927734375,9.265523,-26.195487785339353,66.35671,0.4845105223357679,222.99271821975708
Low Load,197,Random,baseline,21,"['Ping-Pong: 14 UEs oscillating', 'QoS Violation: Avg High Prio SINR = -6.96 dB (Threshold: 5.0 dB)', 'Unfairness: Jain Index = 0.03']",0.033571227941939945,-22.097623825073242,-22344.65625,-3.1989589,-37.38545036315918,26.41912,0.0036033362965099515,453.1717002391815
Low Load,198,Random,baseline,19,"['Ping-Pong: 12 UEs oscillating', 'QoS Violation: Avg High Prio SINR = -1.72 dB (Threshold: 5.0 dB)', 'Unfairness: Jain Index = 0.07']",0.06653844314543307,-0.24770382046699524,-16893.18359375,-0.035858877,-36.439035415649414,34.396248,0.004610296431928874,342.6603376865387
Low Load,199,Random,baseline,24,"['Ping-Pong: 16 UEs oscillating', 'QoS Violation: Avg High Prio SINR = 2.28 dB (Threshold: 5.0 dB)', 'Unfairness: Jain Index = 0.13']",0.13133851628243132,47.6953239440918,-11139.919921875,6.9046054,-30.774333572387693,56.11165,0.0494813993573189,226.0366976261139
Low Load,0,Random,utility,25,"['QoS Violation: Avg High Prio SINR = 3.91 dB (Threshold: 5.0 dB)', 'Unfairness: Jain Index = 0.05']",0.0518292366003847,14.611570358276367,-38.44652557373047,2.115241,-5.503553795814514,23.366741,4.906829357147217,1.0295036481693387
Low Load,1,Random,utility,26,"['QoS Violation: Avg High Prio SINR = 1.95 dB (Threshold: 5.0 dB)', 'Unfairness: Jain Index = 0.05']",0.04514013411225232,25.836740493774414,-35.67665100097656,3.7402513,-4.431342768669128,30.186298,6.075336694717407,0.963737431447953
Low Load,2,Random,utility,24,['Unfairness: Jain Index = 0.07'],0.07344699732797422,33.1408576965332,-36.83863830566406,4.7976317,-5.683223271369934,34.407967,4.727257823944091,0.9793983772397041
Low Load,3,Random,utility,21,"['Ping-Pong: 18 UEs oscillating', 'QoS Violation: Avg High Prio SINR = 3.33 dB (Threshold: 5.0 dB)', 'Unfairness: Jain Index = 0.03']",0.03429594877269608,32.043182373046875,-26.55369758605957,4.638726,-3.4187189102172852,31.967539,7.40391252040863,0.7749173673801124
Low Load,4,Random,utility,25,"['Ping-Pong: 19 UEs oscillating', 'QoS Violation: Avg High Prio SINR = 2.68 dB (Threshold: 5.0 dB)', 'Unfairness: Jain Index = 0.06']",0.0584033226307258,21.23906707763672,-43.91388702392578,3.0746696,-6.397569608688355,28.386173,4.099136364459992,1.1332620633766055
Low Load,5,Random,utility,28,"['Ping-Pong: 18 UEs oscillating', 'QoS Violation: Avg High Prio SINR = 4.95 dB (Threshold: 5.0 dB)', 'Unfairness: Jain Index = 0.06']",0.0588636268703118,41.58060073852539,-49.82661437988281,6.019409,-7.8820170879364015,41.76781,2.990955448150635,1.238237484358251
Low Load,6,Random,utility,22,"['Ping-Pong: 18 UEs oscillating', 'Unfairness: Jain Index = 0.04']",0.044769496094326414,41.55938720703125,-26.08001708984375,6.016339,-4.564191365242005,37.42772,5.923677754402161,0.7546553388237953
Low Load,7,Random,utility,25,"['Ping-Pong: 20 UEs oscillating', 'QoS Violation: Avg High Prio SINR = 0.73 dB (Threshold: 5.0 dB)', 'Unfairness: Jain Index = 0.06']",0.06464465999300249,36.08137893676758,-44.505332946777344,5.223315,-6.364417886734008,37.93036,4.101231718063355,1.1338458862155676
Low Load,8,Random,utility,27,"['Ping-Pong: 19 UEs oscillating', 'QoS Violation: Avg High Prio SINR = 1.63 dB (Threshold: 5.0 dB)', 'Unfairness: Jain Index = 0.04']",0.043487331184403295,32.13825988769531,-30.63426971435547,4.6524897,-4.494340395927429,32.667774,6.001601815223694,0.8546963799744844
Low Load,9,Random,utility,23,"['Ping-Pong: 20 UEs oscillating', 'Unfairness: Jain Index = 0.04']",0.04348128508834823,67.64458465576172,-61.333740234375,9.792558,-5.388423991203308,56.263447,5.033320355415344,1.454503508284688
Low Load,10,Random,utility,24,"['Ping-Pong: 17 UEs oscillating', 'QoS Violation: Avg High Prio SINR = 1.93 dB (Threshold: 5.0 dB)', 'Unfairness: Jain Index = 0.04']",0.04128323703963435,46.337066650390625,-31.813146591186523,6.707977,-5.1454826354980465,41.38692,5.266393303871155,0.8658345323055983
Low Load,11,Random,utility,23,"['Ping-Pong: 14 UEs oscillating', 'Unfairness: Jain Index = 0.04']",0.03577974183594533,55.190406799316406,-22.181062698364258,7.989629,-4.420223140716553,44.755974,6.097102642059326,0.6618638872168958
Low Load,12,Random,utility,24,"['Ping-Pong: 18 UEs oscillating', 'QoS Violation: Avg High Prio SINR = 2.72 dB (Threshold: 5.0 dB)', 'Unfairness: Jain Index = 0.04']",0.03870212444220872,33.06507873535156,-40.30995178222656,4.78666,-7.408556985855102,34.47798,3.2984435200691222,1.0517096379771829
Low Load,13,Random,utility,22,"['Ping-Pong: 17 UEs oscillating', 'Unfairness: Jain Index = 0.11']",0.112093967041127,69.8569564819336,-32.53028869628906,10.112832,-5.981880760192871,56.242165,4.484255993366242,0.8684970089234412
Low Load,14,Random,utility,24,"['Ping-Pong: 18 UEs oscillating', 'Unfairness: Jain Index = 0.04']",0.03659104725244316,33.015010833740234,-38.58757019042969,4.7794127,-6.165261936187744,34.67246,4.274332714080811,1.0167097207158804
Low Load,15,Random,utility,24,"['Ping-Pong: 18 UEs oscillating', 'Unfairness: Jain Index = 0.04']",0.03949012671999433,43.550167083740234,-35.9484977722168,6.304532,-5.35720465183258,40.375908,5.050304698944092,0.9555170545354486
Low Load,16,Random,utility,24,"['Ping-Pong: 19 UEs oscillating', 'QoS Violation: Avg High Prio SINR = 1.89 dB (Threshold: 5.0 dB)', 'Unfairness: Jain Index = 0.10']",0.10034013378926594,34.7720947265625,-44.81242370605469,5.033777,-6.113697862625122,36.35939,4.325740814208984,1.1416036868467927
Low Load,17,Random,utility,24,"['Ping-Pong: 19 UEs oscillating', 'Unfairness: Jain Index = 0.04']",0.03706136596972729,36.86067581176758,-46.656925201416016,5.3361287,-6.937960577011108,39.05012,3.675251913070679,1.1835802579298615
Low Load,18,Random,utility,26,"['Ping-Pong: 18 UEs oscillating', 'QoS Violation: Avg High Prio SINR = 2.73 dB (Threshold: 5.0 dB)', 'Unfairness: Jain Index = 0.04']",0.03512922321501938,25.949573516845703,-44.988746643066406,3.7565863,-7.53335223197937,31.198736,3.207687830924988,1.151231350377202
Low Load,19,Random,utility,28,"['Ping-Pong: 21 UEs oscillating', 'QoS Violation: Avg High Prio SINR = -1.69 dB (Threshold: 5.0 dB)', 'Unfairness: Jain Index = 0.03']",0.03360450131312124,18.769020080566406,-62.397117614746094,2.7170935,-6.48458206653595,28.264702,4.000738847255707,1.5105983475223184
Low Load,20,Random,utility,25,"['Ping-Pong: 22 UEs oscillating', 'Unfairness: Jain Index = 0.03']",0.03386869380485053,26.569255828857422,-44.93657684326172,3.8462932,-6.610254883766174,31.904882,3.927979063987732,1.1497350642457604
Low Load,21,Random,utility,24,"['Ping-Pong: 21 UEs oscillating', 'Unfairness: Jain Index = 0.03']",0.03371337084910259,30.12598991394043,-48.28744125366211,4.3611836,-6.8266549587249745,33.68282,3.8830997109413152,1.2165032094344497
Low Load,22,Random,utility,27,"['Ping-Pong: 21 UEs oscillating', 'Unfairness: Jain Index = 0.07']",0.07126992889830151,63.99419021606445,-27.857749938964844,9.264108,-5.337029385566711,52.367863,5.071649646759033,0.7820955943316221
Low Load,23,Random,utility,24,"['Ping-Pong: 20 UEs oscillating', 'Unfairness: Jain Index = 0.09']",0.09081925040293111,52.56720733642578,-34.64368438720703,7.609883,-5.288579893112182,45.440956,5.1501887321472175,0.9234888129867613
Low Load,24,Random,utility,25,"['Ping-Pong: 23 UEs oscillating', 'QoS Violation: Avg High Prio SINR = 2.32 dB (Threshold: 5.0 dB)', 'Unfairness: Jain Index = 0.05']",0.045897519525518876,23.32862091064453,-94.29804992675781,3.3771634,-11.130503416061401,30.468798,1.5610388755798343,2.1505081094801426
Low Load,25,Random,utility,24,"['Ping-Pong: 21 UEs oscillating', 'QoS Violation: Avg High Prio SINR = 1.07 dB (Threshold: 5.0 dB)', 'Unfairness: Jain Index = 0.03']",0.03344117290324266,26.473567962646484,-4137.24365234375,3.8324418,-8.9323983669281,36.219826,2.6669016122817997,84.0689167380333
Low Load,26,Random,utility,24,"['Ping-Pong: 21 UEs oscillating', 'QoS Violation: Avg High Prio SINR = -2.38 dB (Threshold: 5.0 dB)', 'Unfairness: Jain Index = 0.04']",0.03715516639532651,16.165546417236328,-5686.87353515625,2.3402026,-12.177557992935181,31.639791,1.1673423290252687,115.51037430763245
Low Load,27,Random,utility,24,"['Ping-Pong: 20 UEs oscillating', 'QoS Violation: Avg High Prio SINR = 4.34 dB (Threshold: 5.0 dB)', 'Unfairness: Jain Index = 0.04']",0.03810774304497959,24.353458404541016,-76.42107391357422,3.5255244,-10.239521694183349,32.79533,1.8067518293857576,1.7913734773173928
Low Load,28,Random,utility,23,"['Ping-Pong: 18 UEs oscillating', 'Unfairness: Jain Index = 0.10']",0.0995452172281684,62.14718246459961,-31.64032745361328,8.996725,-4.200468397140503,52.75973,6.3712249279022215,0.8590522920712829
Low Load,29,Random,utility,22,"['Ping-Pong: 16 UEs oscillating', 'Unfairness: Jain Index = 0.04']",0.039491004848510265,54.97652053833008,-69.71454620361328,7.958666,-8.55837104320526,51.561504,2.84747805595398,1.6353907994925976
Low Load,30,Random,utility,26,"['Ping-Pong: 18 UEs oscillating', 'QoS Violation: Avg High Prio SINR = -1.58 dB (Threshold: 5.0 dB)', 'Unfairness: Jain Index = 0.04']",0.03603531061746711,19.798234939575195,-57.31883239746094,2.866088,-8.418030643463135,29.239342,2.686726152896881,1.408140640705824
Low Load,31,Random,utility,27,"['Ping-Pong: 20 UEs oscillating', 'QoS Violation: Avg High Prio SINR = 4.29 dB (Threshold: 5.0 dB)', 'Unfairness: Jain Index = 0.03']",0.034057591270776885,37.13427734375,-101.35745239257812,5.375738,-9.344533491134642,41.48101,2.3605563104152685,2.287567825987935
Low Load,32,Random,utility,25,"['Ping-Pong: 21 UEs oscillating', 'Unfairness: Jain Index = 0.04']",0.04382481406474196,69.0853042602539,-50.41767120361328,10.001122,-7.964754581451415,57.336628,3.1019522786140445,1.2354099890217185
Low Load,33,Random,utility,27,"['Ping-Pong: 22 UEs oscillating', 'Unfairness: Jain Index = 0.04']",0.0410583024372687,39.86319351196289,-5670.7587890625,5.770788,-13.87459659576416,44.76018,0.9274966180324556,115.16029387712479
Low Load,34,Random,utility,28,"['Ping-Pong: 22 UEs oscillating', 'Unfairness: Jain Index = 0.05']",0.04720666571786581,30.34217643737793,-77.3780517578125,4.3924794,-11.309296321868896,36.903618,1.410366040468216,1.8101208843290806
Low Load,35,Random,utility,26,"['Ping-Pong: 23 UEs oscillating', 'QoS Violation: Avg High Prio SINR = -0.47 dB (Threshold: 5.0 dB)', 'Unfairness: Jain Index = 0.05']",0.05450690964234296,20.002561569213867,-2045.9886474609375,2.895667,-13.195767736434936,35.933353,0.959085649251938,41.70920327305794
Low Load,36,Random,utility,27,"['Ping-Pong: 23 UEs oscillating', 'Unfairness: Jain Index = 0.08']",0.08371742484416425,75.87651062011719,-100.84003448486328,10.98425,-8.241566729545593,65.3054,2.8219113230705264,2.258304273709655
Low Load,37,Random,utility,28,"['Ping-Pong: 24 UEs oscillating', 'Unfairness: Jain Index = 0.06']",0.05867507325867775,62.851318359375,-80.70994567871094,9.098659,-10.159881877899169,56.877037,2.038379800319672,1.8566439393907785
Low Load,38,Random,utility,24,"['Ping-Pong: 24 UEs oscillating', 'Unfairness: Jain Index = 0.06']",0.06393809600711976,30.77526092529297,-145.85592651367188,4.455176,-11.737180423736572,41.392654,1.4067473590373996,3.191309981048107
Low Load,39,Random,utility,26,"['Ping-Pong: 22 UEs oscillating', 'QoS Violation: Avg High Prio SINR = -0.16 dB (Threshold: 5.0 dB)', 'Unfairness: Jain Index = 0.06']",0.05523053041764459,20.684017181396484,-6985.7802734375,2.9943187,-25.787999534606932,41.123158,0.1144482241943479,141.80247485637665
Low Load,40,Random,utility,25,"['Ping-Pong: 20 UEs oscillating', 'QoS Violation: Avg High Prio SINR = 4.52 dB (Threshold: 5.0 dB)', 'Unfairness: Jain Index = 0.04']",0.035575327490894794,15.19644546508789,-5615.20068359375,2.1999118,-15.639695358276366,32.619034,0.7878332972526553,114.01865631341934
Low Load,41,Random,utility,25,"['Ping-Pong: 22 UEs oscillating', 'Unfairness: Jain Index = 0.08']",0.08358486190236575,61.82868957519531,-131.26358032226562,8.95062,-13.966900825500488,56.985367,0.8374749571084977,2.879153238609433
Low Load,42,Random,utility,24,"['Ping-Pong: 21 UEs oscillating', 'Unfairness: Jain Index = 0.04']",0.040883020850726384,59.254215240478516,-45.297794342041016,8.577926,-7.820350694656372,51.47254,3.0954764604568483,1.1386651312932372
Low Load,43,Random,utility,24,"['Ping-Pong: 21 UEs oscillating', 'QoS Violation: Avg High Prio SINR = 1.32 dB (Threshold: 5.0 dB)', 'Unfairness: Jain Index = 0.04']",0.035518537397277034,12.755714416503906,-3152.2412109375,1.8465786,-28.393663597106933,35.5721,0.0324820701032877,64.12751227617264
Low Load,44,Random,utility,26,"['Ping-Pong: 19 UEs oscillating', 'QoS Violation: Avg High Prio SINR = -0.28 dB (Threshold: 5.0 dB)', 'Unfairness: Jain Index = 0.03']",0.03428675925907967,32.293861389160156,-5687.72314453125,4.675016,-16.923842668533325,43.862667,0.4045470789074898,115.47524482011795
Low Load,45,Random,utility,28,"['Ping-Pong: 20 UEs oscillating', 'Unfairness: Jain Index = 0.05']",0.04557604513151922,59.0813102722168,-5631.501953125,8.5528965,-7.720872950553893,54.187374,3.290507888793946,114.37298357486725
Low Load,46,Random,utility,25,"['Ping-Pong: 22 UEs oscillating', 'QoS Violation: Avg High Prio SINR = -3.59 dB (Threshold: 5.0 dB)', 'Unfairness: Jain Index = 0.04']",0.03932973157577378,25.66781234741211,-7416.89892578125,3.7157962,-25.285897731781002,42.293343,0.18831915818154818,150.56973695755005
Low Load,47,Random,utility,24,"['Ping-Pong: 20 UEs oscillating', 'QoS Violation: Avg High Prio SINR = -1.26 dB (Threshold: 5.0 dB)', 'Unfairness: Jain Index = 0.04']",0.04488131121749432,35.026737213134766,-5627.9736328125,5.0706396,-12.11091146469116,44.24484,1.5027541697025302,114.3224760890007
Low Load,48,Random,utility,25,"['Ping-Pong: 18 UEs oscillating', 'QoS Violation: Avg High Prio SINR = 2.60 dB (Threshold: 5.0 dB)', 'Unfairness: Jain Index = 0.06']",0.06462595591248531,23.414899826049805,-5859.615234375,3.389654,-26.702869224548337,40.046238,0.13260488007217652,118.9827173948288
Low Load,49,Random,utility,29,"['Ping-Pong: 21 UEs oscillating', 'QoS Violation: Avg High Prio SINR = 3.08 dB (Threshold: 5.0 dB)', 'Unfairness: Jain Index = 0.04']",0.044705887555435427,40.39389419555664,-7128.38037109375,5.847615,-21.429685783386226,50.139378,1.203455674089492,144.71544325351715
Low Load,50,Random,utility,27,"['Ping-Pong: 23 UEs oscillating', 'QoS Violation: Avg High Prio SINR = -9.56 dB (Threshold: 5.0 dB)', 'Unfairness: Jain Index = 0.04']",0.03890992691993584,-25.712968826293945,-22092.638671875,-3.7223337,-37.416680335998535,22.170313,0.003576872847042978,448.0465352535248
Low Load,51,Random,utility,27,"['Ping-Pong: 25 UEs oscillating', 'QoS Violation: Avg High Prio SINR = 4.42 dB (Threshold: 5.0 dB)', 'Unfairness: Jain Index = 0.03']",0.03404020771799803,5.292513847351074,-11151.7822265625,0.76617014,-28.75479583740234,33.050182,0.1354924004990608,226.2754887342453
Low Load,52,Random,utility,24,"['Ping-Pong: 20 UEs oscillating', 'QoS Violation: Avg High Prio SINR = -1.45 dB (Threshold: 5.0 dB)', 'Unfairness: Jain Index = 0.06']",0.0645970716238204,12.414653778076172,-7567.6826171875,1.7972056,-29.88566827774048,37.970467,0.02025595223531127,153.5836160182953
Low Load,53,Random,utility,28,"['Ping-Pong: 22 UEs oscillating', 'QoS Violation: Avg High Prio SINR = 4.06 dB (Threshold: 5.0 dB)', 'Unfairness: Jain Index = 0.09']",0.094253964713465,46.31926345825195,-12225.771484375,6.7054005,-34.47152872085571,54.70566,0.009176758304238322,247.9519248008728
Low Load,54,Random,utility,25,"['Ping-Pong: 20 UEs oscillating', 'QoS Violation: Avg High Prio SINR = -1.92 dB (Threshold: 5.0 dB)', 'Unfairness: Jain Index = 0.04']",0.03737041952655831,14.753105163574219,-13402.916015625,2.135731,-35.78404941558838,37.67578,0.0056557109579443935,271.8718349933624
Low Load,55,Random,utility,27,"['Ping-Pong: 23 UEs oscillating', 'QoS Violation: Avg High Prio SINR = -1.53 dB (Threshold: 5.0 dB)', 'Unfairness: Jain Index = 0.03']",0.03334435335368321,-4.280623435974121,-14155.0263671875,-0.6196837,-36.22487125396729,29.236334,0.004920287313871086,287.1314287185669
Low Load,56,Random,utility,25,"['Ping-Pong: 21 UEs oscillating', 'QoS Violation: Avg High Prio SINR = -0.64 dB (Threshold: 5.0 dB)', 'Unfairness: Jain Index = 0.03']",0.033369791787868024,-4.019747257232666,-11086.35546875,-0.5819179,-28.125591087341306,26.419844,0.18506287680938846,224.9538153409958
Low Load,57,Random,utility,25,"['Ping-Pong: 21 UEs oscillating', 'Unfairness: Jain Index = 0.05']",0.04680263501666571,40.152984619140625,-16688.4765625,5.8127394,-37.39979286193848,53.49388,0.0035909866564907134,338.43719959259033
Low Load,58,Random,utility,28,"['Ping-Pong: 22 UEs oscillating', 'QoS Violation: Avg High Prio SINR = 1.38 dB (Threshold: 5.0 dB)', 'Unfairness: Jain Index = 0.06']",0.06365079063897586,14.63123893737793,-16626.404296875,2.1180892,-37.40836944580078,39.491783,0.003584517864510417,337.16216683387756
Low Load,59,Random,utility,27,"['Ping-Pong: 22 UEs oscillating', 'Unfairness: Jain Index = 0.07']",0.06680254199273614,53.816383361816406,-6600.0986328125,7.790718,-24.556750965118404,57.121838,0.1515867214649916,134.02582705020905
Low Load,60,Random,utility,26,"['Ping-Pong: 23 UEs oscillating', 'Unfairness: Jain Index = 0.09']",0.09167686469339283,47.004905700683594,-5675.4130859375,6.804658,-19.565032482147217,52.984573,0.22514119669795038,115.27072638273239
Low Load,61,Random,utility,27,"['Ping-Pong: 24 UEs oscillating', 'Unfairness: Jain Index = 0.08']",0.07665273134204403,38.14043045043945,-6156.9287109375,5.521393,-25.253426551818848,47.712574,0.05881425533443689,125.03120303153992
Low Load,62,Random,utility,26,"['Ping-Pong: 24 UEs oscillating', 'QoS Violation: Avg High Prio SINR = 0.49 dB (Threshold: 5.0 dB)', 'Unfairness: Jain Index = 0.07']",0.0686807756970624,14.685554504394531,-21983.34375,2.1259513,-37.3841609954834,43.268417,0.0036046300549060105,445.78105211257935
Low Load,63,Random,utility,24,"['Ping-Pong: 22 UEs oscillating', 'Unfairness: Jain Index = 0.09']",0.09312163932970927,42.03386306762695,-107.65049743652344,6.0850244,-12.76501235961914,45.631916,1.0925804466009141,2.4186321534216404
Low Load,64,Random,utility,27,"['Ping-Pong: 22 UEs oscillating', 'Unfairness: Jain Index = 0.07']",0.0695705427630379,39.637664794921875,-8582.029296875,5.7381387,-23.60494003295898,48.661804,0.8784874553792182,174.1524636745453
Low Load,65,Random,utility,26,"['Ping-Pong: 22 UEs oscillating', 'Unfairness: Jain Index = 0.06']",0.06202032076019492,17.158710479736328,-21972.431640625,2.4839778,-37.385503959655765,44.167797,0.0036040423437952995,445.49229741096497
Low Load,66,Random,utility,26,"['Ping-Pong: 23 UEs oscillating', 'Unfairness: Jain Index = 0.10']",0.10265566410034369,52.68098831176758,-11022.5810546875,7.6263547,-27.009217643737788,58.28179,0.32307831272482884,223.60427677631378
Low Load,67,Random,utility,27,"['Ping-Pong: 23 UEs oscillating', 'Unfairness: Jain Index = 0.08']",0.0847000794529245,31.00347137451172,-11049.927734375,4.4882116,-24.983103561401364,44.240417,0.8796442203223709,224.17759895324707
Low Load,68,Random,utility,27,"['Ping-Pong: 24 UEs oscillating', 'QoS Violation: Avg High Prio SINR = -10.92 dB (Threshold: 5.0 dB)', 'Unfairness: Jain Index = 0.25']",0.2525138856970185,-40.25408935546875,-22061.8203125,-5.827376,-37.39024887084961,13.660747,0.003598631848581135,447.4295675754547
Low Load,69,Random,utility,24,"['Ping-Pong: 22 UEs oscillating', 'Unfairness: Jain Index = 0.03']",0.03368330524176457,16.42394256591797,-11011.5146484375,2.3776093,-27.58991546630859,35.1403,0.24164151176810275,223.45182299613953
Low Load,70,Random,utility,26,"['Ping-Pong: 21 UEs oscillating', 'Unfairness: Jain Index = 0.10']",0.09827456491541159,59.233848571777344,-11074.1845703125,8.574978,-23.77597217559814,61.67089,1.5658697478473194,224.6820032596588
Low Load,71,Random,utility,25,"['Ping-Pong: 21 UEs oscillating', 'QoS Violation: Avg High Prio SINR = 0.58 dB (Threshold: 5.0 dB)', 'Unfairness: Jain Index = 0.11']",0.11324841105582877,31.65030288696289,-11196.0703125,4.5818505,-28.681677436828608,48.94814,0.1398720912635327,227.16489434242249
Low Load,72,Random,utility,27,"['Ping-Pong: 21 UEs oscillating', 'QoS Violation: Avg High Prio SINR = -3.52 dB (Threshold: 5.0 dB)', 'Unfairness: Jain Index = 0.08']",0.07501054420523542,20.881614685058594,-14874.2001953125,3.0229237,-36.717399787902835,42.97556,0.004262071731500328,301.6979396343231
Low Load,73,Random,utility,28,"['Ping-Pong: 22 UEs oscillating', 'QoS Violation: Avg High Prio SINR = -8.04 dB (Threshold: 5.0 dB)', 'Unfairness: Jain Index = 0.03']",0.03335675441242565,-17.8452091217041,-25982.701171875,-2.5833583,-37.38268413543701,27.307278,0.0036046300549060105,526.8905758857727
Low Load,74,Random,utility,26,"['Ping-Pong: 24 UEs oscillating', 'Unfairness: Jain Index = 0.05']",0.054803645026664675,38.22220230102539,-13686.451171875,5.533231,-35.93179149627686,54.676083,0.005387137294746936,277.653306722641
Low Load,75,Random,utility,26,"['Ping-Pong: 23 UEs oscillating', 'QoS Violation: Avg High Prio SINR = 2.69 dB (Threshold: 5.0 dB)', 'Unfairness: Jain Index = 0.04']",0.03735638551193523,-1.7610340118408203,-16629.310546875,-0.2549357,-37.382385063171384,32.54276,0.0036059240694157777,337.2803032398224
Low Load,76,Random,utility,28,"['Ping-Pong: 23 UEs oscillating', 'QoS Violation: Avg High Prio SINR = 1.21 dB (Threshold: 5.0 dB)', 'Unfairness: Jain Index = 0.07']",0.0733335217874278,11.345194816589355,-21956.40625,1.6423849,-37.37548656463623,44.223648,0.003611098974943161,445.25760412216187
Low Load,77,Random,utility,27,"['Ping-Pong: 25 UEs oscillating', 'Unfairness: Jain Index = 0.09']",0.09362927398078869,38.82373046875,-16442.0859375,5.620311,-37.3758768081665,55.210308,0.003611098974943161,333.50127935409546
Low Load,78,Random,utility,24,"['Ping-Pong: 24 UEs oscillating', 'QoS Violation: Avg High Prio SINR = 4.66 dB (Threshold: 5.0 dB)', 'Unfairness: Jain Index = 0.10']",0.10225075777240075,45.012351989746094,-5536.5390625,6.5162053,-12.05249271392822,50.649055,1.5102325975894932,112.46123909950256
Low Load,79,Random,utility,26,"['Ping-Pong: 23 UEs oscillating', 'QoS Violation: Avg High Prio SINR = 0.07 dB (Threshold: 5.0 dB)', 'Unfairness: Jain Index = 0.07']",0.06672331477877055,-10.331979751586914,-22014.689453125,-1.4957078,-37.37519073486328,32.76171,0.003611098974943161,446.4753270149231
Low Load,80,Random,utility,24,"['Ping-Pong: 21 UEs oscillating', 'Unfairness: Jain Index = 0.04']",0.04271547262514396,7.592455863952637,-24128.51171875,1.0991207,-37.37558097839356,45.18096,0.003611098974943161,489.2953038215637
Low Load,81,Random,utility,24,"['Ping-Pong: 20 UEs oscillating', 'QoS Violation: Avg High Prio SINR = -8.83 dB (Threshold: 5.0 dB)', 'Unfairness: Jain Index = 0.03']",0.03417845449383501,-7.867785930633545,-16699.98828125,-1.1389793,-37.37519073486328,31.19344,0.003611098974943161,338.7632966041565
Low Load,82,Random,utility,27,"['Ping-Pong: 20 UEs oscillating', 'Unfairness: Jain Index = 0.10']",0.10461180638372097,75.8419189453125,-10959.8662109375,10.979242,-23.618503379821775,69.08847,1.685989152640105,222.34947979450226
Low Load,83,Random,utility,26,"['Ping-Pong: 21 UEs oscillating', 'QoS Violation: Avg High Prio SINR = 4.84 dB (Threshold: 5.0 dB)', 'Unfairness: Jain Index = 0.10']",0.09562970640807368,10.74440860748291,-16526.7109375,1.5554124,-37.37519073486328,41.03154,0.003611098974943161,335.206001996994
Low Load,84,Random,utility,25,"['Ping-Pong: 21 UEs oscillating', 'QoS Violation: Avg High Prio SINR = -1.84 dB (Threshold: 5.0 dB)', 'Unfairness: Jain Index = 0.03']",0.033341753467864936,-19.77591896057129,-11871.4013671875,-2.862857,-33.27447681427002,22.21856,0.01523040579631925,240.82167446613312
Low Load,85,Random,utility,24,"['Ping-Pong: 18 UEs oscillating', 'QoS Violation: Avg High Prio SINR = -3.37 dB (Threshold: 5.0 dB)', 'Unfairness: Jain Index = 0.04']",0.04185172203211269,-15.203914642333984,-21978.07421875,-2.2009919,-37.37577610015869,30.008106,0.003611098974943161,445.68273425102234
Low Load,86,Random,utility,27,"['Ping-Pong: 19 UEs oscillating', 'Unfairness: Jain Index = 0.07']",0.06846803332289182,4.003085136413574,-16514.853515625,0.5795062,-37.375287246704104,37.252537,0.003611098974943161,335.02140641212463
Low Load,87,Random,utility,26,"['Ping-Pong: 21 UEs oscillating', 'QoS Violation: Avg High Prio SINR = -2.16 dB (Threshold: 5.0 dB)', 'Unfairness: Jain Index = 0.05']",0.05348489262252739,-4.84262752532959,-21914.884765625,-0.70104223,-37.37780704498291,39.073666,0.0036098052165471016,444.42638754844666
Low Load,88,Random,utility,26,"['Ping-Pong: 23 UEs oscillating', 'QoS Violation: Avg High Prio SINR = 1.09 dB (Threshold: 5.0 dB)', 'Unfairness: Jain Index = 0.06']",0.06427768603197072,15.06966781616211,-16665.439453125,2.1815581,-37.3980094909668,42.911114,0.0035929861012846233,338.0061388015747
Low Load,89,Random,utility,28,"['Ping-Pong: 23 UEs oscillating', 'QoS Violation: Avg High Prio SINR = 4.99 dB (Threshold: 5.0 dB)', 'Unfairness: Jain Index = 0.07']",0.06912686924791811,15.045181274414062,-11943.6201171875,2.178013,-33.885040283203125,41.73284,0.011675564385950568,242.34208464622498
Low Load,90,Random,utility,25,"['Ping-Pong: 23 UEs oscillating', 'Unfairness: Jain Index = 0.11']",0.10603650792837578,32.21874237060547,-10998.458984375,4.6641397,-27.00743837356567,48.59497,0.32336520180106176,223.1825888156891
Low Load,91,Random,utility,25,"['Ping-Pong: 23 UEs oscillating', 'Unfairness: Jain Index = 0.07']",0.06900476826608495,28.534643173217773,-21555.111328125,4.130813,-37.37650413513184,53.893284,0.0036098052165471016,437.1558725833893
Low Load,92,Random,utility,24,"['Ping-Pong: 20 UEs oscillating', 'QoS Violation: Avg High Prio SINR = -3.21 dB (Threshold: 5.0 dB)', 'Unfairness: Jain Index = 0.04']",0.037606325505818425,-7.608282089233398,-21969.56640625,-1.1014125,-37.37519283294678,32.831837,0.003611098974943161,445.5909729003906
Low Load,93,Random,utility,26,"['Ping-Pong: 21 UEs oscillating', 'QoS Violation: Avg High Prio SINR = -6.98 dB (Threshold: 5.0 dB)', 'Unfairness: Jain Index = 0.03']",0.033444867232136626,-12.714742660522461,-27459.65234375,-1.8406471,-37.38230323791504,32.03496,0.0036059240694157777,556.8236708641052
Low Load,94,Random,utility,26,"['Ping-Pong: 22 UEs oscillating', 'QoS Violation: Avg High Prio SINR = -5.26 dB (Threshold: 5.0 dB)', 'Unfairness: Jain Index = 0.06']",0.05560149190053882,-31.820533752441406,-22008.615234375,-4.6064944,-37.383494758605956,15.407299,0.003604865539819002,446.32476568222046
Low Load,95,Random,utility,23,"['Ping-Pong: 20 UEs oscillating', 'QoS Violation: Avg High Prio SINR = -5.08 dB (Threshold: 5.0 dB)', 'Unfairness: Jain Index = 0.07']",0.07124393067989554,27.8767147064209,-18175.59375,4.0355678,-37.37519073486328,50.595375,0.003611098974943161,368.63285303115845
Low Load,96,Random,utility,25,"['Ping-Pong: 18 UEs oscillating', 'QoS Violation: Avg High Prio SINR = 4.58 dB (Threshold: 5.0 dB)', 'Unfairness: Jain Index = 0.07']",0.07291419224001329,16.43661117553711,-21917.587890625,2.3794441,-37.37850360870361,44.954136,0.0036085114581510423,444.5175230503082
Low Load,97,Random,utility,26,"['Ping-Pong: 18 UEs oscillating', 'QoS Violation: Avg High Prio SINR = 0.95 dB (Threshold: 5.0 dB)', 'Unfairness: Jain Index = 0.10']",0.10480270169542172,32.22335433959961,-16452.0,4.6648073,-37.37519073486328,51.852432,0.003611098974943161,333.69195461273193
Low Load,98,Random,utility,24,"['Ping-Pong: 20 UEs oscillating', 'QoS Violation: Avg High Prio SINR = 0.73 dB (Threshold: 5.0 dB)', 'Unfairness: Jain Index = 0.08']",0.08162987313020126,25.428335189819336,-21910.234375,3.6811278,-37.37564811706543,51.02,0.003611098974943161,444.3248510360718
Low Load,99,Random,utility,25,"['Ping-Pong: 20 UEs oscillating', 'QoS Violation: Avg High Prio SINR = 0.04 dB (Threshold: 5.0 dB)', 'Unfairness: Jain Index = 0.07']",0.06667372827180976,-11.275703430175781,-21577.822265625,-1.6323249,-37.375727844238284,31.626644,0.003611098974943161,437.6049339771271
Low Load,100,Random,utility,28,"['Ping-Pong: 19 UEs oscillating', 'QoS Violation: Avg High Prio SINR = -0.41 dB (Threshold: 5.0 dB)', 'Unfairness: Jain Index = 0.08']",0.08074109007817849,15.312387466430664,-21964.412109375,2.2166944,-37.3846155166626,43.085644,0.0036035715253092348,445.40512561798096
Low Load,101,Random,utility,23,"['Ping-Pong: 18 UEs oscillating', 'QoS Violation: Avg High Prio SINR = -6.15 dB (Threshold: 5.0 dB)', 'Unfairness: Jain Index = 0.03']",0.033335439010334096,-23.63979721069336,-16541.607421875,-3.4222112,-37.37519073486328,21.66781,0.003611098974943161,335.5662524700165
Low Load,102,Random,utility,27,"['Ping-Pong: 21 UEs oscillating', 'QoS Violation: Avg High Prio SINR = 3.50 dB (Threshold: 5.0 dB)', 'Unfairness: Jain Index = 0.04']",0.038409002385152345,-15.561419486999512,-27459.193359375,-2.252746,-37.38806972503662,32.18274,0.003600748907774687,556.8076372146606
Low Load,103,Random,utility,25,"['Ping-Pong: 19 UEs oscillating', 'QoS Violation: Avg High Prio SINR = -1.94 dB (Threshold: 5.0 dB)', 'Unfairness: Jain Index = 0.03']",0.03336552020789467,-22.84966278076172,-27386.708984375,-3.3078277,-37.37519073486328,25.910345,0.003611098974943161,555.4125905036926
Low Load,104,Random,utility,24,"['Ping-Pong: 17 UEs oscillating', 'QoS Violation: Avg High Prio SINR = -4.01 dB (Threshold: 5.0 dB)', 'Unfairness: Jain Index = 0.06']",0.06225872352364758,8.314743041992188,-16478.51953125,1.2036824,-37.37519073486328,38.089146,0.003611098974943161,334.27175879478455
Low Load,105,Random,utility,28,"['Ping-Pong: 19 UEs oscillating', 'QoS Violation: Avg High Prio SINR = 0.20 dB (Threshold: 5.0 dB)', 'Unfairness: Jain Index = 0.06']",0.06393320857605504,-20.37080955505371,-27420.84375,-2.948976,-37.375979614257815,31.263115,0.003611098974943161,556.0668110847473
Low Load,106,Random,utility,25,"['Ping-Pong: 21 UEs oscillating', 'QoS Violation: Avg High Prio SINR = -1.25 dB (Threshold: 5.0 dB)', 'Unfairness: Jain Index = 0.07']",0.07288420390667212,16.808015823364258,-16483.6875,2.4332092,-37.37537746429443,41.40711,0.003611098974943161,334.3600630760193
Low Load,107,Random,utility,28,"['Ping-Pong: 23 UEs oscillating', 'Unfairness: Jain Index = 0.09']",0.09444873934414129,8.21694278717041,-21926.720703125,1.1895248,-37.38164443969727,40.221233,0.0036059240694157777,444.65172290802
Low Load,108,Random,utility,25,"['Ping-Pong: 20 UEs oscillating', 'Unfairness: Jain Index = 0.08']",0.07941753824408596,17.998571395874023,-16490.06640625,2.60556,-37.37519073486328,42.45126,0.003611098974943161,334.4569206237793
Low Load,109,Random,utility,27,"['Ping-Pong: 21 UEs oscillating', 'QoS Violation: Avg High Prio SINR = 0.05 dB (Threshold: 5.0 dB)', 'Unfairness: Jain Index = 0.10']",0.09767759624064404,14.52001953125,-27940.658203125,2.1019876,-37.377265739440915,50.527866,0.0036098052165471016,566.5227770805359
Low Load,110,Random,utility,24,"['Ping-Pong: 19 UEs oscillating', 'QoS Violation: Avg High Prio SINR = 4.14 dB (Threshold: 5.0 dB)', 'Unfairness: Jain Index = 0.17']",0.16643704485160474,59.62702560424805,-5560.40673828125,8.631895,-13.927402544021607,63.453293,0.7832121074199676,112.93920874595642
Low Load,111,Random,utility,29,"['Ping-Pong: 22 UEs oscillating', 'QoS Violation: Avg High Prio SINR = 4.66 dB (Threshold: 5.0 dB)', 'Unfairness: Jain Index = 0.07']",0.06773336124813492,16.698776245117188,-11209.2431640625,2.4173949,-30.996138954162596,41.314648,0.04439778849482538,227.46023535728455
Low Load,112,Random,utility,25,"['Ping-Pong: 19 UEs oscillating', 'QoS Violation: Avg High Prio SINR = 2.47 dB (Threshold: 5.0 dB)', 'Unfairness: Jain Index = 0.03']",0.03391831805997491,6.230853080749512,-16495.646484375,0.90200794,-37.37519073486328,34.296825,0.003611098974943161,334.6269428730011
Low Load,113,Random,utility,22,"['Ping-Pong: 18 UEs oscillating', 'QoS Violation: Avg High Prio SINR = 0.18 dB (Threshold: 5.0 dB)', 'Unfairness: Jain Index = 0.07']",0.06527787876977797,10.879833221435547,-18458.0,1.5750172,-37.37519073486328,41.31299,0.003611098974943161,374.3818700313568
Low Load,114,Random,utility,25,"['Ping-Pong: 17 UEs oscillating', 'QoS Violation: Avg High Prio SINR = -13.89 dB (Threshold: 5.0 dB)', 'Unfairness: Jain Index = 0.03']",0.03333465262161076,-50.92919158935547,-38545.58203125,-7.372756,-37.41622123718262,19.725178,0.0035778138670139016,781.5130352973938
Low Load,115,Random,utility,26,"['Ping-Pong: 17 UEs oscillating', 'QoS Violation: Avg High Prio SINR = -12.11 dB (Threshold: 5.0 dB)', 'Unfairness: Jain Index = 0.03']",0.03333443709913177,-35.55558395385742,-25016.841796875,-5.147198,-37.37519073486328,20.514484,0.003611098974943161,507.36016035079956
Low Load,116,Random,utility,28,"['Ping-Pong: 22 UEs oscillating', 'QoS Violation: Avg High Prio SINR = -12.13 dB (Threshold: 5.0 dB)', 'Unfairness: Jain Index = 0.03']",0.033351627454609255,-32.725154876708984,-22065.6953125,-4.7374516,-37.37519073486328,23.142023,0.003611098974943161,447.54427671432495
Low Load,117,Random,utility,28,"['Ping-Pong: 24 UEs oscillating', 'QoS Violation: Avg High Prio SINR = -6.36 dB (Threshold: 5.0 dB)', 'Unfairness: Jain Index = 0.04']",0.044773708127749404,-22.227251052856445,-21962.265625,-3.2177243,-37.37519073486328,26.362982,0.003611098974943161,445.45480608940125
Low Load,118,Random,utility,26,"['Ping-Pong: 23 UEs oscillating', 'QoS Violation: Avg High Prio SINR = 1.17 dB (Threshold: 5.0 dB)', 'Unfairness: Jain Index = 0.04']",0.040314458460901675,-24.72772789001465,-20031.236328125,-3.5797064,-37.37519073486328,26.399118,0.003611098974943161,406.28814697265625
Low Load,119,Random,utility,28,"['Ping-Pong: 24 UEs oscillating', 'QoS Violation: Avg High Prio SINR = 3.42 dB (Threshold: 5.0 dB)', 'Unfairness: Jain Index = 0.08']",0.07542043777592611,22.60698127746582,-18808.515625,3.2726958,-37.37519073486328,48.22025,0.003611098974943161,381.4846873283386
Low Load,120,Random,utility,26,"['Ping-Pong: 22 UEs oscillating', 'QoS Violation: Avg High Prio SINR = -0.43 dB (Threshold: 5.0 dB)', 'Unfairness: Jain Index = 0.07']",0.06917900311938509,22.841279983520508,-16504.419921875,3.306614,-37.37519073486328,47.048496,0.003611098974943161,334.7868323326111
Low Load,121,Random,utility,26,"['Ping-Pong: 23 UEs oscillating', 'QoS Violation: Avg High Prio SINR = -13.29 dB (Threshold: 5.0 dB)', 'Unfairness: Jain Index = 0.08']",0.07917423746458906,14.340240478515625,-22394.955078125,2.0759618,-37.37519073486328,48.319485,0.003611098974943161,454.1897475719452
Low Load,122,Random,utility,26,"['Ping-Pong: 21 UEs oscillating', 'QoS Violation: Avg High Prio SINR = 1.85 dB (Threshold: 5.0 dB)', 'Unfairness: Jain Index = 0.07']",0.07281893471601819,-2.5594236850738525,-25550.458984375,-0.37051424,-37.37563133239746,39.935654,0.003611098974943161,518.1090235710144
Low Load,123,Random,utility,28,"['Ping-Pong: 20 UEs oscillating', 'QoS Violation: Avg High Prio SINR = -0.74 dB (Threshold: 5.0 dB)', 'Unfairness: Jain Index = 0.06']",0.058290728831508855,13.302240371704102,-11073.2529296875,1.9256966,-28.58220405578613,39.192795,0.14699727222323422,224.72356259822845
Low Load,124,Random,utility,27,"['Ping-Pong: 21 UEs oscillating', 'Unfairness: Jain Index = 0.17']",0.16767993802314368,73.77584838867188,-5534.908203125,10.680149,-12.508334350585937,69.177704,1.0891860008239747,112.41255700588226
Low Load,125,Random,utility,27,"['Ping-Pong: 23 UEs oscillating', 'QoS Violation: Avg High Prio SINR = 4.92 dB (Threshold: 5.0 dB)', 'Unfairness: Jain Index = 0.04']",0.03875823709625408,-11.615557670593262,-18932.37890625,-1.6815248,-37.37519073486328,29.619385,0.003611098974943161,383.98247957229614
Low Load,126,Random,utility,26,"['Ping-Pong: 22 UEs oscillating', 'Unfairness: Jain Index = 0.15']",0.15489552082712818,69.02879333496094,-16445.248046875,9.99294,-37.37547607421875,73.60379,0.003611098974943161,333.50470662117004
Low Load,127,Random,utility,29,"['Ping-Pong: 22 UEs oscillating', 'Unfairness: Jain Index = 0.15']",0.15464557553201944,68.13152313232422,-16444.140625,9.863049,-37.375507545471194,71.93407,0.003611098974943161,333.54759216308594
Low Load,128,Random,utility,26,"['Ping-Pong: 24 UEs oscillating', 'QoS Violation: Avg High Prio SINR = -6.22 dB (Threshold: 5.0 dB)', 'Unfairness: Jain Index = 0.08']",0.07557915730659248,15.971715927124023,-16638.822265625,2.3121424,-37.37519073486328,42.739082,0.003611098974943161,337.51657605171204
Low Load,129,Random,utility,28,"['Ping-Pong: 24 UEs oscillating', 'QoS Violation: Avg High Prio SINR = 4.61 dB (Threshold: 5.0 dB)', 'Unfairness: Jain Index = 0.15']",0.14750154997400142,61.813480377197266,-11049.8916015625,8.948417,-28.38842668533325,66.798965,0.16197711452841765,224.20388460159302
Low Load,130,Random,utility,28,"['Ping-Pong: 22 UEs oscillating', 'QoS Violation: Avg High Prio SINR = -0.83 dB (Threshold: 5.0 dB)', 'Unfairness: Jain Index = 0.07']",0.06587936343914842,-6.168107986450195,-26672.955078125,-0.89292526,-37.37519073486328,37.84933,0.003611098974943161,540.9002900123596
Low Load,131,Random,utility,27,"['Ping-Pong: 24 UEs oscillating', 'QoS Violation: Avg High Prio SINR = -11.91 dB (Threshold: 5.0 dB)', 'Unfairness: Jain Index = 0.07']",0.06666793706106292,-18.66016960144043,-16827.591796875,-2.7013366,-37.37519073486328,28.854572,0.003611098974943161,341.36253595352173
Low Load,132,Random,utility,26,"['Ping-Pong: 24 UEs oscillating', 'QoS Violation: Avg High Prio SINR = 1.83 dB (Threshold: 5.0 dB)', 'Unfairness: Jain Index = 0.11']",0.10624924041908197,46.007057189941406,-16489.02734375,6.660203,-37.37519073486328,59.064182,0.003611098974943161,334.4263434410095
Low Load,133,Random,utility,28,"['Ping-Pong: 22 UEs oscillating', 'QoS Violation: Avg High Prio SINR = -6.74 dB (Threshold: 5.0 dB)', 'Unfairness: Jain Index = 0.06']",0.05963746062656877,7.587216377258301,-16960.107421875,1.0983618,-37.37519073486328,37.224854,0.003611098974943161,344.03467178344727
Low Load,134,Random,utility,26,"['Ping-Pong: 21 UEs oscillating', 'QoS Violation: Avg High Prio SINR = 0.96 dB (Threshold: 5.0 dB)', 'Unfairness: Jain Index = 0.09']",0.09048734677992,19.480331420898438,-21987.86328125,2.820066,-37.37519073486328,48.093185,0.003611098974943161,445.9468722343445
Low Load,135,Random,utility,24,"['Ping-Pong: 20 UEs oscillating', 'Unfairness: Jain Index = 0.13']",0.13436574686482358,44.18769073486328,-13936.390625,6.396823,-36.159256553649904,59.850132,0.005013542249798776,282.6785147190094
Low Load,136,Random,utility,26,"['Ping-Pong: 18 UEs oscillating', 'QoS Violation: Avg High Prio SINR = -13.89 dB (Threshold: 5.0 dB)', 'Unfairness: Jain Index = 0.07']",0.06834886625935807,-14.1051025390625,-32944.93359375,-2.0419228,-37.39395313262939,37.399788,0.0035956912557594477,668.0611968040466
Low Load,137,Random,utility,26,"['Ping-Pong: 19 UEs oscillating', 'Unfairness: Jain Index = 0.14']",0.13760521598589961,62.66923522949219,-16944.802734375,9.072301,-37.38548393249512,73.31725,0.0036033362965099515,343.6667323112488
Low Load,138,Random,utility,27,"['Ping-Pong: 22 UEs oscillating', 'QoS Violation: Avg High Prio SINR = -1.27 dB (Threshold: 5.0 dB)', 'Unfairness: Jain Index = 0.07']",0.07021026813283424,1.544499158859253,-27484.0390625,0.22358848,-37.38833522796631,43.701374,0.003600748907774687,557.2734475135803
Low Load,139,Random,utility,27,"['Ping-Pong: 23 UEs oscillating', 'QoS Violation: Avg High Prio SINR = -10.30 dB (Threshold: 5.0 dB)', 'Unfairness: Jain Index = 0.07']",0.06607738745085442,-41.09409713745117,-38422.109375,-5.9489803,-37.38873176574707,26.91587,0.003600748907774687,778.9807915687561
Low Load,140,Random,utility,28,"['Ping-Pong: 23 UEs oscillating', 'QoS Violation: Avg High Prio SINR = -13.55 dB (Threshold: 5.0 dB)', 'Unfairness: Jain Index = 0.10']",0.0989152919778896,-11.61509895324707,-27535.86328125,-1.681458,-37.37868194580078,37.738155,0.0036085114581510423,558.4147572517395
Low Load,141,Random,utility,27,"['Ping-Pong: 22 UEs oscillating', 'QoS Violation: Avg High Prio SINR = -6.14 dB (Threshold: 5.0 dB)', 'Unfairness: Jain Index = 0.06']",0.06467245831620912,7.958046913146973,-27430.859375,1.1520451,-37.379288291931154,46.352715,0.0036085114581510423,556.1899542808533
Low Load,142,Random,utility,27,"['Ping-Pong: 23 UEs oscillating', 'QoS Violation: Avg High Prio SINR = 2.09 dB (Threshold: 5.0 dB)', 'Unfairness: Jain Index = 0.11']",0.10549236104338648,30.794967651367188,-21328.9453125,4.4580283,-37.28249530792236,56.59109,0.0036904884851537644,432.54414200782776
Low Load,143,Random,utility,26,"['Ping-Pong: 23 UEs oscillating', 'QoS Violation: Avg High Prio SINR = -4.68 dB (Threshold: 5.0 dB)', 'Unfairness: Jain Index = 0.04']",0.0411552499104249,-31.784297943115234,-27552.751953125,-4.6012483,-37.37519073486328,25.490505,0.003611098974943161,558.7265491485596
Low Load,144,Random,utility,28,"['Ping-Pong: 22 UEs oscillating', 'QoS Violation: Avg High Prio SINR = -11.48 dB (Threshold: 5.0 dB)', 'Unfairness: Jain Index = 0.03']",0.033335207543769896,-33.86308288574219,-27417.7578125,-4.902183,-37.37568683624268,21.708864,0.003611098974943161,556.0204386711121
Low Load,145,Random,utility,30,"['Ping-Pong: 24 UEs oscillating', 'QoS Violation: Avg High Prio SINR = 4.98 dB (Threshold: 5.0 dB)', 'Unfairness: Jain Index = 0.09']",0.08756130486898225,13.514422416687012,-32932.26953125,1.9564128,-37.38009071350098,53.396923,0.003607217827811837,667.7166819572449
Low Load,146,Random,utility,26,"['Ping-Pong: 25 UEs oscillating', 'QoS Violation: Avg High Prio SINR = -10.99 dB (Threshold: 5.0 dB)', 'Unfairness: Jain Index = 0.06']",0.062065532774384036,-34.063533782958984,-35654.4375,-4.9312024,-37.37694187164307,29.063261,0.0036098052165471016,722.9366898536682
Low Load,147,Random,utility,27,"['Ping-Pong: 24 UEs oscillating', 'QoS Violation: Avg High Prio SINR = -1.55 dB (Threshold: 5.0 dB)', 'Unfairness: Jain Index = 0.06']",0.055892442101241904,-31.618335723876953,-32920.58984375,-4.5772233,-37.380004692077634,28.68141,0.003607217827811837,667.5613522529602
Low Load,148,Random,utility,25,"['Ping-Pong: 22 UEs oscillating', 'QoS Violation: Avg High Prio SINR = -3.45 dB (Threshold: 5.0 dB)', 'Unfairness: Jain Index = 0.06']",0.06442944184157764,-13.020447731018066,-27398.443359375,-1.8849028,-37.378353881835935,31.168451,0.0036085114581510423,555.6146502494812
Low Load,149,Random,utility,27,"['Ping-Pong: 22 UEs oscillating', 'QoS Violation: Avg High Prio SINR = -16.89 dB (Threshold: 5.0 dB)', 'Unfairness: Jain Index = 0.03']",0.03333460644580347,-50.33551025390625,-38335.13671875,-7.2868114,-37.37947597503662,19.754879,0.0036085114581510423,777.256190776825
Low Load,150,Random,utility,28,"['Ping-Pong: 23 UEs oscillating', 'Unfairness: Jain Index = 0.09']",0.08863902103415232,-1.1856168508529663,-21688.71484375,-0.17163534,-37.375315475463864,41.231655,0.003611098974943161,439.8365318775177
Low Load,151,Random,utility,27,"['Ping-Pong: 24 UEs oscillating', 'QoS Violation: Avg High Prio SINR = -7.92 dB (Threshold: 5.0 dB)', 'Unfairness: Jain Index = 0.07']",0.0665690701330153,-28.25191879272461,-38344.3359375,-4.0898843,-37.37777462005615,32.045784,0.0036098052165471016,777.3853540420532
Low Load,152,Random,utility,27,"['Ping-Pong: 24 UEs oscillating', 'QoS Violation: Avg High Prio SINR = -6.99 dB (Threshold: 5.0 dB)', 'Unfairness: Jain Index = 0.05']",0.045428132684217915,-27.232023239135742,-34166.05078125,-3.9422395,-37.37556419372559,30.454088,0.003611098974943161,692.7627325057983
Low Load,153,Random,utility,26,"['Ping-Pong: 23 UEs oscillating', 'Unfairness: Jain Index = 0.12']",0.12441841357558647,28.270122528076172,-27422.2109375,4.0925198,-37.382928466796876,57.591015,0.0036046300549060105,556.105375289917
Low Load,154,Random,utility,28,"['Ping-Pong: 23 UEs oscillating', 'QoS Violation: Avg High Prio SINR = -3.78 dB (Threshold: 5.0 dB)', 'Unfairness: Jain Index = 0.07']",0.06839592012869987,-20.34581184387207,-32708.484375,-2.945358,-37.37660293579101,34.736916,0.003611098974943161,663.2015109062195
Low Load,155,Random,utility,29,"['Ping-Pong: 23 UEs oscillating', 'QoS Violation: Avg High Prio SINR = -2.90 dB (Threshold: 5.0 dB)', 'Unfairness: Jain Index = 0.13']",0.12699446818909055,41.847862243652344,-21951.404296875,6.0580983,-37.37519073486328,63.32984,0.003611098974943161,445.18914818763733
Low Load,156,Random,utility,27,"['Ping-Pong: 24 UEs oscillating', 'QoS Violation: Avg High Prio SINR = -7.14 dB (Threshold: 5.0 dB)', 'Unfairness: Jain Index = 0.10']",0.10476575694676087,6.141633987426758,-32892.6484375,0.88909215,-37.37521381378174,48.817745,0.003611098974943161,666.984498500824
Low Load,157,Random,utility,28,"['Ping-Pong: 25 UEs oscillating', 'QoS Violation: Avg High Prio SINR = -9.79 dB (Threshold: 5.0 dB)', 'Unfairness: Jain Index = 0.03']",0.03372682309735065,-60.06576919555664,-47328.5234375,-8.695413,-37.38963146209717,25.664484,0.003600396041292697,959.5206379890442
Low Load,158,Random,utility,29,"['Ping-Pong: 26 UEs oscillating', 'Unfairness: Jain Index = 0.11']",0.11213119675454673,6.325102806091309,-27497.75,0.91565156,-37.38815002441406,45.910442,0.003600748907774687,557.6222538948059
Low Load,159,Random,utility,27,"['Ping-Pong: 25 UEs oscillating', 'QoS Violation: Avg High Prio SINR = -11.82 dB (Threshold: 5.0 dB)', 'Unfairness: Jain Index = 0.06']",0.05872059032810454,-39.424869537353516,-38397.5078125,-5.7073355,-37.375289344787596,29.21894,0.003611098974943161,778.5897850990295
Low Load,160,Random,utility,27,"['Ping-Pong: 24 UEs oscillating', 'QoS Violation: Avg High Prio SINR = -7.65 dB (Threshold: 5.0 dB)', 'Unfairness: Jain Index = 0.10']",0.10449319762089061,25.33452796936035,-25768.755859375,3.6675475,-37.37519073486328,55.820793,0.003611098974943161,522.5622653961182
Low Load,161,Random,utility,24,"['Ping-Pong: 22 UEs oscillating', 'QoS Violation: Avg High Prio SINR = 3.16 dB (Threshold: 5.0 dB)', 'Unfairness: Jain Index = 0.05']",0.05320597419659079,-1.4778146743774414,-32899.6796875,-0.21393481,-37.38557891845703,43.378742,0.003602512995712459,667.0764684677124
Low Load,162,Random,utility,29,"['Ping-Pong: 23 UEs oscillating', 'QoS Violation: Avg High Prio SINR = -9.39 dB (Threshold: 5.0 dB)', 'Unfairness: Jain Index = 0.06']",0.056444951925298394,-14.087791442871094,-38286.6015625,-2.0394173,-37.37540473937988,41.340576,0.003611098974943161,776.2678861618042
Low Load,163,Random,utility,28,"['Ping-Pong: 22 UEs oscillating', 'QoS Violation: Avg High Prio SINR = -8.52 dB (Threshold: 5.0 dB)', 'Unfairness: Jain Index = 0.04']",0.03769645670694035,-31.58319854736328,-32909.81640625,-4.5721364,-37.37790184020996,28.055006,0.0036098052165471016,667.2505736351013
Low Load,164,Random,utility,26,"['Ping-Pong: 23 UEs oscillating', 'QoS Violation: Avg High Prio SINR = -2.41 dB (Threshold: 5.0 dB)', 'Unfairness: Jain Index = 0.09']",0.08677871545950076,3.3181960582733154,-24007.341796875,0.48035806,-37.37519073486328,42.556553,0.003611098974943161,486.8641793727875
Low Load,165,Random,utility,25,"['Ping-Pong: 20 UEs oscillating', 'QoS Violation: Avg High Prio SINR = -0.35 dB (Threshold: 5.0 dB)', 'Unfairness: Jain Index = 0.07']",0.07203942386999532,1.9745266437530518,-27397.5859375,0.28584152,-37.376632118225096,41.890743,0.0036098052165471016,555.6053519248962
Low Load,166,Random,utility,26,"['Ping-Pong: 20 UEs oscillating', 'Unfairness: Jain Index = 0.24']",0.23692761452628816,96.5262451171875,-9032.9033203125,13.973607,-22.34532690048217,85.627266,1.8793961925432094,183.29638242721558
Low Load,167,Random,utility,26,"['Ping-Pong: 21 UEs oscillating', 'QoS Violation: Avg High Prio SINR = -2.19 dB (Threshold: 5.0 dB)', 'Unfairness: Jain Index = 0.06']",0.05780519716496454,-14.796958923339844,-32984.60546875,-2.1420798,-37.41221122741699,34.429035,0.003581224812660366,668.8193678855896
Low Load,168,Random,utility,25,"['Ping-Pong: 22 UEs oscillating', 'QoS Violation: Avg High Prio SINR = -7.80 dB (Threshold: 5.0 dB)', 'Unfairness: Jain Index = 0.06']",0.058290078282397774,-34.090110778808594,-38308.34375,-4.935049,-37.378227424621585,29.86204,0.0036098052165471016,776.7112255096436
Low Load,169,Random,utility,25,"['Ping-Pong: 21 UEs oscillating', 'QoS Violation: Avg High Prio SINR = -3.45 dB (Threshold: 5.0 dB)', 'Unfairness: Jain Index = 0.07']",0.0704426851040483,-3.6928820610046387,-32835.1328125,-0.53460026,-37.375891494750974,43.16744,0.003611098974943161,665.758490562439
Low Load,170,Random,utility,29,"['Ping-Pong: 22 UEs oscillating', 'QoS Violation: Avg High Prio SINR = 0.45 dB (Threshold: 5.0 dB)', 'Unfairness: Jain Index = 0.07']",0.0666683909086211,-4.890740394592285,-21910.67578125,-0.7080077,-37.37807350158691,32.339684,0.0036085114581510423,444.404274225235
Low Load,171,Random,utility,24,"['Ping-Pong: 21 UEs oscillating', 'QoS Violation: Avg High Prio SINR = -7.92 dB (Threshold: 5.0 dB)', 'Unfairness: Jain Index = 0.16']",0.15549507660698095,34.8842887878418,-21886.380859375,5.0500183,-37.37519073486328,56.720535,0.003611098974943161,443.88002157211304
Low Load,172,Random,utility,26,"['Ping-Pong: 21 UEs oscillating', 'QoS Violation: Avg High Prio SINR = -14.92 dB (Threshold: 5.0 dB)', 'Unfairness: Jain Index = 0.07']",0.07476563903389481,-0.7222301959991455,-27351.330078125,-0.10455361,-37.37519073486328,38.83679,0.003611098974943161,554.6407103538513
Low Load,173,Random,utility,25,"['Ping-Pong: 18 UEs oscillating', 'QoS Violation: Avg High Prio SINR = 0.07 dB (Threshold: 5.0 dB)', 'Unfairness: Jain Index = 0.13']",0.13268654050206502,46.29023361206055,-21891.525390625,6.701198,-37.37519073486328,63.339848,0.003611098974943161,443.9712464809418
Low Load,174,Random,utility,26,"['Ping-Pong: 21 UEs oscillating', 'Unfairness: Jain Index = 0.13']",0.1333385790626876,28.10108757019043,-21909.70703125,4.068049,-37.37540683746338,52.77517,0.003611098974943161,444.3259835243225
Low Load,175,Random,utility,26,"['Ping-Pong: 22 UEs oscillating', 'QoS Violation: Avg High Prio SINR = -16.64 dB (Threshold: 5.0 dB)', 'Unfairness: Jain Index = 0.03']",0.03341688781196236,-54.754539489746094,-42272.19921875,-7.926532,-37.37877502441406,21.522022,0.0036085114581510423,857.1154475212097
Low Load,176,Random,utility,26,"['Ping-Pong: 24 UEs oscillating', 'QoS Violation: Avg High Prio SINR = -7.35 dB (Threshold: 5.0 dB)', 'Unfairness: Jain Index = 0.10']",0.1007333449113453,22.138784408569336,-27349.880859375,3.204917,-37.37519073486328,52.42601,0.003611098974943161,554.6063184738159
Low Load,177,Random,utility,25,"['Ping-Pong: 23 UEs oscillating', 'QoS Violation: Avg High Prio SINR = -11.24 dB (Threshold: 5.0 dB)', 'Unfairness: Jain Index = 0.04']",0.043218868486894456,-39.909420013427734,-43760.7109375,-5.7774806,-37.377675437927245,29.63062,0.0036098052165471016,887.2023820877075
Low Load,178,Random,utility,24,"['Ping-Pong: 21 UEs oscillating', 'QoS Violation: Avg High Prio SINR = -8.05 dB (Threshold: 5.0 dB)', 'Unfairness: Jain Index = 0.07']",0.07322698333342054,9.860725402832031,-26892.43359375,1.4274868,-37.37531452178955,45.747383,0.003611098974943161,545.2600121498108
Low Load,179,Random,utility,27,"['Ping-Pong: 21 UEs oscillating', 'QoS Violation: Avg High Prio SINR = -5.51 dB (Threshold: 5.0 dB)', 'Unfairness: Jain Index = 0.08']",0.08093832944682564,14.376511573791504,-27366.65625,2.0812125,-37.37519073486328,48.58823,0.003611098974943161,554.9800395965576
Low Load,180,Random,utility,23,"['Ping-Pong: 20 UEs oscillating', 'Unfairness: Jain Index = 0.10']",0.09987272499006496,7.36710262298584,-32818.81640625,1.0664973,-37.37661590576172,48.339096,0.003611098974943161,665.4059290885925
Low Load,181,Random,utility,25,"['Ping-Pong: 21 UEs oscillating', 'QoS Violation: Avg High Prio SINR = -1.81 dB (Threshold: 5.0 dB)', 'Unfairness: Jain Index = 0.09']",0.09446576332281145,24.540971755981445,-32819.9453125,3.5526698,-37.37611846923828,57.353172,0.003611098974943161,665.4101610183716
Low Load,182,Random,utility,24,"['Ping-Pong: 18 UEs oscillating', 'QoS Violation: Avg High Prio SINR = 1.06 dB (Threshold: 5.0 dB)', 'Unfairness: Jain Index = 0.08']",0.07610195519714769,31.736894607543945,-17281.412109375,4.594386,-37.37662582397461,51.763752,0.0036098052165471016,350.51339864730835
Low Load,183,Random,utility,26,"['Ping-Pong: 21 UEs oscillating', 'QoS Violation: Avg High Prio SINR = -14.49 dB (Threshold: 5.0 dB)', 'Unfairness: Jain Index = 0.07']",0.0668147113467031,-14.017290115356445,-38301.859375,-2.0292113,-37.381324195861815,39.368443,0.0036061592982150614,776.593804359436
Low Load,184,Random,utility,27,"['Ping-Pong: 22 UEs oscillating', 'QoS Violation: Avg High Prio SINR = -3.02 dB (Threshold: 5.0 dB)', 'Unfairness: Jain Index = 0.08']",0.0828692200057022,3.4437708854675293,-35633.75390625,0.4985375,-37.37519073486328,52.084743,0.003611098974943161,722.5434184074402
Low Load,185,Random,utility,23,"['Ping-Pong: 20 UEs oscillating', 'QoS Violation: Avg High Prio SINR = -0.57 dB (Threshold: 5.0 dB)', 'Unfairness: Jain Index = 0.15']",0.15032170296206707,70.3326187133789,-16934.744140625,10.181688,-37.37519073486328,76.496254,0.003611098974943161,343.49605441093445
Low Load,186,Random,utility,23,"['Ping-Pong: 20 UEs oscillating', 'QoS Violation: Avg High Prio SINR = -4.67 dB (Threshold: 5.0 dB)', 'Unfairness: Jain Index = 0.03']",0.03366993683624156,-34.76865768432617,-32885.3203125,-5.033279,-37.37673492431641,28.098688,0.0036098052165471016,666.8241620063782
Low Load,187,Random,utility,23,"['Ping-Pong: 18 UEs oscillating', 'QoS Violation: Avg High Prio SINR = -2.96 dB (Threshold: 5.0 dB)', 'Unfairness: Jain Index = 0.04']",0.04474706829679216,-15.976165771484375,-38379.0703125,-2.3127868,-37.37555370330811,38.016792,0.003611098974943161,778.195321559906
Low Load,188,Random,utility,25,"['Ping-Pong: 20 UEs oscillating', 'QoS Violation: Avg High Prio SINR = -9.34 dB (Threshold: 5.0 dB)', 'Unfairness: Jain Index = 0.10']",0.0971688928974465,8.257902145385742,-21891.2109375,1.1954535,-37.37519073486328,40.54672,0.003611098974943161,443.98990273475647
Low Load,189,Random,utility,26,"['Ping-Pong: 22 UEs oscillating', 'QoS Violation: Avg High Prio SINR = -3.83 dB (Threshold: 5.0 dB)', 'Unfairness: Jain Index = 0.05']",0.0512306855993532,-10.91505241394043,-27381.3984375,-1.5801163,-37.37519073486328,34.956036,0.003611098974943161,555.2793145179749
Low Load,190,Random,utility,25,"['Ping-Pong: 24 UEs oscillating', 'QoS Violation: Avg High Prio SINR = 1.24 dB (Threshold: 5.0 dB)', 'Unfairness: Jain Index = 0.03']",0.034329290584697573,-28.17232322692871,-38358.71484375,-4.078362,-37.37955951690674,33.56872,0.0036085114581510423,777.6979207992554
Low Load,191,Random,utility,24,"['Ping-Pong: 22 UEs oscillating', 'QoS Violation: Avg High Prio SINR = -12.02 dB (Threshold: 5.0 dB)', 'Unfairness: Jain Index = 0.03']",0.03334109430584554,-40.365970611572266,-38295.1953125,-5.8435726,-37.376187324523926,25.093346,0.003611098974943161,776.4685750007629
Low Load,192,Random,utility,26,"['Ping-Pong: 22 UEs oscillating', 'Unfairness: Jain Index = 0.12']",0.12089391868309077,52.50990295410156,-16433.443359375,7.601587,-37.37519073486328,64.06787,0.003611098974943161,333.3353102207184
Low Load,193,Random,utility,27,"['Ping-Pong: 23 UEs oscillating', 'Unfairness: Jain Index = 0.07']",0.06675528711178758,20.691083908081055,-27362.24609375,2.9953408,-37.37519073486328,51.879524,0.003611098974943161,554.8716187477112
Low Load,194,Random,utility,25,"['Ping-Pong: 21 UEs oscillating', 'Unfairness: Jain Index = 0.08']",0.08397319755520206,10.344169616699219,-21940.873046875,1.4974722,-37.37519073486328,42.838413,0.003611098974943161,444.9954926967621
Low Load,195,Random,utility,27,"['Ping-Pong: 23 UEs oscillating', 'QoS Violation: Avg High Prio SINR = -4.34 dB (Threshold: 5.0 dB)', 'Unfairness: Jain Index = 0.09']",0.0948310413109268,8.591242790222168,-27354.533203125,1.2437098,-37.37519073486328,45.396286,0.003611098974943161,554.6985268592834
Low Load,196,Random,utility,25,"['Ping-Pong: 22 UEs oscillating', 'QoS Violation: Avg High Prio SINR = -8.77 dB (Threshold: 5.0 dB)', 'Unfairness: Jain Index = 0.07']",0.06724625193545501,-0.286388635635376,-27381.693359375,-0.041458573,-37.37865047454834,40.318016,0.0036085114581510423,555.2298426628113
Low Load,197,Random,utility,26,"['Ping-Pong: 24 UEs oscillating', 'QoS Violation: Avg High Prio SINR = -5.46 dB (Threshold: 5.0 dB)', 'Unfairness: Jain Index = 0.03']",0.03338923666181934,-38.75814437866211,-38329.4375,-5.6108165,-37.3801664352417,24.184633,0.003607217827811837,777.1931290626526
Low Load,198,Random,utility,26,"['Ping-Pong: 25 UEs oscillating', 'QoS Violation: Avg High Prio SINR = -7.78 dB (Threshold: 5.0 dB)', 'Unfairness: Jain Index = 0.08']",0.08427777873863677,12.911977767944336,-27360.98046875,1.8691999,-37.37660903930664,47.79722,0.0036098052165471016,554.8344254493713
Low Load,199,Random,utility,25,"['Ping-Pong: 23 UEs oscillating', 'QoS Violation: Avg High Prio SINR = -4.57 dB (Threshold: 5.0 dB)', 'Unfairness: Jain Index = 0.07']",0.06527469007248766,-0.09060883522033691,-21936.3203125,-0.013116828,-37.37523899078369,38.958935,0.003611098974943161,444.8557198047638
High Load,0,AI,baseline,22,"['QoS Violation: Avg High Prio SINR = 3.43 dB (Threshold: 5.0 dB)', 'Unfairness: Jain Index = 0.16']",0.15995088389658552,7.185950756072998,-84.69134521484375,1.0402728,-7.509381198883057,21.728266,3.2304190278053286,1.9695085939019918
High Load,1,AI,baseline,22,"['QoS Violation: Avg High Prio SINR = 2.03 dB (Threshold: 5.0 dB)', 'Unfairness: Jain Index = 0.07']",0.06882368188551409,8.424769401550293,-627.1898193359375,1.2196106,-17.448255443572997,25.637167,0.6443224072456362,12.958048842847347
High Load,2,AI,baseline,26,['Unfairness: Jain Index = 0.08'],0.07986975230750223,23.63774871826172,-95.84318542480469,3.4219143,-7.488880324363707,29.131361,3.517998981475831,2.180380281060934
High Load,3,AI,baseline,24,"['Ping-Pong: 17 UEs oscillating', 'Unfairness: Jain Index = 0.18']",0.17735568661990467,33.00742721557617,-36.152286529541016,4.778314,-3.534677994251251,31.87409,7.246822762489319,0.9637859184294939
High Load,4,AI,baseline,23,"['Ping-Pong: 17 UEs oscillating', 'QoS Violation: Avg High Prio SINR = 2.91 dB (Threshold: 5.0 dB)', 'Unfairness: Jain Index = 0.13']",0.13487176542691384,19.683109283447266,-617.8755493164062,2.8494222,-16.345278739929196,32.009846,1.6492144554853445,12.757456861436367
High Load,5,AI,baseline,24,"['Ping-Pong: 15 UEs oscillating', 'QoS Violation: Avg High Prio SINR = 4.41 dB (Threshold: 5.0 dB)', 'Unfairness: Jain Index = 0.07']",0.06628732455234985,27.6800537109375,-65.58824920654297,4.007098,-10.661649417877197,32.85105,1.7359777033329014,1.567558036185801
High Load,6,AI,baseline,21,"['Ping-Pong: 13 UEs oscillating', 'QoS Violation: Avg High Prio SINR = -0.83 dB (Threshold: 5.0 dB)', 'Unfairness: Jain Index = 0.07']",0.06747448518936813,15.361177444458008,-1879.0059814453125,2.223758,-14.269247770309448,31.076332,0.7262556999921799,38.32598403096199
High Load,7,AI,baseline,18,"['Ping-Pong: 10 UEs oscillating', 'QoS Violation: Avg High Prio SINR = 0.50 dB (Threshold: 5.0 dB)', 'Unfairness: Jain Index = 0.04']",0.042017501950736766,34.598915100097656,-208.36004638671875,5.008706,-11.580332136154174,40.138794,1.4357976496219638,4.450659733265638
High Load,8,AI,baseline,26,"['Ping-Pong: 13 UEs oscillating', 'QoS Violation: Avg High Prio SINR = 1.14 dB (Threshold: 5.0 dB)', 'Unfairness: Jain Index = 0.04']",0.039879899132804764,37.294219970703125,-269.6753234863281,5.3988924,-7.733512687683104,38.92196,3.3064926028251653,5.694267340004444
High Load,9,AI,baseline,24,"['Ping-Pong: 15 UEs oscillating', 'QoS Violation: Avg High Prio SINR = 3.69 dB (Threshold: 5.0 dB)', 'Unfairness: Jain Index = 0.05']",0.05149858246846428,21.065460205078125,-708.0977172851562,3.049538,-14.31162300109863,32.623024,2.704585525393487,14.590343460440636
High Load,10,AI,baseline,20,"['Ping-Pong: 18 UEs oscillating', 'QoS Violation: Avg High Prio SINR = 2.87 dB (Threshold: 5.0 dB)', 'Unfairness: Jain Index = 0.03']",0.0346652696347204,-2.9564146995544434,-2647.3935546875,-0.42798513,-22.856797981262208,25.81031,0.10931393392384053,53.90286073088646
High Load,11,AI,baseline,19,"['Ping-Pong: 15 UEs oscillating', 'QoS Violation: Avg High Prio SINR = 2.38 dB (Threshold: 5.0 dB)', 'Unfairness: Jain Index = 0.04']",0.0370402771638725,13.668731689453125,-150.3647918701172,1.9787518,-8.304314279556273,25.623161,2.9091968774795536,3.2952064648270607
High Load,12,AI,baseline,27,"['Ping-Pong: 14 UEs oscillating', 'Unfairness: Jain Index = 0.03']",0.03415450478644614,40.44902801513672,-155.51983642578125,5.855597,-4.418758606910705,39.97988,6.09269642829895,3.382279770448804
High Load,13,AI,baseline,20,"['Ping-Pong: 13 UEs oscillating', 'QoS Violation: Avg High Prio SINR = 1.73 dB (Threshold: 5.0 dB)', 'Unfairness: Jain Index = 0.07']",0.06882516421400628,3.771979331970215,-636.1197509765625,0.5460499,-19.652496433258055,26.982958,0.3083586439490319,13.142460957169533
High Load,14,AI,baseline,25,"['Ping-Pong: 14 UEs oscillating', 'QoS Violation: Avg High Prio SINR = 2.95 dB (Threshold: 5.0 dB)', 'Unfairness: Jain Index = 0.05']",0.04744824939460726,17.036020278930664,-133.99461364746094,2.4662166,-9.166717076301573,28.996977,2.7381748914718633,2.962956903502345
High Load,15,AI,baseline,18,"['Ping-Pong: 10 UEs oscillating', 'QoS Violation: Avg High Prio SINR = -3.47 dB (Threshold: 5.0 dB)', 'Unfairness: Jain Index = 0.06']",0.06077983693676118,-2.2198243141174316,-7439.5556640625,-0.32135227,-33.09840230941772,32.6317,0.010181921208277347,151.01979672908783
High Load,16,AI,baseline,19,"['Ping-Pong: 13 UEs oscillating', 'QoS Violation: Avg High Prio SINR = 2.88 dB (Threshold: 5.0 dB)', 'Unfairness: Jain Index = 0.04']",0.04109556047188263,19.856225967407227,-2873.826416015625,2.8744833,-28.14920930862427,42.747185,0.03136860020458698,58.476027101278305
High Load,17,AI,baseline,23,"['Ping-Pong: 12 UEs oscillating', 'Unfairness: Jain Index = 0.06']",0.06412044579540985,41.785282135009766,-2239.550048828125,6.049041,-5.47691855430603,43.141445,4.964338994026185,45.6223301589489
High Load,18,AI,baseline,17,"['Ping-Pong: 13 UEs oscillating', 'QoS Violation: Avg High Prio SINR = -0.67 dB (Threshold: 5.0 dB)', 'Unfairness: Jain Index = 0.03']",0.03359832717704025,-21.106042861938477,-6674.51025390625,-3.0554128,-17.803683376312257,16.938334,0.32532995492219924,135.5254352092743
High Load,19,AI,baseline,21,"['Ping-Pong: 11 UEs oscillating', 'QoS Violation: Avg High Prio SINR = 3.80 dB (Threshold: 5.0 dB)', 'Unfairness: Jain Index = 0.05']",0.05184830756664235,13.05598258972168,-477.1181945800781,1.8900471,-18.99150981903076,28.450891,0.25343170538544657,9.91304125636816
High Load,20,AI,baseline,24,"['Ping-Pong: 10 UEs oscillating', 'QoS Violation: Avg High Prio SINR = 4.70 dB (Threshold: 5.0 dB)', 'Unfairness: Jain Index = 0.07']",0.07448333025748008,38.120582580566406,-274.85308837890625,5.518519,-6.398572254180908,39.13809,4.145035314559937,5.7990518398582935
High Load,21,AI,baseline,20,"['Ping-Pong: 12 UEs oscillating', 'Unfairness: Jain Index = 0.03']",0.03451154876559706,32.08733367919922,-6272.794921875,4.6451173,-21.75556182861328,42.970467,0.13290867395699024,127.38214433193207
High Load,22,AI,baseline,21,"['Ping-Pong: 12 UEs oscillating', 'QoS Violation: Avg High Prio SINR = 1.80 dB (Threshold: 5.0 dB)', 'Unfairness: Jain Index = 0.12']",0.12350929450632378,-7.320611000061035,-277.4783020019531,-1.0597669,-17.756889057159423,18.425886,0.329445506632328,5.8836545795202255
High Load,23,AI,baseline,21,"['Ping-Pong: 13 UEs oscillating', 'QoS Violation: Avg High Prio SINR = -1.70 dB (Threshold: 5.0 dB)', 'Unfairness: Jain Index = 0.03']",0.03368493668489639,-30.176143646240234,-8952.0849609375,-4.368444,-32.81724872589111,16.784115,0.010322689544409513,181.71852827072144
High Load,24,AI,baseline,19,"['Ping-Pong: 12 UEs oscillating', 'Unfairness: Jain Index = 0.04']",0.03562523321321477,32.667598724365234,-437.045654296875,4.7291193,-19.89389944076538,42.22688,0.2069723278284073,9.089878760278225
High Load,25,AI,baseline,25,"['Ping-Pong: 13 UEs oscillating', 'QoS Violation: Avg High Prio SINR = -0.27 dB (Threshold: 5.0 dB)', 'Unfairness: Jain Index = 0.07']",0.0672650277167773,15.937437057495117,-2034.8953857421875,2.3071802,-25.24929428100586,35.19402,0.07092271074652673,41.483502835035324
High Load,26,AI,baseline,22,"['Ping-Pong: 15 UEs oscillating', 'QoS Violation: Avg High Prio SINR = 1.73 dB (Threshold: 5.0 dB)', 'Unfairness: Jain Index = 0.03']",0.033341806925262424,2.931540012359619,-1430.4281005859375,0.42438385,-22.896277904510498,28.938425,0.15074026733636858,29.240639880299568
High Load,27,AI,baseline,23,"['Ping-Pong: 18 UEs oscillating', 'Unfairness: Jain Index = 0.03']",0.03484554345580347,28.91195297241211,-224.81800842285156,4.1854334,-14.549246311187742,34.843822,1.4399082571268087,4.796602297574282
High Load,28,AI,baseline,19,"['Ping-Pong: 15 UEs oscillating', 'QoS Violation: Avg High Prio SINR = -4.43 dB (Threshold: 5.0 dB)', 'Unfairness: Jain Index = 0.11']",0.10979223753760907,-36.46076965332031,-2647.50927734375,-5.2782364,-26.442983436584473,14.860016,0.04563420806080103,53.925786167383194
High Load,29,AI,baseline,19,"['Ping-Pong: 12 UEs oscillating', 'QoS Violation: Avg High Prio SINR = 3.27 dB (Threshold: 5.0 dB)', 'Unfairness: Jain Index = 0.03']",0.033415325380373714,-20.044586181640625,-11164.3271484375,-2.9017508,-33.733765792846675,23.17493,0.010378200188279153,226.5188694000244
High Load,30,AI,baseline,19,"['Ping-Pong: 10 UEs oscillating', 'QoS Violation: Avg High Prio SINR = -7.28 dB (Threshold: 5.0 dB)', 'Unfairness: Jain Index = 0.04']",0.03718853306169586,4.312013626098633,-8434.5732421875,0.62422806,-27.803296566009518,31.733837,0.09467892628163102,171.17789387702942
High Load,31,AI,baseline,22,"['Ping-Pong: 11 UEs oscillating', 'QoS Violation: Avg High Prio SINR = -1.99 dB (Threshold: 5.0 dB)', 'Unfairness: Jain Index = 0.03']",0.033407389911977975,4.545616149902344,-8752.546875,0.65804505,-28.10360469818115,29.514261,0.0892842599190772,177.63900756835938
High Load,32,AI,baseline,18,"['Ping-Pong: 12 UEs oscillating', 'Unfairness: Jain Index = 0.04']",0.038297853886887404,18.91097640991211,-1044.429931640625,2.737644,-24.19730739593506,36.246223,0.08093858361244202,21.400731056928635
High Load,33,AI,baseline,16,"['Ping-Pong: 9 UEs oscillating', 'Unfairness: Jain Index = 0.04']",0.043422243028800475,17.473461151123047,-7675.66748046875,2.5295424,-22.69940719604492,37.97353,0.11566878519952299,155.87446093559265
High Load,34,AI,baseline,19,"['Ping-Pong: 9 UEs oscillating', 'QoS Violation: Avg High Prio SINR = -2.22 dB (Threshold: 5.0 dB)', 'Unfairness: Jain Index = 0.03']",0.03336845173989311,-1.7100465297698975,-954.7955322265625,-0.24755448,-17.835329055786133,24.467562,0.3227833941578865,19.607368856668472
High Load,35,AI,baseline,24,"['Ping-Pong: 10 UEs oscillating', 'QoS Violation: Avg High Prio SINR = -5.01 dB (Threshold: 5.0 dB)', 'Unfairness: Jain Index = 0.07']",0.0683712021947319,18.752920150756836,-8381.044921875,2.7147636,-30.890767574310303,40.088623,0.016771998815238477,170.10296881198883
High Load,36,AI,baseline,19,"['Ping-Pong: 15 UEs oscillating', 'QoS Violation: Avg High Prio SINR = -3.67 dB (Threshold: 5.0 dB)', 'Unfairness: Jain Index = 0.07']",0.0666110235162251,11.019763946533203,-6785.6748046875,1.5952746,-29.353098773956297,37.706417,0.03490161783993245,137.78941333293915
High Load,37,AI,baseline,20,"['Ping-Pong: 16 UEs oscillating', 'QoS Violation: Avg High Prio SINR = 0.25 dB (Threshold: 5.0 dB)', 'Unfairness: Jain Index = 0.04']",0.043568650645367746,16.678207397460938,-6200.78076171875,2.4144173,-24.5564395904541,39.734608,0.07522366028279068,125.9068250656128
High Load,38,AI,baseline,21,"['Ping-Pong: 14 UEs oscillating', 'Unfairness: Jain Index = 0.05']",0.04745538884541571,14.485002517700195,-13503.4423828125,2.0969188,-33.395719623565675,43.11486,0.014562943018972879,273.8949656486511
High Load,39,AI,baseline,19,"['Ping-Pong: 14 UEs oscillating', 'QoS Violation: Avg High Prio SINR = -6.65 dB (Threshold: 5.0 dB)', 'Unfairness: Jain Index = 0.04']",0.041401538954365824,-7.937705039978027,-15438.8837890625,-1.1490998,-34.682333278656,32.098866,0.008536355243995788,313.05235624313354
High Load,40,AI,baseline,21,"['Ping-Pong: 14 UEs oscillating', 'QoS Violation: Avg High Prio SINR = 4.66 dB (Threshold: 5.0 dB)', 'Unfairness: Jain Index = 0.07']",0.07175877673836034,28.8272762298584,-1402.74560546875,4.1731763,-22.335416603088376,43.203087,0.16890874952077872,28.66973541676998
High Load,41,AI,baseline,15,"['Ping-Pong: 12 UEs oscillating', 'QoS Violation: Avg High Prio SINR = -3.74 dB (Threshold: 5.0 dB)', 'Unfairness: Jain Index = 0.04']",0.03623527632052256,-28.68303871154785,-8553.8349609375,-4.152295,-27.91682710647583,25.872152,0.03226288286969066,173.6072450876236
High Load,42,AI,baseline,21,"['Ping-Pong: 12 UEs oscillating', 'QoS Violation: Avg High Prio SINR = -1.61 dB (Threshold: 5.0 dB)', 'Unfairness: Jain Index = 0.07']",0.06688519481902228,-20.790283203125,-19695.59765625,-3.0097015,-36.761326217651366,27.000828,0.004216086678206921,399.45676922798157
High Load,43,AI,baseline,19,"['Ping-Pong: 11 UEs oscillating', 'QoS Violation: Avg High Prio SINR = -5.99 dB (Threshold: 5.0 dB)', 'Unfairness: Jain Index = 0.04']",0.03567190726285999,-3.3020925521850586,-8511.6982421875,-0.47802678,-29.508777332305907,33.855152,0.022099319100379943,172.75987565517426
High Load,44,AI,baseline,20,"['Ping-Pong: 13 UEs oscillating', 'QoS Violation: Avg High Prio SINR = -5.04 dB (Threshold: 5.0 dB)', 'Unfairness: Jain Index = 0.05']",0.05342686850789096,2.4763200283050537,-6851.25439453125,0.358484,-29.828025913238527,35.399086,0.02114320443943143,139.11224901676178
High Load,45,AI,baseline,13,"['Ping-Pong: 8 UEs oscillating', 'QoS Violation: Avg High Prio SINR = 4.64 dB (Threshold: 5.0 dB)', 'Unfairness: Jain Index = 0.05']",0.05017666884809072,6.762187480926514,-7768.7548828125,0.9789268,-32.58509292602539,44.650425,0.010881399968639016,157.69372880458832
High Load,46,AI,baseline,18,"['Ping-Pong: 7 UEs oscillating', 'QoS Violation: Avg High Prio SINR = 1.60 dB (Threshold: 5.0 dB)', 'Unfairness: Jain Index = 0.07']",0.06852440095911741,25.111589431762695,-13769.98046875,3.6352754,-33.70590238571167,50.48968,0.01404053284786642,279.3290317058563
High Load,47,AI,baseline,23,"['Ping-Pong: 8 UEs oscillating', 'QoS Violation: Avg High Prio SINR = -0.56 dB (Threshold: 5.0 dB)', 'Unfairness: Jain Index = 0.04']",0.03994841398868669,-1.0397319793701172,-9122.6669921875,-0.15051657,-32.13032455444336,30.686577,0.012251421576365829,185.11953949928284
High Load,48,AI,baseline,15,"['Ping-Pong: 7 UEs oscillating', 'QoS Violation: Avg High Prio SINR = -2.78 dB (Threshold: 5.0 dB)', 'Unfairness: Jain Index = 0.04']",0.03511234579403963,3.736422538757324,-7866.71728515625,0.54090226,-30.477329826354982,37.667645,0.018352879444137216,159.6941500902176
High Load,49,AI,baseline,21,"['Ping-Pong: 11 UEs oscillating', 'QoS Violation: Avg High Prio SINR = 3.63 dB (Threshold: 5.0 dB)', 'Unfairness: Jain Index = 0.05']",0.04866418197858292,-2.850493907928467,-7140.8974609375,-0.4126514,-30.342407131195067,34.086704,0.018805908318609,144.96588706970215
High Load,50,AI,baseline,19,"['Ping-Pong: 10 UEs oscillating', 'QoS Violation: Avg High Prio SINR = -1.26 dB (Threshold: 5.0 dB)', 'Unfairness: Jain Index = 0.03']",0.033353238549686914,-16.546159744262695,-10501.67578125,-2.3953023,-33.04556865692139,25.751467,0.009786663856357337,213.07148039340973
High Load,51,AI,baseline,22,"['Ping-Pong: 16 UEs oscillating', 'QoS Violation: Avg High Prio SINR = -1.00 dB (Threshold: 5.0 dB)', 'Unfairness: Jain Index = 0.07']",0.0714697085628258,-10.969165802001953,-5955.23583984375,-1.5879496,-27.903054237365723,26.614834,0.033080446347594265,120.96156924962997
High Load,52,AI,baseline,21,"['Ping-Pong: 16 UEs oscillating', 'Unfairness: Jain Index = 0.06']",0.05757535491623789,44.8993034362793,-7100.10546875,6.4998407,-18.823035144805907,49.960983,0.49412651062011737,144.11520957946777
High Load,53,AI,baseline,18,"['Ping-Pong: 14 UEs oscillating', 'Unfairness: Jain Index = 0.08']",0.08349052693518362,22.07584571838379,-6834.640625,3.1958058,-27.699579429626464,46.45134,0.03373102080076933,138.75307142734528
High Load,54,AI,baseline,18,"['Ping-Pong: 10 UEs oscillating', 'QoS Violation: Avg High Prio SINR = -3.06 dB (Threshold: 5.0 dB)', 'Unfairness: Jain Index = 0.04']",0.03813524740092629,-6.562551021575928,-8825.6494140625,-0.9500266,-26.43633966445923,36.301506,0.04479048736393452,179.12165820598602
High Load,55,AI,baseline,21,"['Ping-Pong: 10 UEs oscillating', 'Unfairness: Jain Index = 0.05']",0.047352266543254085,7.099872589111328,-6539.39404296875,1.0278114,-29.954235649108885,34.37156,0.02502675317227841,132.78552889823914
High Load,56,AI,baseline,19,"['Ping-Pong: 11 UEs oscillating', 'Unfairness: Jain Index = 0.03']",0.033706620800236675,-0.7391328811645508,-10659.978515625,-0.10700048,-32.88679037094116,32.883675,0.014588031172752385,216.29463136196136
High Load,57,AI,baseline,19,"['Ping-Pong: 11 UEs oscillating', 'Unfairness: Jain Index = 0.06']",0.06315662166784743,29.250398635864258,-8309.890625,4.23443,-28.968715095520018,47.47398,0.04907692559063436,168.62986981868744
High Load,58,AI,baseline,21,"['Ping-Pong: 12 UEs oscillating', 'QoS Violation: Avg High Prio SINR = 1.31 dB (Threshold: 5.0 dB)', 'Unfairness: Jain Index = 0.08']",0.07716353197313205,-0.37377166748046875,-12943.9091796875,-0.054109063,-31.1369478225708,32.268898,0.019904313981533056,262.5966966152191
High Load,59,AI,baseline,20,"['Ping-Pong: 13 UEs oscillating', 'QoS Violation: Avg High Prio SINR = 0.84 dB (Threshold: 5.0 dB)', 'Unfairness: Jain Index = 0.05']",0.046508037321952855,10.020445823669434,-12871.744140625,1.4506081,-34.241382312774654,41.162884,0.010110212070867422,261.08840107917786
High Load,60,AI,baseline,22,"['Ping-Pong: 13 UEs oscillating', 'QoS Violation: Avg High Prio SINR = 2.17 dB (Threshold: 5.0 dB)', 'Unfairness: Jain Index = 0.08']",0.08341417632146887,35.497955322265625,-7884.96630859375,5.138856,-28.741449546813964,52.050354,0.04350957982242109,160.0252240896225
High Load,61,AI,baseline,19,"['Ping-Pong: 13 UEs oscillating', 'QoS Violation: Avg High Prio SINR = -1.64 dB (Threshold: 5.0 dB)', 'Unfairness: Jain Index = 0.04']",0.03992973791617861,17.513031005859375,-6962.16845703125,2.535271,-26.123577785491943,39.297157,0.09886282831430439,141.3707733154297
High Load,62,AI,baseline,17,"['Ping-Pong: 9 UEs oscillating', 'QoS Violation: Avg High Prio SINR = -5.13 dB (Threshold: 5.0 dB)', 'Unfairness: Jain Index = 0.03']",0.0336881454548556,-17.194246292114258,-19930.5078125,-2.489122,-37.4106840133667,30.672176,0.0035820481949485838,404.2382836341858
High Load,63,AI,baseline,18,"['Ping-Pong: 8 UEs oscillating', 'QoS Violation: Avg High Prio SINR = -5.88 dB (Threshold: 5.0 dB)', 'Unfairness: Jain Index = 0.04']",0.044188259974138125,-20.763336181640625,-20140.771484375,-3.0058005,-37.3792085647583,30.152231,0.003608746686950326,408.4196388721466
High Load,64,AI,baseline,20,"['Ping-Pong: 11 UEs oscillating', 'QoS Violation: Avg High Prio SINR = -3.62 dB (Threshold: 5.0 dB)', 'Unfairness: Jain Index = 0.07']",0.06808127671042775,2.427323341369629,-12468.66015625,0.35139096,-33.4834264755249,38.114063,0.013888782449066644,252.95943021774292
High Load,65,AI,baseline,20,"['Ping-Pong: 13 UEs oscillating', 'QoS Violation: Avg High Prio SINR = -1.35 dB (Threshold: 5.0 dB)', 'Unfairness: Jain Index = 0.10']",0.09664546973630714,33.47406768798828,-8422.5400390625,4.845868,-31.380460453033447,51.133694,0.01505960123613477,170.92591524124146
High Load,66,AI,baseline,18,"['Ping-Pong: 13 UEs oscillating', 'QoS Violation: Avg High Prio SINR = -6.03 dB (Threshold: 5.0 dB)', 'Unfairness: Jain Index = 0.04']",0.039791276975124225,8.183412551879883,-10667.18359375,1.1846706,-32.977619647979736,42.372498,0.01035163237247616,216.4628952741623
High Load,67,AI,baseline,18,"['Ping-Pong: 13 UEs oscillating', 'QoS Violation: Avg High Prio SINR = -1.47 dB (Threshold: 5.0 dB)', 'Unfairness: Jain Index = 0.07']",0.06632953214146232,-18.21044921875,-23323.283203125,-2.6362329,-37.44365043640137,33.51018,0.003554290859028697,473.0440080165863
High Load,68,AI,baseline,19,"['Ping-Pong: 10 UEs oscillating', 'QoS Violation: Avg High Prio SINR = 0.04 dB (Threshold: 5.0 dB)', 'Unfairness: Jain Index = 0.04']",0.03686558619236481,-18.104137420654297,-26424.080078125,-2.6208422,-34.79031887054443,32.243675,0.008089439291507006,535.4955196380615
High Load,69,AI,baseline,20,"['Ping-Pong: 9 UEs oscillating', 'QoS Violation: Avg High Prio SINR = 1.06 dB (Threshold: 5.0 dB)', 'Unfairness: Jain Index = 0.05']",0.04825588845425362,-3.717197895050049,-24177.994140625,-0.53811926,-35.862745666503905,37.429028,0.00552553809247911,490.5203878879547
High Load,70,AI,baseline,22,"['Ping-Pong: 13 UEs oscillating', 'QoS Violation: Avg High Prio SINR = -4.93 dB (Threshold: 5.0 dB)', 'Unfairness: Jain Index = 0.07']",0.07414783423302986,-4.013775825500488,-14856.7080078125,-0.58105373,-35.793846130371094,36.63494,0.0056368972640484585,301.3528287410736
High Load,71,AI,baseline,17,"['Ping-Pong: 12 UEs oscillating', 'QoS Violation: Avg High Prio SINR = 0.79 dB (Threshold: 5.0 dB)', 'Unfairness: Jain Index = 0.03']",0.03351415226479257,-15.196283340454102,-14412.3720703125,-2.199887,-36.051527214050296,30.07385,0.0051982810255140075,292.3780381679535
High Load,72,AI,baseline,22,"['Ping-Pong: 14 UEs oscillating', 'QoS Violation: Avg High Prio SINR = 0.85 dB (Threshold: 5.0 dB)', 'Unfairness: Jain Index = 0.05']",0.05433262038182701,22.25154685974121,-6038.45263671875,3.2212417,-23.078545188903806,39.673634,0.10281763784587385,122.64836579561234
High Load,73,AI,baseline,17,"['Ping-Pong: 11 UEs oscillating', 'QoS Violation: Avg High Prio SINR = -4.75 dB (Threshold: 5.0 dB)', 'Unfairness: Jain Index = 0.06']",0.06492862238997836,-12.97231674194336,-8495.9052734375,-1.877935,-30.7606068611145,29.738165,0.021651151124387986,172.4352240562439
High Load,74,AI,baseline,18,"['Ping-Pong: 11 UEs oscillating', 'QoS Violation: Avg High Prio SINR = -1.84 dB (Threshold: 5.0 dB)', 'Unfairness: Jain Index = 0.06']",0.0553721275479964,-5.611685752868652,-14146.5927734375,-0.8123749,-32.39729585647583,31.864311,0.022802562452852733,287.01525926589966
High Load,75,AI,baseline,13,"['Ping-Pong: 7 UEs oscillating', 'QoS Violation: Avg High Prio SINR = -7.04 dB (Threshold: 5.0 dB)', 'Unfairness: Jain Index = 0.03']",0.03337105225160506,-42.75959014892578,-16346.1845703125,-6.1900845,-35.601449203491214,20.376484,0.006031627021729947,331.5504193305969
High Load,76,AI,baseline,18,"['Ping-Pong: 7 UEs oscillating', 'QoS Violation: Avg High Prio SINR = 1.07 dB (Threshold: 5.0 dB)', 'Unfairness: Jain Index = 0.04']",0.0429602259903708,-12.05963134765625,-18175.5234375,-1.745811,-37.270282936096194,28.676962,0.003701073781121522,368.6215281486511
High Load,77,AI,baseline,16,"['Ping-Pong: 8 UEs oscillating', 'QoS Violation: Avg High Prio SINR = -0.33 dB (Threshold: 5.0 dB)', 'Unfairness: Jain Index = 0.03']",0.03337613204463293,-18.4556827545166,-12643.9287109375,-2.6717336,-31.653666400909422,22.67475,0.03230277597904206,256.4830183982849
High Load,78,AI,baseline,16,"['Ping-Pong: 8 UEs oscillating', 'QoS Violation: Avg High Prio SINR = -1.20 dB (Threshold: 5.0 dB)', 'Unfairness: Jain Index = 0.03']",0.033423831790138636,-29.022907257080078,-10104.4228515625,-4.201497,-31.710001373291014,20.842934,0.01330815744586289,205.07414638996124
High Load,79,AI,baseline,17,"['Ping-Pong: 8 UEs oscillating', 'QoS Violation: Avg High Prio SINR = 4.24 dB (Threshold: 5.0 dB)', 'Unfairness: Jain Index = 0.12']",0.11707090171248512,24.87322235107422,-24395.30078125,3.600767,-37.57354469299317,53.241398,0.0034499661880545316,494.64550614356995
High Load,80,AI,baseline,18,"['Ping-Pong: 8 UEs oscillating', 'Unfairness: Jain Index = 0.08']",0.07788495099341626,23.609695434570312,-11231.716796875,3.4178538,-29.117515373229978,44.918247,0.11247063055634503,227.88316011428833
High Load,81,AI,baseline,19,"['Ping-Pong: 10 UEs oscillating', 'Unfairness: Jain Index = 0.06']",0.064980470947835,13.799973487854004,-20065.6328125,1.9977511,-31.315110206604,43.114895,0.038738052546978013,406.6713750362396
High Load,82,AI,baseline,18,"['Ping-Pong: 11 UEs oscillating', 'QoS Violation: Avg High Prio SINR = -0.43 dB (Threshold: 5.0 dB)', 'Unfairness: Jain Index = 0.06']",0.061580514387263176,29.720989227294922,-5779.16796875,4.302554,-30.966634941101074,52.2582,0.016965514887124302,117.35711246728897
High Load,83,AI,baseline,20,"['Ping-Pong: 12 UEs oscillating', 'Unfairness: Jain Index = 0.07']",0.06680829993038284,32.92772674560547,-7225.56591796875,4.7667766,-32.37954750061035,51.166775,0.011411754600703716,146.67996764183044
High Load,84,AI,baseline,17,"['Ping-Pong: 12 UEs oscillating', 'QoS Violation: Avg High Prio SINR = -4.36 dB (Threshold: 5.0 dB)', 'Unfairness: Jain Index = 0.23']",0.22514510247690897,-43.26679992675781,-6443.162109375,-6.2635107,-31.312708473205568,12.79725,0.014786106906831265,130.86742162704468
High Load,85,AI,baseline,21,"['Ping-Pong: 11 UEs oscillating', 'Unfairness: Jain Index = 0.06']",0.0637317668746783,45.82379150390625,-11457.4677734375,6.633673,-22.435385036468503,55.24018,0.17448139116168027,232.4334979057312
High Load,86,AI,baseline,16,"['Ping-Pong: 12 UEs oscillating', 'QoS Violation: Avg High Prio SINR = -5.00 dB (Threshold: 5.0 dB)', 'Unfairness: Jain Index = 0.03']",0.033389809860318566,-26.119691848754883,-9457.6552734375,-3.7812128,-31.099151897430417,25.14084,0.018757756985723975,191.93224608898163
High Load,87,AI,baseline,16,"['Ping-Pong: 11 UEs oscillating', 'QoS Violation: Avg High Prio SINR = -1.57 dB (Threshold: 5.0 dB)', 'Unfairness: Jain Index = 0.05']",0.04541515355982051,-50.924217224121094,-18694.294921875,-7.3720345,-37.28751773834229,13.383761,0.0036860192427411675,379.14958596229553
High Load,88,AI,baseline,23,"['Ping-Pong: 13 UEs oscillating', 'Unfairness: Jain Index = 0.10']",0.09790560302267705,17.750391006469727,-7712.30712890625,2.5696328,-24.48242149353027,40.620323,0.12833269834518435,156.54470026493073
High Load,89,AI,baseline,20,"['Ping-Pong: 12 UEs oscillating', 'QoS Violation: Avg High Prio SINR = -2.92 dB (Threshold: 5.0 dB)', 'Unfairness: Jain Index = 0.07']",0.06571409553200354,34.787193298339844,-757.47314453125,5.0359626,-13.77828426361084,44.96966,0.827568331360817,15.59302769601345
High Load,90,AI,baseline,23,"['Ping-Pong: 14 UEs oscillating', 'QoS Violation: Avg High Prio SINR = 3.75 dB (Threshold: 5.0 dB)', 'Unfairness: Jain Index = 0.07']",0.07376750954804794,38.787086486816406,-7144.5595703125,5.615005,-28.67784729003906,52.33718,0.0274926339276135,145.03684639930725
High Load,91,AI,baseline,22,"['Ping-Pong: 14 UEs oscillating', 'QoS Violation: Avg High Prio SINR = 2.67 dB (Threshold: 5.0 dB)', 'Unfairness: Jain Index = 0.04']",0.03645117344706325,-3.5285911560058594,-11923.0224609375,-0.5108153,-32.69368267059326,33.77588,0.019850339926779276,241.846963763237
High Load,92,AI,baseline,23,"['Ping-Pong: 17 UEs oscillating', 'QoS Violation: Avg High Prio SINR = 2.98 dB (Threshold: 5.0 dB)', 'Unfairness: Jain Index = 0.04']",0.03519080296595552,17.482799530029297,-13024.4501953125,2.5308945,-34.17674551010132,40.81335,0.010343510843813422,264.2212510108948
High Load,93,AI,baseline,18,"['Ping-Pong: 12 UEs oscillating', 'Unfairness: Jain Index = 0.07']",0.06893141838226557,6.51724100112915,-19527.919921875,0.9434672,-37.19247264862061,41.416325,0.003768231184221804,396.0060477256775
High Load,94,AI,baseline,20,"['Ping-Pong: 11 UEs oscillating', 'Unfairness: Jain Index = 0.10']",0.0968419923798337,18.430702209472656,-9937.33984375,2.6681178,-30.977226066589353,43.96368,0.030133534409105787,201.63635909557343
High Load,95,AI,baseline,20,"['Ping-Pong: 11 UEs oscillating', 'QoS Violation: Avg High Prio SINR = 3.30 dB (Threshold: 5.0 dB)', 'Unfairness: Jain Index = 0.07']",0.06642065073141482,6.867030143737793,-5285.048828125,0.99410474,-26.780614852905273,34.36103,0.046949784643948084,107.34347999095917
High Load,96,AI,baseline,18,"['Ping-Pong: 12 UEs oscillating', 'QoS Violation: Avg High Prio SINR = -3.21 dB (Threshold: 5.0 dB)', 'Unfairness: Jain Index = 0.03']",0.033796625082982486,-3.724520206451416,-8586.53515625,-0.53917986,-31.268190002441408,29.954786,0.01527694300748408,174.29785430431366
High Load,97,AI,baseline,19,"['Ping-Pong: 12 UEs oscillating', 'QoS Violation: Avg High Prio SINR = -2.96 dB (Threshold: 5.0 dB)', 'Unfairness: Jain Index = 0.04']",0.04456219440387004,-9.957575798034668,-6642.15185546875,-1.4415072,-25.809635829925536,28.922604,0.05341729931533337,134.86167788505554
High Load,98,AI,baseline,20,"['Ping-Pong: 12 UEs oscillating', 'QoS Violation: Avg High Prio SINR = -7.87 dB (Threshold: 5.0 dB)', 'Unfairness: Jain Index = 0.04']",0.03543041563300211,-5.988052845001221,-17632.5703125,-0.86685914,-37.41014499664307,33.07131,0.003583224234171212,357.57002234458923
High Load,99,AI,baseline,20,"['Ping-Pong: 15 UEs oscillating', 'QoS Violation: Avg High Prio SINR = 2.91 dB (Threshold: 5.0 dB)', 'Unfairness: Jain Index = 0.08']",0.08197465925762958,21.48287582397461,-5856.81640625,3.1099658,-21.758504962921144,41.58645,0.13604679815471174,118.95180493593216
High Load,100,AI,baseline,22,"['Ping-Pong: 13 UEs oscillating', 'Unfairness: Jain Index = 0.05']",0.047097918361452745,33.42820358276367,-11073.20703125,4.8392286,-29.284365463256833,45.228592,0.10358849675394599,224.64966773986816
High Load,101,AI,baseline,18,"['Ping-Pong: 12 UEs oscillating', 'QoS Violation: Avg High Prio SINR = -0.29 dB (Threshold: 5.0 dB)', 'Unfairness: Jain Index = 0.21']",0.21461437744773343,-31.60013771057129,-13188.923828125,-4.574588,-35.36055335998535,15.243427,0.006555090239271522,267.6129639148712
High Load,102,AI,baseline,21,"['Ping-Pong: 13 UEs oscillating', 'QoS Violation: Avg High Prio SINR = 0.21 dB (Threshold: 5.0 dB)', 'Unfairness: Jain Index = 0.05']",0.04771304146926496,17.599533081054688,-10780.72265625,2.5477936,-31.94562711715698,42.65251,0.022889772150665528,218.71651709079742
High Load,103,AI,baseline,18,"['Ping-Pong: 12 UEs oscillating', 'Unfairness: Jain Index = 0.03']",0.0333425104741956,-13.186071395874023,-16579.3203125,-1.9088795,-37.37612037658691,26.518501,0.003611098974943161,336.2453579902649
High Load,104,AI,baseline,17,"['Ping-Pong: 10 UEs oscillating', 'QoS Violation: Avg High Prio SINR = -4.61 dB (Threshold: 5.0 dB)', 'Unfairness: Jain Index = 0.07']",0.06641904805201922,1.876466989517212,-11257.1884765625,0.27164644,-30.28557319641113,31.018139,0.06298609510995451,228.42523455619812
High Load,105,AI,baseline,18,"['Ping-Pong: 8 UEs oscillating', 'QoS Violation: Avg High Prio SINR = -3.32 dB (Threshold: 5.0 dB)', 'Unfairness: Jain Index = 0.05']",0.047538318765369125,-12.539473533630371,-17183.767578125,-1.815275,-37.39652843475342,32.232563,0.003593927249312401,348.54426980018616
High Load,106,AI,baseline,20,"['Ping-Pong: 10 UEs oscillating', 'QoS Violation: Avg High Prio SINR = 0.23 dB (Threshold: 5.0 dB)', 'Unfairness: Jain Index = 0.05']",0.05475651962696396,-27.098440170288086,-18641.263671875,-3.9229007,-37.39234561920166,22.336306,0.0035978085245005785,378.0484199523926
High Load,107,AI,baseline,15,"['Ping-Pong: 8 UEs oscillating', 'QoS Violation: Avg High Prio SINR = 4.23 dB (Threshold: 5.0 dB)', 'Unfairness: Jain Index = 0.03']",0.033862874837164735,-16.912185668945312,-15511.8974609375,-2.4482896,-36.80044441223144,28.242718,0.0041668105637654666,314.6747648715973
High Load,108,AI,baseline,22,"['Ping-Pong: 11 UEs oscillating', 'Unfairness: Jain Index = 0.10']",0.09637685783122046,32.898948669433594,-638.5008544921875,4.7626114,-17.02586622238159,44.673298,0.4104998707771302,13.17997369915247
High Load,109,AI,baseline,20,"['Ping-Pong: 9 UEs oscillating', 'QoS Violation: Avg High Prio SINR = 3.20 dB (Threshold: 5.0 dB)', 'Unfairness: Jain Index = 0.08']",0.0848220943636125,39.38762664794922,-6919.62255859375,5.701942,-24.528069114685056,52.532776,0.21427301000803717,140.44030010700226
High Load,110,AI,baseline,20,"['Ping-Pong: 12 UEs oscillating', 'Unfairness: Jain Index = 0.05']",0.04555741816784047,-11.003806114196777,-25232.447265625,-1.5929643,-37.385451316833496,32.355186,0.0036035715253092348,511.6875171661377
High Load,111,AI,baseline,20,"['Ping-Pong: 12 UEs oscillating', 'Unfairness: Jain Index = 0.07']",0.06669454810694272,-6.461730003356934,-14676.6787109375,-0.9354313,-34.59365253448486,36.150803,0.006986066396348179,297.733336687088
High Load,112,AI,baseline,16,"['Ping-Pong: 11 UEs oscillating', 'QoS Violation: Avg High Prio SINR = -1.34 dB (Threshold: 5.0 dB)', 'Unfairness: Jain Index = 0.05']",0.04723054093197362,-35.3330192565918,-9555.2099609375,-5.114978,-31.83163375854492,16.419851,0.013645048113539816,193.96673142910004
High Load,113,AI,baseline,20,"['Ping-Pong: 10 UEs oscillating', 'QoS Violation: Avg High Prio SINR = -0.07 dB (Threshold: 5.0 dB)', 'Unfairness: Jain Index = 0.07']",0.06896452941580465,18.381696701049805,-11879.072265625,2.6610236,-33.36533002853393,44.425983,0.01462675286456943,240.9941554069519
High Load,114,AI,baseline,21,"['Ping-Pong: 9 UEs oscillating', 'QoS Violation: Avg High Prio SINR = 3.68 dB (Threshold: 5.0 dB)', 'Unfairness: Jain Index = 0.03']",0.03392457639278891,-9.909398078918457,-12378.158203125,-1.4345324,-34.62307605743408,25.471636,0.008629237534478309,251.14578008651733
High Load,115,AI,baseline,23,"['Ping-Pong: 12 UEs oscillating', 'QoS Violation: Avg High Prio SINR = 2.81 dB (Threshold: 5.0 dB)', 'Unfairness: Jain Index = 0.05']",0.04723852965125789,23.939422607421875,-6019.7138671875,3.465586,-24.05271053314209,41.231747,0.07922046966850758,122.21337109804153
High Load,116,AI,baseline,22,"['Ping-Pong: 18 UEs oscillating', 'Unfairness: Jain Index = 0.03']",0.03333584215282021,-20.162982940673828,-11678.6416015625,-2.918891,-33.09206771850586,19.75241,0.016521088965237143,237.00769245624542
High Load,117,AI,baseline,21,"['Ping-Pong: 16 UEs oscillating', 'QoS Violation: Avg High Prio SINR = 1.32 dB (Threshold: 5.0 dB)', 'Unfairness: Jain Index = 0.03']",0.03466522519150143,3.450510263442993,-5905.30712890625,0.49951237,-21.61062078475952,29.27255,0.20265670940279967,119.95692551136017
High Load,118,AI,baseline,21,"['Ping-Pong: 16 UEs oscillating', 'Unfairness: Jain Index = 0.04']",0.04489531861628896,-12.342050552368164,-17319.603515625,-1.7866949,-35.958498573303224,35.46186,0.005341629427857698,351.276695728302
High Load,119,AI,baseline,19,"['Ping-Pong: 14 UEs oscillating', 'Unfairness: Jain Index = 0.05']",0.05189872043162472,7.314208030700684,-12064.8955078125,1.05884,-32.69701051712036,37.28086,0.019773919507861143,244.78639662265778
High Load,120,AI,baseline,19,"['Ping-Pong: 13 UEs oscillating', 'QoS Violation: Avg High Prio SINR = 1.07 dB (Threshold: 5.0 dB)', 'Unfairness: Jain Index = 0.09']",0.09448341757683305,11.420619010925293,-13121.615234375,1.6533042,-34.56325807571411,42.886257,0.008835532097145916,266.20909571647644
High Load,121,AI,baseline,18,"['Ping-Pong: 9 UEs oscillating', 'QoS Violation: Avg High Prio SINR = -6.18 dB (Threshold: 5.0 dB)', 'Unfairness: Jain Index = 0.03']",0.03334774628998087,-47.27417755126953,-21665.943359375,-6.8436403,-37.38185844421387,17.25746,0.0036059240694157777,439.3923580646515
High Load,122,AI,baseline,23,"['Ping-Pong: 11 UEs oscillating', 'QoS Violation: Avg High Prio SINR = 2.25 dB (Threshold: 5.0 dB)', 'Unfairness: Jain Index = 0.03']",0.03363005688517726,-8.384952545166016,-19456.173828125,-1.2138463,-37.40038871765137,32.317448,0.0035903987125493588,394.6112096309662
High Load,123,AI,baseline,23,"['Ping-Pong: 14 UEs oscillating', 'QoS Violation: Avg High Prio SINR = 0.94 dB (Threshold: 5.0 dB)', 'Unfairness: Jain Index = 0.05']",0.050270548222450466,-27.70584487915039,-18684.046875,-4.010832,-36.81823024749756,24.250446,0.004146699653938413,378.9994418621063
High Load,124,AI,baseline,18,"['Ping-Pong: 15 UEs oscillating', 'QoS Violation: Avg High Prio SINR = 3.29 dB (Threshold: 5.0 dB)', 'Unfairness: Jain Index = 0.03']",0.034484546698630054,9.222293853759766,-17625.029296875,1.3350642,-37.37519073486328,41.06522,0.003611098974943161,357.46097564697266
High Load,125,AI,baseline,17,"['Ping-Pong: 10 UEs oscillating', 'QoS Violation: Avg High Prio SINR = -5.12 dB (Threshold: 5.0 dB)', 'Unfairness: Jain Index = 0.03']",0.0333405224327282,-42.887550354003906,-31169.771484375,-6.208609,-37.38435516357422,18.1369,0.0036038070102222264,632.1851015090942
High Load,126,AI,baseline,16,"['Ping-Pong: 7 UEs oscillating', 'Unfairness: Jain Index = 0.06']",0.05502390331463778,1.9579448699951172,-18860.986328125,0.28344148,-37.38070869445801,37.66395,0.003607217827811837,382.5289011001587
High Load,127,AI,baseline,24,"['Ping-Pong: 10 UEs oscillating', 'Unfairness: Jain Index = 0.11']",0.11373298908087812,64.7611312866211,-10977.060546875,9.375133,-25.0250280380249,66.00242,0.8620307518634949,222.73318469524384
High Load,128,AI,baseline,21,"['Ping-Pong: 11 UEs oscillating', 'QoS Violation: Avg High Prio SINR = -4.27 dB (Threshold: 5.0 dB)', 'Unfairness: Jain Index = 0.04']",0.03772073101317264,-26.512712478637695,-20181.724609375,-3.838108,-37.375488662719725,27.006664,0.003611098974943161,409.28998589515686
High Load,129,AI,baseline,19,"['Ping-Pong: 14 UEs oscillating', 'QoS Violation: Avg High Prio SINR = 0.79 dB (Threshold: 5.0 dB)', 'Unfairness: Jain Index = 0.03']",0.034856306134302496,-9.521897315979004,-13400.2255859375,-1.378436,-35.57327156066894,29.623577,0.00607184385880828,271.8697786331177
High Load,130,AI,baseline,20,"['Ping-Pong: 12 UEs oscillating', 'QoS Violation: Avg High Prio SINR = 2.32 dB (Threshold: 5.0 dB)', 'Unfairness: Jain Index = 0.03']",0.034242755708098635,-26.699508666992188,-19687.80859375,-3.8651497,-36.7653190612793,27.187376,0.004205973749049009,399.28239583969116
High Load,131,AI,baseline,22,"['Ping-Pong: 13 UEs oscillating', 'QoS Violation: Avg High Prio SINR = 1.85 dB (Threshold: 5.0 dB)', 'Unfairness: Jain Index = 0.12']",0.1233688560885872,66.73535919189453,-567.3621826171875,9.660933,-7.886935043334961,60.27927,2.9748774647712706,11.722165159881115
High Load,132,AI,baseline,19,"['Ping-Pong: 12 UEs oscillating', 'QoS Violation: Avg High Prio SINR = 2.26 dB (Threshold: 5.0 dB)', 'Unfairness: Jain Index = 0.04']",0.03770956543401205,-2.3083882331848145,-22384.640625,-0.33417368,-37.38517017364502,40.45275,0.0036040423437952995,453.84854078292847
High Load,133,AI,baseline,22,"['Ping-Pong: 12 UEs oscillating', 'QoS Violation: Avg High Prio SINR = -0.09 dB (Threshold: 5.0 dB)', 'Unfairness: Jain Index = 0.07']",0.0673997719425385,-1.938491702079773,-24619.4921875,-0.28062597,-37.52845706939697,37.81892,0.0034879559534601867,499.2101490497589
High Load,134,AI,baseline,21,"['Ping-Pong: 11 UEs oscillating', 'QoS Violation: Avg High Prio SINR = -4.53 dB (Threshold: 5.0 dB)', 'Unfairness: Jain Index = 0.03']",0.03333460391905937,-28.493934631347656,-18041.1875,-4.1249194,-37.37722587585449,21.423334,0.0036098052165471016,365.93911051750183
High Load,135,AI,baseline,21,"['Ping-Pong: 14 UEs oscillating', 'QoS Violation: Avg High Prio SINR = 1.05 dB (Threshold: 5.0 dB)', 'Unfairness: Jain Index = 0.07']",0.06558343412535594,-7.116403579711914,-12520.8701171875,-1.0302047,-34.578170967102054,31.09722,0.007053196663036943,254.02584671974182
High Load,136,AI,baseline,18,"['Ping-Pong: 14 UEs oscillating', 'QoS Violation: Avg High Prio SINR = 0.97 dB (Threshold: 5.0 dB)', 'Unfairness: Jain Index = 0.03']",0.03484578152124978,-17.946847915649414,-24760.841796875,-2.5980718,-37.38163604736328,30.49749,0.0036059240694157777,502.0965337753296
High Load,137,AI,baseline,20,"['Ping-Pong: 12 UEs oscillating', 'QoS Violation: Avg High Prio SINR = -3.59 dB (Threshold: 5.0 dB)', 'Unfairness: Jain Index = 0.06']",0.05880296792200779,12.427091598510742,-7367.6474609375,1.7990066,-28.13703556060791,42.405674,0.03660546690225602,149.5627760887146
High Load,138,AI,baseline,19,"['Ping-Pong: 12 UEs oscillating', 'QoS Violation: Avg High Prio SINR = 3.56 dB (Threshold: 5.0 dB)', 'Unfairness: Jain Index = 0.07']",0.06803019916454213,-5.3717851638793945,-21280.9609375,-0.77764565,-36.02238807678223,40.086185,0.0052347377408295875,431.5952658653259
High Load,139,AI,baseline,16,"['Ping-Pong: 11 UEs oscillating', 'QoS Violation: Avg High Prio SINR = -3.07 dB (Threshold: 5.0 dB)', 'Unfairness: Jain Index = 0.04']",0.03699761928644626,1.3521898984909058,-7900.4521484375,0.19574955,-29.58048915863037,32.652557,0.025719891488552096,160.38648784160614
High Load,140,AI,baseline,18,"['Ping-Pong: 8 UEs oscillating', 'QoS Violation: Avg High Prio SINR = -5.52 dB (Threshold: 5.0 dB)', 'Unfairness: Jain Index = 0.09']",0.09011519021343042,11.407099723815918,-7512.5693359375,1.6513473,-27.846834182739258,38.766758,0.057943364232778564,152.53020823001862
High Load,141,AI,baseline,22,"['Ping-Pong: 10 UEs oscillating', 'Unfairness: Jain Index = 0.12']",0.12444875316108657,64.0745849609375,-10991.6533203125,9.275748,-25.497622489929192,64.66608,0.6839207462966445,222.99812734127045
High Load,142,AI,baseline,17,"['Ping-Pong: 10 UEs oscillating', 'Unfairness: Jain Index = 0.04']",0.04132999372301404,11.702024459838867,-18560.19921875,1.6940416,-37.37963581085205,42.489098,0.0036085114581510423,376.42356753349304
High Load,143,AI,baseline,19,"['Ping-Pong: 9 UEs oscillating', 'QoS Violation: Avg High Prio SINR = 0.32 dB (Threshold: 5.0 dB)', 'Unfairness: Jain Index = 0.05']",0.04885991278512596,4.877133369445801,-16584.935546875,0.7060375,-37.11492862701416,39.14668,0.0038451481261290612,336.41138672828674
High Load,144,AI,baseline,22,"['Ping-Pong: 10 UEs oscillating', 'QoS Violation: Avg High Prio SINR = -1.38 dB (Threshold: 5.0 dB)', 'Unfairness: Jain Index = 0.07']",0.07075609241333905,16.030086517333984,-12388.265625,2.3205926,-34.19691886901855,45.79,0.010288385394960645,251.2950599193573
High Load,145,AI,baseline,17,"['Ping-Pong: 12 UEs oscillating', 'QoS Violation: Avg High Prio SINR = -6.25 dB (Threshold: 5.0 dB)', 'Unfairness: Jain Index = 0.03']",0.033907066966023046,-23.113243103027344,-19542.529296875,-3.3459845,-37.172111892700194,28.908295,0.0037889304803684354,396.37330174446106
High Load,146,AI,baseline,18,"['Ping-Pong: 13 UEs oscillating', 'QoS Violation: Avg High Prio SINR = 3.56 dB (Threshold: 5.0 dB)', 'Unfairness: Jain Index = 0.04']",0.04287689584274441,5.424334526062012,-18293.328125,0.7852533,-37.379485511779784,42.61871,0.003607217827811837,371.08075618743896
High Load,147,AI,baseline,16,"['Ping-Pong: 11 UEs oscillating', 'QoS Violation: Avg High Prio SINR = -1.30 dB (Threshold: 5.0 dB)', 'Unfairness: Jain Index = 0.03']",0.03411191670778068,-52.274173736572266,-25583.4375,-7.5674624,-37.379074287414554,15.758882,0.0036085114581510423,518.7976360321045
High Load,148,AI,baseline,17,"['Ping-Pong: 12 UEs oscillating', 'QoS Violation: Avg High Prio SINR = -7.11 dB (Threshold: 5.0 dB)']",0.46707116136084753,-71.39179992675781,-25649.001953125,-10.335022,-37.37519073486328,8.062097,0.003611098974943161,520.1705098152161
High Load,149,AI,baseline,19,"['Ping-Pong: 12 UEs oscillating', 'QoS Violation: Avg High Prio SINR = -2.42 dB (Threshold: 5.0 dB)', 'Unfairness: Jain Index = 0.03']",0.033413528580288634,-23.79836082458496,-19464.857421875,-3.4451654,-37.37783222198486,25.355877,0.0036098052165471016,394.7497010231018
High Load,150,AI,baseline,18,"['Ping-Pong: 14 UEs oscillating', 'QoS Violation: Avg High Prio SINR = -2.23 dB (Threshold: 5.0 dB)', 'Unfairness: Jain Index = 0.04']",0.04123162864800714,-32.53961181640625,-26188.111328125,-4.710591,-37.37871551513672,25.858315,0.0036085114581510423,531.0105085372925
High Load,151,AI,baseline,21,"['Ping-Pong: 13 UEs oscillating', 'Unfairness: Jain Index = 0.07']",0.07055417282371826,18.55131721496582,-12143.7099609375,2.6855786,-34.259507942199704,42.433517,0.00998752033337951,246.3410198688507
High Load,152,AI,baseline,17,"['Ping-Pong: 12 UEs oscillating', 'QoS Violation: Avg High Prio SINR = 0.21 dB (Threshold: 5.0 dB)', 'Unfairness: Jain Index = 0.04']",0.03689313504528364,-1.974267601966858,-13560.396484375,-0.28580436,-34.53246717453003,36.47227,0.008944496000185612,275.1045227050781
High Load,153,AI,baseline,21,"['Ping-Pong: 13 UEs oscillating', 'QoS Violation: Avg High Prio SINR = -4.83 dB (Threshold: 5.0 dB)', 'Unfairness: Jain Index = 0.05']",0.05366488425111554,-13.254447937011719,-21432.564453125,-1.918778,-37.238244247436526,30.623348,0.0037471746909432113,434.65662002563477
High Load,154,AI,baseline,23,"['Ping-Pong: 14 UEs oscillating', 'Unfairness: Jain Index = 0.12']",0.12226965461535265,34.86796569824219,-16526.98046875,5.0476546,-37.38138637542725,53.58403,0.0036059240694157777,335.263192653656
High Load,155,AI,baseline,22,"['Ping-Pong: 17 UEs oscillating', 'QoS Violation: Avg High Prio SINR = 1.97 dB (Threshold: 5.0 dB)', 'Unfairness: Jain Index = 0.04']",0.0417599180952037,-19.597030639648438,-22993.8671875,-2.8369606,-37.38628520965576,29.814337,0.0036016900558024645,466.336190700531
High Load,156,AI,baseline,19,"['Ping-Pong: 16 UEs oscillating', 'QoS Violation: Avg High Prio SINR = -4.47 dB (Threshold: 5.0 dB)', 'Unfairness: Jain Index = 0.03']",0.03333606079704416,-39.36370849609375,-24878.64453125,-5.6984806,-37.4150577545166,20.645761,0.0035786371678113937,504.5391321182251
High Load,157,AI,baseline,16,"['Ping-Pong: 13 UEs oscillating', 'QoS Violation: Avg High Prio SINR = -5.10 dB (Threshold: 5.0 dB)', 'Unfairness: Jain Index = 0.18']",0.17790571922360296,-66.46965026855469,-32360.630859375,-9.622467,-37.39194297790527,11.215912,0.0035978085245005785,656.1937928199768
High Load,158,AI,baseline,16,"['Ping-Pong: 9 UEs oscillating', 'QoS Violation: Avg High Prio SINR = -2.43 dB (Threshold: 5.0 dB)', 'Unfairness: Jain Index = 0.05']",0.04758181226267327,-22.23848533630371,-23237.8515625,-3.21935,-37.41110076904297,27.977083,0.0035813422757200895,471.292108297348
High Load,159,AI,baseline,18,"['Ping-Pong: 8 UEs oscillating', 'QoS Violation: Avg High Prio SINR = -5.84 dB (Threshold: 5.0 dB)', 'Unfairness: Jain Index = 0.03']",0.03488342372772899,-8.385615348815918,-17470.109375,-1.2139417,-37.378564453125,29.721476,0.0036085114581510423,354.3657064437866
High Load,160,AI,baseline,17,"['Ping-Pong: 9 UEs oscillating', 'QoS Violation: Avg High Prio SINR = -6.08 dB (Threshold: 5.0 dB)', 'Unfairness: Jain Index = 0.03']",0.03337693181621912,-42.73073196411133,-27217.322265625,-6.1859064,-37.64539852142334,17.733982,0.0033965680515393613,551.9300699234009
High Load,161,AI,baseline,22,"['Ping-Pong: 12 UEs oscillating', 'Unfairness: Jain Index = 0.14']",0.13527683079782077,35.90087127685547,-15778.6865234375,5.197184,-36.15849018096924,56.198605,0.004859636048786343,320.0743496417999
High Load,162,AI,baseline,20,"['Ping-Pong: 13 UEs oscillating', 'QoS Violation: Avg High Prio SINR = -0.82 dB (Threshold: 5.0 dB)', 'Unfairness: Jain Index = 0.03']",0.03371322505796569,-1.1205203533172607,-15846.9072265625,-0.16221192,-36.365557479858396,33.38444,0.004710845113731921,321.4236795902252
High Load,163,AI,baseline,19,"['Ping-Pong: 14 UEs oscillating', 'QoS Violation: Avg High Prio SINR = 2.09 dB (Threshold: 5.0 dB)', 'Unfairness: Jain Index = 0.10']",0.10000134476905215,1.2220762968063354,-26530.68359375,0.17691374,-37.411486053466795,39.84963,0.0035816951422020793,537.9012227058411
High Load,164,AI,baseline,18,"['Ping-Pong: 11 UEs oscillating', 'QoS Violation: Avg High Prio SINR = -4.78 dB (Threshold: 5.0 dB)', 'Unfairness: Jain Index = 0.03']",0.0333341909158274,-42.04390335083008,-21242.517578125,-6.0864787,-37.40193767547608,18.946373,0.0035891049541532994,430.8753311634064
High Load,165,AI,baseline,18,"['Ping-Pong: 9 UEs oscillating', 'QoS Violation: Avg High Prio SINR = 1.19 dB (Threshold: 5.0 dB)', 'Unfairness: Jain Index = 0.05']",0.051701863662612,-15.772753715515137,-15197.197265625,-2.2833405,-35.73041553497315,30.278584,0.005756483133882285,308.271199464798
High Load,166,AI,baseline,19,"['Ping-Pong: 11 UEs oscillating', 'QoS Violation: Avg High Prio SINR = -7.46 dB (Threshold: 5.0 dB)', 'Unfairness: Jain Index = 0.06']",0.055826748905199425,-25.27474594116211,-22715.634765625,-3.658895,-37.3921142578125,23.547552,0.0035978085245005785,460.6269896030426
High Load,167,AI,baseline,22,"['Ping-Pong: 13 UEs oscillating', 'Unfairness: Jain Index = 0.11']",0.10792031878744615,32.54499816894531,-16814.240234375,4.711372,-37.395934677124025,54.424152,0.0035942798596806822,341.0574793815613
High Load,168,AI,baseline,20,"['Ping-Pong: 13 UEs oscillating', 'Unfairness: Jain Index = 0.11']",0.11267339438716076,42.69700622558594,-7905.001953125,6.1810246,-25.564273929595945,53.179928,0.13928355257958178,160.44236719608307
High Load,169,AI,baseline,16,"['Ping-Pong: 12 UEs oscillating', 'QoS Violation: Avg High Prio SINR = 2.86 dB (Threshold: 5.0 dB)', 'Unfairness: Jain Index = 0.08']",0.07767253139997869,-0.4381886422634125,-19828.462890625,-0.06343455,-37.40787982940674,38.666264,0.0035839299205690624,402.1899402141571
High Load,170,AI,baseline,19,"['Ping-Pong: 13 UEs oscillating', 'QoS Violation: Avg High Prio SINR = -0.18 dB (Threshold: 5.0 dB)', 'Unfairness: Jain Index = 0.03']",0.03333896503544241,-33.91436767578125,-22777.814453125,-4.909608,-37.40463390350342,22.40533,0.003586752794217318,461.93239092826843
High Load,171,AI,baseline,21,"['Ping-Pong: 14 UEs oscillating', 'Unfairness: Jain Index = 0.10']",0.09813346560017333,28.719669342041016,-7824.35498046875,4.157598,-27.369157981872554,44.92381,0.09331277478486302,158.85385870933533
High Load,172,AI,baseline,20,"['Ping-Pong: 15 UEs oscillating', 'QoS Violation: Avg High Prio SINR = -4.08 dB (Threshold: 5.0 dB)', 'Unfairness: Jain Index = 0.03']",0.03338578924269377,-32.65255355834961,-28264.96875,-4.7269416,-37.44356784820557,20.898474,0.0035548790823668242,573.2181668281555
High Load,173,AI,baseline,16,"['Ping-Pong: 12 UEs oscillating', 'QoS Violation: Avg High Prio SINR = -6.53 dB (Threshold: 5.0 dB)', 'Unfairness: Jain Index = 0.04']",0.03855410325504735,-16.337158203125,-22283.55859375,-2.3650458,-37.3842170715332,29.776272,0.003604865539819002,451.87729597091675
High Load,174,AI,baseline,20,"['Ping-Pong: 12 UEs oscillating', 'QoS Violation: Avg High Prio SINR = -8.21 dB (Threshold: 5.0 dB)', 'Unfairness: Jain Index = 0.07']",0.0651687148379612,-12.327056884765625,-13955.8623046875,-1.7845241,-35.96441116333008,29.067083,0.005331869109068067,283.16113352775574
High Load,175,AI,baseline,21,"['Ping-Pong: 12 UEs oscillating', 'QoS Violation: Avg High Prio SINR = 3.62 dB (Threshold: 5.0 dB)', 'Unfairness: Jain Index = 0.05']",0.049201576323333995,7.495744705200195,-21348.181640625,1.0851201,-33.10910778045654,39.629253,0.009674714133143426,433.10457468032837
High Load,176,AI,baseline,19,"['Ping-Pong: 12 UEs oscillating', 'QoS Violation: Avg High Prio SINR = -0.08 dB (Threshold: 5.0 dB)', 'Unfairness: Jain Index = 0.07']",0.06701000331943911,-4.011571407318115,-11788.970703125,-0.5807342,-32.814241027832026,33.436466,0.01874977131374181,239.22167718410492
High Load,177,AI,baseline,18,"['Ping-Pong: 12 UEs oscillating', 'QoS Violation: Avg High Prio SINR = -7.71 dB (Threshold: 5.0 dB)', 'Unfairness: Jain Index = 0.04']",0.03759622441706675,-21.340633392333984,-13097.115234375,-3.0893734,-33.962576675415036,27.070335,0.011301175784319642,265.72737097740173
High Load,178,AI,baseline,22,"['Ping-Pong: 13 UEs oscillating', 'Unfairness: Jain Index = 0.04']",0.04469864764296914,2.482243776321411,-2559.36962890625,0.35934156,-26.1455735206604,33.132248,0.06061547324061395,52.120499312877655
High Load,179,AI,baseline,19,"['Ping-Pong: 14 UEs oscillating', 'QoS Violation: Avg High Prio SINR = -6.13 dB (Threshold: 5.0 dB)', 'Unfairness: Jain Index = 0.04']",0.03582961341838836,-34.4080810546875,-18122.40234375,-4.9810805,-37.38436851501465,22.785828,0.0036035715253092348,367.61438846588135
High Load,180,AI,baseline,17,"['Ping-Pong: 13 UEs oscillating', 'QoS Violation: Avg High Prio SINR = -3.05 dB (Threshold: 5.0 dB)', 'Unfairness: Jain Index = 0.03']",0.033338870256003204,-11.779056549072266,-3996.059326171875,-1.705193,-29.272654342651368,26.379847,0.024045154079794885,81.24709129333496
High Load,181,AI,baseline,16,"['Ping-Pong: 11 UEs oscillating', 'QoS Violation: Avg High Prio SINR = -0.97 dB (Threshold: 5.0 dB)', 'Unfairness: Jain Index = 0.04']",0.04134286515896857,-32.68815994262695,-10887.2578125,-4.7320952,-33.520142555236816,19.318506,0.009028741531074047,220.93099355697632
High Load,182,AI,baseline,20,"['Ping-Pong: 12 UEs oscillating', 'QoS Violation: Avg High Prio SINR = -7.84 dB (Threshold: 5.0 dB)', 'Unfairness: Jain Index = 0.03']",0.03333492615412707,-32.5582389831543,-18142.068359375,-4.713288,-36.0668212890625,21.361504,0.005160653870552779,367.95201897621155
High Load,183,AI,baseline,26,"['Ping-Pong: 13 UEs oscillating', 'Unfairness: Jain Index = 0.08']",0.07551828181773984,43.8443489074707,-6934.52001953125,6.3471193,-20.183438682556147,51.30318,1.8900557130575188,140.75127243995667
High Load,184,AI,baseline,24,"['Ping-Pong: 19 UEs oscillating', 'QoS Violation: Avg High Prio SINR = -0.51 dB (Threshold: 5.0 dB)', 'Unfairness: Jain Index = 0.03']",0.03334160501080358,-14.53636360168457,-17717.720703125,-2.1043541,-37.37721328735351,26.937634,0.0036098052165471016,359.3371510505676
High Load,185,AI,baseline,17,"['Ping-Pong: 15 UEs oscillating', 'QoS Violation: Avg High Prio SINR = -10.34 dB (Threshold: 5.0 dB)', 'Unfairness: Jain Index = 0.07']",0.06666768290710509,-17.653539657592773,-13117.3583984375,-2.5556111,-35.38447456359863,27.933535,0.006487486185505988,266.1650478839874
High Load,186,AI,baseline,19,"['Ping-Pong: 15 UEs oscillating', 'QoS Violation: Avg High Prio SINR = -6.03 dB (Threshold: 5.0 dB)', 'Unfairness: Jain Index = 0.03']",0.03361093081343243,-39.172630310058594,-13577.2685546875,-5.67082,-34.55743703842163,16.549994,0.00886256601661444,275.5070626735687
High Load,187,AI,baseline,16,"['Ping-Pong: 12 UEs oscillating', 'QoS Violation: Avg High Prio SINR = -10.20 dB (Threshold: 5.0 dB)', 'Unfairness: Jain Index = 0.29']",0.28818432086752016,-43.94169235229492,-13709.99609375,-6.361212,-35.64765338897705,12.234776,0.005925334873609246,278.094083070755
High Load,188,AI,baseline,18,"['Ping-Pong: 14 UEs oscillating', 'QoS Violation: Avg High Prio SINR = -9.16 dB (Threshold: 5.0 dB)', 'Unfairness: Jain Index = 0.03']",0.033340314100219134,-26.82296371459961,-18190.0859375,-3.8830214,-37.378092193603514,20.552368,0.0036098052165471016,368.85184049606323
High Load,189,AI,baseline,22,"['Ping-Pong: 14 UEs oscillating', 'QoS Violation: Avg High Prio SINR = -1.82 dB (Threshold: 5.0 dB)', 'Unfairness: Jain Index = 0.04']",0.04413954026164198,1.8828682899475098,-19764.44140625,0.27257308,-37.37588520050049,39.954365,0.003611098974943161,400.81489086151123
High Load,190,AI,baseline,24,"['Ping-Pong: 15 UEs oscillating', 'Unfairness: Jain Index = 0.08']",0.0830288447952327,24.616865158081055,-18333.708984375,3.5636563,-37.27180938720703,48.79601,0.003700015041977167,371.83085083961487
High Load,191,AI,baseline,20,"['Ping-Pong: 16 UEs oscillating', 'QoS Violation: Avg High Prio SINR = -7.16 dB (Threshold: 5.0 dB)', 'Unfairness: Jain Index = 0.03']",0.03357091571888898,-45.96662521362305,-22249.142578125,-6.65435,-37.38013343811035,14.463877,0.0036074529285542666,451.2346684932709
High Load,192,AI,baseline,19,"['Ping-Pong: 13 UEs oscillating', 'Unfairness: Jain Index = 0.08']",0.07675962079567955,16.330707550048828,-7493.677734375,2.364112,-28.58382558822632,42.196037,0.035751439817249785,152.1356999874115
High Load,193,AI,baseline,20,"['Ping-Pong: 10 UEs oscillating', 'QoS Violation: Avg High Prio SINR = 0.89 dB (Threshold: 5.0 dB)', 'Unfairness: Jain Index = 0.06']",0.05827091313431676,7.434101104736328,-15592.666015625,1.0761968,-36.40416240692139,42.055546,0.004558922606520355,316.2086308002472
High Load,194,AI,baseline,20,"['Ping-Pong: 9 UEs oscillating', 'QoS Violation: Avg High Prio SINR = -2.23 dB (Threshold: 5.0 dB)', 'Unfairness: Jain Index = 0.07']",0.06688157194843646,-4.598231792449951,-19458.13671875,-0.66566247,-37.458252334594725,37.599266,0.0035427646245807408,394.6442902088165
High Load,195,AI,baseline,20,"['Ping-Pong: 13 UEs oscillating', 'QoS Violation: Avg High Prio SINR = -9.07 dB (Threshold: 5.0 dB)', 'Unfairness: Jain Index = 0.03']",0.03383695303274637,-27.79155921936035,-21136.150390625,-4.0232396,-37.42250652313233,26.810156,0.0035725213238038123,428.61202359199524
High Load,196,AI,baseline,18,"['Ping-Pong: 11 UEs oscillating', 'QoS Violation: Avg High Prio SINR = -4.94 dB (Threshold: 5.0 dB)', 'Unfairness: Jain Index = 0.05']",0.051703214104935086,-14.316970825195312,-15396.3876953125,-2.0725932,-36.755713272094724,27.98364,0.004217616841197014,312.29397654533386
High Load,197,AI,baseline,19,"['Ping-Pong: 11 UEs oscillating', 'QoS Violation: Avg High Prio SINR = -5.66 dB (Threshold: 5.0 dB)', 'Unfairness: Jain Index = 0.03']",0.03339550043310107,-33.330265045166016,-19878.80859375,-4.82505,-37.39191513061523,18.171024,0.003598161262925714,403.1738340854645
High Load,198,AI,baseline,20,"['Ping-Pong: 11 UEs oscillating', 'QoS Violation: Avg High Prio SINR = -4.81 dB (Threshold: 5.0 dB)', 'Unfairness: Jain Index = 0.07']",0.06636486299813923,-11.842299461364746,-16862.404296875,-1.7143483,-37.46566581726074,26.37545,0.003537472023162991,341.9829308986664
High Load,199,AI,baseline,23,"['Ping-Pong: 14 UEs oscillating', 'QoS Violation: Avg High Prio SINR = -4.81 dB (Threshold: 5.0 dB)', 'Unfairness: Jain Index = 0.04']",0.04083370296589935,11.672525405883789,-4935.45458984375,1.6897712,-29.918249320983886,37.306995,0.02108100382611156,100.27530044317245
High Load,0,AI,utility,21,"['QoS Violation: Avg High Prio SINR = 2.13 dB (Threshold: 5.0 dB)', 'Unfairness: Jain Index = 0.04']",0.03964635466187085,19.57221031188965,-36.73012161254883,2.8333676,-6.928325319290161,25.366354,3.724261581897736,0.9908152278512716
High Load,1,AI,utility,25,"['QoS Violation: Avg High Prio SINR = 1.56 dB (Threshold: 5.0 dB)', 'Unfairness: Jain Index = 0.25']",0.2516680545811395,23.4797306060791,-26.20935821533203,3.3990397,-3.4904812574386597,26.191378,7.302954912185669,0.773190869949758
High Load,2,AI,utility,21,['Unfairness: Jain Index = 0.13'],0.12907777560143058,42.4349365234375,-23.957202911376953,6.1430864,-3.4599609971046448,37.5718,7.38230574131012,0.7105054100975394
High Load,3,AI,utility,24,"['Ping-Pong: 18 UEs oscillating', 'Unfairness: Jain Index = 0.05']",0.053288839953995075,37.52008056640625,-36.06123733520508,5.4315877,-5.41630175113678,37.16468,4.984755539894104,0.9613422444090247
High Load,4,AI,utility,27,"['Ping-Pong: 18 UEs oscillating', 'Unfairness: Jain Index = 0.05']",0.046547786390340004,41.28275680541992,-30.464218139648438,5.976291,-4.540510106086731,38.16805,5.950888848304748,0.84248575149104
High Load,5,AI,utility,24,"['Ping-Pong: 21 UEs oscillating', 'QoS Violation: Avg High Prio SINR = 2.32 dB (Threshold: 5.0 dB)', 'Unfairness: Jain Index = 0.15']",0.15443204051975912,24.262004852294922,-33.414306640625,3.5122845,-6.166674304008484,27.703451,4.383918714523316,0.917395984288305
High Load,6,AI,utility,28,"['Ping-Pong: 24 UEs oscillating', 'Unfairness: Jain Index = 0.07']",0.06841463159090537,30.058937072753906,-33.140357971191406,4.3514767,-5.5458660364151,31.67848,4.8964899539947515,0.9087465587072074
High Load,7,AI,utility,26,"['Ping-Pong: 22 UEs oscillating', 'Unfairness: Jain Index = 0.06']",0.06271943435951724,23.444347381591797,-28.258350372314453,3.393917,-3.2237656354904174,27.014004,7.684937047958374,0.8156353142112494
High Load,8,AI,utility,25,"['Ping-Pong: 23 UEs oscillating', 'Unfairness: Jain Index = 0.03']",0.033971999035309626,38.565673828125,-33.1842041015625,5.5829525,-3.7784218549728394,37.402428,6.905936622619629,0.9023461607284844
High Load,9,AI,utility,25,"['Ping-Pong: 21 UEs oscillating', 'Unfairness: Jain Index = 0.12']",0.12344816390137175,34.32144546508789,-33.1340217590332,4.9685373,-5.719243502616882,34.738827,4.687383794784546,0.9050056687556207
High Load,10,AI,utility,28,"['Ping-Pong: 23 UEs oscillating', 'QoS Violation: Avg High Prio SINR = 4.66 dB (Threshold: 5.0 dB)', 'Unfairness: Jain Index = 0.04']",0.035484753829724706,36.27821350097656,-25.179014205932617,5.251809,-2.9832611799240114,34.213963,8.0434889793396,0.7458295440301299
High Load,11,AI,utility,29,"['Ping-Pong: 24 UEs oscillating', 'Unfairness: Jain Index = 0.05']",0.05167876421283085,26.168989181518555,-32.802677154541016,3.7883494,-4.239845228195191,29.342749,6.309810209274292,0.904656364582479
High Load,12,AI,utility,26,"['Ping-Pong: 23 UEs oscillating', 'QoS Violation: Avg High Prio SINR = 2.05 dB (Threshold: 5.0 dB)', 'Unfairness: Jain Index = 0.05']",0.0525060647790371,12.803696632385254,-47.57964324951172,1.853525,-7.0742906570434565,23.84113,3.5667243123054506,1.2152462732046843
High Load,13,AI,utility,24,"['Ping-Pong: 20 UEs oscillating', 'Unfairness: Jain Index = 0.04']",0.04130979560586617,36.88341522216797,-30.9325008392334,5.3394213,-4.561795401573181,35.758648,5.92003812789917,0.8595948456786573
High Load,14,AI,utility,27,"['Ping-Pong: 20 UEs oscillating', 'QoS Violation: Avg High Prio SINR = 2.76 dB (Threshold: 5.0 dB)', 'Unfairness: Jain Index = 0.04']",0.0383719835673996,11.423526763916016,-31.760608673095703,1.6537249,-3.7524575948715206,20.50516,7.003139328956604,0.8999520214274526
High Load,15,AI,utility,30,"['Ping-Pong: 22 UEs oscillating', 'Unfairness: Jain Index = 0.04']",0.04323786789746555,42.7680549621582,-40.70842742919922,6.1913095,-6.904889488220214,40.38499,3.681448221206665,1.051800325512886
High Load,16,AI,utility,24,"['Ping-Pong: 22 UEs oscillating', 'QoS Violation: Avg High Prio SINR = 3.87 dB (Threshold: 5.0 dB)', 'Unfairness: Jain Index = 0.07']",0.07463583365866845,46.31827926635742,-34.25923156738281,6.7052584,-6.5561363697052,41.588875,3.9531313300132753,0.9160817717202008
High Load,17,AI,utility,26,"['Ping-Pong: 22 UEs oscillating', 'Unfairness: Jain Index = 0.03']",0.03474156049618475,23.165180206298828,-37.38674545288086,3.3535035,-5.169728350639343,28.607826,5.241030311584472,1.001550699584186
High Load,18,AI,utility,27,"['Ping-Pong: 22 UEs oscillating', 'QoS Violation: Avg High Prio SINR = 3.61 dB (Threshold: 5.0 dB)', 'Unfairness: Jain Index = 0.05']",0.05033838944204585,34.05508804321289,-35.968528747558594,4.9299793,-4.8546957731246945,34.92686,5.597195363044739,0.9647744009271264
High Load,19,AI,utility,29,"['Ping-Pong: 25 UEs oscillating', 'Unfairness: Jain Index = 0.06']",0.055275541005785425,62.50883102416992,-19.380855560302734,9.049082,-2.7907639026641844,49.405483,8.381155848503113,0.604047963861376
High Load,20,AI,utility,27,"['Ping-Pong: 25 UEs oscillating', 'QoS Violation: Avg High Prio SINR = 3.00 dB (Threshold: 5.0 dB)', 'Unfairness: Jain Index = 0.04']",0.03530964779632865,23.040119171142578,-36.84075164794922,3.3353992,-5.805342960357666,28.023886,4.604746460914612,0.9899043943732977
High Load,21,AI,utility,28,"['Ping-Pong: 26 UEs oscillating', 'Unfairness: Jain Index = 0.04']",0.03821393258041164,39.56657028198242,-38.6245002746582,5.7278485,-6.381739163398742,38.58525,4.100461924076081,1.0118712671101093
High Load,22,AI,utility,27,"['Ping-Pong: 23 UEs oscillating', 'Unfairness: Jain Index = 0.06']",0.056564921940143016,26.971694946289062,-43.067039489746094,3.9045525,-5.823801136016845,31.070192,4.598039627075195,1.1138437548652291
High Load,23,AI,utility,27,"['Ping-Pong: 23 UEs oscillating', 'Unfairness: Jain Index = 0.05']",0.05064815445374423,33.974849700927734,-49.745513916015625,4.9183626,-7.54590766429901,36.303074,3.4955851316452033,1.243366627022624
High Load,24,AI,utility,27,"['Ping-Pong: 23 UEs oscillating', 'Unfairness: Jain Index = 0.11']",0.10758256468324705,57.75477981567383,-64.83160400390625,8.36086,-6.871531343460083,52.70797,3.7479548096656803,1.5309681184589863
High Load,25,AI,utility,27,"['Ping-Pong: 23 UEs oscillating', 'Unfairness: Jain Index = 0.05']",0.049234738712971945,36.00693130493164,-34.441123962402344,5.2125373,-4.613331985473633,36.749123,5.891286253929138,0.9362891432829201
High Load,26,AI,utility,25,"['Ping-Pong: 22 UEs oscillating', 'Unfairness: Jain Index = 0.08']",0.08093096550556383,32.710147857666016,-52.85102844238281,4.7352796,-7.335206151008606,35.927246,3.416657638549805,1.307833706960082
High Load,27,AI,utility,23,"['Ping-Pong: 18 UEs oscillating', 'Unfairness: Jain Index = 0.05']",0.05090914946609264,19.414180755615234,-58.373233795166016,2.8104904,-7.901788592338561,29.35129,3.1723962903022773,1.4312128769233823
High Load,28,AI,utility,29,"['Ping-Pong: 18 UEs oscillating', 'Unfairness: Jain Index = 0.04']",0.03919247477386815,42.326900482177734,-40.34941101074219,6.127446,-8.383928203582764,39.93721,2.67770334482193,1.0472661815583706
High Load,29,AI,utility,26,"['Ping-Pong: 19 UEs oscillating', 'Unfairness: Jain Index = 0.04']",0.04489097757959488,65.78299713134766,-40.35413360595703,9.523066,-7.192344903945923,55.37837,3.5308322906494145,1.0327681666240096
High Load,30,AI,utility,22,"['Ping-Pong: 20 UEs oscillating', 'QoS Violation: Avg High Prio SINR = 4.28 dB (Threshold: 5.0 dB)', 'Unfairness: Jain Index = 0.05']",0.051443245887478145,28.630538940429688,-5522.1650390625,4.1446958,-5.516011881828308,36.245846,4.889896845817566,112.12523281574249
High Load,31,AI,utility,28,"['Ping-Pong: 20 UEs oscillating', 'QoS Violation: Avg High Prio SINR = -5.17 dB (Threshold: 5.0 dB)', 'Unfairness: Jain Index = 0.03']",0.03343023153100727,-0.2342967987060547,-5619.61669921875,-0.03391787,-6.5838365077972405,21.19398,4.002145504951478,114.15751278400421
High Load,32,AI,utility,26,"['Ping-Pong: 20 UEs oscillating', 'QoS Violation: Avg High Prio SINR = -2.32 dB (Threshold: 5.0 dB)', 'Unfairness: Jain Index = 0.09']",0.08979756059001322,35.67924118041992,-5557.9150390625,5.1651,-6.5648395061492915,40.798107,3.9492573499679566,112.88914084434509
High Load,33,AI,utility,21,"['Ping-Pong: 17 UEs oscillating', 'Unfairness: Jain Index = 0.08']",0.08181703027254762,59.56044387817383,-91.46315002441406,8.622258,-10.346336698532102,54.02854,2.232611191272736,2.074789721518755
High Load,34,AI,utility,23,"['Ping-Pong: 14 UEs oscillating', 'Unfairness: Jain Index = 0.05']",0.05018318790074558,19.43450164794922,-918.0470581054688,2.8134322,-11.946212530136108,33.064568,1.2237056076526642,18.84758472442627
High Load,35,AI,utility,27,"['Ping-Pong: 16 UEs oscillating', 'Unfairness: Jain Index = 0.05']",0.05042328779048627,41.70833206176758,-108.93730926513672,6.0378995,-9.646526765823364,45.44474,2.33809142112732,2.441494259983301
High Load,36,AI,utility,25,"['Ping-Pong: 19 UEs oscillating', 'Unfairness: Jain Index = 0.07']",0.07193931485365386,62.30072784423828,-42.236228942871094,9.018954,-7.050879740715027,54.095642,3.5579755663871766,1.074469881132245
High Load,37,AI,utility,26,"['Ping-Pong: 21 UEs oscillating', 'Unfairness: Jain Index = 0.08']",0.07822098703328088,66.41121673583984,-100.50483703613281,9.614007,-5.687927746772766,57.131695,4.8460887551307685,2.2523875813931227
High Load,38,AI,utility,23,"['Ping-Pong: 17 UEs oscillating', 'QoS Violation: Avg High Prio SINR = 1.60 dB (Threshold: 5.0 dB)', 'Unfairness: Jain Index = 0.05']",0.04570059327609464,24.364891052246094,-162.95143127441406,3.5271795,-10.603894853591918,36.756596,1.7191373050212861,3.5473997704684734
High Load,39,AI,utility,23,"['Ping-Pong: 17 UEs oscillating', 'QoS Violation: Avg High Prio SINR = 3.30 dB (Threshold: 5.0 dB)', 'Unfairness: Jain Index = 0.09']",0.08741411147512021,67.92323303222656,-5531.2216796875,9.832895,-11.209933805465697,63.66262,1.765177142620087,112.34063655138016
High Load,40,AI,utility,26,"['Ping-Pong: 16 UEs oscillating', 'Unfairness: Jain Index = 0.07']",0.07384246360828464,66.35840606689453,-5564.91552734375,9.606364,-10.101018238067626,59.46063,2.6912757635116584,113.03707212209702
High Load,41,AI,utility,24,"['Ping-Pong: 17 UEs oscillating', 'QoS Violation: Avg High Prio SINR = -0.17 dB (Threshold: 5.0 dB)', 'Unfairness: Jain Index = 0.04']",0.03704464793234232,12.231561660766602,-5595.716796875,1.7706997,-12.875260734558104,31.660498,1.2554972112178806,113.64796757698059
High Load,42,AI,utility,25,"['Ping-Pong: 18 UEs oscillating', 'Unfairness: Jain Index = 0.09']",0.09273341824722951,94.52703094482422,-5532.20458984375,13.684191,-7.728193306922912,77.37816,3.1910234570503238,112.29994893074036
High Load,43,AI,utility,26,"['Ping-Pong: 19 UEs oscillating', 'Unfairness: Jain Index = 0.07']",0.07331674812868777,45.51715087890625,-4920.54248046875,6.589282,-6.656416463851928,47.506634,4.05042771100998,99.9429002404213
High Load,44,AI,utility,25,"['Ping-Pong: 19 UEs oscillating', 'QoS Violation: Avg High Prio SINR = -3.49 dB (Threshold: 5.0 dB)', 'Unfairness: Jain Index = 0.08']",0.08326517422101427,40.97249984741211,-5614.04296875,5.931377,-14.572186088562011,48.23093,0.7205062925815583,114.04726654291153
High Load,45,AI,utility,25,"['Ping-Pong: 20 UEs oscillating', 'QoS Violation: Avg High Prio SINR = 3.15 dB (Threshold: 5.0 dB)', 'Unfairness: Jain Index = 0.04']",0.04045965866863927,27.906984329223633,-3129.033203125,4.03995,-13.43733515739441,39.140953,0.8800249814987183,63.65109980106354
High Load,46,AI,utility,26,"['Ping-Pong: 21 UEs oscillating', 'Unfairness: Jain Index = 0.09']",0.09220801469803115,69.00598907470703,-592.0711059570312,9.98964,-6.52378215789795,60.99419,3.9739602088928225,12.212773784995079
High Load,47,AI,utility,27,"['Ping-Pong: 22 UEs oscillating', 'QoS Violation: Avg High Prio SINR = 0.37 dB (Threshold: 5.0 dB)', 'Unfairness: Jain Index = 0.08']",0.07631595233817853,48.38777542114258,-4032.33544921875,7.004848,-12.121700191497801,50.201706,1.8691766440868383,81.9329023361206
High Load,48,AI,utility,25,"['Ping-Pong: 20 UEs oscillating', 'Unfairness: Jain Index = 0.07']",0.06538913115156186,67.63594055175781,-70.51244354248047,9.791304,-5.431857991218567,59.245007,4.9869592666625975,1.6515967436134815
High Load,49,AI,utility,27,"['Ping-Pong: 23 UEs oscillating', 'QoS Violation: Avg High Prio SINR = 2.78 dB (Threshold: 5.0 dB)', 'Unfairness: Jain Index = 0.04']",0.035163519267425614,8.719083786010742,-5610.26171875,1.2622169,-15.441693115234374,29.96761,0.8182610452175143,113.98077011108398
High Load,50,AI,utility,26,"['Ping-Pong: 23 UEs oscillating', 'Unfairness: Jain Index = 0.05']",0.05065039595432479,50.55155944824219,-6724.91015625,7.3180876,-22.688929939270018,58.951035,0.4511488880962135,136.5136206150055
High Load,51,AI,utility,25,"['Ping-Pong: 20 UEs oscillating', 'Unfairness: Jain Index = 0.07']",0.07214012626243077,44.40593338012695,-2949.70947265625,6.428416,-21.50014190673828,52.175953,0.8620255377143625,60.018692165613174
High Load,52,AI,utility,26,"['Ping-Pong: 20 UEs oscillating', 'QoS Violation: Avg High Prio SINR = 1.06 dB (Threshold: 5.0 dB)', 'Unfairness: Jain Index = 0.09']",0.09049455830969014,76.05316162109375,-5578.48291015625,11.009825,-5.830378460884094,65.86088,4.596260261535645,113.29609900712967
High Load,53,AI,utility,25,"['Ping-Pong: 19 UEs oscillating', 'Unfairness: Jain Index = 0.12']",0.12203854852194244,79.75468444824219,-35.265201568603516,11.545671,-5.230619096755981,64.77431,5.1870756387710575,0.932331895455718
High Load,54,AI,utility,27,"['Ping-Pong: 20 UEs oscillating', 'QoS Violation: Avg High Prio SINR = 1.22 dB (Threshold: 5.0 dB)', 'Unfairness: Jain Index = 0.04']",0.04398732947073091,26.614561080932617,-110.4498519897461,3.8528528,-10.782307124137878,34.273613,1.8791336536407475,2.4785385467112064
High Load,55,AI,utility,25,"['Ping-Pong: 20 UEs oscillating', 'Unfairness: Jain Index = 0.08']",0.0816757229574524,58.4298095703125,-5509.66796875,8.458583,-10.188206219673155,55.400654,2.355056834220887,111.89612001180649
High Load,56,AI,utility,25,"['Ping-Pong: 19 UEs oscillating', 'Unfairness: Jain Index = 0.11']",0.11446510239666326,61.74894714355469,-91.47702026367188,8.939076,-10.225757575035093,56.70602,2.334976994991303,2.0752984564751387
High Load,57,AI,utility,25,"['Ping-Pong: 18 UEs oscillating', 'Unfairness: Jain Index = 0.08']",0.0779279338369054,39.496803283691406,-10063.0,5.7177486,-30.181400394439695,53.05286,0.05114206336438658,204.1817605495453
High Load,58,AI,utility,24,"['Ping-Pong: 18 UEs oscillating', 'QoS Violation: Avg High Prio SINR = 2.20 dB (Threshold: 5.0 dB)', 'Unfairness: Jain Index = 0.04']",0.04473237784200026,7.002897262573242,-5622.02490234375,1.0137728,-17.294767379760742,30.130709,0.3704518854618073,114.19131606817245
High Load,59,AI,utility,28,"['Ping-Pong: 18 UEs oscillating', 'Unfairness: Jain Index = 0.14']",0.13976542938386002,79.91010284423828,-5525.04296875,11.568171,-11.094304847717282,70.45171,2.3645925402641303,112.19747364521027
High Load,60,AI,utility,25,"['Ping-Pong: 18 UEs oscillating', 'Unfairness: Jain Index = 0.10']",0.10483061908180903,47.96644592285156,-11010.2041015625,6.9438534,-24.610977745056147,55.8241,1.0527410618960862,223.431333899498
High Load,61,AI,utility,27,"['Ping-Pong: 22 UEs oscillating', 'QoS Violation: Avg High Prio SINR = 4.75 dB (Threshold: 5.0 dB)', 'Unfairness: Jain Index = 0.12']",0.12290914661011304,68.86846160888672,-11216.8994140625,9.96973,-28.054472351074217,68.33376,0.19147465452551848,227.58613526821136
High Load,62,AI,utility,28,"['Ping-Pong: 21 UEs oscillating', 'Unfairness: Jain Index = 0.08']",0.07820576350749864,49.58525848388672,-11145.9599609375,7.178201,-28.504712677001947,59.62956,0.1528125829994679,226.10726952552795
High Load,63,AI,utility,24,"['Ping-Pong: 20 UEs oscillating', 'Unfairness: Jain Index = 0.04']",0.04404082834809996,12.846428871154785,-11071.041015625,1.8597112,-29.501470470428465,36.34987,0.09286110773682597,224.61849451065063
High Load,64,AI,utility,28,"['Ping-Pong: 22 UEs oscillating', 'Unfairness: Jain Index = 0.05']",0.05072229506574062,6.20164680480957,-11057.4072265625,0.8977803,-28.634865474700923,32.555016,0.14317177161574368,224.34528172016144
High Load,65,AI,utility,29,"['Ping-Pong: 22 UEs oscillating', 'Unfairness: Jain Index = 0.05']",0.04730801110923496,36.292396545410156,-5627.5244140625,5.2538624,-17.79183053970337,48.03211,0.3255010187625885,114.32231962680817
High Load,66,AI,utility,27,"['Ping-Pong: 24 UEs oscillating', 'QoS Violation: Avg High Prio SINR = 0.53 dB (Threshold: 5.0 dB)', 'Unfairness: Jain Index = 0.06']",0.06393411206653864,19.821062088012695,-5595.7412109375,2.8693929,-16.04785733222961,36.299522,0.5827758520841599,113.67224156856537
High Load,67,AI,utility,26,"['Ping-Pong: 24 UEs oscillating', 'Unfairness: Jain Index = 0.14']",0.14283211670518586,71.96184539794922,-11016.8857421875,10.417544,-25.045358276367182,70.2213,0.8530122451484207,223.53287041187286
High Load,68,AI,utility,27,"['Ping-Pong: 22 UEs oscillating', 'QoS Violation: Avg High Prio SINR = -2.73 dB (Threshold: 5.0 dB)', 'Unfairness: Jain Index = 0.07']",0.0733931798066702,11.591034889221191,-14108.40625,1.6779739,-36.19366607666016,43.074074,0.004960624151863158,286.2337827682495
High Load,69,AI,utility,28,"['Ping-Pong: 23 UEs oscillating', 'Unfairness: Jain Index = 0.04']",0.04043677200894164,16.193126678466797,-5656.19189453125,2.3441951,-17.811384010314942,38.399513,0.3283771485090256,114.90108072757721
High Load,70,AI,utility,27,"['Ping-Pong: 23 UEs oscillating', 'Unfairness: Jain Index = 0.09']",0.08535220414166803,19.23949432373047,-6183.8193359375,2.7852025,-23.14072275161743,39.30165,0.1818250328302384,125.59232115745544
High Load,71,AI,utility,26,"['Ping-Pong: 22 UEs oscillating', 'QoS Violation: Avg High Prio SINR = 3.09 dB (Threshold: 5.0 dB)', 'Unfairness: Jain Index = 0.03']",0.034080444329269224,-16.547983169555664,-11235.1513671875,-2.3955655,-28.648857593536373,24.068972,0.1421734400093556,227.9542237520218
High Load,72,AI,utility,27,"['Ping-Pong: 22 UEs oscillating', 'Unfairness: Jain Index = 0.10']",0.09924040252273836,39.77910232543945,-10980.486328125,5.758616,-25.474582099914546,49.885883,0.6915347866714003,222.78985381126404
High Load,73,AI,utility,29,"['Ping-Pong: 24 UEs oscillating', 'QoS Violation: Avg High Prio SINR = 1.17 dB (Threshold: 5.0 dB)', 'Unfairness: Jain Index = 0.13']",0.13333465781551374,30.59904670715332,-16664.0703125,4.4296656,-37.392021560668944,50.145397,0.003596867504529655,338.012158870697
High Load,74,AI,utility,24,"['Ping-Pong: 21 UEs oscillating', 'QoS Violation: Avg High Prio SINR = 1.29 dB (Threshold: 5.0 dB)', 'Unfairness: Jain Index = 0.04']",0.040901799016339856,-5.175599575042725,-16456.65625,-0.74924433,-36.96424198150635,34.72172,0.003991103661246598,333.8072896003723
High Load,75,AI,utility,27,"['Ping-Pong: 21 UEs oscillating', 'QoS Violation: Avg High Prio SINR = 3.83 dB (Threshold: 5.0 dB)', 'Unfairness: Jain Index = 0.04']",0.039997212864585206,13.887462615966797,-11124.830078125,2.0104163,-28.925295925140375,38.060707,0.12380854263901715,225.71605443954468
High Load,76,AI,utility,26,"['Ping-Pong: 20 UEs oscillating', 'Unfairness: Jain Index = 0.16']",0.15974000745091807,75.03412628173828,-11047.083984375,10.862303,-27.621675395965575,72.995674,0.23782869800925263,224.14974868297577
High Load,77,AI,utility,22,"['Ping-Pong: 18 UEs oscillating', 'Unfairness: Jain Index = 0.14']",0.13755713925371651,71.16819763183594,-6162.1591796875,10.302651,-17.534475994110103,66.27457,2.774092597514392,125.12494623661041
High Load,78,AI,utility,29,"['Ping-Pong: 19 UEs oscillating', 'QoS Violation: Avg High Prio SINR = -5.26 dB (Threshold: 5.0 dB)', 'Unfairness: Jain Index = 0.03']",0.03333541196169562,-19.23366355895996,-16711.693359375,-2.784358,-37.37830219268799,21.765017,0.0036085114581510423,338.9784097671509
High Load,79,AI,utility,25,"['Ping-Pong: 19 UEs oscillating', 'QoS Violation: Avg High Prio SINR = 2.78 dB (Threshold: 5.0 dB)', 'Unfairness: Jain Index = 0.06']",0.06267420626924637,-1.8728127479553223,-11064.3828125,-0.27111754,-28.352069664001462,27.69839,0.16495362892746931,224.5306372642517
High Load,80,AI,utility,22,"['Ping-Pong: 19 UEs oscillating', 'QoS Violation: Avg High Prio SINR = -4.83 dB (Threshold: 5.0 dB)', 'Unfairness: Jain Index = 0.03']",0.03334222451470159,-11.85430908203125,-11716.4794921875,-1.7160869,-32.71012802124023,26.080664,0.019654522649943836,237.72352933883667
High Load,81,AI,utility,23,"['Ping-Pong: 14 UEs oscillating', 'QoS Violation: Avg High Prio SINR = 3.88 dB (Threshold: 5.0 dB)', 'Unfairness: Jain Index = 0.10']",0.09794136151509249,52.13199996948242,-11047.3984375,7.5468807,-26.594446945190427,56.879463,0.3974171303212644,224.11280870437622
High Load,82,AI,utility,27,"['Ping-Pong: 16 UEs oscillating', 'QoS Violation: Avg High Prio SINR = 3.73 dB (Threshold: 5.0 dB)', 'Unfairness: Jain Index = 0.07']",0.07394174937020234,10.682209014892578,-14105.8330078125,1.5464077,-36.23412666320801,40.51027,0.00490029666107148,286.1652672290802
High Load,83,AI,utility,28,"['Ping-Pong: 21 UEs oscillating', 'Unfairness: Jain Index = 0.03']",0.03367155050994522,-1.3859541416168213,-11249.0908203125,-0.20063773,-28.97734451293945,29.192122,0.12062807306647305,228.2637059688568
High Load,84,AI,utility,24,"['Ping-Pong: 22 UEs oscillating', 'Unfairness: Jain Index = 0.07']",0.06669392532278881,11.4968900680542,-11095.6396484375,1.6643459,-28.728147983551022,36.93374,0.13664106205105786,225.1298874616623
High Load,85,AI,utility,30,"['Ping-Pong: 23 UEs oscillating', 'QoS Violation: Avg High Prio SINR = 4.81 dB (Threshold: 5.0 dB)', 'Unfairness: Jain Index = 0.04']",0.03909353570589344,14.280308723449707,-16538.009765625,2.067286,-37.39521484375,38.696182,0.0035942798596806822,335.4872465133667
High Load,86,AI,utility,27,"['Ping-Pong: 22 UEs oscillating', 'QoS Violation: Avg High Prio SINR = 1.34 dB (Threshold: 5.0 dB)', 'Unfairness: Jain Index = 0.04']",0.041083860749617444,19.178016662597656,-5612.677734375,2.7763023,-15.489920330047607,34.07131,0.8737868398427966,114.03041332960129
High Load,87,AI,utility,25,"['Ping-Pong: 22 UEs oscillating', 'QoS Violation: Avg High Prio SINR = -6.26 dB (Threshold: 5.0 dB)', 'Unfairness: Jain Index = 0.04']",0.035110643435106746,-5.810635566711426,-11097.1591796875,-0.84117544,-28.627783584594724,27.961353,0.14368026480078702,225.1630425453186
High Load,88,AI,utility,24,"['Ping-Pong: 19 UEs oscillating', 'QoS Violation: Avg High Prio SINR = 4.26 dB (Threshold: 5.0 dB)', 'Unfairness: Jain Index = 0.13']",0.1329993486263019,45.04142379760742,-11879.3974609375,6.5204144,-33.899632358551024,55.639687,0.011603648494929078,241.02190136909485
High Load,89,AI,utility,28,"['Ping-Pong: 20 UEs oscillating', 'Unfairness: Jain Index = 0.06']",0.06441126243570343,19.410160064697266,-11149.31640625,2.8099077,-30.155382728576658,41.23309,0.06711347699165347,226.21525824069977
High Load,90,AI,utility,23,"['Ping-Pong: 17 UEs oscillating', 'Unfairness: Jain Index = 0.09']",0.09107297422670789,36.63963317871094,-5764.0263671875,5.30413,-19.94890422821045,49.791885,0.2420047581195832,117.0746460556984
High Load,91,AI,utility,29,"['Ping-Pong: 21 UEs oscillating', 'QoS Violation: Avg High Prio SINR = 1.31 dB (Threshold: 5.0 dB)', 'Unfairness: Jain Index = 0.07']",0.072552385984504,22.86767578125,-12755.3291015625,3.3104358,-35.169053649902345,44.64955,0.007010451052337887,258.77875089645386
High Load,92,AI,utility,26,"['Ping-Pong: 20 UEs oscillating', 'QoS Violation: Avg High Prio SINR = 1.51 dB (Threshold: 5.0 dB)', 'Unfairness: Jain Index = 0.14']",0.13908567416389336,60.00968551635742,-5550.98486328125,8.687291,-15.083774852752686,59.133316,0.6032890647649765,112.74807900190353
High Load,93,AI,utility,24,"['Ping-Pong: 21 UEs oscillating', 'QoS Violation: Avg High Prio SINR = -0.29 dB (Threshold: 5.0 dB)', 'Unfairness: Jain Index = 0.10']",0.10293937138386981,58.42873001098633,-15362.103515625,8.4584255,-36.95378952026367,65.69675,0.004002746962942183,311.5836977958679
High Load,94,AI,utility,30,"['Ping-Pong: 21 UEs oscillating', 'Unfairness: Jain Index = 0.04']",0.042380521840452566,11.708419799804688,-11018.2724609375,1.6949674,-28.219511890411376,35.29549,0.17627980634570128,223.59547019004822
High Load,95,AI,utility,28,"['Ping-Pong: 23 UEs oscillating', 'QoS Violation: Avg High Prio SINR = 2.85 dB (Threshold: 5.0 dB)', 'Unfairness: Jain Index = 0.11']",0.10800575367654242,41.26774597167969,-11033.283203125,5.974118,-28.924393844604488,52.57815,0.12386390343308454,223.85963797569275
High Load,96,AI,utility,24,"['Ping-Pong: 22 UEs oscillating', 'Unfairness: Jain Index = 0.13']",0.13272238740792586,58.64750289916992,-6460.25830078125,8.490096,-21.603524589538573,60.869766,0.5916938636451962,131.17589056491852
High Load,97,AI,utility,28,"['Ping-Pong: 21 UEs oscillating', 'QoS Violation: Avg High Prio SINR = -0.62 dB (Threshold: 5.0 dB)', 'Unfairness: Jain Index = 0.08']",0.07702921867538053,15.778278350830078,-15574.798828125,2.2841394,-37.04097633361816,40.43889,0.003914892254397273,315.9158527851105
High Load,98,AI,utility,25,"['Ping-Pong: 18 UEs oscillating', 'QoS Violation: Avg High Prio SINR = -5.22 dB (Threshold: 5.0 dB)', 'Unfairness: Jain Index = 0.07']",0.0666681367537982,2.3931148052215576,-11339.283203125,0.34643897,-32.00613956451416,31.503319,0.027305391430854805,230.09338974952698
High Load,99,AI,utility,29,"['Ping-Pong: 22 UEs oscillating', 'QoS Violation: Avg High Prio SINR = -1.36 dB (Threshold: 5.0 dB)', 'Unfairness: Jain Index = 0.04']",0.040242534959122965,-1.001905918121338,-21939.47265625,-0.14504097,-37.38229694366455,33.730606,0.0036059240694157777,444.92945075035095
High Load,100,AI,utility,27,"['Ping-Pong: 23 UEs oscillating', 'QoS Violation: Avg High Prio SINR = 2.27 dB (Threshold: 5.0 dB)', 'Unfairness: Jain Index = 0.11']",0.11405194852898179,35.2181510925293,-12695.5546875,5.0983496,-35.11949844360352,52.415333,0.00713954158127308,257.53653049468994
High Load,101,AI,utility,23,"['Ping-Pong: 22 UEs oscillating', 'Unfairness: Jain Index = 0.09']",0.09269980943015937,57.114315032958984,-10961.8388671875,8.268145,-23.321150207519526,60.666634,1.933879768103362,222.4205881357193
High Load,102,AI,utility,27,"['Ping-Pong: 21 UEs oscillating', 'QoS Violation: Avg High Prio SINR = -1.53 dB (Threshold: 5.0 dB)', 'Unfairness: Jain Index = 0.07']",0.06788863961460258,8.117545127868652,-12578.2548828125,1.1751349,-34.97158298492432,37.046318,0.007544788997620346,255.21913170814514
High Load,103,AI,utility,28,"['Ping-Pong: 20 UEs oscillating', 'QoS Violation: Avg High Prio SINR = 2.98 dB (Threshold: 5.0 dB)', 'Unfairness: Jain Index = 0.05']",0.0514032909964997,16.834156036376953,-16456.033203125,2.4369938,-37.37519073486328,43.169548,0.003611098974943161,333.8125944137573
High Load,104,AI,utility,27,"['Ping-Pong: 22 UEs oscillating', 'QoS Violation: Avg High Prio SINR = -0.81 dB (Threshold: 5.0 dB)', 'Unfairness: Jain Index = 0.10']",0.10263360782330606,27.752517700195312,-16802.783203125,4.017588,-37.37519073486328,50.214855,0.003611098974943161,340.833842754364
High Load,105,AI,utility,26,"['Ping-Pong: 21 UEs oscillating', 'QoS Violation: Avg High Prio SINR = 4.41 dB (Threshold: 5.0 dB)', 'Unfairness: Jain Index = 0.09']",0.08829072548841221,31.22347640991211,-21990.962890625,4.5200624,-37.37519073486328,54.251175,0.003611098974943161,445.9801912307739
High Load,106,AI,utility,27,"['Ping-Pong: 20 UEs oscillating', 'QoS Violation: Avg High Prio SINR = -5.79 dB (Threshold: 5.0 dB)', 'Unfairness: Jain Index = 0.06']",0.055290041658559226,-3.3699607849121094,-27358.263671875,-0.4878521,-37.377281951904294,36.901497,0.0036098052165471016,554.7640323638916
High Load,107,AI,utility,28,"['Ping-Pong: 23 UEs oscillating', 'QoS Violation: Avg High Prio SINR = -0.82 dB (Threshold: 5.0 dB)', 'Unfairness: Jain Index = 0.10']",0.1030655930261494,26.074697494506836,-11687.5146484375,3.7746987,-33.31363706588745,47.241306,0.014963999576866631,237.14961111545563
High Load,108,AI,utility,27,"['Ping-Pong: 26 UEs oscillating', 'QoS Violation: Avg High Prio SINR = -1.23 dB (Threshold: 5.0 dB)', 'Unfairness: Jain Index = 0.08']",0.07674046396160132,10.695998191833496,-16451.759765625,1.5484041,-37.37519073486328,38.28445,0.003611098974943161,333.72557163238525
High Load,109,AI,utility,28,"['Ping-Pong: 26 UEs oscillating', 'Unfairness: Jain Index = 0.10']",0.10289873028789617,52.68179702758789,-7679.009765625,7.626472,-22.94255571365356,55.08295,0.8200919281691316,155.87015450000763
High Load,110,AI,utility,23,"['Ping-Pong: 21 UEs oscillating', 'Unfairness: Jain Index = 0.07']",0.06598067916232687,-4.7350664138793945,-22022.109375,-0.68547094,-37.37854137420654,33.06787,0.0036085114581510423,446.60642743110657
High Load,111,AI,utility,28,"['Ping-Pong: 22 UEs oscillating', 'Unfairness: Jain Index = 0.08']",0.077270720921263,23.080915451049805,-27500.173828125,3.341305,-37.376054000854495,54.303703,0.003611098974943161,557.6448440551758
High Load,112,AI,utility,23,"['Ping-Pong: 20 UEs oscillating', 'QoS Violation: Avg High Prio SINR = -0.32 dB (Threshold: 5.0 dB)', 'Unfairness: Jain Index = 0.10']",0.10357469448938764,36.280799865722656,-16450.54296875,5.252184,-37.375933456420896,52.213234,0.003611098974943161,333.65505933761597
High Load,113,AI,utility,27,"['Ping-Pong: 22 UEs oscillating', 'QoS Violation: Avg High Prio SINR = 4.98 dB (Threshold: 5.0 dB)', 'Unfairness: Jain Index = 0.07']",0.0697040504858443,37.311031341552734,-16473.908203125,5.4013243,-37.37519073486328,52.68011,0.003611098974943161,334.10757780075073
High Load,114,AI,utility,27,"['Ping-Pong: 22 UEs oscillating', 'QoS Violation: Avg High Prio SINR = -0.11 dB (Threshold: 5.0 dB)', 'Unfairness: Jain Index = 0.10']",0.10296404185105203,7.806661605834961,-27418.1015625,1.13013,-37.375505447387695,46.818417,0.003611098974943161,555.9989809989929
High Load,115,AI,utility,26,"['Ping-Pong: 25 UEs oscillating', 'QoS Violation: Avg High Prio SINR = 2.95 dB (Threshold: 5.0 dB)', 'Unfairness: Jain Index = 0.09']",0.09212213247225529,22.6203670501709,-16479.779296875,3.2746332,-37.37519073486328,46.484207,0.003611098974943161,334.29276943206787
High Load,116,AI,utility,25,"['Ping-Pong: 22 UEs oscillating', 'QoS Violation: Avg High Prio SINR = 2.00 dB (Threshold: 5.0 dB)', 'Unfairness: Jain Index = 0.05']",0.050598986911338524,31.27120590209961,-16800.04296875,4.5269704,-37.37519073486328,51.217705,0.003611098974943161,340.7721221446991
High Load,117,AI,utility,29,"['Ping-Pong: 22 UEs oscillating', 'QoS Violation: Avg High Prio SINR = 1.76 dB (Threshold: 5.0 dB)', 'Unfairness: Jain Index = 0.08']",0.07819929358564735,19.728422164916992,-22347.04296875,2.8559813,-37.37623977661133,51.72036,0.003611098974943161,453.18567752838135
High Load,118,AI,utility,27,"['Ping-Pong: 23 UEs oscillating', 'QoS Violation: Avg High Prio SINR = 1.51 dB (Threshold: 5.0 dB)', 'Unfairness: Jain Index = 0.05']",0.05216777737420041,44.12106704711914,-16472.634765625,6.3871794,-37.37519073486328,59.678413,0.003611098974943161,334.12930369377136
High Load,119,AI,utility,25,"['Ping-Pong: 24 UEs oscillating', 'QoS Violation: Avg High Prio SINR = 3.71 dB (Threshold: 5.0 dB)', 'Unfairness: Jain Index = 0.12']",0.12263924388822121,44.62339782714844,-21896.7265625,6.4598985,-37.37519073486328,63.563152,0.003611098974943161,444.07910108566284
High Load,120,AI,utility,27,"['Ping-Pong: 22 UEs oscillating', 'QoS Violation: Avg High Prio SINR = -4.16 dB (Threshold: 5.0 dB)', 'Unfairness: Jain Index = 0.08']",0.08470611187715082,11.331019401550293,-26532.806640625,1.6403328,-37.37519073486328,48.646774,0.003611098974943161,538.0299091339111
High Load,121,AI,utility,27,"['Ping-Pong: 21 UEs oscillating', 'QoS Violation: Avg High Prio SINR = -3.59 dB (Threshold: 5.0 dB)', 'Unfairness: Jain Index = 0.03']",0.033354780875644155,-28.090835571289062,-18676.8828125,-4.0665655,-37.37519073486328,22.238495,0.003611098974943161,378.8467347621918
High Load,122,AI,utility,23,"['Ping-Pong: 21 UEs oscillating', 'QoS Violation: Avg High Prio SINR = -2.86 dB (Threshold: 5.0 dB)', 'Unfairness: Jain Index = 0.05']",0.04612665184409236,-25.482547760009766,-28326.466796875,-3.688976,-37.37519073486328,30.132114,0.003611098974943161,574.448823928833
High Load,123,AI,utility,25,"['Ping-Pong: 19 UEs oscillating', 'QoS Violation: Avg High Prio SINR = -7.75 dB (Threshold: 5.0 dB)', 'Unfairness: Jain Index = 0.07']",0.07082788298702458,10.581259727478027,-21967.041015625,1.5317943,-37.38014640808105,41.92191,0.003607217827811837,445.4694390296936
High Load,124,AI,utility,27,"['Ping-Pong: 18 UEs oscillating', 'QoS Violation: Avg High Prio SINR = -5.01 dB (Threshold: 5.0 dB)', 'Unfairness: Jain Index = 0.13']",0.13498527936692054,29.28209114074707,-17270.54296875,4.239018,-37.37519073486328,54.64463,0.003611098974943161,350.2894639968872
High Load,125,AI,utility,27,"['Ping-Pong: 23 UEs oscillating', 'Unfairness: Jain Index = 0.07']",0.06787174337949943,23.656654357910156,-21936.33203125,3.4246511,-37.37519073486328,50.211483,0.003611098974943161,444.8552131652832
High Load,126,AI,utility,25,"['Ping-Pong: 23 UEs oscillating', 'QoS Violation: Avg High Prio SINR = -9.35 dB (Threshold: 5.0 dB)', 'Unfairness: Jain Index = 0.03']",0.03338278853550465,-27.020252227783203,-27618.400390625,-3.9115825,-37.375950241088866,25.812155,0.003611098974943161,560.0553154945374
High Load,127,AI,utility,27,"['Ping-Pong: 23 UEs oscillating', 'QoS Violation: Avg High Prio SINR = 4.30 dB (Threshold: 5.0 dB)', 'Unfairness: Jain Index = 0.09']",0.08889039927257282,19.792011260986328,-27364.345703125,2.865187,-37.37543201446533,49.75448,0.003611098974943161,554.887056350708
High Load,128,AI,utility,23,"['Ping-Pong: 18 UEs oscillating', 'QoS Violation: Avg High Prio SINR = -5.25 dB (Threshold: 5.0 dB)', 'Unfairness: Jain Index = 0.04']",0.03571014507576672,-13.33487319946289,-32551.66015625,-1.9304212,-37.37519073486328,37.866863,0.003611098974943161,659.9965691566467
High Load,129,AI,utility,26,"['Ping-Pong: 19 UEs oscillating', 'Unfairness: Jain Index = 0.15']",0.14786891362823082,42.63042068481445,-16473.90625,6.171386,-37.37519073486328,59.749058,0.003611098974943161,334.1437578201294
High Load,130,AI,utility,26,"['Ping-Pong: 20 UEs oscillating', 'Unfairness: Jain Index = 0.08']",0.07916454405172485,13.018308639526367,-20291.876953125,1.8845929,-37.37519073486328,44.769768,0.003611098974943161,411.57418489456177
High Load,131,AI,utility,26,"['Ping-Pong: 22 UEs oscillating', 'QoS Violation: Avg High Prio SINR = -2.54 dB (Threshold: 5.0 dB)', 'Unfairness: Jain Index = 0.13']",0.13405701188019337,28.195220947265625,-27437.958984375,4.081676,-37.38015899658203,59.21114,0.003607217827811837,556.3944578170776
High Load,132,AI,utility,27,"['Ping-Pong: 24 UEs oscillating', 'Unfairness: Jain Index = 0.06']",0.05752738145740277,13.524892807006836,-24067.3984375,1.9579284,-37.37622928619385,49.3371,0.003611098974943161,487.9922568798065
High Load,133,AI,utility,26,"['Ping-Pong: 23 UEs oscillating', 'Unfairness: Jain Index = 0.19']",0.18810495398588745,93.45108795166016,-11049.423828125,13.528429,-23.424254322051997,83.58528,1.8442055813968188,224.19694066047668
High Load,134,AI,utility,26,"['Ping-Pong: 24 UEs oscillating', 'Unfairness: Jain Index = 0.12']",0.11743043291969929,59.686195373535156,-16533.6328125,8.640462,-37.37519073486328,68.59644,0.003611098974943161,335.3814482688904
High Load,135,AI,utility,26,"['Ping-Pong: 20 UEs oscillating', 'QoS Violation: Avg High Prio SINR = -2.69 dB (Threshold: 5.0 dB)', 'Unfairness: Jain Index = 0.08']",0.07999563502243084,4.070312976837158,-21953.31640625,0.5892382,-37.375471878051755,40.33534,0.003611098974943161,445.24237513542175
High Load,136,AI,utility,27,"['Ping-Pong: 20 UEs oscillating', 'QoS Violation: Avg High Prio SINR = -0.68 dB (Threshold: 5.0 dB)', 'Unfairness: Jain Index = 0.08']",0.07716683962421711,14.994192123413086,-24786.05078125,2.1706316,-37.37519073486328,47.915764,0.003611098974943161,502.65049934387207
High Load,137,AI,utility,25,"['Ping-Pong: 22 UEs oscillating', 'Unfairness: Jain Index = 0.08']",0.07797227966329055,26.929365158081055,-16520.96875,3.8984249,-37.37519073486328,50.341812,0.003611098974943161,335.10860800743103
High Load,138,AI,utility,28,"['Ping-Pong: 25 UEs oscillating', 'QoS Violation: Avg High Prio SINR = -1.54 dB (Threshold: 5.0 dB)', 'Unfairness: Jain Index = 0.04']",0.035512616375829226,-28.135957717895508,-32973.21875,-4.073097,-37.37755107879639,30.516418,0.0036098052165471016,668.5550212860107
High Load,139,AI,utility,23,"['Ping-Pong: 19 UEs oscillating', 'QoS Violation: Avg High Prio SINR = -1.39 dB (Threshold: 5.0 dB)', 'Unfairness: Jain Index = 0.07']",0.06751175200282213,-8.579667091369629,-27532.44921875,-1.2420342,-37.37519073486328,38.012688,0.003611098974943161,558.3013296127319
High Load,140,AI,utility,24,"['Ping-Pong: 19 UEs oscillating', 'Unfairness: Jain Index = 0.12']",0.12327698675008104,34.34109878540039,-27378.2890625,4.9713826,-37.37519073486328,60.033463,0.003611098974943161,555.1394820213318
High Load,141,AI,utility,26,"['Ping-Pong: 18 UEs oscillating', 'QoS Violation: Avg High Prio SINR = -2.81 dB (Threshold: 5.0 dB)', 'Unfairness: Jain Index = 0.03']",0.03334076453121376,-33.07120895385742,-38324.8984375,-4.787549,-37.37683963775635,27.413399,0.003611098974943161,776.9811153411865
High Load,142,AI,utility,20,"['Ping-Pong: 15 UEs oscillating', 'QoS Violation: Avg High Prio SINR = -0.88 dB (Threshold: 5.0 dB)', 'Unfairness: Jain Index = 0.07']",0.0666681639846489,-21.166067123413086,-27458.98828125,-3.0641017,-37.3754467010498,30.242815,0.003611098974943161,556.8466186523438
High Load,143,AI,utility,26,"['Ping-Pong: 17 UEs oscillating', 'QoS Violation: Avg High Prio SINR = 2.75 dB (Threshold: 5.0 dB)', 'Unfairness: Jain Index = 0.21']",0.21160336435671798,67.04003143310547,-16533.48046875,9.705038,-37.37519073486328,73.95141,0.003611098974943161,335.36022901535034
High Load,144,AI,utility,24,"['Ping-Pong: 17 UEs oscillating', 'QoS Violation: Avg High Prio SINR = -8.18 dB (Threshold: 5.0 dB)', 'Unfairness: Jain Index = 0.03']",0.033335761249438045,-37.61199951171875,-32912.47265625,-5.4448953,-37.37519073486328,23.497108,0.003611098974943161,667.3862934112549
High Load,145,AI,utility,28,"['Ping-Pong: 21 UEs oscillating', 'QoS Violation: Avg High Prio SINR = -7.84 dB (Threshold: 5.0 dB)', 'Unfairness: Jain Index = 0.04']",0.043492365538709256,-29.20796775817871,-32910.15625,-4.228287,-37.37519073486328,30.537529,0.003611098974943161,667.3429608345032
High Load,146,AI,utility,23,"['Ping-Pong: 19 UEs oscillating', 'QoS Violation: Avg High Prio SINR = -1.95 dB (Threshold: 5.0 dB)', 'Unfairness: Jain Index = 0.15']",0.15103616784935756,62.731910705566406,-10983.4306640625,9.081374,-27.043266677856444,65.18574,0.31762988790869723,222.86294400691986
High Load,147,AI,utility,27,"['Ping-Pong: 20 UEs oscillating', 'QoS Violation: Avg High Prio SINR = 4.87 dB (Threshold: 5.0 dB)', 'Unfairness: Jain Index = 0.14']",0.14253498156340405,42.10505294799805,-22300.10546875,6.0953307,-37.37544250488281,63.93273,0.003611098974943161,452.2084891796112
High Load,148,AI,utility,28,"['Ping-Pong: 19 UEs oscillating', 'QoS Violation: Avg High Prio SINR = 3.94 dB (Threshold: 5.0 dB)', 'Unfairness: Jain Index = 0.07']",0.06732592040062987,-13.051315307617188,-32887.30078125,-1.8893715,-37.37519073486328,38.421104,0.003611098974943161,666.8824553489685
High Load,149,AI,utility,25,"['Ping-Pong: 21 UEs oscillating', 'QoS Violation: Avg High Prio SINR = 0.26 dB (Threshold: 5.0 dB)', 'Unfairness: Jain Index = 0.06']",0.06356469046475328,-16.387956619262695,-27428.328125,-2.3723996,-37.37536907196045,32.19902,0.003611098974943161,556.2194585800171
High Load,150,AI,utility,27,"['Ping-Pong: 24 UEs oscillating', 'QoS Violation: Avg High Prio SINR = 4.63 dB (Threshold: 5.0 dB)', 'Unfairness: Jain Index = 0.05']",0.04764003722026852,-32.827781677246094,-38358.81640625,-4.7523093,-37.37588729858398,31.467215,0.003611098974943161,777.7294516563416
High Load,151,AI,utility,26,"['Ping-Pong: 22 UEs oscillating', 'QoS Violation: Avg High Prio SINR = -7.91 dB (Threshold: 5.0 dB)', 'Unfairness: Jain Index = 0.03']",0.03334085374177448,-50.59033203125,-40262.69921875,-7.323702,-37.37519073486328,24.170963,0.003611098974943161,816.363275051117
High Load,152,AI,utility,24,"['Ping-Pong: 21 UEs oscillating', 'QoS Violation: Avg High Prio SINR = -4.31 dB (Threshold: 5.0 dB)', 'Unfairness: Jain Index = 0.03']",0.03349398735622152,-49.52286148071289,-38569.6953125,-7.1691675,-37.37519073486328,23.581999,0.003611098974943161,782.0554971694946
High Load,153,AI,utility,25,"['Ping-Pong: 20 UEs oscillating', 'QoS Violation: Avg High Prio SINR = -4.40 dB (Threshold: 5.0 dB)', 'Unfairness: Jain Index = 0.06']",0.059303297558111014,-24.180301666259766,-34458.2265625,-3.500458,-37.37519073486328,37.153843,0.003611098974943161,698.7152099609375
High Load,154,AI,utility,26,"['Ping-Pong: 20 UEs oscillating', 'Unfairness: Jain Index = 0.11']",0.1056689207692859,11.182392120361328,-27434.642578125,1.6188166,-37.37519073486328,49.70271,0.003611098974943161,556.348443031311
High Load,155,AI,utility,24,"['Ping-Pong: 20 UEs oscillating', 'QoS Violation: Avg High Prio SINR = -2.92 dB (Threshold: 5.0 dB)', 'Unfairness: Jain Index = 0.11']",0.10819789591778324,13.542174339294434,-29040.431640625,1.9604301,-37.37519073486328,50.99294,0.003611098974943161,588.8879895210266
High Load,156,AI,utility,27,"['Ping-Pong: 22 UEs oscillating', 'QoS Violation: Avg High Prio SINR = -4.04 dB (Threshold: 5.0 dB)', 'Unfairness: Jain Index = 0.04']",0.04240958543808966,-11.138439178466797,-27597.970703125,-1.6124543,-37.37519073486328,37.91998,0.003611098974943161,559.6663951873779
High Load,157,AI,utility,25,"['Ping-Pong: 20 UEs oscillating', 'QoS Violation: Avg High Prio SINR = -9.89 dB (Threshold: 5.0 dB)', 'Unfairness: Jain Index = 0.10']",0.10025398980290376,13.019464492797852,-33099.109375,1.8847606,-37.37561874389648,54.048073,0.003611098974943161,671.1573004722595
High Load,158,AI,utility,27,"['Ping-Pong: 24 UEs oscillating', 'QoS Violation: Avg High Prio SINR = -2.63 dB (Threshold: 5.0 dB)', 'Unfairness: Jain Index = 0.06']",0.06216625714148613,-8.441864013671875,-34352.45703125,-1.2220857,-37.37519073486328,44.286514,0.003611098974943161,696.5664625167847
High Load,159,AI,utility,24,"['Ping-Pong: 22 UEs oscillating', 'QoS Violation: Avg High Prio SINR = -4.80 dB (Threshold: 5.0 dB)', 'Unfairness: Jain Index = 0.07']",0.06734171624657141,-36.59103775024414,-41938.6796875,-5.297095,-37.37519073486328,34.49297,0.003611098974943161,850.349485874176
High Load,160,AI,utility,27,"['Ping-Pong: 23 UEs oscillating', 'QoS Violation: Avg High Prio SINR = -7.83 dB (Threshold: 5.0 dB)', 'Unfairness: Jain Index = 0.03']",0.03345371143010709,-56.78302764892578,-43803.609375,-8.220185,-37.37519073486328,22.436867,0.003611098974943161,888.1803154945374
High Load,161,AI,utility,29,"['Ping-Pong: 23 UEs oscillating', 'Unfairness: Jain Index = 0.11']",0.11471489929914566,16.148698806762695,-23878.890625,2.3377635,-37.37519073486328,52.349827,0.003611098974943161,484.26470160484314
High Load,162,AI,utility,28,"['Ping-Pong: 26 UEs oscillating', 'QoS Violation: Avg High Prio SINR = -2.50 dB (Threshold: 5.0 dB)', 'Unfairness: Jain Index = 0.03']",0.033336160646545265,-54.39057159423828,-38406.59375,-7.873842,-37.37613868713379,20.635782,0.003611098974943161,778.7178158760071
High Load,163,AI,utility,28,"['Ping-Pong: 27 UEs oscillating', 'QoS Violation: Avg High Prio SINR = -8.14 dB (Threshold: 5.0 dB)', 'Unfairness: Jain Index = 0.07']",0.06935077511891853,-1.4272652864456177,-28229.25390625,-0.20661806,-37.37519073486328,42.76932,0.003611098974943161,572.4493265151978
High Load,164,AI,utility,28,"['Ping-Pong: 26 UEs oscillating', 'QoS Violation: Avg High Prio SINR = 1.63 dB (Threshold: 5.0 dB)', 'Unfairness: Jain Index = 0.10']",0.1008183133802719,20.28956413269043,-27377.75,2.937214,-37.37519073486328,54.730453,0.003611098974943161,555.1871657371521
High Load,165,AI,utility,27,"['Ping-Pong: 25 UEs oscillating', 'Unfairness: Jain Index = 0.14']",0.13503071416487894,52.146278381347656,-27369.046875,7.548946,-37.37519073486328,72.18243,0.003611098974943161,554.9917221069336
High Load,166,AI,utility,26,"['Ping-Pong: 23 UEs oscillating', 'QoS Violation: Avg High Prio SINR = 4.11 dB (Threshold: 5.0 dB)', 'Unfairness: Jain Index = 0.07']",0.07108113910446383,21.09609603881836,-38274.09765625,3.053972,-37.37519073486328,61.582455,0.003611098974943161,776.0499715805054
High Load,167,AI,utility,25,"['Ping-Pong: 22 UEs oscillating', 'Unfairness: Jain Index = 0.07']",0.06743593475464443,-8.2523193359375,-38328.5078125,-1.194646,-37.375241088867185,44.21529,0.003611098974943161,777.1164774894714
High Load,168,AI,utility,26,"['Ping-Pong: 20 UEs oscillating', 'Unfairness: Jain Index = 0.12']",0.11554486932407866,29.378629684448242,-27751.12109375,4.2529917,-37.37519073486328,60.958027,0.003611098974943161,562.7477765083313
High Load,169,AI,utility,28,"['Ping-Pong: 21 UEs oscillating', 'QoS Violation: Avg High Prio SINR = -12.43 dB (Threshold: 5.0 dB)', 'Unfairness: Jain Index = 0.07']",0.06630514050450419,-64.83360290527344,-49472.703125,-9.385627,-37.37535648345947,21.570532,0.003611098974943161,1003.0953884124756
High Load,170,AI,utility,26,"['Ping-Pong: 21 UEs oscillating', 'QoS Violation: Avg High Prio SINR = -2.58 dB (Threshold: 5.0 dB)', 'Unfairness: Jain Index = 0.09']",0.09237121822378891,7.06734037399292,-33228.6796875,1.023102,-37.37519073486328,50.52559,0.003611098974943161,673.7826466560364
High Load,171,AI,utility,28,"['Ping-Pong: 23 UEs oscillating', 'QoS Violation: Avg High Prio SINR = -4.73 dB (Threshold: 5.0 dB)', 'Unfairness: Jain Index = 0.12']",0.11953163534831117,18.06349754333496,-23878.06640625,2.6149592,-37.37519073486328,52.74335,0.003611098974943161,484.25042629241943
High Load,172,AI,utility,26,"['Ping-Pong: 24 UEs oscillating', 'QoS Violation: Avg High Prio SINR = -5.27 dB (Threshold: 5.0 dB)', 'Unfairness: Jain Index = 0.06']",0.058829540464312984,-10.439082145690918,-38276.3203125,-1.5112125,-37.37519073486328,42.974377,0.003611098974943161,776.1191725730896
High Load,173,AI,utility,26,"['Ping-Pong: 23 UEs oscillating', 'Unfairness: Jain Index = 0.20']",0.19763882650363404,84.2087631225586,-11391.17578125,12.190466,-32.4222149848938,81.12484,0.02245624084025622,231.11119866371155
High Load,174,AI,utility,27,"['Ping-Pong: 22 UEs oscillating', 'QoS Violation: Avg High Prio SINR = -0.29 dB (Threshold: 5.0 dB)', 'Unfairness: Jain Index = 0.10']",0.10324578729564894,14.328377723693848,-32821.4453125,2.0742443,-37.37519073486328,53.8966,0.003611098974943161,665.5309796333313
High Load,175,AI,utility,27,"['Ping-Pong: 23 UEs oscillating', 'Unfairness: Jain Index = 0.17']",0.16930812068518794,71.4842758178711,-15964.11328125,10.34841,-37.18500537872315,76.69615,0.003777286969125271,323.802649974823
High Load,176,AI,utility,27,"['Ping-Pong: 24 UEs oscillating', 'QoS Violation: Avg High Prio SINR = -0.71 dB (Threshold: 5.0 dB)', 'Unfairness: Jain Index = 0.07']",0.06792904849677002,14.06522274017334,-24803.3828125,2.0361493,-37.37519073486328,50.131664,0.003611098974943161,502.9914975166321
High Load,177,AI,utility,29,"['Ping-Pong: 26 UEs oscillating', 'Unfairness: Jain Index = 0.09']",0.09158354006948442,0.3055835962295532,-32819.671875,0.044237025,-37.37519073486328,45.802505,0.003611098974943161,665.5091047286987
High Load,178,AI,utility,29,"['Ping-Pong: 27 UEs oscillating', 'Unfairness: Jain Index = 0.12']",0.11810202980645822,23.43280601501465,-38275.765625,3.3922453,-37.37519073486328,62.5639,0.003611098974943161,776.0579586029053
High Load,179,AI,utility,27,"['Ping-Pong: 27 UEs oscillating', 'QoS Violation: Avg High Prio SINR = 4.56 dB (Threshold: 5.0 dB)', 'Unfairness: Jain Index = 0.14']",0.1413344855148083,66.67948150634766,-20436.865234375,9.652844,-37.37519073486328,75.42515,0.003611098974943161,414.441853761673
High Load,180,AI,utility,25,"['Ping-Pong: 25 UEs oscillating', 'QoS Violation: Avg High Prio SINR = 3.42 dB (Threshold: 5.0 dB)', 'Unfairness: Jain Index = 0.10']",0.09810084410229154,19.95660972595215,-27388.419921875,2.8890154,-37.37519073486328,54.382687,0.003611098974943161,555.3995966911316
High Load,181,AI,utility,25,"['Ping-Pong: 21 UEs oscillating', 'Unfairness: Jain Index = 0.13']",0.13398362545523726,27.917827606201172,-27439.439453125,4.0415206,-37.3898868560791,58.099506,0.0035994548932649197,556.4209818840027
High Load,182,AI,utility,26,"['Ping-Pong: 20 UEs oscillating', 'QoS Violation: Avg High Prio SINR = -5.81 dB (Threshold: 5.0 dB)', 'Unfairness: Jain Index = 0.05']",0.05236601383091738,-11.687932968139648,-32832.22265625,-1.6920017,-37.37519073486328,38.61891,0.003611098974943161,665.7829880714417
High Load,183,AI,utility,29,"['Ping-Pong: 23 UEs oscillating', 'Unfairness: Jain Index = 0.13']",0.1262305281360699,34.25410461425781,-27361.328125,4.9587903,-37.37608661651611,61.244263,0.003611098974943161,554.8264384269714
High Load,184,AI,utility,27,"['Ping-Pong: 23 UEs oscillating', 'QoS Violation: Avg High Prio SINR = -9.18 dB (Threshold: 5.0 dB)', 'Unfairness: Jain Index = 0.04']",0.042029279105095345,-63.73555374145508,-49224.80859375,-9.226667,-37.376600646972655,19.564981,0.0036098052165471016,998.0355501174927
High Load,185,AI,utility,29,"['Ping-Pong: 26 UEs oscillating', 'Unfairness: Jain Index = 0.10']",0.10143192318730096,-2.418002128601074,-38282.20703125,-0.3500423,-37.37519073486328,48.53512,0.003611098974943161,776.2265801429749
High Load,186,AI,utility,27,"['Ping-Pong: 23 UEs oscillating', 'Unfairness: Jain Index = 0.06']",0.05979035207260639,-7.453214645385742,-32812.02734375,-1.0789638,-37.375220108032224,38.862144,0.003611098974943161,665.3310656547546
High Load,187,AI,utility,26,"['Ping-Pong: 23 UEs oscillating', 'QoS Violation: Avg High Prio SINR = 3.44 dB (Threshold: 5.0 dB)', 'Unfairness: Jain Index = 0.09']",0.09006946254747039,19.268476486206055,-32817.546875,2.7893972,-37.37519073486328,57.423115,0.003611098974943161,665.4489040374756
High Load,188,AI,utility,28,"['Ping-Pong: 23 UEs oscillating', 'QoS Violation: Avg High Prio SINR = -4.18 dB (Threshold: 5.0 dB)', 'Unfairness: Jain Index = 0.08']",0.0800422245126378,-8.739228248596191,-38284.140625,-1.2651327,-37.37598209381103,43.764717,0.003611098974943161,776.2161493301392
High Load,189,AI,utility,26,"['Ping-Pong: 22 UEs oscillating', 'QoS Violation: Avg High Prio SINR = -0.36 dB (Threshold: 5.0 dB)', 'Unfairness: Jain Index = 0.07']",0.06930759510814748,-8.033768653869629,-38288.93359375,-1.1630077,-37.37519073486328,46.70724,0.003611098974943161,776.3755321502686
High Load,190,AI,utility,28,"['Ping-Pong: 24 UEs oscillating', 'QoS Violation: Avg High Prio SINR = -12.04 dB (Threshold: 5.0 dB)', 'Unfairness: Jain Index = 0.23']",0.23012497760296985,-80.00642395019531,-49209.61328125,-11.582116,-37.37519073486328,10.006765,0.003611098974943161,997.7641701698303
High Load,191,AI,utility,29,"['Ping-Pong: 24 UEs oscillating', 'QoS Violation: Avg High Prio SINR = -2.00 dB (Threshold: 5.0 dB)', 'Unfairness: Jain Index = 0.08']",0.08075743803368932,8.479836463928223,-38275.421875,1.2275815,-37.37519073486328,54.307896,0.003611098974943161,776.0611176490784
High Load,192,AI,utility,27,"['Ping-Pong: 24 UEs oscillating', 'QoS Violation: Avg High Prio SINR = -1.96 dB (Threshold: 5.0 dB)', 'Unfairness: Jain Index = 0.14']",0.1437684394156109,25.318538665771484,-38274.1171875,3.6652346,-37.37519073486328,65.036255,0.003611098974943161,776.0569453239441
High Load,193,AI,utility,25,"['Ping-Pong: 22 UEs oscillating', 'Unfairness: Jain Index = 0.17']",0.17493928725196825,69.0796890258789,-27348.572265625,10.000307,-37.37519073486328,82.49345,0.003611098974943161,554.5699596405029
High Load,194,AI,utility,26,"['Ping-Pong: 21 UEs oscillating', 'Unfairness: Jain Index = 0.13']",0.13077254335563263,52.96882247924805,-27345.814453125,7.668023,-37.37519073486328,71.95445,0.003611098974943161,554.5244216918945
High Load,195,AI,utility,30,"['Ping-Pong: 23 UEs oscillating', 'QoS Violation: Avg High Prio SINR = -1.23 dB (Threshold: 5.0 dB)', 'Unfairness: Jain Index = 0.09']",0.0921068084124172,-6.2228169441223145,-38280.41015625,-0.90084517,-37.37519073486328,46.305744,0.003611098974943161,776.1930823326111
High Load,196,AI,utility,25,"['Ping-Pong: 21 UEs oscillating', 'Unfairness: Jain Index = 0.10']",0.09687660908009751,-4.027401924133301,-38287.5703125,-0.58302635,-37.37519073486328,48.624474,0.003611098974943161,776.3444185256958
High Load,197,AI,utility,28,"['Ping-Pong: 24 UEs oscillating', 'QoS Violation: Avg High Prio SINR = -5.20 dB (Threshold: 5.0 dB)', 'Unfairness: Jain Index = 0.09']",0.08732911609513563,-8.961722373962402,-38292.8984375,-1.2973425,-37.37519073486328,45.71077,0.003611098974943161,776.45343542099
High Load,198,AI,utility,28,"['Ping-Pong: 22 UEs oscillating', 'QoS Violation: Avg High Prio SINR = -1.50 dB (Threshold: 5.0 dB)', 'Unfairness: Jain Index = 0.14']",0.13909860627361537,59.888465881347656,-27344.36328125,8.669743,-37.37519073486328,75.899445,0.003611098974943161,554.4883012771606
High Load,199,AI,utility,28,"['Ping-Pong: 25 UEs oscillating', 'Unfairness: Jain Index = 0.11']",0.10961493100946237,19.0757999420166,-27356.982421875,2.761505,-37.37519073486328,52.53278,0.003611098974943161,554.7722578048706
High Load,0,Random,baseline,16,"['QoS Violation: Avg High Prio SINR = 3.77 dB (Threshold: 5.0 dB)', 'Unfairness: Jain Index = 0.06']",0.05912879261408713,20.602067947387695,-409.9264221191406,2.982455,-19.154085063934325,34.754784,0.2616847522556782,8.544718846678734
High Load,1,Random,baseline,20,"['QoS Violation: Avg High Prio SINR = 2.95 dB (Threshold: 5.0 dB)', 'Unfairness: Jain Index = 0.05']",0.053331406474809266,20.752731323242188,-1216.947021484375,3.0042655,-21.830913543701172,33.607925,0.18227468952536588,24.901071563363075
High Load,2,Random,baseline,22,['Unfairness: Jain Index = 0.05'],0.05033403787037667,51.77599334716797,-45.50311279296875,7.495343,-3.01734436750412,43.730717,7.993090367317199,1.136863837018609
High Load,3,Random,baseline,21,"['Ping-Pong: 16 UEs oscillating', 'Unfairness: Jain Index = 0.06']",0.05884157113456002,42.49688720703125,-71.05805969238281,6.1520543,-8.378300046920774,40.92535,3.1831203341484073,1.6619085799902678
High Load,4,Random,baseline,16,"['Ping-Pong: 13 UEs oscillating', 'Unfairness: Jain Index = 0.04']",0.03654716150497483,13.806172370910645,-572.1993408203125,1.9986479,-17.87042198181152,29.66238,0.7173894166946414,11.839228682219982
High Load,5,Random,baseline,20,"['Ping-Pong: 10 UEs oscillating', 'Unfairness: Jain Index = 0.06']",0.06343199519340248,33.241844177246094,-1509.18896484375,4.8122497,-14.723781394958495,39.145473,0.7579591095447542,30.813315883278847
High Load,6,Random,baseline,25,"['Ping-Pong: 12 UEs oscillating', 'Unfairness: Jain Index = 0.07']",0.07283796590503291,41.54069137573242,-212.65481567382812,6.013632,-6.259202337265013,39.496643,5.048814153671266,4.5316885225474834
High Load,7,Random,baseline,20,"['Ping-Pong: 12 UEs oscillating', 'QoS Violation: Avg High Prio SINR = 3.48 dB (Threshold: 5.0 dB)', 'Unfairness: Jain Index = 0.04']",0.0371535123357612,7.257613182067871,-265.986572265625,1.0506473,-14.761597776412962,23.701689,1.2406359851360325,5.64254354685545
High Load,8,Random,baseline,21,"['Ping-Pong: 14 UEs oscillating', 'Unfairness: Jain Index = 0.14']",0.14213525968379878,37.66421890258789,-118.24472045898438,5.4524546,-8.222481632232665,39.862247,3.17244999408722,2.625248394906521
High Load,9,Random,baseline,22,"['Ping-Pong: 12 UEs oscillating', 'Unfairness: Jain Index = 0.04']",0.03560905339207045,46.65432357788086,-74.24346923828125,6.7539062,-3.2657564759254454,41.49751,7.622861337661743,1.7266608774662018
High Load,10,Random,baseline,22,"['Ping-Pong: 13 UEs oscillating', 'Unfairness: Jain Index = 0.08']",0.08094164052061642,31.129959106445312,-224.2655487060547,4.506523,-11.948800086975096,36.337223,1.62734147310257,4.774115979671478
High Load,11,Random,baseline,20,"['Ping-Pong: 15 UEs oscillating', 'Unfairness: Jain Index = 0.04']",0.041455230276498556,58.770755767822266,-84.26361083984375,8.507938,-11.535316276550292,50.234867,1.7967121005058293,1.9150354200974107
High Load,12,Random,baseline,21,"['Ping-Pong: 13 UEs oscillating', 'Unfairness: Jain Index = 0.07']",0.07417535470731079,45.463558197021484,-116.48558044433594,6.5815234,-8.016789245605468,44.28161,3.2369568109512334,2.5841528549790382
High Load,13,Random,baseline,18,"['Ping-Pong: 11 UEs oscillating', 'QoS Violation: Avg High Prio SINR = 1.39 dB (Threshold: 5.0 dB)', 'Unfairness: Jain Index = 0.04']",0.041880376042755386,10.256077766418457,-559.3634643554688,1.4847192,-18.39635286331177,28.661604,0.2836373522877693,11.57996617257595
High Load,14,Random,baseline,18,"['Ping-Pong: 8 UEs oscillating', 'QoS Violation: Avg High Prio SINR = 0.72 dB (Threshold: 5.0 dB)', 'Unfairness: Jain Index = 0.04']",0.035882946708487705,-1.7496081590652466,-1319.6190185546875,-0.25328186,-21.525696754455566,23.318182,0.143929635360837,26.99723280966282
High Load,15,Random,baseline,22,"['Ping-Pong: 11 UEs oscillating', 'QoS Violation: Avg High Prio SINR = 2.31 dB (Threshold: 5.0 dB)', 'Unfairness: Jain Index = 0.06']",0.059925086546068165,26.343687057495117,-10226.240234375,3.8136394,-13.352682733535765,38.42576,1.4273560941219334,207.51088857650757
High Load,16,Random,baseline,18,"['Ping-Pong: 12 UEs oscillating', 'QoS Violation: Avg High Prio SINR = 4.19 dB (Threshold: 5.0 dB)', 'Unfairness: Jain Index = 0.03']",0.03343577974119976,22.793458938598633,-326.7492370605469,3.2996914,-18.45847568511963,33.331,0.2896591886878014,6.86086667701602
High Load,17,Random,baseline,23,"['Ping-Pong: 14 UEs oscillating', 'Unfairness: Jain Index = 0.07']",0.07156219089234242,59.21989440917969,-126.29905700683594,8.572957,-10.11520128250122,53.557537,2.377718687057496,2.781160408630967
High Load,18,Random,baseline,20,"['Ping-Pong: 9 UEs oscillating', 'Unfairness: Jain Index = 0.08']",0.07505765993674704,54.72282028198242,-36.710243225097656,7.9219394,-5.9771359920501705,48.42397,4.446586608886719,0.9661201038397849
High Load,19,Random,baseline,18,"['Ping-Pong: 12 UEs oscillating', 'QoS Violation: Avg High Prio SINR = 3.52 dB (Threshold: 5.0 dB)', 'Unfairness: Jain Index = 0.04']",0.03663954198524898,15.34104061126709,-2396.711669921875,2.220843,-24.129184246063232,32.606815,0.16456770375370985,48.81636053323746
High Load,20,Random,baseline,22,"['Ping-Pong: 13 UEs oscillating', 'Unfairness: Jain Index = 0.05']",0.05054339882396866,51.93255615234375,-86.49127960205078,7.5180078,-6.517059421539306,46.14134,3.97319974899292,1.9708378240466118
High Load,21,Random,baseline,22,"['Ping-Pong: 11 UEs oscillating', 'QoS Violation: Avg High Prio SINR = 4.90 dB (Threshold: 5.0 dB)', 'Unfairness: Jain Index = 0.05']",0.04746248102382228,61.62520980834961,-51.67554473876953,8.921163,-4.955203139781951,52.37256,5.75030792951584,1.2653933372348547
High Load,22,Random,baseline,23,"['Ping-Pong: 12 UEs oscillating', 'QoS Violation: Avg High Prio SINR = 4.87 dB (Threshold: 5.0 dB)', 'Unfairness: Jain Index = 0.04']",0.0363750392194859,38.917484283447266,-727.3202514648438,5.633882,-21.355278301239014,44.910885,0.14894880689680579,14.964320696890354
High Load,23,Random,baseline,19,"['Ping-Pong: 10 UEs oscillating', 'QoS Violation: Avg High Prio SINR = 1.44 dB (Threshold: 5.0 dB)', 'Unfairness: Jain Index = 0.03']",0.03337383792296853,21.624378204345703,-190.93927001953125,3.1304495,-13.143936061859131,32.373936,0.9441364973783494,4.111398011445999
High Load,24,Random,baseline,22,"['Ping-Pong: 12 UEs oscillating', 'Unfairness: Jain Index = 0.06']",0.06466216885383673,43.79187774658203,-826.9581298828125,6.339524,-18.7496696472168,47.681404,0.2641940921545029,16.98378100991249
High Load,25,Random,baseline,21,"['Ping-Pong: 11 UEs oscillating', 'QoS Violation: Avg High Prio SINR = 1.24 dB (Threshold: 5.0 dB)', 'Unfairness: Jain Index = 0.07']",0.06558606023818901,19.771873474121094,-459.4756164550781,2.8622713,-16.712529754638673,35.225517,0.4256209790706635,9.551328606903553
High Load,26,Random,baseline,21,"['Ping-Pong: 14 UEs oscillating', 'QoS Violation: Avg High Prio SINR = 3.67 dB (Threshold: 5.0 dB)', 'Unfairness: Jain Index = 0.04']",0.037498851425491836,13.561591148376465,-513.6722412109375,1.9632415,-15.739153909683226,28.778168,0.6720539391040803,10.657360777258873
High Load,27,Random,baseline,18,"['Ping-Pong: 14 UEs oscillating', 'QoS Violation: Avg High Prio SINR = 2.14 dB (Threshold: 5.0 dB)', 'Unfairness: Jain Index = 0.03']",0.03389996448298292,-14.065999984741211,-4519.24169921875,-2.036262,-30.720732975006104,24.92863,0.01722395457327366,91.85148775577545
High Load,28,Random,baseline,19,"['Ping-Pong: 12 UEs oscillating', 'Unfairness: Jain Index = 0.04']",0.044947643913797644,21.730072021484375,-1767.86279296875,3.1457503,-23.388868522644042,37.263332,0.09078059829771519,36.06586158275604
High Load,29,Random,baseline,25,"['Ping-Pong: 12 UEs oscillating', 'QoS Violation: Avg High Prio SINR = 3.07 dB (Threshold: 5.0 dB)', 'Unfairness: Jain Index = 0.08']",0.08394465394428544,36.667335510253906,-1178.6044921875,5.3081403,-13.407370376586911,42.452164,2.5106106281280525,24.11406673491001
High Load,30,Random,baseline,21,"['Ping-Pong: 14 UEs oscillating', 'Unfairness: Jain Index = 0.08']",0.0811231343595575,44.578670501708984,-9436.1943359375,6.4534225,-18.568142414093014,50.500587,0.895531223714352,191.43472611904144
High Load,31,Random,baseline,19,"['Ping-Pong: 13 UEs oscillating', 'Unfairness: Jain Index = 0.05']",0.04767078588896446,20.0927677154541,-6043.87646484375,2.9087265,-13.865829181671142,34.25099,0.9519739747047427,122.71842360496521
High Load,32,Random,baseline,21,"['Ping-Pong: 12 UEs oscillating', 'QoS Violation: Avg High Prio SINR = 0.43 dB (Threshold: 5.0 dB)', 'Unfairness: Jain Index = 0.04']",0.035999091532706154,7.8218488693237305,-5334.38134765625,1.1323285,-22.828701496124264,27.411684,0.2730183187872173,108.37964713573456
High Load,33,Random,baseline,17,"['Ping-Pong: 9 UEs oscillating', 'Unfairness: Jain Index = 0.06']",0.056597957428901245,18.897798538208008,-6299.1962890625,2.7357364,-20.857757759094238,38.725895,0.1934466935694218,127.93977558612823
High Load,34,Random,baseline,25,"['Ping-Pong: 11 UEs oscillating', 'QoS Violation: Avg High Prio SINR = 4.02 dB (Threshold: 5.0 dB)', 'Unfairness: Jain Index = 0.04']",0.03521074249626151,48.334228515625,-1467.0252685546875,6.997095,-12.430597972869872,48.790134,2.0159638762474064,29.952889308333397
High Load,35,Random,baseline,26,"['Ping-Pong: 11 UEs oscillating', 'Unfairness: Jain Index = 0.07']",0.07096924636592235,63.92049026489258,-686.10009765625,9.253439,-8.286368513107298,56.532543,2.8203040599823,14.124223031103611
High Load,36,Random,baseline,23,"['Ping-Pong: 17 UEs oscillating', 'QoS Violation: Avg High Prio SINR = 3.11 dB (Threshold: 5.0 dB)', 'Unfairness: Jain Index = 0.04']",0.03875303366881767,-1.3967456817626953,-6169.8740234375,-0.20219955,-31.141971015930174,30.399109,0.015975498314946893,125.30039250850677
High Load,37,Random,baseline,20,"['Ping-Pong: 15 UEs oscillating', 'QoS Violation: Avg High Prio SINR = -1.04 dB (Threshold: 5.0 dB)', 'Unfairness: Jain Index = 0.04']",0.035879743699906555,1.6383440494537354,-5140.408203125,0.23717494,-26.743179512023925,30.698189,0.06732418164610865,104.4272631406784
High Load,38,Random,baseline,18,"['Ping-Pong: 13 UEs oscillating', 'QoS Violation: Avg High Prio SINR = 3.19 dB (Threshold: 5.0 dB)', 'Unfairness: Jain Index = 0.04']",0.03583737954151641,-0.2819676399230957,-6888.6728515625,-0.040818978,-28.22246904373169,29.748404,0.03230784283950926,139.84011113643646
High Load,39,Random,baseline,18,"['Ping-Pong: 10 UEs oscillating', 'Unfairness: Jain Index = 0.06']",0.058555963507386566,33.40031051635742,-6264.2177734375,4.8351917,-30.99836845397949,48.828304,0.015676550380885602,127.18138098716736
High Load,40,Random,baseline,15,"['Ping-Pong: 8 UEs oscillating', 'Unfairness: Jain Index = 0.04']",0.03515583616644626,-11.89930248260498,-7303.90673828125,-1.7226001,-27.979814434051512,27.46182,0.03333106394857169,148.32434058189392
High Load,41,Random,baseline,15,"['Ping-Pong: 8 UEs oscillating', 'Unfairness: Jain Index = 0.04']",0.042282764047557084,18.41984748840332,-6982.4736328125,2.6665466,-27.484912681579587,41.364826,0.042613264173269286,141.72159135341644
High Load,42,Random,baseline,21,"['Ping-Pong: 10 UEs oscillating', 'Unfairness: Jain Index = 0.12']",0.11849679909861774,61.898014068603516,-3686.44287109375,8.960654,-15.24483261108398,58.95977,3.234817284345628,74.93005692958832
High Load,43,Random,baseline,14,"['Ping-Pong: 6 UEs oscillating', 'QoS Violation: Avg High Prio SINR = 2.48 dB (Threshold: 5.0 dB)', 'Unfairness: Jain Index = 0.05']",0.04507910974468474,5.519018173217773,-9298.029296875,0.7989597,-32.060164260864255,39.462315,0.01330686598084867,188.69651854038239
High Load,44,Random,baseline,22,"['Ping-Pong: 9 UEs oscillating', 'Unfairness: Jain Index = 0.05']",0.054921942949480496,75.45287322998047,-149.30918884277344,10.922923,-6.141403460502624,63.298435,4.3981904029846195,3.2420242205262184
High Load,45,Random,baseline,21,"['Ping-Pong: 9 UEs oscillating', 'Unfairness: Jain Index = 0.05']",0.04964214034617105,24.596799850463867,-9425.6044921875,3.5607514,-26.855687904357907,38.85585,0.22115859072655447,191.2822723388672
High Load,46,Random,baseline,24,"['Ping-Pong: 15 UEs oscillating', 'Unfairness: Jain Index = 0.04']",0.03687849006556113,14.316235542297363,-16174.2080078125,2.0724876,-36.87131614685059,42.26269,0.00409553914796561,328.0470669269562
High Load,47,Random,baseline,21,"['Ping-Pong: 12 UEs oscillating', 'Unfairness: Jain Index = 0.10']",0.09970969210012041,74.34310913085938,-2548.08349609375,10.762267,-6.3915856838226315,66.263214,4.1273897886276245,51.858268678188324
High Load,48,Random,baseline,14,"['Ping-Pong: 11 UEs oscillating', 'QoS Violation: Avg High Prio SINR = -5.59 dB (Threshold: 5.0 dB)', 'Unfairness: Jain Index = 0.04']",0.03576964166730803,-17.267929077148438,-14882.6953125,-2.4997885,-36.2382095336914,24.289286,0.004895004746504129,301.8607497215271
High Load,49,Random,baseline,21,"['Ping-Pong: 10 UEs oscillating', 'Unfairness: Jain Index = 0.05']",0.052108513442901475,27.669261932373047,-10511.6572265625,4.0055366,-31.73202724456787,44.662216,0.02204962959513069,213.298961520195
High Load,50,Random,baseline,19,"['Ping-Pong: 8 UEs oscillating', 'QoS Violation: Avg High Prio SINR = -2.40 dB (Threshold: 5.0 dB)', 'Unfairness: Jain Index = 0.03']",0.03426697543789253,14.560698509216309,-784.8743896484375,2.1078768,-20.35772771835327,32.092827,0.36126104891300215,16.151949763298035
High Load,51,Random,baseline,22,"['Ping-Pong: 12 UEs oscillating', 'Unfairness: Jain Index = 0.05']",0.04664322772230558,37.75566864013672,-12808.62890625,5.465693,-29.190082168579096,50.720146,0.10861613797023896,259.8819136619568
High Load,52,Random,baseline,20,"['Ping-Pong: 11 UEs oscillating', 'Unfairness: Jain Index = 0.06']",0.058804582166229184,34.62888717651367,-6626.38818359375,5.013045,-25.41462869644165,49.363544,0.09656914919614795,134.5294564962387
High Load,53,Random,baseline,15,"['Ping-Pong: 11 UEs oscillating', 'QoS Violation: Avg High Prio SINR = -1.14 dB (Threshold: 5.0 dB)', 'Unfairness: Jain Index = 0.03']",0.033392103791437,-16.408447265625,-11948.5419921875,-2.3753662,-32.564555358886714,23.31627,0.021022742614150054,242.4025535583496
High Load,54,Random,baseline,23,"['Ping-Pong: 12 UEs oscillating', 'Unfairness: Jain Index = 0.06']",0.05784407143865996,52.947021484375,-11569.703125,7.664866,-31.550325489044187,62.569557,0.03395177125930787,234.72782969474792
High Load,55,Random,baseline,18,"['Ping-Pong: 12 UEs oscillating', 'QoS Violation: Avg High Prio SINR = 2.47 dB (Threshold: 5.0 dB)', 'Unfairness: Jain Index = 0.03']",0.03493940609075426,14.173649787902832,-8341.93359375,2.0518456,-30.312060737609862,35.768345,0.026140119880437858,169.34067010879517
High Load,56,Random,baseline,22,"['Ping-Pong: 14 UEs oscillating', 'Unfairness: Jain Index = 0.10']",0.09739034462521845,53.65617752075195,-5554.35986328125,7.767527,-12.798182058334348,56.96226,1.5737580418586736,112.81511932611465
High Load,57,Random,baseline,18,"['Ping-Pong: 12 UEs oscillating', 'QoS Violation: Avg High Prio SINR = -6.59 dB (Threshold: 5.0 dB)', 'Unfairness: Jain Index = 0.09']",0.09193848234702995,-28.66648292541504,-13458.45703125,-4.149898,-34.465819644927976,19.159885,0.009185693226754669,273.0431854724884
High Load,58,Random,baseline,17,"['Ping-Pong: 12 UEs oscillating', 'QoS Violation: Avg High Prio SINR = -1.76 dB (Threshold: 5.0 dB)', 'Unfairness: Jain Index = 0.04']",0.037519602002811014,16.391862869262695,-1368.7467041015625,2.3729656,-20.15409450531006,33.75436,0.1932968184351921,27.9869232326746
High Load,59,Random,baseline,20,"['Ping-Pong: 10 UEs oscillating', 'QoS Violation: Avg High Prio SINR = 2.30 dB (Threshold: 5.0 dB)', 'Unfairness: Jain Index = 0.09']",0.08864358243157047,35.75748062133789,-6717.8193359375,5.176425,-22.352937889099117,47.05511,0.5256547287106516,136.3806575536728
High Load,60,Random,baseline,19,"['Ping-Pong: 12 UEs oscillating', 'Unfairness: Jain Index = 0.10']",0.10295771481739076,38.32768630981445,-8759.20703125,5.548502,-30.787839221954346,53.982296,0.016575160389766096,177.73380875587463
High Load,61,Random,baseline,15,"['Ping-Pong: 9 UEs oscillating', 'QoS Violation: Avg High Prio SINR = -5.66 dB (Threshold: 5.0 dB)', 'Unfairness: Jain Index = 0.03']",0.0343887987220051,-18.772171020507812,-16701.416015625,-2.7175505,-37.15112457275391,25.560991,0.0038090422283858063,338.7432396411896
High Load,62,Random,baseline,17,"['Ping-Pong: 7 UEs oscillating', 'QoS Violation: Avg High Prio SINR = -9.73 dB (Threshold: 5.0 dB)', 'Unfairness: Jain Index = 0.05']",0.05205314092604666,-0.567380428314209,-7866.138671875,-0.082136914,-29.17676200866699,30.723072,0.035751729644835,159.68872606754303
High Load,63,Random,baseline,20,"['Ping-Pong: 10 UEs oscillating', 'QoS Violation: Avg High Prio SINR = -6.67 dB (Threshold: 5.0 dB)', 'Unfairness: Jain Index = 0.06']",0.059668673033306134,17.067720413208008,-3734.97705078125,2.4708056,-23.70771074295044,39.882168,0.08475780375301839,75.94750076532364
High Load,64,Random,baseline,21,"['Ping-Pong: 12 UEs oscillating', 'QoS Violation: Avg High Prio SINR = 1.78 dB (Threshold: 5.0 dB)', 'Unfairness: Jain Index = 0.08']",0.08280985036854281,22.974407196044922,-5618.52490234375,3.3258858,-26.59502363204956,42.44465,0.04576382730156184,114.12492394447327
High Load,65,Random,baseline,18,"['Ping-Pong: 13 UEs oscillating', 'QoS Violation: Avg High Prio SINR = -3.29 dB (Threshold: 5.0 dB)', 'Unfairness: Jain Index = 0.09']",0.08607100424220829,14.505196571350098,-15742.1142578125,2.0998423,-34.67893466949463,44.034416,0.008441981207579375,319.37357783317566
High Load,66,Random,baseline,21,"['Ping-Pong: 13 UEs oscillating', 'Unfairness: Jain Index = 0.08']",0.08453658772399286,23.265562057495117,-12296.341796875,3.368035,-33.642975425720216,45.973694,0.012953017558902507,249.48416650295258
High Load,67,Random,baseline,18,"['Ping-Pong: 13 UEs oscillating', 'QoS Violation: Avg High Prio SINR = -7.58 dB (Threshold: 5.0 dB)', 'Unfairness: Jain Index = 0.03']",0.033335498011743694,-27.970252990722656,-23235.384765625,-4.049109,-37.510070419311525,22.925348,0.0035011287895031274,471.20699286460876
High Load,68,Random,baseline,20,"['Ping-Pong: 14 UEs oscillating', 'QoS Violation: Avg High Prio SINR = 2.88 dB (Threshold: 5.0 dB)', 'Unfairness: Jain Index = 0.07']",0.06667167681102187,5.531759262084961,-12904.3125,0.8008045,-35.08683395385742,34.364983,0.0072263064328581105,261.82684302330017
High Load,69,Random,baseline,20,"['Ping-Pong: 14 UEs oscillating', 'QoS Violation: Avg High Prio SINR = -2.33 dB (Threshold: 5.0 dB)', 'Unfairness: Jain Index = 0.06']",0.056430091901582206,-8.493348121643066,-10717.3291015625,-1.2295378,-32.016401004791256,28.801447,0.021599136199802166,217.48577058315277
High Load,70,Random,baseline,20,"['Ping-Pong: 14 UEs oscillating', 'QoS Violation: Avg High Prio SINR = -3.28 dB (Threshold: 5.0 dB)', 'Unfairness: Jain Index = 0.03']",0.033353359174222746,-13.638236999511719,-22939.693359375,-1.974337,-37.350175285339354,29.174097,0.0036340333172120154,465.1660919189453
High Load,71,Random,baseline,19,"['Ping-Pong: 11 UEs oscillating', 'QoS Violation: Avg High Prio SINR = -3.37 dB (Threshold: 5.0 dB)', 'Unfairness: Jain Index = 0.05']",0.049610626536424354,18.86686134338379,-7229.99365234375,2.7312582,-28.33923692703247,42.90276,0.028923846688121556,146.80323004722595
High Load,72,Random,baseline,20,"['Ping-Pong: 14 UEs oscillating', 'QoS Violation: Avg High Prio SINR = 0.26 dB (Threshold: 5.0 dB)', 'Unfairness: Jain Index = 0.04']",0.04153083568276781,-4.989615440368652,-21259.083984375,-0.72232074,-37.69519386291504,33.16623,0.0033592840074561535,431.069940328598
High Load,73,Random,baseline,19,"['Ping-Pong: 10 UEs oscillating', 'QoS Violation: Avg High Prio SINR = 2.11 dB (Threshold: 5.0 dB)', 'Unfairness: Jain Index = 0.07']",0.07338779974100296,21.206253051757812,-6023.81201171875,3.0699193,-22.92442798614502,39.558052,0.14754250273108488,122.3498284816742
High Load,74,Random,baseline,22,"['Ping-Pong: 12 UEs oscillating', 'QoS Violation: Avg High Prio SINR = -5.45 dB (Threshold: 5.0 dB)', 'Unfairness: Jain Index = 0.03']",0.03333486975769032,-26.599634170532227,-27796.802734375,-3.8506916,-37.61518306732178,22.640438,0.0034197384491562845,563.7263059616089
High Load,75,Random,baseline,22,"['Ping-Pong: 11 UEs oscillating', 'QoS Violation: Avg High Prio SINR = 4.09 dB (Threshold: 5.0 dB)', 'Unfairness: Jain Index = 0.04']",0.04472017359956771,9.064605712890625,-22590.3671875,1.3122363,-37.45754680633545,42.261486,0.003544764092657715,458.04694294929504
High Load,76,Random,baseline,20,"['Ping-Pong: 15 UEs oscillating', 'QoS Violation: Avg High Prio SINR = 4.22 dB (Threshold: 5.0 dB)', 'Unfairness: Jain Index = 0.04']",0.035858957258320986,-0.1608864963054657,-17865.578125,-0.02329087,-37.39109210968017,34.77995,0.003598161262925714,362.38330602645874
High Load,77,Random,baseline,18,"['Ping-Pong: 13 UEs oscillating', 'QoS Violation: Avg High Prio SINR = -6.60 dB (Threshold: 5.0 dB)', 'Unfairness: Jain Index = 0.06']",0.0571586585031724,9.849133491516113,-7036.982421875,1.4258081,-30.262643241882323,34.394337,0.02076762989163399,142.8719460964203
High Load,78,Random,baseline,17,"['Ping-Pong: 12 UEs oscillating', 'QoS Violation: Avg High Prio SINR = 2.22 dB (Threshold: 5.0 dB)', 'Unfairness: Jain Index = 0.07']",0.06735093515187508,15.731111526489258,-13009.9599609375,2.2773116,-35.228966903686526,41.5305,0.006859138002619149,263.9410197734833
High Load,79,Random,baseline,21,"['Ping-Pong: 11 UEs oscillating', 'Unfairness: Jain Index = 0.09']",0.08534600182690603,28.71375846862793,-9769.80078125,4.1567416,-33.15828609466553,48.89362,0.009836481860838832,198.21669161319733
High Load,80,Random,baseline,22,"['Ping-Pong: 13 UEs oscillating', 'Unfairness: Jain Index = 0.05']",0.05094838985852526,23.259071350097656,-12876.986328125,3.3670957,-35.31025276184082,42.543655,0.006662320857867599,261.2198293209076
High Load,81,Random,baseline,19,"['Ping-Pong: 14 UEs oscillating', 'Unfairness: Jain Index = 0.09']",0.09415817496006383,38.932891845703125,-6509.84033203125,5.6361127,-27.0088809967041,51.87734,0.04003931470215321,132.1461796760559
High Load,82,Random,baseline,20,"['Ping-Pong: 11 UEs oscillating', 'QoS Violation: Avg High Prio SINR = -1.00 dB (Threshold: 5.0 dB)', 'Unfairness: Jain Index = 0.04']",0.03969884764275578,13.412252426147461,-12310.328125,1.9416219,-33.98407678604126,37.558556,0.011197528522461656,249.73821640014648
High Load,83,Random,baseline,17,"['Ping-Pong: 9 UEs oscillating', 'QoS Violation: Avg High Prio SINR = -11.40 dB (Threshold: 5.0 dB)', 'Unfairness: Jain Index = 0.18']",0.1768243697118049,-51.849571228027344,-19887.595703125,-7.505995,-37.37590389251709,11.220882,0.003611098974943161,403.3237099647522
High Load,84,Random,baseline,20,"['Ping-Pong: 11 UEs oscillating', 'Unfairness: Jain Index = 0.10']",0.09571626699903937,27.057035446166992,-16445.126953125,3.9169066,-37.37557048797608,48.19844,0.003611098974943161,333.57593417167664
High Load,85,Random,baseline,19,"['Ping-Pong: 12 UEs oscillating', 'Unfairness: Jain Index = 0.04']",0.04369338065682858,17.806407928466797,-16645.41015625,2.5777419,-37.41093997955322,41.856335,0.0035813422757200895,337.6537263393402
High Load,86,Random,baseline,20,"['Ping-Pong: 12 UEs oscillating', 'QoS Violation: Avg High Prio SINR = 1.53 dB (Threshold: 5.0 dB)', 'Unfairness: Jain Index = 0.10']",0.10021617029530398,36.676761627197266,-16969.052734375,5.309506,-37.39230232238769,52.987587,0.003596867504529655,344.19938921928406
High Load,87,Random,baseline,20,"['Ping-Pong: 10 UEs oscillating', 'QoS Violation: Avg High Prio SINR = -2.40 dB (Threshold: 5.0 dB)', 'Unfairness: Jain Index = 0.07']",0.06784072972310402,27.587352752685547,-11939.31640625,3.993678,-34.013491535186766,44.670864,0.011060035135596995,242.21578240394592
High Load,88,Random,baseline,18,"['Ping-Pong: 11 UEs oscillating', 'QoS Violation: Avg High Prio SINR = -1.82 dB (Threshold: 5.0 dB)', 'Unfairness: Jain Index = 0.04']",0.0416113679408296,-9.434493064880371,-18653.923828125,-1.3657826,-37.376602745056154,33.059986,0.0036098052165471016,378.3467411994934
High Load,89,Random,baseline,17,"['Ping-Pong: 12 UEs oscillating', 'QoS Violation: Avg High Prio SINR = -4.99 dB (Threshold: 5.0 dB)', 'Unfairness: Jain Index = 0.04']",0.03997405919636047,-33.464908599853516,-18874.63671875,-4.8445425,-37.375329208374026,19.618517,0.003611098974943161,382.789671421051
High Load,90,Random,baseline,20,"['Ping-Pong: 12 UEs oscillating', 'QoS Violation: Avg High Prio SINR = -8.02 dB (Threshold: 5.0 dB)', 'Unfairness: Jain Index = 0.03']",0.03470219404522871,7.418970108032227,-12841.2666015625,1.0740064,-35.05896835327148,37.65259,0.006412160280160607,260.50621271133423
High Load,91,Random,baseline,17,"['Ping-Pong: 11 UEs oscillating', 'QoS Violation: Avg High Prio SINR = -7.97 dB (Threshold: 5.0 dB)']",0.5210820547884941,-44.66441345214844,-23981.07421875,-6.4658356,-37.384827041625975,12.610961,0.0036038070102222264,486.2557351589203
High Load,92,Random,baseline,20,"['Ping-Pong: 10 UEs oscillating', 'QoS Violation: Avg High Prio SINR = 4.89 dB (Threshold: 5.0 dB)', 'Unfairness: Jain Index = 0.06']",0.0573754246336233,15.787303924560547,-10993.365234375,2.2854464,-26.597205829620357,37.473606,0.39678324386477487,223.05697202682495
High Load,93,Random,baseline,20,"['Ping-Pong: 11 UEs oscillating', 'QoS Violation: Avg High Prio SINR = 1.50 dB (Threshold: 5.0 dB)', 'Unfairness: Jain Index = 0.07']",0.06667224867523694,0.2814384698867798,-14608.6484375,0.040742364,-36.189100456237796,35.094193,0.004968032496981323,296.3334023952484
High Load,94,Random,baseline,19,"['Ping-Pong: 12 UEs oscillating', 'Unfairness: Jain Index = 0.08']",0.08470540855078278,32.69292449951172,-16676.41015625,4.7327867,-37.38077392578125,52.136513,0.003606394398957491,338.2199704647064
High Load,95,Random,baseline,20,"['Ping-Pong: 10 UEs oscillating', 'Unfairness: Jain Index = 0.07']",0.06996822495328707,39.454078674316406,-5913.013671875,5.7115636,-22.675957775115965,49.21875,0.12715674191713336,120.0496181845665
High Load,96,Random,baseline,18,"['Ping-Pong: 10 UEs oscillating', 'QoS Violation: Avg High Prio SINR = 1.38 dB (Threshold: 5.0 dB)', 'Unfairness: Jain Index = 0.07']",0.06673002089534798,9.472334861755371,-19147.794921875,1.3712609,-37.37519073486328,39.03634,0.003611098974943161,388.3221745491028
High Load,97,Random,baseline,17,"['Ping-Pong: 10 UEs oscillating', 'QoS Violation: Avg High Prio SINR = -1.38 dB (Threshold: 5.0 dB)', 'Unfairness: Jain Index = 0.03']",0.03337332087438464,-15.130744934082031,-20796.404296875,-2.1903996,-37.377041244506835,31.729624,0.0036098052165471016,421.7533469200134
High Load,98,Random,baseline,17,"['Ping-Pong: 11 UEs oscillating', 'QoS Violation: Avg High Prio SINR = -7.53 dB (Threshold: 5.0 dB)', 'Unfairness: Jain Index = 0.03']",0.033427512532422626,-18.16758918762207,-19991.45703125,-2.630028,-37.37519073486328,25.471645,0.003611098974943161,405.4724872112274
High Load,99,Random,baseline,16,"['Ping-Pong: 10 UEs oscillating', 'QoS Violation: Avg High Prio SINR = -6.45 dB (Threshold: 5.0 dB)', 'Unfairness: Jain Index = 0.07']",0.0651806125549243,14.573467254638672,-14460.890625,2.1097264,-36.000230979919436,41.251293,0.005100593995302916,293.3417856693268
High Load,100,Random,baseline,22,"['Ping-Pong: 12 UEs oscillating', 'Unfairness: Jain Index = 0.04']",0.03500740614018395,19.244752883911133,-16714.71875,2.7859633,-37.37519073486328,43.683865,0.003611098974943161,339.0168249607086
High Load,101,Random,baseline,16,"['Ping-Pong: 8 UEs oscillating', 'Unfairness: Jain Index = 0.07']",0.06675307605770871,9.006176948547363,-11820.595703125,1.3037772,-33.67057485580444,36.261658,0.012799690756946806,239.83147740364075
High Load,102,Random,baseline,17,"['Ping-Pong: 7 UEs oscillating', 'QoS Violation: Avg High Prio SINR = -4.66 dB (Threshold: 5.0 dB)', 'Unfairness: Jain Index = 0.03']",0.034183845427773,-3.778604745864868,-18406.02734375,-0.54700917,-37.375499153137206,30.435516,0.003611098974943161,373.31780791282654
High Load,103,Random,baseline,21,"['Ping-Pong: 6 UEs oscillating', 'Unfairness: Jain Index = 0.13']",0.12616221366237537,48.04731750488281,-10993.3671875,6.955561,-27.105068206787106,56.214916,0.3079710923135282,223.07923436164856
High Load,104,Random,baseline,19,"['Ping-Pong: 12 UEs oscillating', 'QoS Violation: Avg High Prio SINR = -3.83 dB (Threshold: 5.0 dB)', 'Unfairness: Jain Index = 0.06']",0.05815121367352507,-16.558805465698242,-21856.142578125,-2.3971329,-37.37519073486328,31.607218,0.003611098974943161,443.231463432312
High Load,105,Random,baseline,19,"['Ping-Pong: 14 UEs oscillating', 'QoS Violation: Avg High Prio SINR = 3.99 dB (Threshold: 5.0 dB)', 'Unfairness: Jain Index = 0.07']",0.0666701881601227,-11.879938125610352,-25642.451171875,-1.719797,-37.37573413848877,32.592453,0.003611098974943161,519.9654698371887
High Load,106,Random,baseline,20,"['Ping-Pong: 13 UEs oscillating', 'QoS Violation: Avg High Prio SINR = -1.33 dB (Threshold: 5.0 dB)', 'Unfairness: Jain Index = 0.03']",0.034138124778016865,-12.128558158874512,-17030.181640625,-1.7557889,-37.37755832672119,28.653479,0.0036098052165471016,345.39392590522766
High Load,107,Random,baseline,21,"['Ping-Pong: 12 UEs oscillating', 'Unfairness: Jain Index = 0.07']",0.06688044126621252,-5.97629451751709,-22760.16015625,-0.8651566,-37.378882217407224,35.779892,0.0036085114581510423,461.52225136756897
High Load,108,Random,baseline,16,"['Ping-Pong: 13 UEs oscillating', 'QoS Violation: Avg High Prio SINR = -9.00 dB (Threshold: 5.0 dB)', 'Unfairness: Jain Index = 0.03']",0.03334587738510524,-55.29011154174805,-29279.03125,-8.004064,-37.375526428222656,16.06294,0.003611098974943161,593.7311053276062
High Load,109,Random,baseline,23,"['Ping-Pong: 14 UEs oscillating', 'Unfairness: Jain Index = 0.15']",0.1453033195153102,73.15748596191406,-11027.875,10.590631,-29.082543754577635,70.406654,0.11444980576634411,223.72622787952423
High Load,110,Random,baseline,18,"['Ping-Pong: 11 UEs oscillating', 'QoS Violation: Avg High Prio SINR = -6.12 dB (Threshold: 5.0 dB)', 'Unfairness: Jain Index = 0.07']",0.07081849330912586,39.5341911315918,-16550.716796875,5.723159,-37.37519073486328,56.706997,0.003611098974943161,335.67461371421814
High Load,111,Random,baseline,22,"['Ping-Pong: 12 UEs oscillating', 'Unfairness: Jain Index = 0.07']",0.0677734341663095,8.902705192565918,-18231.541015625,1.2887985,-37.37519073486328,39.900314,0.003611098974943161,369.7909414768219
High Load,112,Random,baseline,21,"['Ping-Pong: 12 UEs oscillating', 'QoS Violation: Avg High Prio SINR = -2.38 dB (Threshold: 5.0 dB)', 'Unfairness: Jain Index = 0.06']",0.061900459143677464,-16.355915069580078,-22509.634765625,-2.3677614,-37.37911834716797,30.671064,0.0036085114581510423,456.45925402641296
High Load,113,Random,baseline,22,"['Ping-Pong: 14 UEs oscillating', 'Unfairness: Jain Index = 0.07']",0.06668660962511497,-4.366929531097412,-22778.859375,-0.6321777,-37.3800708770752,38.3354,0.003607217827811837,461.94127202033997
High Load,114,Random,baseline,19,"['Ping-Pong: 13 UEs oscillating', 'QoS Violation: Avg High Prio SINR = 3.31 dB (Threshold: 5.0 dB)', 'Unfairness: Jain Index = 0.12']",0.11735282950043587,12.014348983764648,-19951.767578125,1.7392546,-36.81482219696045,46.648926,0.004150933562777937,404.60219979286194
High Load,115,Random,baseline,20,"['Ping-Pong: 12 UEs oscillating', 'Unfairness: Jain Index = 0.08']",0.08179497681792613,42.050724029541016,-26849.447265625,6.087466,-37.423599815368654,64.54614,0.0035709923366084697,544.5089340209961
High Load,116,Random,baseline,25,"['Ping-Pong: 15 UEs oscillating', 'Unfairness: Jain Index = 0.08']",0.07854466469661882,44.84283447265625,-8032.4912109375,6.491664,-28.425736808776854,54.38103,0.0618537934496999,163.0435287952423
High Load,117,Random,baseline,16,"['Ping-Pong: 9 UEs oscillating', 'QoS Violation: Avg High Prio SINR = -4.78 dB (Threshold: 5.0 dB)', 'Unfairness: Jain Index = 0.06']",0.0647793033730074,5.874857425689697,-20511.22265625,0.8504723,-37.37672863006592,39.932224,0.0036098052165471016,415.95926880836487
High Load,118,Random,baseline,21,"['Ping-Pong: 11 UEs oscillating', 'Unfairness: Jain Index = 0.09']",0.08918708924438437,15.378447532653809,-13145.65625,2.226258,-35.36979789733887,41.102077,0.006520525459200145,266.70292019844055
High Load,119,Random,baseline,17,"['Ping-Pong: 10 UEs oscillating', 'Unfairness: Jain Index = 0.07']",0.06763102443556564,3.7006590366363525,-18534.005859375,0.53572553,-37.478666114807126,39.453636,0.003527004295028746,375.8983314037323
High Load,120,Random,baseline,22,"['Ping-Pong: 11 UEs oscillating', 'Unfairness: Jain Index = 0.10']",0.10164534454586076,24.38655662536621,-11772.5087890625,3.5303156,-33.05924263000488,48.47051,0.01676630657166243,238.86829614639282
High Load,121,Random,baseline,22,"['Ping-Pong: 12 UEs oscillating', 'Unfairness: Jain Index = 0.10']",0.09516035806369602,29.691911697387695,-17244.6796875,4.298344,-37.37519073486328,51.815777,0.003611098974943161,349.78392720222473
High Load,122,Random,baseline,21,"['Ping-Pong: 16 UEs oscillating', 'QoS Violation: Avg High Prio SINR = -0.37 dB (Threshold: 5.0 dB)', 'Unfairness: Jain Index = 0.07']",0.07368842619906057,24.583234786987305,-23195.7265625,3.558788,-37.37519073486328,54.62365,0.003611098974943161,470.42301297187805
High Load,123,Random,baseline,21,"['Ping-Pong: 15 UEs oscillating', 'QoS Violation: Avg High Prio SINR = 0.44 dB (Threshold: 5.0 dB)', 'Unfairness: Jain Index = 0.10']",0.10211924105463328,33.076202392578125,-17491.83203125,4.7882705,-37.402780532836914,50.687187,0.0035891049541532994,354.73331809043884
High Load,124,Random,baseline,18,"['Ping-Pong: 10 UEs oscillating', 'QoS Violation: Avg High Prio SINR = -12.93 dB (Threshold: 5.0 dB)', 'Unfairness: Jain Index = 0.03']",0.0333768959825702,-48.85053634643555,-37203.3671875,-7.071839,-37.41612224578857,20.05753,0.003577931586187333,754.3307542800903
High Load,125,Random,baseline,17,"['Ping-Pong: 7 UEs oscillating', 'QoS Violation: Avg High Prio SINR = -5.09 dB (Threshold: 5.0 dB)', 'Unfairness: Jain Index = 0.06']",0.05527822640845224,4.31748104095459,-22150.607421875,0.62501997,-37.37523899078369,39.442554,0.003611098974943161,449.26050305366516
High Load,126,Random,baseline,21,"['Ping-Pong: 10 UEs oscillating', 'QoS Violation: Avg High Prio SINR = 0.41 dB (Threshold: 5.0 dB)', 'Unfairness: Jain Index = 0.07']",0.0710071613137588,20.268831253051758,-11262.7314453125,2.9342139,-31.25337867736816,42.96672,0.03917736485600473,228.54261100292206
High Load,127,Random,baseline,22,"['Ping-Pong: 11 UEs oscillating', 'Unfairness: Jain Index = 0.07']",0.0707155080312124,19.56669807434082,-13965.439453125,2.8325691,-36.16688690185547,44.201466,0.005001900205388666,283.3153307437897
High Load,128,Random,baseline,17,"['Ping-Pong: 12 UEs oscillating', 'QoS Violation: Avg High Prio SINR = -7.55 dB (Threshold: 5.0 dB)', 'Unfairness: Jain Index = 0.13']",0.13283835695670582,-51.02118682861328,-35932.3359375,-7.3860726,-37.78100166320801,16.769083,0.0032980048563331366,728.5699248313904
High Load,129,Random,baseline,17,"['Ping-Pong: 11 UEs oscillating', 'QoS Violation: Avg High Prio SINR = -5.05 dB (Threshold: 5.0 dB)', 'Unfairness: Jain Index = 0.03']",0.03333605625843403,-45.0875244140625,-30048.541015625,-6.5270886,-37.453621292114256,21.39482,0.0035482925013639033,609.1954708099365
High Load,130,Random,baseline,19,"['Ping-Pong: 10 UEs oscillating', 'QoS Violation: Avg High Prio SINR = 4.13 dB (Threshold: 5.0 dB)', 'Unfairness: Jain Index = 0.07']",0.07384373526547648,-1.2406600713729858,-28853.978515625,-0.17960434,-37.46896247863769,43.531445,0.0035347667173482476,585.0901007652283
High Load,131,Random,baseline,18,"['Ping-Pong: 12 UEs oscillating', 'QoS Violation: Avg High Prio SINR = -10.58 dB (Threshold: 5.0 dB)', 'Unfairness: Jain Index = 0.07']",0.06720097055288425,4.950486183166504,-28804.228515625,0.71665615,-37.4003360748291,47.60233,0.003590633941348642,584.1018557548523
High Load,132,Random,baseline,21,"['Ping-Pong: 12 UEs oscillating', 'QoS Violation: Avg High Prio SINR = -11.95 dB (Threshold: 5.0 dB)', 'Unfairness: Jain Index = 0.03']",0.034028298158996495,-17.708223342895508,-23686.630859375,-2.5635273,-37.37519073486328,31.25342,0.003611098974943161,480.36888241767883
High Load,133,Random,baseline,23,"['Ping-Pong: 12 UEs oscillating', 'Unfairness: Jain Index = 0.17']",0.17018453053020666,82.85244750976562,-777.9268188476562,11.994122,-14.939694356918332,73.32285,1.9071403473615653,15.981849282979965
High Load,134,Random,baseline,19,"['Ping-Pong: 14 UEs oscillating', 'QoS Violation: Avg High Prio SINR = -3.67 dB (Threshold: 5.0 dB)', 'Unfairness: Jain Index = 0.03']",0.033406434669314075,-18.278135299682617,-20258.779296875,-2.6460311,-37.37519073486328,25.897158,0.003611098974943161,410.91495752334595
High Load,135,Random,baseline,13,"['Ping-Pong: 9 UEs oscillating', 'QoS Violation: Avg High Prio SINR = -14.51 dB (Threshold: 5.0 dB)', 'Unfairness: Jain Index = 0.03']",0.033366190391513166,-66.59239959716797,-34841.58203125,-9.640237,-37.557827186584475,13.219655,0.0034647852764464913,706.525444984436
High Load,136,Random,baseline,16,"['Ping-Pong: 9 UEs oscillating', 'QoS Violation: Avg High Prio SINR = -5.28 dB (Threshold: 5.0 dB)', 'Unfairness: Jain Index = 0.07']",0.06672743279002305,-12.702767372131348,-15617.2958984375,-1.8389137,-36.2880334854126,32.94115,0.004820918152108789,316.80354475975037
High Load,137,Random,baseline,17,"['Ping-Pong: 8 UEs oscillating', 'QoS Violation: Avg High Prio SINR = -4.71 dB (Threshold: 5.0 dB)', 'Unfairness: Jain Index = 0.10']",0.10069116294831544,15.484478950500488,-20073.8046875,2.2416074,-37.37519073486328,50.911507,0.003611098974943161,407.13411569595337
High Load,138,Random,baseline,17,"['Ping-Pong: 7 UEs oscillating', 'QoS Violation: Avg High Prio SINR = 1.27 dB (Threshold: 5.0 dB)', 'Unfairness: Jain Index = 0.06']",0.0586843911343535,-3.0513968467712402,-17890.689453125,-0.4417353,-37.37519073486328,34.756462,0.003611098974943161,362.8978133201599
High Load,139,Random,baseline,18,"['Ping-Pong: 11 UEs oscillating', 'QoS Violation: Avg High Prio SINR = -4.69 dB (Threshold: 5.0 dB)', 'Unfairness: Jain Index = 0.07']",0.06688651312832698,-12.031960487365723,-29016.21875,-1.7418048,-37.37881202697754,36.90862,0.0036085114581510423,588.3873105049133
High Load,140,Random,baseline,19,"['Ping-Pong: 9 UEs oscillating', 'Unfairness: Jain Index = 0.11']",0.110001315704155,44.80855941772461,-11145.833984375,6.4867034,-29.212412452697748,55.86743,0.10726184099912647,226.15543007850647
High Load,141,Random,baseline,18,"['Ping-Pong: 11 UEs oscillating', 'QoS Violation: Avg High Prio SINR = 2.75 dB (Threshold: 5.0 dB)', 'Unfairness: Jain Index = 0.10']",0.09990284507755554,3.2888519763946533,-22149.046875,0.47610968,-37.37519073486328,42.70652,0.003611098974943161,449.19881224632263
High Load,142,Random,baseline,19,"['Ping-Pong: 11 UEs oscillating', 'QoS Violation: Avg High Prio SINR = -4.38 dB (Threshold: 5.0 dB)', 'Unfairness: Jain Index = 0.07']",0.06975255686669736,-0.027441680431365967,-17469.90234375,-0.0039719264,-37.37519073486328,39.81587,0.003611098974943161,354.3482720851898
High Load,143,Random,baseline,16,"['Ping-Pong: 9 UEs oscillating', 'QoS Violation: Avg High Prio SINR = 0.82 dB (Threshold: 5.0 dB)', 'Unfairness: Jain Index = 0.08']",0.07870926900250264,22.018573760986328,-16914.767578125,3.1875153,-37.37519073486328,50.439487,0.003611098974943161,343.1044816970825
High Load,144,Random,baseline,19,"['Ping-Pong: 10 UEs oscillating', 'Unfairness: Jain Index = 0.11']",0.10752503573106907,27.404237747192383,-16273.9033203125,3.9671698,-36.34629364013672,53.392086,0.004737305105663836,330.096036195755
High Load,145,Random,baseline,16,"['Ping-Pong: 10 UEs oscillating', 'QoS Violation: Avg High Prio SINR = -6.32 dB (Threshold: 5.0 dB)', 'Unfairness: Jain Index = 0.10']",0.09540980444887828,-5.058177947998047,-21845.490234375,-0.73224664,-37.37519073486328,37.623657,0.003611098974943161,443.0486261844635
High Load,146,Random,baseline,16,"['Ping-Pong: 10 UEs oscillating', 'QoS Violation: Avg High Prio SINR = -14.40 dB (Threshold: 5.0 dB)', 'Unfairness: Jain Index = 0.03']",0.03333675520803448,-43.33686065673828,-37246.328125,-6.2736535,-37.38212280273437,22.354889,0.0036059240694157777,755.0318837165833
High Load,147,Random,baseline,23,"['Ping-Pong: 11 UEs oscillating', 'QoS Violation: Avg High Prio SINR = -8.20 dB (Threshold: 5.0 dB)', 'Unfairness: Jain Index = 0.04']",0.04396411802769512,7.1244940757751465,-16653.34765625,1.0313765,-37.37519073486328,39.74132,0.003611098974943161,337.816059589386
High Load,148,Random,baseline,22,"['Ping-Pong: 13 UEs oscillating', 'Unfairness: Jain Index = 0.08']",0.07522769165599637,9.913439750671387,-19514.603515625,1.4351175,-37.37519073486328,42.796303,0.003611098974943161,395.80002427101135
High Load,149,Random,baseline,20,"['Ping-Pong: 14 UEs oscillating', 'Unfairness: Jain Index = 0.12']",0.12279145552985998,43.710262298583984,-14578.8916015625,6.3277082,-36.45794258117676,59.563732,0.004584894445724786,295.7383394241333
High Load,150,Random,baseline,22,"['Ping-Pong: 11 UEs oscillating', 'Unfairness: Jain Index = 0.17']",0.1702125799650899,72.03795623779297,-4527.8720703125,10.428561,-25.540705204010006,71.17747,0.1404226770624519,91.9882282614708
High Load,151,Random,baseline,20,"['Ping-Pong: 11 UEs oscillating', 'QoS Violation: Avg High Prio SINR = 2.12 dB (Threshold: 5.0 dB)', 'Unfairness: Jain Index = 0.10']",0.10006289310053833,11.437124252319336,-21572.9453125,1.6556934,-36.198015975952146,44.674335,0.00495427381247282,437.3515844345093
High Load,152,Random,baseline,18,"['Ping-Pong: 8 UEs oscillating', 'QoS Violation: Avg High Prio SINR = -9.88 dB (Threshold: 5.0 dB)', 'Unfairness: Jain Index = 0.03']",0.033393537865540945,-39.55335235595703,-21295.716796875,-5.7259355,-37.37519073486328,19.032988,0.003611098974943161,431.92926049232483
High Load,153,Random,baseline,20,"['Ping-Pong: 11 UEs oscillating', 'QoS Violation: Avg High Prio SINR = 2.81 dB (Threshold: 5.0 dB)', 'Unfairness: Jain Index = 0.12']",0.12356750370291714,27.638565063476562,-15999.2998046875,4.0010924,-35.722531127929685,49.846973,0.005771298566833139,324.5786726474762
High Load,154,Random,baseline,20,"['Ping-Pong: 10 UEs oscillating', 'QoS Violation: Avg High Prio SINR = 3.79 dB (Threshold: 5.0 dB)', 'Unfairness: Jain Index = 0.10']",0.09692233592406672,23.452171325683594,-19961.248046875,3.3950493,-37.38045482635498,47.18062,0.003607217827811837,404.7693610191345
High Load,155,Random,baseline,17,"['Ping-Pong: 10 UEs oscillating', 'Unfairness: Jain Index = 0.09']",0.08503652656749625,41.35674285888672,-13591.2265625,5.987002,-35.89040908813477,58.82238,0.005460160854272545,275.7177948951721
High Load,156,Random,baseline,24,"['Ping-Pong: 13 UEs oscillating', 'QoS Violation: Avg High Prio SINR = -8.84 dB (Threshold: 5.0 dB)', 'Unfairness: Jain Index = 0.10']",0.0957951092037724,12.113663673400879,-17108.27734375,1.7536324,-37.37519073486328,40.280254,0.003611098974943161,347.0243811607361
High Load,157,Random,baseline,22,"['Ping-Pong: 13 UEs oscillating', 'QoS Violation: Avg High Prio SINR = -8.67 dB (Threshold: 5.0 dB)', 'Unfairness: Jain Index = 0.06']",0.06345568122854249,27.132360458374023,-11375.8251953125,3.9278114,-32.29536838531494,45.48833,0.023827194981276997,230.8317869901657
High Load,158,Random,baseline,20,"['Ping-Pong: 16 UEs oscillating', 'Unfairness: Jain Index = 0.12']",0.11633968852397936,14.397933006286621,-22856.546875,2.0843139,-37.37687244415283,52.08476,0.0036098052165471016,463.51370215415955
High Load,159,Random,baseline,24,"['Ping-Pong: 17 UEs oscillating', 'Unfairness: Jain Index = 0.12']",0.12336597583322964,29.203256607055664,-12638.4716796875,4.2276044,-33.99159908294678,52.457214,0.011161570157855752,256.3806176185608
High Load,160,Random,baseline,22,"['Ping-Pong: 17 UEs oscillating', 'QoS Violation: Avg High Prio SINR = -6.15 dB (Threshold: 5.0 dB)', 'Unfairness: Jain Index = 0.06']",0.06077581079849863,-3.4924261569976807,-28109.349609375,-0.5055805,-37.377240371704104,37.282734,0.0036098052165471016,570.0165033340454
High Load,161,Random,baseline,20,"['Ping-Pong: 15 UEs oscillating', 'QoS Violation: Avg High Prio SINR = -4.39 dB (Threshold: 5.0 dB)', 'Unfairness: Jain Index = 0.03']",0.033386287710061316,-24.190216064453125,-18443.47265625,-3.501892,-37.37563552856445,23.216524,0.003611098974943161,374.04102087020874
High Load,162,Random,baseline,22,"['Ping-Pong: 11 UEs oscillating', 'Unfairness: Jain Index = 0.15']",0.1543948386992651,81.17796325683594,-5978.23583984375,11.751714,-21.899691390991208,75.19937,0.23006058931350715,121.38836085796356
High Load,163,Random,baseline,20,"['Ping-Pong: 10 UEs oscillating', 'QoS Violation: Avg High Prio SINR = -13.41 dB (Threshold: 5.0 dB)', 'Unfairness: Jain Index = 0.03']",0.03417289620214312,-23.6124324798584,-23859.9609375,-3.4182494,-37.375471878051755,27.875141,0.003611098974943161,483.85873436927795
High Load,164,Random,baseline,22,"['Ping-Pong: 12 UEs oscillating', 'Unfairness: Jain Index = 0.11']",0.10676327842540573,40.023372650146484,-11071.5830078125,5.7939763,-28.152259254455565,54.212524,0.1823197655379773,224.60748255252838
High Load,165,Random,baseline,23,"['Ping-Pong: 12 UEs oscillating', 'Unfairness: Jain Index = 0.12']",0.12237290904565101,26.5828857421875,-16430.107421875,3.8482666,-37.37519073486328,47.57594,0.003611098974943161,333.24119448661804
High Load,166,Random,baseline,21,"['Ping-Pong: 13 UEs oscillating', 'QoS Violation: Avg High Prio SINR = -6.25 dB (Threshold: 5.0 dB)', 'Unfairness: Jain Index = 0.05']",0.05280993713164033,-10.090513229370117,-22324.09375,-1.4607513,-37.375490760803224,33.21514,0.003611098974943161,452.72958278656006
High Load,167,Random,baseline,20,"['Ping-Pong: 13 UEs oscillating', 'QoS Violation: Avg High Prio SINR = 3.42 dB (Threshold: 5.0 dB)', 'Unfairness: Jain Index = 0.07']",0.06666877214176381,-6.395848751068115,-18275.197265625,-0.92589414,-37.0191255569458,31.76418,0.003936062008142472,370.68259716033936
High Load,168,Random,baseline,19,"['Ping-Pong: 9 UEs oscillating', 'QoS Violation: Avg High Prio SINR = 3.35 dB (Threshold: 5.0 dB)', 'Unfairness: Jain Index = 0.09']",0.09335720239526402,10.406695365905762,-21918.375,1.5065234,-37.375473976135254,43.629585,0.003611098974943161,444.4984197616577
High Load,169,Random,baseline,22,"['Ping-Pong: 8 UEs oscillating', 'Unfairness: Jain Index = 0.08']",0.08340615370220046,34.507198333740234,-11115.2783203125,4.995428,-30.45409240722656,48.12539,0.05791150182485583,225.54701566696167
High Load,170,Random,baseline,18,"['Ping-Pong: 10 UEs oscillating', 'QoS Violation: Avg High Prio SINR = -3.94 dB (Threshold: 5.0 dB)', 'Unfairness: Jain Index = 0.06']",0.058644073146049844,-11.969233512878418,-22953.27734375,-1.7327243,-37.37519073486328,32.90858,0.003611098974943161,465.51764011383057
High Load,171,Random,baseline,19,"['Ping-Pong: 12 UEs oscillating', 'QoS Violation: Avg High Prio SINR = -9.12 dB (Threshold: 5.0 dB)', 'Unfairness: Jain Index = 0.07']",0.06757862296221492,-6.8078718185424805,-27412.615234375,-0.98554075,-37.37519073486328,36.729546,0.003611098974943161,555.8949112892151
High Load,172,Random,baseline,23,"['Ping-Pong: 12 UEs oscillating', 'QoS Violation: Avg High Prio SINR = 2.61 dB (Threshold: 5.0 dB)', 'Unfairness: Jain Index = 0.12']",0.11944541111688549,41.465789794921875,-6695.59423828125,6.002789,-20.69810333251953,52.7751,1.195353598892689,135.95734536647797
High Load,173,Random,baseline,20,"['Ping-Pong: 10 UEs oscillating', 'QoS Violation: Avg High Prio SINR = -2.29 dB (Threshold: 5.0 dB)', 'Unfairness: Jain Index = 0.03']",0.03333659635520915,-20.397415161132812,-24398.21875,-2.9528282,-37.37519073486328,26.048227,0.003611098974943161,494.7800636291504
High Load,174,Random,baseline,22,"['Ping-Pong: 13 UEs oscillating', 'QoS Violation: Avg High Prio SINR = 2.57 dB (Threshold: 5.0 dB)', 'Unfairness: Jain Index = 0.06']",0.05698696881933646,13.992368698120117,-21735.154296875,2.0256026,-37.37519073486328,43.47951,0.003611098974943161,440.78347086906433
High Load,175,Random,baseline,20,"['Ping-Pong: 15 UEs oscillating', 'QoS Violation: Avg High Prio SINR = -4.44 dB (Threshold: 5.0 dB)', 'Unfairness: Jain Index = 0.07']",0.0737971892321922,13.78169059753418,-18616.84375,1.9951043,-37.37519073486328,46.048294,0.003611098974943161,377.60454416275024
High Load,176,Random,baseline,20,"['Ping-Pong: 15 UEs oscillating', 'QoS Violation: Avg High Prio SINR = -2.50 dB (Threshold: 5.0 dB)', 'Unfairness: Jain Index = 0.05']",0.05103690428369668,-12.037259101867676,-22791.6640625,-1.7425727,-37.37600269317627,30.83017,0.003611098974943161,462.2269570827484
High Load,177,Random,baseline,25,"['Ping-Pong: 15 UEs oscillating', 'QoS Violation: Avg High Prio SINR = -0.49 dB (Threshold: 5.0 dB)', 'Unfairness: Jain Index = 0.07']",0.07284880221025697,37.496368408203125,-11289.3896484375,5.428155,-31.90215826034546,50.95885,0.02868721019476653,229.0712296962738
High Load,178,Random,baseline,25,"['Ping-Pong: 15 UEs oscillating', 'QoS Violation: Avg High Prio SINR = 2.92 dB (Threshold: 5.0 dB)', 'Unfairness: Jain Index = 0.08']",0.08037446735998224,33.09584426879883,-10962.111328125,4.7911153,-23.795107269287104,45.869564,1.5518885724246507,222.44809567928314
High Load,179,Random,baseline,23,"['Ping-Pong: 19 UEs oscillating', 'QoS Violation: Avg High Prio SINR = -5.35 dB (Threshold: 5.0 dB)', 'Unfairness: Jain Index = 0.05']",0.045678601762051366,-12.823233604431152,-21903.873046875,-1.8563536,-37.37519073486328,27.22948,0.003611098974943161,444.23213601112366
High Load,180,Random,baseline,22,"['Ping-Pong: 17 UEs oscillating', 'QoS Violation: Avg High Prio SINR = -6.82 dB (Threshold: 5.0 dB)', 'Unfairness: Jain Index = 0.03']",0.03336110436446555,-19.295259475708008,-21975.62890625,-2.7932746,-37.383622360229495,24.62203,0.0036046300549060105,445.7051455974579
High Load,181,Random,baseline,24,"['Ping-Pong: 15 UEs oscillating', 'QoS Violation: Avg High Prio SINR = 0.49 dB (Threshold: 5.0 dB)', 'Unfairness: Jain Index = 0.06']",0.05614540598780817,11.53858757019043,-21895.9296875,1.6703813,-37.37519073486328,43.322247,0.003611098974943161,444.07832622528076
High Load,182,Random,baseline,23,"['Ping-Pong: 15 UEs oscillating', 'QoS Violation: Avg High Prio SINR = -2.51 dB (Threshold: 5.0 dB)', 'Unfairness: Jain Index = 0.09']",0.09168580809000466,22.522659301757812,-14212.1103515625,3.2604878,-36.36021881103515,44.275574,0.004718253877945245,288.3106768131256
High Load,183,Random,baseline,23,"['Ping-Pong: 18 UEs oscillating', 'QoS Violation: Avg High Prio SINR = -3.70 dB (Threshold: 5.0 dB)', 'Unfairness: Jain Index = 0.04']",0.03903102311113251,-7.229147434234619,-21934.228515625,-1.0465267,-37.37519073486328,30.76825,0.003611098974943161,444.8598325252533
High Load,184,Random,baseline,21,"['Ping-Pong: 17 UEs oscillating', 'QoS Violation: Avg High Prio SINR = -10.50 dB (Threshold: 5.0 dB)', 'Unfairness: Jain Index = 0.03']",0.0333432011085693,-40.16856002807617,-30002.7109375,-5.814995,-37.37519073486328,20.678467,0.003611098974943161,608.4299087524414
High Load,185,Random,baseline,21,"['Ping-Pong: 17 UEs oscillating', 'QoS Violation: Avg High Prio SINR = -12.56 dB (Threshold: 5.0 dB)', 'Unfairness: Jain Index = 0.03']",0.0333346538427003,-24.68935775756836,-22426.48828125,-3.5741508,-37.37519073486328,22.1891,0.003611098974943161,454.84215021133423
High Load,186,Random,baseline,19,"['Ping-Pong: 14 UEs oscillating', 'QoS Violation: Avg High Prio SINR = -8.96 dB (Threshold: 5.0 dB)', 'Unfairness: Jain Index = 0.07']",0.06579206759523845,-4.633584022521973,-21941.751953125,-0.67078006,-37.381499671936034,31.810478,0.0036059240694157777,444.980651140213
High Load,187,Random,baseline,21,"['Ping-Pong: 15 UEs oscillating', 'QoS Violation: Avg High Prio SINR = -5.35 dB (Threshold: 5.0 dB)', 'Unfairness: Jain Index = 0.03']",0.0336978960252243,-35.51362609863281,-26948.365234375,-5.141123,-37.37529983520508,21.515263,0.003611098974943161,546.4879274368286
High Load,188,Random,baseline,20,"['Ping-Pong: 14 UEs oscillating', 'QoS Violation: Avg High Prio SINR = 2.15 dB (Threshold: 5.0 dB)', 'Unfairness: Jain Index = 0.07']",0.06709801390131166,-7.271318435668945,-21907.033203125,-1.0526315,-37.37519073486328,33.232048,0.003611098974943161,444.33262944221497
High Load,189,Random,baseline,26,"['Ping-Pong: 15 UEs oscillating', 'Unfairness: Jain Index = 0.10']",0.10227067225118663,49.70020294189453,-10005.984375,7.1948414,-22.253975677490228,55.86682,2.54713440174237,203.0434012413025
High Load,190,Random,baseline,21,"['Ping-Pong: 12 UEs oscillating', 'QoS Violation: Avg High Prio SINR = -0.30 dB (Threshold: 5.0 dB)', 'Unfairness: Jain Index = 0.07']",0.06746205029583911,13.173255920410156,-16944.142578125,1.9070235,-37.37519073486328,42.01189,0.003611098974943161,343.6694145202637
High Load,191,Random,baseline,19,"['Ping-Pong: 13 UEs oscillating', 'QoS Violation: Avg High Prio SINR = -14.17 dB (Threshold: 5.0 dB)', 'Unfairness: Jain Index = 0.10']",0.0974493472459842,6.977557182312012,-21899.8203125,1.0101058,-37.375490760803224,41.48726,0.003611098974943161,444.1050589084625
High Load,192,Random,baseline,22,"['Ping-Pong: 11 UEs oscillating', 'QoS Violation: Avg High Prio SINR = 4.32 dB (Threshold: 5.0 dB)', 'Unfairness: Jain Index = 0.13']",0.12772497404942643,41.8868408203125,-10966.0888671875,6.063742,-24.937072563171384,51.63404,0.899127142876387,222.5220650434494
High Load,193,Random,baseline,25,"['Ping-Pong: 13 UEs oscillating', 'QoS Violation: Avg High Prio SINR = 1.81 dB (Threshold: 5.0 dB)', 'Unfairness: Jain Index = 0.10']",0.09786812339212125,18.758424758911133,-15857.9111328125,2.7155607,-37.155349540710446,43.776054,0.0038033968186937275,321.6685652732849
High Load,194,Random,baseline,20,"['Ping-Pong: 15 UEs oscillating', 'QoS Violation: Avg High Prio SINR = -10.35 dB (Threshold: 5.0 dB)', 'Unfairness: Jain Index = 0.05']",0.0458041613661308,3.4552671909332275,-17674.26953125,0.500201,-37.37520542144775,37.355812,0.003611098974943161,358.49565267562866
High Load,195,Random,baseline,20,"['Ping-Pong: 14 UEs oscillating', 'QoS Violation: Avg High Prio SINR = -2.65 dB (Threshold: 5.0 dB)', 'Unfairness: Jain Index = 0.09']",0.08644468573746603,13.4478759765625,-16440.37890625,1.9467795,-37.37519073486328,39.4354,0.003611098974943161,333.4788978099823
High Load,196,Random,baseline,22,"['Ping-Pong: 14 UEs oscillating', 'Unfairness: Jain Index = 0.14']",0.13929973098994602,54.97819900512695,-11038.16796875,7.95891,-23.70556440353393,60.5563,1.61831605359912,223.94636273384094
High Load,197,Random,baseline,22,"['Ping-Pong: 14 UEs oscillating', 'QoS Violation: Avg High Prio SINR = -0.42 dB (Threshold: 5.0 dB)', 'Unfairness: Jain Index = 0.10']",0.09585772605635821,17.73358154296875,-20866.3203125,2.5671985,-37.37519073486328,46.1096,0.003611098974943161,423.23046922683716
High Load,198,Random,baseline,21,"['Ping-Pong: 15 UEs oscillating', 'Unfairness: Jain Index = 0.07']",0.069251421988856,-9.217144012451172,-25672.75,-1.3343178,-37.376651000976565,35.24143,0.0036098052165471016,520.6560492515564
High Load,199,Random,baseline,20,"['Ping-Pong: 13 UEs oscillating', 'QoS Violation: Avg High Prio SINR = -6.81 dB (Threshold: 5.0 dB)', 'Unfairness: Jain Index = 0.03']",0.03333453130292112,-34.01137924194336,-22972.138671875,-4.923651,-37.37519073486328,20.588158,0.003611098974943161,465.9220278263092
High Load,0,Random,utility,26,['Unfairness: Jain Index = 0.15'],0.15400380653092394,39.9578971862793,-26.0950870513916,5.7844977,-3.2454326033592222,36.625957,7.653885698318481,0.7551477174274623
High Load,1,Random,utility,24,"['QoS Violation: Avg High Prio SINR = 3.94 dB (Threshold: 5.0 dB)', 'Unfairness: Jain Index = 0.08']",0.08220237735970778,40.25481033325195,-27.98917579650879,5.8274813,-5.017262101173401,37.021336,5.4054638862609865,0.79379539238289
High Load,2,Random,utility,18,['Unfairness: Jain Index = 0.10'],0.09545142039647764,66.38166809082031,-19.8099308013916,9.60973,-2.867538499832153,51.534176,8.221018314361572,0.6038041901774704
High Load,3,Random,utility,23,"['Ping-Pong: 16 UEs oscillating', 'QoS Violation: Avg High Prio SINR = 4.26 dB (Threshold: 5.0 dB)', 'Unfairness: Jain Index = 0.09']",0.09313419295405966,35.755802154541016,-35.31688690185547,5.1761823,-6.305465531349181,35.489292,4.199158644676209,0.9476068080402911
High Load,4,Random,utility,25,"['Ping-Pong: 15 UEs oscillating', 'Unfairness: Jain Index = 0.07']",0.07201158159561762,30.600961685180664,-45.32981491088867,4.4299436,-6.186469864845276,34.857746,4.259200382232666,1.1531468480825424
High Load,5,Random,utility,22,"['Ping-Pong: 17 UEs oscillating', 'QoS Violation: Avg High Prio SINR = 3.96 dB (Threshold: 5.0 dB)', 'Unfairness: Jain Index = 0.08']",0.08478724630126298,34.247962951660156,-40.186302185058594,4.9579005,-5.9593761444091795,35.639896,4.461469888687134,1.0448636021465063
High Load,6,Random,utility,23,"['Ping-Pong: 18 UEs oscillating', 'QoS Violation: Avg High Prio SINR = 3.75 dB (Threshold: 5.0 dB)', 'Unfairness: Jain Index = 0.05']",0.04607953711418136,60.01691436767578,-31.05190086364746,8.688338,-4.310494339466095,51.032104,6.236668586730957,0.8470924221910536
High Load,7,Random,utility,25,"['Ping-Pong: 18 UEs oscillating', 'QoS Violation: Avg High Prio SINR = 3.03 dB (Threshold: 5.0 dB)', 'Unfairness: Jain Index = 0.07']",0.06788333556571084,35.35798645019531,-29.471641540527344,5.1185923,-4.891913485527039,34.38184,5.543558979034424,0.8299655746668577
High Load,8,Random,utility,23,"['Ping-Pong: 17 UEs oscillating', 'Unfairness: Jain Index = 0.05']",0.050636910706242204,24.503150939941406,-33.30677032470703,3.5471945,-4.485853981971741,29.062536,6.010200452804566,0.920856196898967
High Load,9,Random,utility,25,"['Ping-Pong: 18 UEs oscillating', 'Unfairness: Jain Index = 0.08']",0.07660613886893951,51.246788024902344,-46.31855392456055,7.4187326,-6.01460530757904,47.311813,4.559442389011384,1.160000334493816
High Load,10,Random,utility,26,"['Ping-Pong: 20 UEs oscillating', 'QoS Violation: Avg High Prio SINR = 1.59 dB (Threshold: 5.0 dB)', 'Unfairness: Jain Index = 0.30']",0.2989677299014975,21.803314208984375,-40.7739372253418,3.1563532,-6.698688340187072,27.170269,3.9450996875762945,1.0669416515156627
High Load,11,Random,utility,28,"['Ping-Pong: 23 UEs oscillating', 'QoS Violation: Avg High Prio SINR = 3.98 dB (Threshold: 5.0 dB)', 'Unfairness: Jain Index = 0.09']",0.09319912344643479,34.15290069580078,-34.24300003051758,4.944139,-5.0316160917282104,34.027035,5.41551558971405,0.9237220510840416
High Load,12,Random,utility,27,"['Ping-Pong: 24 UEs oscillating', 'Unfairness: Jain Index = 0.05']",0.053990390679471416,60.617794036865234,-28.835519790649414,8.775326,-6.35251190662384,49.63646,4.144113290309906,0.7969571161083877
High Load,13,Random,utility,27,"['Ping-Pong: 25 UEs oscillating', 'QoS Violation: Avg High Prio SINR = -2.17 dB (Threshold: 5.0 dB)', 'Unfairness: Jain Index = 0.04']",0.036876870973575074,6.142856121063232,-62.19415283203125,0.8892694,-7.407549142837524,22.74935,3.306167483329773,1.5172096900641918
High Load,14,Random,utility,26,"['Ping-Pong: 25 UEs oscillating', 'Unfairness: Jain Index = 0.04']",0.04023996793002602,57.10028839111328,-25.984731674194336,8.266113,-4.652067303657532,47.505917,5.818149447441101,0.7440784247592092
High Load,15,Random,utility,25,"['Ping-Pong: 23 UEs oscillating', 'Unfairness: Jain Index = 0.04']",0.044401840017678586,53.229530334472656,-36.683528900146484,7.705765,-5.508879351615906,47.05145,4.9248332500457765,0.9598754695616663
High Load,16,Random,utility,23,"['Ping-Pong: 20 UEs oscillating', 'Unfairness: Jain Index = 0.05']",0.05402764989837925,50.14986801147461,-46.995601654052734,7.259938,-6.945987725257873,47.187866,3.6903003454208374,1.17868825327605
High Load,17,Random,utility,22,"['Ping-Pong: 18 UEs oscillating', 'Unfairness: Jain Index = 0.06']",0.0644742473258994,54.483665466308594,-32.36676788330078,7.887319,-6.127097177505493,46.64453,4.468443369865418,0.8718470926396549
High Load,18,Random,utility,25,"['Ping-Pong: 15 UEs oscillating', 'Unfairness: Jain Index = 0.06']",0.06388294389787379,64.46479034423828,-33.8967170715332,9.332233,-4.866808819770813,54.740467,5.570971179008484,0.905037799384445
High Load,19,Random,utility,27,"['Ping-Pong: 18 UEs oscillating', 'Unfairness: Jain Index = 0.05']",0.04612375596123812,36.157371520996094,-56.28556823730469,5.234315,-8.539832806587219,39.778965,2.650855314731598,1.3792958343401551
High Load,20,Random,utility,25,"['Ping-Pong: 19 UEs oscillating', 'Unfairness: Jain Index = 0.04']",0.03681793992610551,33.21411895751953,-45.96874237060547,4.808236,-6.72766842842102,35.77253,3.8842273950576787,1.171443029306829
High Load,21,Random,utility,22,"['Ping-Pong: 16 UEs oscillating', 'QoS Violation: Avg High Prio SINR = 1.36 dB (Threshold: 5.0 dB)', 'Unfairness: Jain Index = 0.07']",0.06823653259321005,24.61197280883789,-77.72103881835938,3.5629475,-5.650949144363404,32.166836,4.752244520187378,1.8139235908165574
High Load,22,Random,utility,26,"['Ping-Pong: 17 UEs oscillating', 'Unfairness: Jain Index = 0.05']",0.050255321782495185,39.25242614746094,-83.73397827148438,5.68237,-9.451773643493652,41.34801,2.129604363441467,1.9294266821816564
High Load,23,Random,utility,27,"['Ping-Pong: 19 UEs oscillating', 'QoS Violation: Avg High Prio SINR = 4.50 dB (Threshold: 5.0 dB)', 'Unfairness: Jain Index = 0.04']",0.04284986517982603,42.845699310302734,-5674.34765625,6.2025504,-8.071731328964233,45.58532,2.96218695640564,115.2263730764389
High Load,24,Random,utility,23,"['Ping-Pong: 19 UEs oscillating', 'QoS Violation: Avg High Prio SINR = 1.76 dB (Threshold: 5.0 dB)', 'Unfairness: Jain Index = 0.06']",0.05854517130159376,13.77603816986084,-134.0294952392578,1.9942861,-11.741956090927122,27.957645,1.6319762706756595,2.9657369013875723
High Load,25,Random,utility,23,"['Ping-Pong: 17 UEs oscillating', 'Unfairness: Jain Index = 0.06']",0.0550484133625692,40.62842559814453,-46.03022003173828,5.881567,-7.224622273445129,40.686954,3.5574320673942568,1.1630702065303922
High Load,26,Random,utility,26,"['Ping-Pong: 18 UEs oscillating', 'QoS Violation: Avg High Prio SINR = 2.96 dB (Threshold: 5.0 dB)', 'Unfairness: Jain Index = 0.07']",0.06676135197470903,18.567537307739258,-117.9238510131836,2.6879265,-9.930885791778564,31.787249,1.9506742954254153,2.637258730828762
High Load,27,Random,utility,25,"['Ping-Pong: 20 UEs oscillating', 'QoS Violation: Avg High Prio SINR = 4.50 dB (Threshold: 5.0 dB)', 'Unfairness: Jain Index = 0.03']",0.03387340687272777,17.672571182250977,-185.63221740722656,2.5583665,-14.114759016036986,31.530369,0.8871463894844057,4.008041694760323
High Load,28,Random,utility,24,"['Ping-Pong: 21 UEs oscillating', 'Unfairness: Jain Index = 0.03']",0.034326628273726616,30.540884017944336,-5581.14453125,4.421246,-7.86033456325531,38.541462,2.993520438671112,113.3342832326889
High Load,29,Random,utility,25,"['Ping-Pong: 20 UEs oscillating', 'Unfairness: Jain Index = 0.05']",0.050466079800596655,60.626197814941406,-42.83320617675781,8.776542,-5.989679455757141,53.50691,4.432168698310852,1.0895172599703074
High Load,30,Random,utility,27,"['Ping-Pong: 20 UEs oscillating', 'Unfairness: Jain Index = 0.10']",0.10024121308829397,62.24363708496094,-87.97359466552734,9.010691,-7.12313072681427,54.8875,3.501330864429474,2.0036695059388876
High Load,31,Random,utility,26,"['Ping-Pong: 20 UEs oscillating', 'QoS Violation: Avg High Prio SINR = 4.39 dB (Threshold: 5.0 dB)', 'Unfairness: Jain Index = 0.07']",0.06626484487142083,16.818695068359375,-185.064208984375,2.4347556,-12.562978982925413,31.542881,1.46267266869545,3.9959880523383617
High Load,32,Random,utility,26,"['Ping-Pong: 23 UEs oscillating', 'Unfairness: Jain Index = 0.08']",0.07999580297604164,61.79015350341797,-73.55936431884766,8.945041,-10.359663581848144,55.147346,1.9280859589576724,1.7043444095179439
High Load,33,Random,utility,26,"['Ping-Pong: 24 UEs oscillating', 'QoS Violation: Avg High Prio SINR = 3.85 dB (Threshold: 5.0 dB)', 'Unfairness: Jain Index = 0.06']",0.058478972033351284,24.90460968017578,-5764.0732421875,3.6053116,-16.386123752593992,38.724854,0.5288703203201295,117.09228157997131
High Load,34,Random,utility,25,"['Ping-Pong: 22 UEs oscillating', 'QoS Violation: Avg High Prio SINR = 3.86 dB (Threshold: 5.0 dB)', 'Unfairness: Jain Index = 0.07']",0.06518071916863794,42.765220642089844,-142.39352416992188,6.1908994,-11.411076021194457,45.384037,1.377165687084198,3.117424203082919
High Load,35,Random,utility,23,"['Ping-Pong: 20 UEs oscillating', 'QoS Violation: Avg High Prio SINR = 1.82 dB (Threshold: 5.0 dB)', 'Unfairness: Jain Index = 0.04']",0.0410748000857655,25.483924865722656,-5618.4765625,3.6891768,-11.449547243118285,37.8361,1.4870013296604159,114.11914974451065
High Load,36,Random,utility,27,"['Ping-Pong: 21 UEs oscillating', 'QoS Violation: Avg High Prio SINR = 1.70 dB (Threshold: 5.0 dB)', 'Unfairness: Jain Index = 0.03']",0.03335114753381794,6.626534461975098,-1225.8114013671875,0.9592894,-15.222209882736205,26.663164,0.5843764811754226,25.097161531448364
High Load,37,Random,utility,24,"['Ping-Pong: 19 UEs oscillating', 'Unfairness: Jain Index = 0.05']",0.04522558772012547,59.094482421875,-61.83141326904297,8.554804,-7.808969187736511,53.286915,3.037358343601227,1.4759182231500745
High Load,38,Random,utility,27,"['Ping-Pong: 22 UEs oscillating', 'QoS Violation: Avg High Prio SINR = -1.26 dB (Threshold: 5.0 dB)', 'Unfairness: Jain Index = 0.04']",0.035366374762559334,42.172000885009766,-2569.76171875,6.105022,-9.987622332572936,45.37622,2.5745597839355474,52.29920148849487
High Load,39,Random,utility,24,"['Ping-Pong: 19 UEs oscillating', 'QoS Violation: Avg High Prio SINR = 0.02 dB (Threshold: 5.0 dB)', 'Unfairness: Jain Index = 0.03']",0.03375712418375947,12.538922309875488,-180.24740600585938,1.8151945,-11.885768604278564,28.861538,1.6658636212348943,3.90510237775743
High Load,40,Random,utility,27,"['Ping-Pong: 22 UEs oscillating', 'QoS Violation: Avg High Prio SINR = 2.19 dB (Threshold: 5.0 dB)', 'Unfairness: Jain Index = 0.05']",0.04612887434327767,34.20847702026367,-105.36219024658203,4.9521847,-13.129930400848389,39.753548,0.9532194793224336,2.37201782874763
High Load,41,Random,utility,24,"['Ping-Pong: 20 UEs oscillating', 'QoS Violation: Avg High Prio SINR = 2.25 dB (Threshold: 5.0 dB)', 'Unfairness: Jain Index = 0.03']",0.0344311075281039,3.6906216144561768,-2385.71240234375,0.5342721,-17.96023359298706,28.163431,0.31337133049964905,48.600081354379654
High Load,42,Random,utility,26,"['Ping-Pong: 22 UEs oscillating', 'QoS Violation: Avg High Prio SINR = -1.59 dB (Threshold: 5.0 dB)', 'Unfairness: Jain Index = 0.05']",0.05249159273792477,30.207992553710938,-2178.78759765625,4.3730555,-10.650047588348388,38.085777,1.6889948785305025,44.392917305231094
High Load,43,Random,utility,26,"['Ping-Pong: 22 UEs oscillating', 'Unfairness: Jain Index = 0.04']",0.04358149761479476,11.986400604248047,-363.8232116699219,1.7352091,-14.6787193775177,30.739492,0.6639498710632324,7.62200215831399
High Load,44,Random,utility,26,"['Ping-Pong: 23 UEs oscillating', 'Unfairness: Jain Index = 0.06']",0.06400859083711517,33.828983306884766,-5555.57763671875,4.897247,-12.317863607406615,41.63763,1.349094617366791,112.85895854234695
High Load,45,Random,utility,26,"['Ping-Pong: 21 UEs oscillating', 'Unfairness: Jain Index = 0.06']",0.05973791803348304,42.487300872802734,-150.34312438964844,6.150666,-15.370005416870118,47.80455,0.5680608689785004,3.2814897131174803
High Load,46,Random,utility,23,"['Ping-Pong: 19 UEs oscillating', 'QoS Violation: Avg High Prio SINR = 4.06 dB (Threshold: 5.0 dB)', 'Unfairness: Jain Index = 0.06']",0.06333812604294697,42.49904251098633,-3910.79541015625,6.1523666,-9.89644205570221,47.743996,2.1236976325511936,79.47787642478943
High Load,47,Random,utility,26,"['Ping-Pong: 17 UEs oscillating', 'Unfairness: Jain Index = 0.04']",0.0395719651297646,21.338943481445312,-11950.2998046875,3.089127,-34.75357532501221,42.817947,0.007336150994524361,242.45597422122955
High Load,48,Random,utility,25,"['Ping-Pong: 18 UEs oscillating', 'QoS Violation: Avg High Prio SINR = 3.69 dB (Threshold: 5.0 dB)', 'Unfairness: Jain Index = 0.05']",0.049390215875839395,27.533573150634766,-5829.8203125,3.9858928,-20.912947177886963,43.65098,0.1700184535235167,118.41192841529846
High Load,49,Random,utility,23,"['Ping-Pong: 17 UEs oscillating', 'QoS Violation: Avg High Prio SINR = -0.45 dB (Threshold: 5.0 dB)', 'Unfairness: Jain Index = 0.03']",0.03353961725393119,-3.8314952850341797,-15824.0478515625,-0.5546659,-37.07565155029297,30.174076,0.003881020355038345,320.94070315361023
High Load,50,Random,utility,28,"['Ping-Pong: 18 UEs oscillating', 'Unfairness: Jain Index = 0.10']",0.10482420640363925,70.28695678710938,-93.5472412109375,10.175079,-9.005999422073364,59.978165,2.4791039228439335,2.1125960629433393
High Load,51,Random,utility,26,"['Ping-Pong: 18 UEs oscillating', 'QoS Violation: Avg High Prio SINR = -1.33 dB (Threshold: 5.0 dB)', 'Unfairness: Jain Index = 0.09']",0.09361692879443413,-8.054180145263672,-11712.86328125,-1.1659616,-33.288071346282955,23.410076,0.015165208093822007,237.6137375831604
High Load,52,Random,utility,27,"['Ping-Pong: 23 UEs oscillating', 'QoS Violation: Avg High Prio SINR = 3.17 dB (Threshold: 5.0 dB)', 'Unfairness: Jain Index = 0.07']",0.0650167947989126,28.839126586914062,-5630.36474609375,4.1748905,-14.766552066802976,42.969116,0.8552094817161562,114.33597654104233
High Load,53,Random,utility,26,"['Ping-Pong: 22 UEs oscillating', 'QoS Violation: Avg High Prio SINR = 3.20 dB (Threshold: 5.0 dB)', 'Unfairness: Jain Index = 0.04']",0.04321548547494079,8.717267990112305,-11120.5634765625,1.2619532,-29.89264936447143,32.714817,0.07649046764709058,225.65990686416626
High Load,54,Random,utility,26,"['Ping-Pong: 22 UEs oscillating', 'QoS Violation: Avg High Prio SINR = -3.98 dB (Threshold: 5.0 dB)', 'Unfairness: Jain Index = 0.06']",0.05933158320569529,28.236204147338867,-15391.7392578125,4.087609,-36.94838962554932,45.30406,0.004009567736648023,312.2433125972748
High Load,55,Random,utility,26,"['Ping-Pong: 21 UEs oscillating', 'Unfairness: Jain Index = 0.05']",0.04645229116998117,34.074493408203125,-13622.439453125,4.932788,-35.945065307617185,49.042793,0.005367381242103875,276.32108330726624
High Load,56,Random,utility,24,"['Ping-Pong: 22 UEs oscillating', 'Unfairness: Jain Index = 0.04']",0.040228517641967186,23.309486389160156,-22113.41796875,3.3743935,-37.417951583862305,46.18614,0.003575814631767571,448.4585225582123
High Load,57,Random,utility,26,"['Ping-Pong: 22 UEs oscillating', 'QoS Violation: Avg High Prio SINR = -0.77 dB (Threshold: 5.0 dB)', 'Unfairness: Jain Index = 0.03']",0.033339755328176464,-5.494715690612793,-22142.078125,-0.7954416,-37.403663063049315,30.314169,0.003588399267755449,449.0100145339966
High Load,58,Random,utility,27,"['Ping-Pong: 21 UEs oscillating', 'QoS Violation: Avg High Prio SINR = -6.99 dB (Threshold: 5.0 dB)', 'Unfairness: Jain Index = 0.03']",0.033344920752941605,-0.5602627992630005,-16924.7578125,-0.08110603,-37.383470153808595,30.662779,0.0036051007686182857,343.21001172065735
High Load,59,Random,utility,26,"['Ping-Pong: 23 UEs oscillating', 'Unfairness: Jain Index = 0.05']",0.04633920352822997,15.083074569702148,-16668.283203125,2.1834986,-37.38303966522217,41.410156,0.0036046300549060105,338.06535601615906
High Load,60,Random,utility,28,"['Ping-Pong: 25 UEs oscillating', 'QoS Violation: Avg High Prio SINR = -6.94 dB (Threshold: 5.0 dB)', 'Unfairness: Jain Index = 0.03']",0.033463245789774027,-30.55504608154297,-18345.279296875,-4.423296,-37.412674522399904,19.761894,0.0035813422757200895,372.0465302467346
High Load,61,Random,utility,27,"['Ping-Pong: 24 UEs oscillating', 'QoS Violation: Avg High Prio SINR = 2.03 dB (Threshold: 5.0 dB)', 'Unfairness: Jain Index = 0.04']",0.03559411565016978,6.751564979553223,-16509.091796875,0.9773891,-37.38883934020996,34.316746,0.003600748907774687,334.8153531551361
High Load,62,Random,utility,26,"['Ping-Pong: 23 UEs oscillating', 'Unfairness: Jain Index = 0.10']",0.0952570639435307,50.60430145263672,-16940.67578125,7.3257217,-37.397586250305174,62.394897,0.0035932213300839066,343.5785174369812
High Load,63,Random,utility,24,"['Ping-Pong: 20 UEs oscillating', 'Unfairness: Jain Index = 0.08']",0.08323873079820363,59.8953857421875,-10998.85546875,8.670745,-22.04524955749511,59.807705,3.407401294866578,223.11027348041534
High Load,64,Random,utility,26,"['Ping-Pong: 19 UEs oscillating', 'QoS Violation: Avg High Prio SINR = 1.16 dB (Threshold: 5.0 dB)', 'Unfairness: Jain Index = 0.07']",0.0743603366613677,47.45458221435547,-11108.84375,6.8697543,-28.373490238189696,54.48229,0.16364925485104329,225.3076285123825
High Load,65,Random,utility,25,"['Ping-Pong: 19 UEs oscillating', 'QoS Violation: Avg High Prio SINR = -6.85 dB (Threshold: 5.0 dB)', 'Unfairness: Jain Index = 0.03']",0.03451171896940856,-7.841010093688965,-19236.900390625,-1.1351027,-37.38837928771973,30.242516,0.003600748907774687,390.1653587818146
High Load,66,Random,utility,24,"['Ping-Pong: 18 UEs oscillating', 'Unfairness: Jain Index = 0.11']",0.10872421597434521,11.657378196716309,-18314.00390625,1.6875783,-37.376852416992186,42.362556,0.0036098052165471016,371.4420199394226
High Load,67,Random,utility,26,"['Ping-Pong: 20 UEs oscillating', 'QoS Violation: Avg High Prio SINR = -10.70 dB (Threshold: 5.0 dB)', 'Unfairness: Jain Index = 0.03']",0.03334602693175346,-13.92751693725586,-18594.2109375,-2.016214,-37.37877426147461,26.116407,0.0036085114581510423,377.15089321136475
High Load,68,Random,utility,24,"['Ping-Pong: 21 UEs oscillating', 'QoS Violation: Avg High Prio SINR = 1.59 dB (Threshold: 5.0 dB)', 'Unfairness: Jain Index = 0.04']",0.04082319942796182,17.836585998535156,-16560.5390625,2.5821106,-37.38193893432617,43.361683,0.0036059240694157777,335.88406443595886
High Load,69,Random,utility,27,"['Ping-Pong: 24 UEs oscillating', 'QoS Violation: Avg High Prio SINR = 0.93 dB (Threshold: 5.0 dB)', 'Unfairness: Jain Index = 0.06']",0.06444110815963408,-7.011343002319336,-22735.4140625,-1.0149955,-37.41776752471924,34.6364,0.0035761672421358525,461.114376783371
High Load,70,Random,utility,28,"['Ping-Pong: 23 UEs oscillating', 'Unfairness: Jain Index = 0.10']",0.10360144637150875,75.7122573852539,-5510.4755859375,10.960471,-11.544944095611571,66.192986,1.401470696926117,111.90800368785858
High Load,71,Random,utility,29,"['Ping-Pong: 25 UEs oscillating', 'Unfairness: Jain Index = 0.11']",0.10634689169736537,18.048620223999023,-19375.794921875,2.6128054,-37.38005199432373,45.18273,0.003607217827811837,392.9676413536072
High Load,72,Random,utility,27,"['Ping-Pong: 24 UEs oscillating', 'Unfairness: Jain Index = 0.08']",0.08475318905626324,13.464825630187988,-11041.751953125,1.9492337,-27.722436332702635,38.698338,0.2261255361139775,224.07083213329315
High Load,73,Random,utility,25,"['Ping-Pong: 22 UEs oscillating', 'QoS Violation: Avg High Prio SINR = -5.92 dB (Threshold: 5.0 dB)', 'Unfairness: Jain Index = 0.04']",0.040125841726517536,-19.797388076782227,-16971.791015625,-2.8659656,-37.38275852203369,25.86722,0.0036046300549060105,344.28533911705017
High Load,74,Random,utility,24,"['Ping-Pong: 19 UEs oscillating', 'QoS Violation: Avg High Prio SINR = -4.20 dB (Threshold: 5.0 dB)', 'Unfairness: Jain Index = 0.06']",0.061933664442704206,-12.73256778717041,-27571.046875,-1.8432286,-37.38845939636231,32.108807,0.003600748907774687,559.081494808197
High Load,75,Random,utility,26,"['Ping-Pong: 19 UEs oscillating', 'QoS Violation: Avg High Prio SINR = 3.46 dB (Threshold: 5.0 dB)', 'Unfairness: Jain Index = 0.06']",0.05602517692346526,-14.678059577941895,-21968.037109375,-2.1248672,-37.37596588134765,30.702246,0.003611098974943161,445.5222189426422
High Load,76,Random,utility,25,"['Ping-Pong: 19 UEs oscillating', 'Unfairness: Jain Index = 0.09']",0.08961689808507238,25.281761169433594,-20447.4609375,3.6599097,-37.37642879486084,48.60201,0.0036098052165471016,414.68486189842224
High Load,77,Random,utility,28,"['Ping-Pong: 22 UEs oscillating', 'QoS Violation: Avg High Prio SINR = -0.52 dB (Threshold: 5.0 dB)', 'Unfairness: Jain Index = 0.03']",0.03435050799108804,11.466729164123535,-16525.7890625,1.6599787,-37.37519073486328,39.972256,0.003611098974943161,335.1993262767792
High Load,78,Random,utility,26,"['Ping-Pong: 24 UEs oscillating', 'QoS Violation: Avg High Prio SINR = 4.70 dB (Threshold: 5.0 dB)', 'Unfairness: Jain Index = 0.04']",0.03655430324885208,25.44692039489746,-11033.5185546875,3.683819,-27.86836996078491,42.959328,0.2101863883435727,223.87872636318207
High Load,79,Random,utility,23,"['Ping-Pong: 21 UEs oscillating', 'QoS Violation: Avg High Prio SINR = 2.96 dB (Threshold: 5.0 dB)', 'Unfairness: Jain Index = 0.06']",0.056958281051439436,25.612876892089844,-21900.033203125,3.7078438,-37.37519073486328,51.061924,0.003611098974943161,444.1618025302887
High Load,80,Random,utility,21,"['Ping-Pong: 17 UEs oscillating', 'Unfairness: Jain Index = 0.10']",0.10350160696010746,52.34459686279297,-5602.47705078125,7.577655,-15.751555156707763,58.492725,0.5244569748640061,113.79117518663406
High Load,81,Random,utility,25,"['Ping-Pong: 16 UEs oscillating', 'Unfairness: Jain Index = 0.08']",0.08279553650485633,45.84684371948242,-11008.314453125,6.63701,-27.380596733093256,56.152508,0.2683324687182904,223.3460396528244
High Load,82,Random,utility,24,"['Ping-Pong: 16 UEs oscillating', 'Unfairness: Jain Index = 0.04']",0.04076905119356266,-4.48619270324707,-21990.12109375,-0.6494433,-37.37519073486328,35.910667,0.003611098974943161,445.9650218486786
High Load,83,Random,utility,24,"['Ping-Pong: 18 UEs oscillating', 'Unfairness: Jain Index = 0.09']",0.08873597316416841,54.27936553955078,-11090.5966796875,7.8577437,-29.444969463348386,61.907066,0.09552144333720211,225.01559555530548
High Load,84,Random,utility,27,"['Ping-Pong: 20 UEs oscillating', 'QoS Violation: Avg High Prio SINR = 4.73 dB (Threshold: 5.0 dB)', 'Unfairness: Jain Index = 0.03']",0.03412895389860874,0.838579535484314,-11855.1376953125,0.12139645,-33.59363393783569,32.773636,0.013233228772878651,240.5489981174469
High Load,85,Random,utility,26,"['Ping-Pong: 21 UEs oscillating', 'Unfairness: Jain Index = 0.08']",0.07623959062492101,33.06276321411133,-5587.9833984375,4.7863245,-15.237852573394775,44.29742,0.6148530110716821,113.52111399173737
High Load,86,Random,utility,27,"['Ping-Pong: 24 UEs oscillating', 'Unfairness: Jain Index = 0.07']",0.07449050431574022,28.099987030029297,-19346.62109375,4.0678897,-37.37519073486328,50.3505,0.003611098974943161,392.39129424095154
High Load,87,Random,utility,24,"['Ping-Pong: 22 UEs oscillating', 'Unfairness: Jain Index = 0.09']",0.09006517230108348,43.96970748901367,-2695.819091796875,6.3652673,-23.883165931701658,53.988503,0.17626915313303476,54.869044572114944
High Load,88,Random,utility,25,"['Ping-Pong: 22 UEs oscillating', 'QoS Violation: Avg High Prio SINR = 2.20 dB (Threshold: 5.0 dB)', 'Unfairness: Jain Index = 0.05']",0.048547243162143254,19.398128509521484,-16529.408203125,2.8081665,-37.37519073486328,45.909466,0.003611098974943161,335.2445065975189
High Load,89,Random,utility,25,"['Ping-Pong: 21 UEs oscillating', 'Unfairness: Jain Index = 0.10']",0.10068582052010373,41.38412857055664,-11002.72265625,5.9909663,-26.448121833801267,52.3964,0.4273392371833326,223.2109159231186
High Load,90,Random,utility,25,"['Ping-Pong: 21 UEs oscillating', 'QoS Violation: Avg High Prio SINR = -4.83 dB (Threshold: 5.0 dB)', 'Unfairness: Jain Index = 0.05']",0.052454968292927374,-10.015694618225098,-18751.10546875,-1.4499199,-37.37588729858398,31.421469,0.003611098974943161,380.25009632110596
High Load,91,Random,utility,26,"['Ping-Pong: 22 UEs oscillating', 'QoS Violation: Avg High Prio SINR = 2.10 dB (Threshold: 5.0 dB)', 'Unfairness: Jain Index = 0.13']",0.13067724849043014,44.43406677246094,-12656.4033203125,6.4324894,-35.0390682220459,58.713566,0.0073564518243074434,256.75371289253235
High Load,92,Random,utility,27,"['Ping-Pong: 24 UEs oscillating', 'Unfairness: Jain Index = 0.04']",0.044971554551009235,-9.744054794311523,-16652.9921875,-1.4105961,-37.37521800994873,31.026134,0.003611098974943161,337.79507875442505
High Load,93,Random,utility,26,"['Ping-Pong: 25 UEs oscillating', 'Unfairness: Jain Index = 0.04']",0.040761798760149355,-6.3799357414245605,-27485.04296875,-0.9235908,-37.38153209686279,34.930008,0.003607217827811837,557.2555065155029
High Load,94,Random,utility,26,"['Ping-Pong: 23 UEs oscillating', 'QoS Violation: Avg High Prio SINR = 1.62 dB (Threshold: 5.0 dB)', 'Unfairness: Jain Index = 0.10']",0.10102062874405268,28.95533561706543,-16570.1328125,4.191715,-37.3822696685791,50.75834,0.0036059240694157777,336.0956311225891
High Load,95,Random,utility,25,"['Ping-Pong: 21 UEs oscillating', 'Unfairness: Jain Index = 0.15']",0.1450681094092697,61.0062255859375,-10993.322265625,8.831557,-24.007335090637202,63.478065,1.404333602637053,223.08120131492615
High Load,96,Random,utility,24,"['Ping-Pong: 21 UEs oscillating', 'QoS Violation: Avg High Prio SINR = -8.91 dB (Threshold: 5.0 dB)', 'Unfairness: Jain Index = 0.07']",0.06667013369760005,-7.436660289764404,-21916.796875,-1.0765666,-37.37519073486328,32.632553,0.003611098974943161,444.4650411605835
High Load,97,Random,utility,27,"['Ping-Pong: 22 UEs oscillating', 'QoS Violation: Avg High Prio SINR = 2.17 dB (Threshold: 5.0 dB)', 'Unfairness: Jain Index = 0.04']",0.03709832805223819,-22.14652442932129,-21976.765625,-3.2060373,-37.37815265655517,26.342476,0.0036085114581510423,445.7198679447174
High Load,98,Random,utility,27,"['Ping-Pong: 21 UEs oscillating', 'QoS Violation: Avg High Prio SINR = -8.26 dB (Threshold: 5.0 dB)', 'Unfairness: Jain Index = 0.08']",0.0804227801206009,11.801140785217285,-21928.765625,1.7083898,-37.37519073486328,44.163708,0.003611098974943161,444.74130868911743
High Load,99,Random,utility,27,"['Ping-Pong: 22 UEs oscillating', 'Unfairness: Jain Index = 0.04']",0.04081753646326442,3.7091665267944336,-24404.05859375,0.5369567,-37.384293937683104,39.4802,0.0036038070102222264,494.8607087135315
High Load,100,Random,utility,24,"['Ping-Pong: 20 UEs oscillating', 'QoS Violation: Avg High Prio SINR = -2.67 dB (Threshold: 5.0 dB)', 'Unfairness: Jain Index = 0.08']",0.07539253921873887,11.835892677307129,-21997.642578125,1.7134204,-37.376885986328126,43.11751,0.0036098052165471016,446.1507797241211
High Load,101,Random,utility,27,"['Ping-Pong: 22 UEs oscillating', 'Unfairness: Jain Index = 0.08']",0.08181886755670024,27.051572799682617,-16509.447265625,3.916116,-37.37519073486328,50.381252,0.003611098974943161,334.8969519138336
High Load,102,Random,utility,28,"['Ping-Pong: 22 UEs oscillating', 'Unfairness: Jain Index = 0.09']",0.08950325951096037,21.101346969604492,-22075.5390625,3.054733,-37.38161735534668,47.461617,0.0036061592982150614,447.6667046546936
High Load,103,Random,utility,28,"['Ping-Pong: 24 UEs oscillating', 'Unfairness: Jain Index = 0.07']",0.06938523193740082,16.896568298339844,-21964.0859375,2.4460287,-37.37519073486328,45.44341,0.003611098974943161,445.46279311180115
High Load,104,Random,utility,27,"['Ping-Pong: 24 UEs oscillating', 'QoS Violation: Avg High Prio SINR = -10.15 dB (Threshold: 5.0 dB)', 'Unfairness: Jain Index = 0.03']",0.03337934307601852,-31.283233642578125,-33006.3984375,-4.5287113,-37.37941226959229,26.799845,0.0036085114581510423,669.2162752151489
High Load,105,Random,utility,27,"['Ping-Pong: 22 UEs oscillating', 'QoS Violation: Avg High Prio SINR = -2.66 dB (Threshold: 5.0 dB)', 'Unfairness: Jain Index = 0.03']",0.03333468107379292,-34.14695358276367,-27452.041015625,-4.943278,-37.38830165863037,21.62654,0.003600748907774687,556.6999316215515
High Load,106,Random,utility,27,"['Ping-Pong: 22 UEs oscillating', 'QoS Violation: Avg High Prio SINR = 2.39 dB (Threshold: 5.0 dB)', 'Unfairness: Jain Index = 0.06']",0.06287451851502764,-10.933273315429688,-24208.88671875,-1.5827533,-37.37519073486328,33.655468,0.003611098974943161,490.93762040138245
High Load,107,Random,utility,28,"['Ping-Pong: 22 UEs oscillating', 'Unfairness: Jain Index = 0.13']",0.13429541517959834,61.68695068359375,-11022.396484375,8.930101,-28.89372396469116,63.86158,0.12577893361449247,223.64801168441772
High Load,108,Random,utility,26,"['Ping-Pong: 22 UEs oscillating', 'QoS Violation: Avg High Prio SINR = 0.73 dB (Threshold: 5.0 dB)', 'Unfairness: Jain Index = 0.04']",0.03708790420839819,-2.0986874103546143,-16459.52734375,-0.30381653,-37.37519073486328,30.003746,0.003611098974943161,333.8533043861389
High Load,109,Random,utility,28,"['Ping-Pong: 24 UEs oscillating', 'QoS Violation: Avg High Prio SINR = 1.80 dB (Threshold: 5.0 dB)', 'Unfairness: Jain Index = 0.07']",0.07220373075180361,20.26789093017578,-22039.888671875,2.934078,-37.40287075042725,47.031467,0.0035891049541532994,446.9076097011566
High Load,110,Random,utility,30,"['Ping-Pong: 25 UEs oscillating', 'QoS Violation: Avg High Prio SINR = -5.69 dB (Threshold: 5.0 dB)', 'Unfairness: Jain Index = 0.05']",0.054134905817391756,-2.1399617195129395,-26958.818359375,-0.30979124,-37.37519073486328,41.676872,0.003611098974943161,546.7194318771362
High Load,111,Random,utility,28,"['Ping-Pong: 26 UEs oscillating', 'QoS Violation: Avg High Prio SINR = -0.93 dB (Threshold: 5.0 dB)', 'Unfairness: Jain Index = 0.13']",0.12623890409648877,40.2452507019043,-16483.537109375,5.826096,-37.37519073486328,56.442753,0.003611098974943161,334.31628346443176
High Load,112,Random,utility,27,"['Ping-Pong: 25 UEs oscillating', 'QoS Violation: Avg High Prio SINR = -6.15 dB (Threshold: 5.0 dB)', 'Unfairness: Jain Index = 0.05']",0.04629872973021919,-14.550395965576172,-27620.701171875,-2.106386,-37.37561874389648,34.740845,0.003611098974943161,560.1015090942383
High Load,113,Random,utility,26,"['Ping-Pong: 22 UEs oscillating', 'QoS Violation: Avg High Prio SINR = -11.91 dB (Threshold: 5.0 dB)', 'Unfairness: Jain Index = 0.08']",0.08398646494112812,17.09563446044922,-16885.138671875,2.4748468,-37.37519073486328,46.438015,0.003611098974943161,342.5027132034302
High Load,114,Random,utility,30,"['Ping-Pong: 24 UEs oscillating', 'QoS Violation: Avg High Prio SINR = -1.52 dB (Threshold: 5.0 dB)', 'Unfairness: Jain Index = 0.08']",0.07509905367402968,-12.945768356323242,-22995.115234375,-1.8740927,-37.37519073486328,34.451363,0.003611098974943161,466.3606584072113
High Load,115,Random,utility,26,"['Ping-Pong: 22 UEs oscillating', 'QoS Violation: Avg High Prio SINR = -3.32 dB (Threshold: 5.0 dB)', 'Unfairness: Jain Index = 0.07']",0.06666800059962806,-8.572772979736328,-16565.322265625,-1.2410362,-37.37519073486328,30.5519,0.003611098974943161,336.04249358177185
High Load,116,Random,utility,27,"['Ping-Pong: 24 UEs oscillating', 'Unfairness: Jain Index = 0.17']",0.1748882794260008,59.787662506103516,-12937.451171875,8.65515,-35.387969970703125,67.44396,0.006478197686374188,262.4649107456207
High Load,117,Random,utility,26,"['Ping-Pong: 23 UEs oscillating', 'QoS Violation: Avg High Prio SINR = -5.50 dB (Threshold: 5.0 dB)', 'Unfairness: Jain Index = 0.13']",0.12585801589089338,28.647363662719727,-22178.052734375,4.147131,-37.428731727600095,54.633705,0.0035671110614202916,449.7392475605011
High Load,118,Random,utility,27,"['Ping-Pong: 22 UEs oscillating', 'QoS Violation: Avg High Prio SINR = -2.53 dB (Threshold: 5.0 dB)', 'Unfairness: Jain Index = 0.06']",0.060621708144474325,-12.985272407531738,-17924.828125,-1.8798109,-37.37519073486328,30.086576,0.003611098974943161,363.5950982570648
High Load,119,Random,utility,28,"['Ping-Pong: 22 UEs oscillating', 'QoS Violation: Avg High Prio SINR = 0.62 dB (Threshold: 5.0 dB)', 'Unfairness: Jain Index = 0.10']",0.09895510386250425,8.393424034118652,-26077.3125,1.2150729,-37.37519073486328,48.22616,0.003611098974943161,528.7930965423584
High Load,120,Random,utility,27,"['Ping-Pong: 23 UEs oscillating', 'QoS Violation: Avg High Prio SINR = -5.01 dB (Threshold: 5.0 dB)', 'Unfairness: Jain Index = 0.13']",0.13298844078802685,21.039857864379883,-21920.0859375,3.045831,-37.37519073486328,49.107487,0.003611098974943161,444.57921385765076
High Load,121,Random,utility,27,"['Ping-Pong: 25 UEs oscillating', 'QoS Violation: Avg High Prio SINR = 1.92 dB (Threshold: 5.0 dB)', 'Unfairness: Jain Index = 0.19']",0.19205589152756133,70.87908935546875,-11190.1689453125,10.260799,-30.83398332595825,74.72942,0.04805752187967302,227.04344987869263
High Load,122,Random,utility,25,"['Ping-Pong: 23 UEs oscillating', 'QoS Violation: Avg High Prio SINR = -0.37 dB (Threshold: 5.0 dB)', 'Unfairness: Jain Index = 0.03']",0.03384160890603312,-8.724235534667969,-27490.955078125,-1.2629623,-37.38820304870605,35.10276,0.003600748907774687,557.4528574943542
High Load,123,Random,utility,24,"['Ping-Pong: 20 UEs oscillating', 'QoS Violation: Avg High Prio SINR = -1.00 dB (Threshold: 5.0 dB)', 'Unfairness: Jain Index = 0.08']",0.0777323942803254,36.901241302490234,-27456.478515625,5.3420014,-37.39594707489014,61.882313,0.0035942798596806822,556.763768196106
High Load,124,Random,utility,30,"['Ping-Pong: 21 UEs oscillating', 'QoS Violation: Avg High Prio SINR = 1.22 dB (Threshold: 5.0 dB)', 'Unfairness: Jain Index = 0.04']",0.039029698897221826,-4.800399303436279,-11273.9482421875,-0.6949289,-31.043297767639157,28.957438,0.04338830560445787,228.7864238023758
High Load,125,Random,utility,28,"['Ping-Pong: 22 UEs oscillating', 'QoS Violation: Avg High Prio SINR = -5.23 dB (Threshold: 5.0 dB)', 'Unfairness: Jain Index = 0.10']",0.0989081791038552,4.989358901977539,-17033.841796875,0.7222833,-37.37519073486328,39.368053,0.003611098974943161,345.53056955337524
High Load,126,Random,utility,26,"['Ping-Pong: 25 UEs oscillating', 'QoS Violation: Avg High Prio SINR = 1.34 dB (Threshold: 5.0 dB)', 'Unfairness: Jain Index = 0.05']",0.05222992158243703,-19.722875595092773,-25463.77734375,-2.8551788,-37.37544250488281,32.210285,0.003611098974943161,516.4029002189636
High Load,127,Random,utility,27,"['Ping-Pong: 24 UEs oscillating', 'QoS Violation: Avg High Prio SINR = 2.32 dB (Threshold: 5.0 dB)', 'Unfairness: Jain Index = 0.09']",0.09460642516154573,-5.778176307678223,-21430.3671875,-0.8364769,-37.37519073486328,37.260704,0.003611098974943161,434.6061944961548
High Load,128,Random,utility,27,"['Ping-Pong: 24 UEs oscillating', 'QoS Violation: Avg High Prio SINR = -0.10 dB (Threshold: 5.0 dB)', 'Unfairness: Jain Index = 0.13']",0.12763484240064055,30.958864212036133,-13750.7138671875,4.4817553,-36.014643859863284,52.329876,0.005246379575692118,278.9570689201355
High Load,129,Random,utility,25,"['Ping-Pong: 24 UEs oscillating', 'QoS Violation: Avg High Prio SINR = -6.34 dB (Threshold: 5.0 dB)', 'Unfairness: Jain Index = 0.05']",0.046990028629971745,-18.707178115844727,-23461.828125,-2.7081413,-37.37519073486328,32.30742,0.003611098974943161,475.80403089523315
High Load,130,Random,utility,28,"['Ping-Pong: 23 UEs oscillating', 'QoS Violation: Avg High Prio SINR = -3.81 dB (Threshold: 5.0 dB)', 'Unfairness: Jain Index = 0.04']",0.037479626894856684,-11.966364860534668,-26531.111328125,-1.7323087,-37.37519073486328,35.61079,0.003611098974943161,538.0386114120483
High Load,131,Random,utility,24,"['Ping-Pong: 19 UEs oscillating', 'QoS Violation: Avg High Prio SINR = -14.64 dB (Threshold: 5.0 dB)', 'Unfairness: Jain Index = 0.06']",0.056654680782746866,-28.812257766723633,-33081.46484375,-4.171001,-37.40124588012695,29.346159,0.0035895754117518663,670.8036065101624
High Load,132,Random,utility,25,"['Ping-Pong: 20 UEs oscillating', 'QoS Violation: Avg High Prio SINR = -13.55 dB (Threshold: 5.0 dB)', 'Unfairness: Jain Index = 0.05']",0.05354170796948369,-69.36792755126953,-37293.5,-10.042036,-37.392216491699216,12.98335,0.0035971027333289384,756.2130093574524
High Load,133,Random,utility,29,"['Ping-Pong: 20 UEs oscillating', 'QoS Violation: Avg High Prio SINR = 0.55 dB (Threshold: 5.0 dB)', 'Unfairness: Jain Index = 0.10']",0.10439688764871222,18.537717819213867,-21966.21484375,2.6836097,-37.39173622131348,47.794064,0.003598161262925714,445.3846216201782
High Load,134,Random,utility,26,"['Ping-Pong: 21 UEs oscillating', 'QoS Violation: Avg High Prio SINR = -13.40 dB (Threshold: 5.0 dB)', 'Unfairness: Jain Index = 0.03']",0.033394967477452256,-25.32193374633789,-27477.033203125,-3.6657257,-37.3781322479248,26.678732,0.0036085114581510423,557.2059750556946
High Load,135,Random,utility,24,"['Ping-Pong: 21 UEs oscillating', 'Unfairness: Jain Index = 0.10']",0.09704920761033511,30.2451114654541,-13466.140625,4.3784285,-35.74262924194336,51.44628,0.0057332007214427,273.2006013393402
High Load,136,Random,utility,23,"['Ping-Pong: 18 UEs oscillating', 'QoS Violation: Avg High Prio SINR = -8.86 dB (Threshold: 5.0 dB)', 'Unfairness: Jain Index = 0.06']",0.05613320168363686,-22.084434509277344,-39490.984375,-3.1970499,-37.44955539703369,37.90832,0.0035498216398991644,800.6869554519653
High Load,137,Random,utility,26,"['Ping-Pong: 17 UEs oscillating', 'Unfairness: Jain Index = 0.11']",0.10911898978004395,8.014315605163574,-27538.55078125,1.1601909,-37.40227222442627,47.901287,0.003589693026151508,558.347761631012
High Load,138,Random,utility,28,"['Ping-Pong: 19 UEs oscillating', 'QoS Violation: Avg High Prio SINR = -13.89 dB (Threshold: 5.0 dB)', 'Unfairness: Jain Index = 0.03']",0.03392001861737733,-27.73064613342285,-33023.28515625,-4.0144215,-37.384695053100586,31.192076,0.0036033362965099515,669.6294546127319
High Load,139,Random,utility,23,"['Ping-Pong: 20 UEs oscillating', 'QoS Violation: Avg High Prio SINR = -1.05 dB (Threshold: 5.0 dB)', 'Unfairness: Jain Index = 0.06']",0.06292261629811643,1.0328437089920044,-27415.751953125,0.14951913,-37.387074089050294,42.217594,0.0036016900558024645,555.8959245681763
High Load,140,Random,utility,27,"['Ping-Pong: 22 UEs oscillating', 'QoS Violation: Avg High Prio SINR = -6.18 dB (Threshold: 5.0 dB)', 'Unfairness: Jain Index = 0.12']",0.1169593562665553,27.65186309814453,-21996.224609375,4.0030174,-37.37847633361817,55.693283,0.0036085114581510423,446.1093842983246
High Load,141,Random,utility,28,"['Ping-Pong: 21 UEs oscillating', 'QoS Violation: Avg High Prio SINR = 0.00 dB (Threshold: 5.0 dB)', 'Unfairness: Jain Index = 0.08']",0.0835816446305713,-9.72620677947998,-27553.09765625,-1.4080125,-37.39682273864746,37.086582,0.003593692020513117,558.7360858917236
High Load,142,Random,utility,28,"['Ping-Pong: 24 UEs oscillating', 'Unfairness: Jain Index = 0.24']",0.2420481929376746,130.08212280273438,-5512.17236328125,18.831322,-5.087692427635193,101.057915,5.32792546749115,111.93583905696869
High Load,143,Random,utility,29,"['Ping-Pong: 25 UEs oscillating', 'QoS Violation: Avg High Prio SINR = -5.48 dB (Threshold: 5.0 dB)', 'Unfairness: Jain Index = 0.12']",0.11528302784695707,41.76439666748047,-16439.166015625,6.0460157,-37.37519073486328,56.182827,0.003611098974943161,333.4597051143646
High Load,144,Random,utility,29,"['Ping-Pong: 26 UEs oscillating', 'QoS Violation: Avg High Prio SINR = -14.21 dB (Threshold: 5.0 dB)', 'Unfairness: Jain Index = 0.03']",0.0334039113817251,-41.99554443359375,-30485.80078125,-6.0794773,-37.37584533691406,19.78377,0.003611098974943161,618.1925535202026
High Load,145,Random,utility,27,"['Ping-Pong: 25 UEs oscillating', 'QoS Violation: Avg High Prio SINR = -8.21 dB (Threshold: 5.0 dB)', 'Unfairness: Jain Index = 0.06']",0.05862863098341874,-30.738679885864258,-30576.44921875,-4.44988,-37.37529354095459,28.867579,0.003611098974943161,620.0030446052551
High Load,146,Random,utility,28,"['Ping-Pong: 24 UEs oscillating', 'QoS Violation: Avg High Prio SINR = -7.74 dB (Threshold: 5.0 dB)', 'Unfairness: Jain Index = 0.06']",0.057317683586407035,-13.308003425598145,-27392.908203125,-1.9265313,-37.377519607543945,32.602383,0.0036098052165471016,555.4872751235962
High Load,147,Random,utility,28,"['Ping-Pong: 25 UEs oscillating', 'Unfairness: Jain Index = 0.11']",0.11110781009341304,-2.5874505043029785,-26937.05859375,-0.37457192,-37.37519073486328,44.36416,0.003611098974943161,546.2442636489868
High Load,148,Random,utility,28,"['Ping-Pong: 26 UEs oscillating', 'QoS Violation: Avg High Prio SINR = 0.77 dB (Threshold: 5.0 dB)', 'Unfairness: Jain Index = 0.10']",0.09989554083022383,-6.631622314453125,-22571.056640625,-0.96002555,-37.38182067871094,37.322964,0.0036059240694157777,457.770437002182
High Load,149,Random,utility,28,"['Ping-Pong: 25 UEs oscillating', 'QoS Violation: Avg High Prio SINR = 1.77 dB (Threshold: 5.0 dB)', 'Unfairness: Jain Index = 0.13']",0.13298221447178935,19.022926330566406,-21984.310546875,2.7538507,-37.37569007873535,48.47413,0.003611098974943161,445.85007429122925
High Load,150,Random,utility,25,"['Ping-Pong: 21 UEs oscillating', 'QoS Violation: Avg High Prio SINR = -0.65 dB (Threshold: 5.0 dB)', 'Unfairness: Jain Index = 0.03']",0.03333486261469468,-21.41874122619629,-16494.966796875,-3.1006808,-37.37519073486328,21.395247,0.003611098974943161,334.6099853515625
High Load,151,Random,utility,26,"['Ping-Pong: 21 UEs oscillating', 'QoS Violation: Avg High Prio SINR = -15.27 dB (Threshold: 5.0 dB)', 'Unfairness: Jain Index = 0.03']",0.033395483767031726,-56.127811431884766,-40328.296875,-8.125333,-37.37519073486328,20.5824,0.003611098974943161,817.7042603492737
High Load,152,Random,utility,28,"['Ping-Pong: 21 UEs oscillating', 'QoS Violation: Avg High Prio SINR = -12.11 dB (Threshold: 5.0 dB)', 'Unfairness: Jain Index = 0.05']",0.04703009360996319,-47.395652770996094,-46319.75390625,-6.8612247,-37.38390884399414,28.945904,0.0036051007686182857,939.0300512313843
High Load,153,Random,utility,27,"['Ping-Pong: 22 UEs oscillating', 'QoS Violation: Avg High Prio SINR = 3.69 dB (Threshold: 5.0 dB)', 'Unfairness: Jain Index = 0.04']",0.04343834078881964,10.676591873168945,-22039.923828125,1.5455953,-37.38462791442871,45.466316,0.0036033362965099515,446.98503613471985
High Load,154,Random,utility,27,"['Ping-Pong: 24 UEs oscillating', 'QoS Violation: Avg High Prio SINR = -4.24 dB (Threshold: 5.0 dB)', 'Unfairness: Jain Index = 0.03']",0.033340082127025536,-48.010868072509766,-38480.91015625,-6.9502854,-37.41052055358887,22.141104,0.0035826359293423594,780.2035808563232
High Load,155,Random,utility,26,"['Ping-Pong: 23 UEs oscillating', 'QoS Violation: Avg High Prio SINR = -13.16 dB (Threshold: 5.0 dB)', 'Unfairness: Jain Index = 0.03']",0.03334264432863503,-49.612144470214844,-38313.171875,-7.1820917,-37.375946044921875,19.808474,0.003611098974943161,776.8307328224182
High Load,156,Random,utility,29,"['Ping-Pong: 24 UEs oscillating', 'QoS Violation: Avg High Prio SINR = -5.81 dB (Threshold: 5.0 dB)', 'Unfairness: Jain Index = 0.10']",0.09970441079281538,-12.19511604309082,-38353.125,-1.7654243,-37.376701736450194,40.478924,0.0036098052165471016,777.6880860328674
High Load,157,Random,utility,27,"['Ping-Pong: 22 UEs oscillating', 'Unfairness: Jain Index = 0.10']",0.10254967561387145,29.639766693115234,-27364.701171875,4.2907963,-37.37865047454834,57.119373,0.0036085114581510423,554.8847913742065
High Load,158,Random,utility,24,"['Ping-Pong: 21 UEs oscillating', 'QoS Violation: Avg High Prio SINR = -0.08 dB (Threshold: 5.0 dB)', 'Unfairness: Jain Index = 0.07']",0.06672706899773141,-16.472745895385742,-27419.8359375,-2.3846748,-37.37828330993652,32.801365,0.0036085114581510423,556.0430288314819
High Load,159,Random,utility,25,"['Ping-Pong: 21 UEs oscillating', 'QoS Violation: Avg High Prio SINR = -6.67 dB (Threshold: 5.0 dB)', 'Unfairness: Jain Index = 0.10']",0.09907005209332029,-17.814682006835938,-38304.953125,-2.5789387,-37.37760219573975,41.008934,0.0036098052165471016,776.6655087471008
High Load,160,Random,utility,27,"['Ping-Pong: 22 UEs oscillating', 'QoS Violation: Avg High Prio SINR = 0.96 dB (Threshold: 5.0 dB)', 'Unfairness: Jain Index = 0.07']",0.06666822752332219,-30.237380981445312,-33048.78125,-4.3773093,-37.38378772735596,29.61953,0.0036051007686182857,670.1183319091797
High Load,161,Random,utility,27,"['Ping-Pong: 22 UEs oscillating', 'QoS Violation: Avg High Prio SINR = -15.48 dB (Threshold: 5.0 dB)', 'Unfairness: Jain Index = 0.03']",0.033367762743758196,-39.33835983276367,-38293.9921875,-5.694811,-37.375329208374026,26.134855,0.003611098974943161,776.4801383018494
High Load,162,Random,utility,26,"['Ping-Pong: 22 UEs oscillating', 'QoS Violation: Avg High Prio SINR = -14.48 dB (Threshold: 5.0 dB)', 'Unfairness: Jain Index = 0.03']",0.03369519194022822,-33.8669319152832,-32980.43359375,-4.9027405,-37.37519073486328,27.300367,0.003611098974943161,668.789267539978
High Load,163,Random,utility,26,"['Ping-Pong: 22 UEs oscillating', 'QoS Violation: Avg High Prio SINR = 4.51 dB (Threshold: 5.0 dB)', 'Unfairness: Jain Index = 0.13']",0.12523942827487977,36.53376007080078,-21904.01953125,5.288804,-37.37898406982422,57.00787,0.0036085114581510423,444.1561996936798
High Load,164,Random,utility,26,"['Ping-Pong: 22 UEs oscillating', 'QoS Violation: Avg High Prio SINR = -3.58 dB (Threshold: 5.0 dB)', 'Unfairness: Jain Index = 0.05']",0.052025519348210265,-23.091028213500977,-38299.15234375,-3.3427684,-37.3767671585083,36.500534,0.0036098052165471016,776.5693068504333
High Load,165,Random,utility,27,"['Ping-Pong: 21 UEs oscillating', 'QoS Violation: Avg High Prio SINR = -15.67 dB (Threshold: 5.0 dB)', 'Unfairness: Jain Index = 0.03']",0.03333527562208771,-58.21767044067383,-43821.91796875,-8.427871,-37.37900085449219,20.146812,0.0036085114581510423,888.4769082069397
High Load,166,Random,utility,27,"['Ping-Pong: 23 UEs oscillating', 'QoS Violation: Avg High Prio SINR = -2.90 dB (Threshold: 5.0 dB)', 'Unfairness: Jain Index = 0.04']",0.03641268729741783,-37.8936882019043,-32870.578125,-5.4856734,-37.375507545471194,26.273645,0.003611098974943161,666.5026545524597
High Load,167,Random,utility,25,"['Ping-Pong: 24 UEs oscillating', 'QoS Violation: Avg High Prio SINR = -0.93 dB (Threshold: 5.0 dB)', 'Unfairness: Jain Index = 0.03']",0.03345100570455905,-28.915302276611328,-38291.1640625,-4.185919,-37.37896499633789,29.688955,0.003608746686950326,776.3294577598572
High Load,168,Random,utility,25,"['Ping-Pong: 24 UEs oscillating', 'Unfairness: Jain Index = 0.10']",0.09674067605321555,6.868258476257324,-27378.40625,0.9942823,-37.37649765014648,45.893314,0.003611098974943161,555.1372170448303
High Load,169,Random,utility,25,"['Ping-Pong: 22 UEs oscillating', 'Unfairness: Jain Index = 0.15']",0.15347208195093665,40.12847137451172,-21893.677734375,5.809191,-37.3757740020752,59.87248,0.003611098974943161,443.98680329322815
High Load,170,Random,utility,26,"['Ping-Pong: 22 UEs oscillating', 'QoS Violation: Avg High Prio SINR = -16.13 dB (Threshold: 5.0 dB)', 'Unfairness: Jain Index = 0.10']",0.09992557820108572,2.6777005195617676,-32822.9609375,0.38763657,-37.37561454772949,46.4995,0.003611098974943161,665.5593514442444
High Load,171,Random,utility,28,"['Ping-Pong: 22 UEs oscillating', 'QoS Violation: Avg High Prio SINR = -15.38 dB (Threshold: 5.0 dB)', 'Unfairness: Jain Index = 0.14']",0.1429215937300472,24.1158390045166,-27347.306640625,3.4911249,-37.37519073486328,54.788204,0.003611098974943161,554.5790195465088
High Load,172,Random,utility,28,"['Ping-Pong: 22 UEs oscillating', 'QoS Violation: Avg High Prio SINR = 0.33 dB (Threshold: 5.0 dB)', 'Unfairness: Jain Index = 0.11']",0.10558426532551264,-2.7003540992736816,-32847.3984375,-0.3909164,-37.376326370239255,44.479057,0.003611098974943161,666.0114526748657
High Load,173,Random,utility,29,"['Ping-Pong: 25 UEs oscillating', 'QoS Violation: Avg High Prio SINR = -11.48 dB (Threshold: 5.0 dB)', 'Unfairness: Jain Index = 0.04']",0.040098053435614046,-19.85379409790039,-40181.59375,-2.8741314,-37.375763511657716,41.247276,0.003611098974943161,814.7057890892029
High Load,174,Random,utility,25,"['Ping-Pong: 23 UEs oscillating', 'QoS Violation: Avg High Prio SINR = -3.54 dB (Threshold: 5.0 dB)', 'Unfairness: Jain Index = 0.07']",0.0715406365721651,-18.16908073425293,-38288.01953125,-2.6302443,-37.37646636962891,38.667404,0.0036098052165471016,776.3553857803345
High Load,175,Random,utility,23,"['Ping-Pong: 20 UEs oscillating', 'QoS Violation: Avg High Prio SINR = -10.09 dB (Threshold: 5.0 dB)', 'Unfairness: Jain Index = 0.11']",0.10961148939638406,19.93350601196289,-32810.5859375,2.88567,-37.37575511932373,54.8717,0.003611098974943161,665.2882695198059
High Load,176,Random,utility,25,"['Ping-Pong: 17 UEs oscillating', 'QoS Violation: Avg High Prio SINR = -4.99 dB (Threshold: 5.0 dB)', 'Unfairness: Jain Index = 0.07']",0.06627909894790274,-14.623274803161621,-32811.8046875,-2.1169362,-37.375507545471194,34.58151,0.003611098974943161,665.3138995170593
High Load,177,Random,utility,27,"['Ping-Pong: 20 UEs oscillating', 'QoS Violation: Avg High Prio SINR = -6.68 dB (Threshold: 5.0 dB)', 'Unfairness: Jain Index = 0.08']",0.08319121216310098,0.7976064682006836,-32828.2109375,0.11546501,-37.37571086883545,45.329533,0.003611098974943161,665.6367182731628
High Load,178,Random,utility,25,"['Ping-Pong: 23 UEs oscillating', 'QoS Violation: Avg High Prio SINR = -5.25 dB (Threshold: 5.0 dB)', 'Unfairness: Jain Index = 0.10']",0.09575755905322503,2.677842378616333,-32861.1796875,0.38765725,-37.37605514526367,45.70839,0.003611098974943161,666.2628054618835
High Load,179,Random,utility,24,"['Ping-Pong: 22 UEs oscillating', 'QoS Violation: Avg High Prio SINR = -6.99 dB (Threshold: 5.0 dB)', 'Unfairness: Jain Index = 0.07']",0.0724532651512389,-6.6090087890625,-32845.53125,-0.9567525,-37.37519073486328,40.782455,0.003611098974943161,666.0435199737549
High Load,180,Random,utility,24,"['Ping-Pong: 21 UEs oscillating', 'QoS Violation: Avg High Prio SINR = -13.03 dB (Threshold: 5.0 dB)', 'Unfairness: Jain Index = 0.06']",0.06178403916437163,-11.099701881408691,-27589.7421875,-1.6068466,-37.37519073486328,34.614002,0.003611098974943161,559.4537258148193
High Load,181,Random,utility,23,"['Ping-Pong: 20 UEs oscillating', 'QoS Violation: Avg High Prio SINR = -5.06 dB (Threshold: 5.0 dB)', 'Unfairness: Jain Index = 0.03']",0.03353074809713025,-41.934017181396484,-38311.20703125,-6.0705705,-37.37806701660156,24.365997,0.003608746686950326,776.8603563308716
High Load,182,Random,utility,25,"['Ping-Pong: 21 UEs oscillating', 'QoS Violation: Avg High Prio SINR = -3.85 dB (Threshold: 5.0 dB)', 'Unfairness: Jain Index = 0.13']",0.13337885558411083,29.186845779418945,-27366.255859375,4.2252293,-37.377773475646975,57.319767,0.0036098052165471016,554.8864603042603
High Load,183,Random,utility,26,"['Ping-Pong: 23 UEs oscillating', 'QoS Violation: Avg High Prio SINR = -2.71 dB (Threshold: 5.0 dB)', 'Unfairness: Jain Index = 0.10']",0.09530508031852,18.498258590698242,-29925.697265625,2.6778977,-37.37556838989258,55.00884,0.003611098974943161,606.8102717399597
High Load,184,Random,utility,25,"['Ping-Pong: 24 UEs oscillating', 'QoS Violation: Avg High Prio SINR = -11.29 dB (Threshold: 5.0 dB)', 'Unfairness: Jain Index = 0.07']",0.0682283465048857,-4.295751571655273,-32872.3359375,-0.621873,-37.38134231567383,42.8771,0.0036059240694157777,666.5915250778198
High Load,185,Random,utility,25,"['Ping-Pong: 24 UEs oscillating', 'QoS Violation: Avg High Prio SINR = -4.19 dB (Threshold: 5.0 dB)', 'Unfairness: Jain Index = 0.10']",0.10012958685853658,31.38164520263672,-17591.384765625,4.5429587,-37.37519073486328,53.353355,0.003611098974943161,356.80943727493286
High Load,186,Random,utility,23,"['Ping-Pong: 21 UEs oscillating', 'QoS Violation: Avg High Prio SINR = 3.36 dB (Threshold: 5.0 dB)', 'Unfairness: Jain Index = 0.11']",0.11400755434291188,32.251182556152344,-21912.71875,4.668837,-37.378224563598636,54.19454,0.0036085114581510423,444.3952143192291
High Load,187,Random,utility,27,"['Ping-Pong: 21 UEs oscillating', 'QoS Violation: Avg High Prio SINR = -14.23 dB (Threshold: 5.0 dB)', 'Unfairness: Jain Index = 0.04']",0.03657150096363324,-34.05479049682617,-43858.63671875,-4.929937,-37.38021755218506,31.684116,0.003607217827811837,889.2031908035278
High Load,188,Random,utility,26,"['Ping-Pong: 22 UEs oscillating', 'QoS Violation: Avg High Prio SINR = -11.63 dB (Threshold: 5.0 dB)', 'Unfairness: Jain Index = 0.09']",0.0900149186392101,9.562020301818848,-31746.322265625,1.3842442,-37.37562084197998,52.559635,0.003611098974943161,643.6635255813599
High Load,189,Random,utility,24,"['Ping-Pong: 22 UEs oscillating', 'QoS Violation: Avg High Prio SINR = -4.82 dB (Threshold: 5.0 dB)', 'Unfairness: Jain Index = 0.09']",0.0904129794864057,39.25102233886719,-17705.482421875,5.682167,-37.37519073486328,54.47096,0.003611098974943161,359.1015040874481
High Load,190,Random,utility,24,"['Ping-Pong: 20 UEs oscillating', 'QoS Violation: Avg High Prio SINR = -6.35 dB (Threshold: 5.0 dB)', 'Unfairness: Jain Index = 0.03']",0.034138728216275956,-41.26769256591797,-38320.1640625,-5.974111,-37.379841804504395,24.767702,0.0036074529285542666,777.0309448242188
High Load,191,Random,utility,24,"['Ping-Pong: 20 UEs oscillating', 'Unfairness: Jain Index = 0.12']",0.11933686578788068,64.21598815917969,-11000.4462890625,9.296216,-27.446391105651852,67.02647,0.2596411459147931,223.19932281970978
High Load,192,Random,utility,23,"['Ping-Pong: 19 UEs oscillating', 'Unfairness: Jain Index = 0.10']",0.103001041210223,25.68761444091797,-21898.201171875,3.7186625,-37.37763290405273,50.271214,0.0036098052165471016,444.08342242240906
High Load,193,Random,utility,26,"['Ping-Pong: 19 UEs oscillating', 'QoS Violation: Avg High Prio SINR = -7.17 dB (Threshold: 5.0 dB)', 'Unfairness: Jain Index = 0.12']",0.11866106559019493,30.269197463989258,-27351.41796875,4.3819156,-37.37579917907715,57.944637,0.003611098974943161,554.6016693115234
High Load,194,Random,utility,27,"['Ping-Pong: 21 UEs oscillating', 'Unfairness: Jain Index = 0.12']",0.11806362517427302,45.24764633178711,-21890.26171875,6.5502667,-37.37519073486328,62.497375,0.003611098974943161,443.89885663986206
High Load,195,Random,utility,25,"['Ping-Pong: 23 UEs oscillating', 'QoS Violation: Avg High Prio SINR = 2.88 dB (Threshold: 5.0 dB)', 'Unfairness: Jain Index = 0.11']",0.11323013460131989,23.22768211364746,-21904.345703125,3.3625517,-37.37519073486328,50.616932,0.003611098974943161,444.22784447669983
High Load,196,Random,utility,26,"['Ping-Pong: 23 UEs oscillating', 'QoS Violation: Avg High Prio SINR = -6.43 dB (Threshold: 5.0 dB)', 'Unfairness: Jain Index = 0.04']",0.04122756413459308,-11.34366226196289,-27356.013671875,-1.6421632,-37.37519073486328,32.60047,0.003611098974943161,554.7294616699219
High Load,197,Random,utility,27,"['Ping-Pong: 23 UEs oscillating', 'QoS Violation: Avg High Prio SINR = -8.73 dB (Threshold: 5.0 dB)', 'Unfairness: Jain Index = 0.07']",0.06802800052647,-4.427854537963867,-27432.662109375,-0.6409979,-37.375783157348636,41.26056,0.003611098974943161,556.2816858291626
High Load,198,Random,utility,29,"['Ping-Pong: 25 UEs oscillating', 'QoS Violation: Avg High Prio SINR = -11.27 dB (Threshold: 5.0 dB)', 'Unfairness: Jain Index = 0.08']",0.08175757956673045,13.171454429626465,-27365.57421875,1.9067631,-37.375247383117674,48.092903,0.003611098974943161,554.9392104148865
High Load,199,Random,utility,27,"['Ping-Pong: 26 UEs oscillating', 'QoS Violation: Avg High Prio SINR = -3.97 dB (Threshold: 5.0 dB)', 'Unfairness: Jain Index = 0.07']",0.07320398091238112,1.0506563186645508,-27369.798828125,0.15209818,-37.37692146301269,40.985058,0.0036098052165471016,555.0234317779541
High Mobility,0,AI,baseline,26,"['QoS Violation: Avg High Prio SINR = 3.11 dB (Threshold: 5.0 dB)', 'Unfairness: Jain Index = 0.05']",0.04799913134152268,11.717360496520996,-1620.672607421875,1.6962615,-7.36897087097168,25.644957,3.346542620658875,33.090587705373764
High Mobility,1,AI,baseline,20,['Unfairness: Jain Index = 0.04'],0.03719259971786646,21.317710876464844,-1691.024658203125,3.086055,-9.67910530567169,32.125343,2.149847847223282,34.511979669332504
High Mobility,2,AI,baseline,21,['Unfairness: Jain Index = 0.04'],0.03829109863955316,21.854209899902344,-734.230224609375,3.1637213,-15.497614479064941,34.56808,0.5973531439900399,15.115794725716114
High Mobility,3,AI,baseline,22,"['Ping-Pong: 9 UEs oscillating', 'Unfairness: Jain Index = 0.08']",0.08217512768999512,24.955406188964844,-103.059326171875,3.612666,-8.520241022109985,32.18333,3.1554257392883307,2.3232821840792894
High Mobility,4,AI,baseline,25,"['Ping-Pong: 13 UEs oscillating', 'QoS Violation: Avg High Prio SINR = 0.75 dB (Threshold: 5.0 dB)', 'Unfairness: Jain Index = 0.14']",0.1389333571524962,10.422212600708008,-1486.344482421875,1.5087696,-16.533689546585084,28.361837,0.439323927462101,30.363701283931732
High Mobility,5,AI,baseline,19,"['Ping-Pong: 16 UEs oscillating', 'QoS Violation: Avg High Prio SINR = 3.48 dB (Threshold: 5.0 dB)', 'Unfairness: Jain Index = 0.04']",0.03748910265093186,23.626365661621094,-93.86474609375,3.4202669,-10.332431459426878,30.459303,1.9761865258216862,2.1409031469374895
High Mobility,6,AI,baseline,22,"['Ping-Pong: 15 UEs oscillating', 'QoS Violation: Avg High Prio SINR = -0.80 dB (Threshold: 5.0 dB)', 'Unfairness: Jain Index = 0.06']",0.06435243065460715,26.116905212402344,-1726.6224365234375,3.7808092,-18.109198808670044,38.364487,0.35799135565757756,35.2310873568058
High Mobility,7,AI,baseline,18,"['Ping-Pong: 10 UEs oscillating', 'QoS Violation: Avg High Prio SINR = 2.24 dB (Threshold: 5.0 dB)', 'Unfairness: Jain Index = 0.04']",0.042161007123899814,-16.370962142944336,-1731.124267578125,-2.369939,-22.567705059051512,20.364477,0.10912285149097443,35.34432500600815
High Mobility,8,AI,baseline,24,"['Ping-Pong: 13 UEs oscillating', 'Unfairness: Jain Index = 0.06']",0.05910792564688674,27.352703094482422,-1489.54443359375,3.9597096,-24.307425498962402,41.419346,0.0736673153936863,30.417179688811302
High Mobility,9,AI,baseline,20,"['Ping-Pong: 15 UEs oscillating', 'QoS Violation: Avg High Prio SINR = -4.43 dB (Threshold: 5.0 dB)', 'Unfairness: Jain Index = 0.05']",0.05001636366665393,5.514586925506592,-33009.890625,0.79831845,-32.47678165435791,38.32244,0.017749383021146065,669.8451638221741
High Mobility,10,AI,baseline,21,"['Ping-Pong: 14 UEs oscillating', 'QoS Violation: Avg High Prio SINR = 3.58 dB (Threshold: 5.0 dB)', 'Unfairness: Jain Index = 0.05']",0.050928744660751986,34.847557067871094,-691.4994506835938,5.0447,-20.378656196594235,43.170757,0.30711431354284296,14.240742661058903
High Mobility,11,AI,baseline,19,"['Ping-Pong: 13 UEs oscillating', 'QoS Violation: Avg High Prio SINR = 2.17 dB (Threshold: 5.0 dB)', 'Unfairness: Jain Index = 0.07']",0.06922190424643647,16.876218795776367,-989.4390258789062,2.443083,-16.97792844772339,30.863194,0.40658188611269,20.293422043323517
High Mobility,12,AI,baseline,18,"['Ping-Pong: 12 UEs oscillating', 'QoS Violation: Avg High Prio SINR = -1.55 dB (Threshold: 5.0 dB)', 'Unfairness: Jain Index = 0.05']",0.048798252014074686,-7.495605945587158,-5404.08935546875,-1.0851003,-25.098848915100096,26.233194,0.11293457783758644,109.78832840919495
High Mobility,13,AI,baseline,19,"['Ping-Pong: 8 UEs oscillating', 'QoS Violation: Avg High Prio SINR = -4.80 dB (Threshold: 5.0 dB)', 'Unfairness: Jain Index = 0.04']",0.04439960968634928,-2.166640281677246,-8652.654296875,-0.31365305,-29.11721534729004,29.810448,0.02864922862499953,175.62241852283478
High Mobility,14,AI,baseline,21,"['Ping-Pong: 11 UEs oscillating', 'QoS Violation: Avg High Prio SINR = -1.87 dB (Threshold: 5.0 dB)', 'Unfairness: Jain Index = 0.04']",0.03807920072282073,14.21099853515625,-3314.3974609375,2.0572526,-22.6790976524353,33.858044,0.24692693911492833,67.41455942392349
High Mobility,15,AI,baseline,18,"['Ping-Pong: 11 UEs oscillating', 'QoS Violation: Avg High Prio SINR = -2.54 dB (Threshold: 5.0 dB)', 'Unfairness: Jain Index = 0.03']",0.03350916658815634,-1.6005382537841797,-4076.681396484375,-0.23170154,-23.155939483642577,27.779863,0.10423154830932618,82.86607265472412
High Mobility,16,AI,baseline,23,"['Ping-Pong: 14 UEs oscillating', 'QoS Violation: Avg High Prio SINR = -2.78 dB (Threshold: 5.0 dB)', 'Unfairness: Jain Index = 0.08']",0.07645669485366267,5.755049705505371,-1452.152099609375,0.8331285,-24.50890007019043,27.19293,0.07849486246705056,29.67326156795025
High Mobility,17,AI,baseline,21,"['Ping-Pong: 15 UEs oscillating', 'Unfairness: Jain Index = 0.06']",0.05661280065223083,37.60507583618164,-9217.08984375,5.4438925,-25.62916917800903,48.221386,0.16909115128219135,186.96659803390503
High Mobility,18,AI,baseline,26,"['Ping-Pong: 18 UEs oscillating', 'Unfairness: Jain Index = 0.05']",0.04617282634160872,46.554359436035156,-2005.3800048828125,6.7394333,-16.61076517105102,49.03878,2.601990824192763,40.86441174149513
High Mobility,19,AI,baseline,22,"['Ping-Pong: 15 UEs oscillating', 'QoS Violation: Avg High Prio SINR = 1.88 dB (Threshold: 5.0 dB)', 'Unfairness: Jain Index = 0.04']",0.04252429561944818,34.98855209350586,-1906.072021484375,5.065111,-22.50581340789795,46.856247,0.11403053477406502,38.85696083307266
High Mobility,20,AI,baseline,20,"['Ping-Pong: 16 UEs oscillating', 'Unfairness: Jain Index = 0.05']",0.05439966578114234,30.13833236694336,-7569.923828125,4.3629704,-32.34405527114868,51.582954,0.01178709287196398,153.64371240139008
High Mobility,21,AI,baseline,19,"['Ping-Pong: 13 UEs oscillating', 'Unfairness: Jain Index = 0.04']",0.03806562519972302,43.63311767578125,-1568.5859375,6.3165417,-23.761176967620848,49.88934,0.08286083042621613,32.01219066977501
High Mobility,22,AI,baseline,16,"['Ping-Pong: 9 UEs oscillating', 'QoS Violation: Avg High Prio SINR = -0.14 dB (Threshold: 5.0 dB)', 'Unfairness: Jain Index = 0.05']",0.047775986999981104,6.890470027923584,-8422.740234375,0.9974972,-31.04555435180664,35.498806,0.026871640607714662,170.94403505325317
High Mobility,23,AI,baseline,20,"['Ping-Pong: 8 UEs oscillating', 'QoS Violation: Avg High Prio SINR = -4.05 dB (Threshold: 5.0 dB)', 'Unfairness: Jain Index = 0.04']",0.035885074148435545,-10.40218734741211,-9904.8212890625,-1.5058709,-33.231790447235106,25.342924,0.009902796847745778,200.97091794013977
High Mobility,24,AI,baseline,20,"['Ping-Pong: 12 UEs oscillating', 'QoS Violation: Avg High Prio SINR = 3.74 dB (Threshold: 5.0 dB)', 'Unfairness: Jain Index = 0.04']",0.04071374712588387,3.0043463706970215,-14027.2705078125,0.43492356,-35.50381717681885,36.70616,0.006229636305943132,284.52733159065247
High Mobility,25,AI,baseline,20,"['Ping-Pong: 15 UEs oscillating', 'Unfairness: Jain Index = 0.07']",0.07073273046609756,10.492204666137695,-10584.435546875,1.5189024,-33.37394351959229,38.42893,0.00911103175021708,214.75157141685486
High Mobility,26,AI,baseline,18,"['Ping-Pong: 11 UEs oscillating', 'Unfairness: Jain Index = 0.04']",0.038246783363521435,-11.389264106750488,-23011.134765625,-1.6487645,-37.484941482543945,29.948078,0.0035227702814154328,466.54361486434937
High Mobility,27,AI,baseline,18,"['Ping-Pong: 11 UEs oscillating', 'Unfairness: Jain Index = 0.04']",0.03657394472482957,7.828812599182129,-21751.40625,1.1333365,-37.44625682830811,41.826786,0.003553114819806069,441.07186794281006
High Mobility,28,AI,baseline,18,"['Ping-Pong: 12 UEs oscillating', 'QoS Violation: Avg High Prio SINR = -4.34 dB (Threshold: 5.0 dB)', 'Unfairness: Jain Index = 0.07']",0.0676205343607579,-22.553661346435547,-13174.8203125,-3.2649775,-34.05906887054443,19.866367,0.010850619990378622,267.270028591156
High Mobility,29,AI,baseline,22,"['Ping-Pong: 12 UEs oscillating', 'Unfairness: Jain Index = 0.07']",0.06685284259311243,52.162025451660156,-11227.31640625,7.5512266,-27.713018798828124,57.800148,0.2300660846289248,227.7771532535553
High Mobility,30,AI,baseline,22,"['Ping-Pong: 14 UEs oscillating', 'QoS Violation: Avg High Prio SINR = -3.26 dB (Threshold: 5.0 dB)', 'Unfairness: Jain Index = 0.21']",0.20506518716261418,-23.467609405517578,-15458.802734375,-3.3972847,-35.98723831176758,21.070974,0.005032521719112993,313.5751783847809
High Mobility,31,AI,baseline,25,"['Ping-Pong: 17 UEs oscillating', 'QoS Violation: Avg High Prio SINR = 4.51 dB (Threshold: 5.0 dB)', 'Unfairness: Jain Index = 0.07']",0.06811255602962013,26.060935974121094,-11502.8046875,3.7727067,-32.52953968048095,44.33245,0.021502098487690097,233.3865612745285
High Mobility,32,AI,baseline,16,"['Ping-Pong: 15 UEs oscillating', 'QoS Violation: Avg High Prio SINR = -6.40 dB (Threshold: 5.0 dB)', 'Unfairness: Jain Index = 0.03']",0.03334059814896547,-28.54306411743164,-17220.36328125,-4.1320314,-37.38860378265381,23.83888,0.003600748907774687,349.2843806743622
High Mobility,33,AI,baseline,17,"['Ping-Pong: 12 UEs oscillating', 'QoS Violation: Avg High Prio SINR = 3.60 dB (Threshold: 5.0 dB)', 'Unfairness: Jain Index = 0.08']",0.0790453353532149,21.756166458129883,-5896.099609375,3.149528,-21.53507318496704,41.027035,0.1682918712496758,119.77393925189972
High Mobility,34,AI,baseline,18,"['Ping-Pong: 10 UEs oscillating', 'QoS Violation: Avg High Prio SINR = -2.24 dB (Threshold: 5.0 dB)', 'Unfairness: Jain Index = 0.03']",0.03371045147380588,-23.114376068115234,-16918.734375,-3.3461483,-37.37519073486328,26.57901,0.003611098974943161,343.1756794452667
High Mobility,35,AI,baseline,21,"['Ping-Pong: 10 UEs oscillating', 'Unfairness: Jain Index = 0.05']",0.046165050553301876,17.77650260925293,-12481.8583984375,2.5734127,-34.76485958099365,39.575756,0.008167730877175929,253.21823358535767
High Mobility,36,AI,baseline,17,"['Ping-Pong: 11 UEs oscillating', 'QoS Violation: Avg High Prio SINR = -3.90 dB (Threshold: 5.0 dB)', 'Unfairness: Jain Index = 0.03']",0.03349415940894002,-25.851024627685547,-19265.095703125,-3.7423198,-37.37519073486328,23.017305,0.003611098974943161,390.7513618469238
High Mobility,37,AI,baseline,17,"['Ping-Pong: 10 UEs oscillating', 'QoS Violation: Avg High Prio SINR = -4.21 dB (Threshold: 5.0 dB)', 'Unfairness: Jain Index = 0.03']",0.03339417314310521,-8.699319839477539,-16689.142578125,-1.2593558,-37.377316093444826,29.386353,0.0036098052165471016,338.46598863601685
High Mobility,38,AI,baseline,18,"['Ping-Pong: 9 UEs oscillating', 'Unfairness: Jain Index = 0.04']",0.04348036034708281,-6.617610931396484,-16628.44921875,-0.9579976,-37.37542991638183,30.892883,0.003611098974943161,337.2877836227417
High Mobility,39,AI,baseline,20,"['Ping-Pong: 11 UEs oscillating', 'QoS Violation: Avg High Prio SINR = -5.35 dB (Threshold: 5.0 dB)', 'Unfairness: Jain Index = 0.03']",0.03335353564910145,-28.66635513305664,-18391.123046875,-4.14988,-37.37519073486328,23.246151,0.003611098974943161,373.0233609676361
High Mobility,40,AI,baseline,15,"['Ping-Pong: 10 UEs oscillating', 'QoS Violation: Avg High Prio SINR = -1.64 dB (Threshold: 5.0 dB)', 'Unfairness: Jain Index = 0.04']",0.03695917350774752,-9.830765724182129,-28906.748046875,-1.4231493,-37.527204513549805,35.93722,0.003488896822091192,586.1222743988037
High Mobility,41,AI,baseline,18,"['Ping-Pong: 11 UEs oscillating', 'QoS Violation: Avg High Prio SINR = -4.53 dB (Threshold: 5.0 dB)', 'Unfairness: Jain Index = 0.03']",0.033344530381733704,-26.671541213989258,-17853.166015625,-3.8611016,-37.37519073486328,25.263847,0.003611098974943161,362.1595799922943
High Mobility,42,AI,baseline,17,"['Ping-Pong: 7 UEs oscillating', 'QoS Violation: Avg High Prio SINR = -6.78 dB (Threshold: 5.0 dB)', 'Unfairness: Jain Index = 0.06']",0.06413913726478597,-8.82579231262207,-29229.587890625,-1.2776641,-37.37519073486328,32.49033,0.003611098974943161,592.8038358688354
High Mobility,43,AI,baseline,18,"['Ping-Pong: 11 UEs oscillating', 'QoS Violation: Avg High Prio SINR = -2.35 dB (Threshold: 5.0 dB)', 'Unfairness: Jain Index = 0.04']",0.035998473491661034,-18.481983184814453,-29464.2109375,-2.6755407,-37.3760908126831,32.7672,0.003611098974943161,597.4770188331604
High Mobility,44,AI,baseline,19,"['Ping-Pong: 10 UEs oscillating', 'QoS Violation: Avg High Prio SINR = -12.44 dB (Threshold: 5.0 dB)', 'Unfairness: Jain Index = 0.12']",0.1177769800468941,-62.09477615356445,-32961.640625,-8.98914,-37.41431159973145,13.875473,0.003578754886984825,668.4394478797913
High Mobility,45,AI,baseline,22,"['Ping-Pong: 12 UEs oscillating', 'QoS Violation: Avg High Prio SINR = -1.64 dB (Threshold: 5.0 dB)', 'Unfairness: Jain Index = 0.03']",0.03426101928997334,-11.09669303894043,-29210.962890625,-1.6064117,-37.56126384735107,34.211872,0.0034623154788278043,592.3054218292236
High Mobility,46,AI,baseline,21,"['Ping-Pong: 13 UEs oscillating', 'QoS Violation: Avg High Prio SINR = 2.37 dB (Threshold: 5.0 dB)', 'Unfairness: Jain Index = 0.05']",0.0464628360789106,18.824264526367188,-15300.751953125,2.725091,-36.85071716308594,44.976128,0.004111770167946816,310.3669583797455
High Mobility,47,AI,baseline,19,"['Ping-Pong: 12 UEs oscillating', 'QoS Violation: Avg High Prio SINR = -0.55 dB (Threshold: 5.0 dB)', 'Unfairness: Jain Index = 0.06']",0.06436209919526102,19.37008285522461,-18604.4765625,2.8041072,-37.41193447113037,45.94507,0.0035813422757200895,377.2619068622589
High Mobility,48,AI,baseline,17,"['Ping-Pong: 13 UEs oscillating', 'QoS Violation: Avg High Prio SINR = -10.96 dB (Threshold: 5.0 dB)', 'Unfairness: Jain Index = 0.04']",0.044765698188116945,6.110710620880127,-13633.29296875,0.8846158,-34.20386266708374,39.530396,0.010218111518770459,276.5536606311798
High Mobility,49,AI,baseline,19,"['Ping-Pong: 10 UEs oscillating', 'QoS Violation: Avg High Prio SINR = -4.76 dB (Threshold: 5.0 dB)', 'Unfairness: Jain Index = 0.11']",0.1137724723228326,30.6733455657959,-12702.302734375,4.4404206,-34.0289680480957,53.588486,0.010988115891814235,257.6609253883362
High Mobility,50,AI,baseline,15,"['Ping-Pong: 5 UEs oscillating', 'QoS Violation: Avg High Prio SINR = -2.74 dB (Threshold: 5.0 dB)', 'Unfairness: Jain Index = 0.06']",0.05949371785720939,-7.314002990722656,-22342.345703125,-1.0588102,-37.375291442871095,37.981182,0.003611098974943161,453.1022310256958
High Mobility,51,AI,baseline,21,"['Ping-Pong: 10 UEs oscillating', 'QoS Violation: Avg High Prio SINR = -0.20 dB (Threshold: 5.0 dB)', 'Unfairness: Jain Index = 0.04']",0.03630760172369919,-2.226898193359375,-23028.83984375,-0.32237643,-37.382164764404294,38.893375,0.0036059240694157777,466.9719934463501
High Mobility,52,AI,baseline,20,"['Ping-Pong: 10 UEs oscillating', 'QoS Violation: Avg High Prio SINR = -3.33 dB (Threshold: 5.0 dB)', 'Unfairness: Jain Index = 0.08']",0.0825478657370064,-3.0364458560943604,-18031.4296875,-0.4395711,-37.37519073486328,39.010197,0.003611098974943161,365.7448887825012
High Mobility,53,AI,baseline,19,"['Ping-Pong: 12 UEs oscillating', 'QoS Violation: Avg High Prio SINR = 2.35 dB (Threshold: 5.0 dB)', 'Unfairness: Jain Index = 0.04']",0.04139667945571891,7.223099708557129,-18371.95703125,1.0456508,-37.37519073486328,40.468407,0.003611098974943161,372.6348280906677
High Mobility,54,AI,baseline,15,"['Ping-Pong: 10 UEs oscillating', 'QoS Violation: Avg High Prio SINR = -8.66 dB (Threshold: 5.0 dB)', 'Unfairness: Jain Index = 0.05']",0.05162230479100956,-19.78639030456543,-20896.494140625,-2.864373,-37.492532348632814,30.999418,0.0035155956167727707,423.76694083213806
High Mobility,55,AI,baseline,18,"['Ping-Pong: 10 UEs oscillating', 'QoS Violation: Avg High Prio SINR = -1.46 dB (Threshold: 5.0 dB)', 'Unfairness: Jain Index = 0.05']",0.04513466663450479,8.362142562866211,-26927.6796875,1.2105438,-37.37519073486328,46.91353,0.003611098974943161,545.9920167922974
High Mobility,56,AI,baseline,18,"['Ping-Pong: 9 UEs oscillating', 'QoS Violation: Avg High Prio SINR = -10.21 dB (Threshold: 5.0 dB)', 'Unfairness: Jain Index = 0.07']",0.06666899906677101,-18.9638729095459,-28238.85546875,-2.7453017,-37.4075511932373,32.989456,0.0035853411885909737,572.6208090782166
High Mobility,57,AI,baseline,20,"['Ping-Pong: 11 UEs oscillating', 'QoS Violation: Avg High Prio SINR = -3.12 dB (Threshold: 5.0 dB)', 'Unfairness: Jain Index = 0.13']",0.1345466006406916,30.91944122314453,-22209.078125,4.476048,-37.37519073486328,56.97709,0.003611098974943161,450.3706693649292
High Mobility,58,AI,baseline,18,"['Ping-Pong: 9 UEs oscillating', 'Unfairness: Jain Index = 0.06']",0.06277378990409456,-29.273880004882812,-24245.73828125,-4.2378287,-37.37519073486328,30.780357,0.003611098974943161,491.6720986366272
High Mobility,59,AI,baseline,15,"['Ping-Pong: 9 UEs oscillating', 'QoS Violation: Avg High Prio SINR = -9.22 dB (Threshold: 5.0 dB)', 'Unfairness: Jain Index = 0.05']",0.045048248561042184,-39.50471496582031,-31321.50390625,-5.7188935,-37.37848892211914,29.300558,0.0036085114581510423,635.1341605186462
High Mobility,60,AI,baseline,21,"['Ping-Pong: 10 UEs oscillating', 'QoS Violation: Avg High Prio SINR = -3.22 dB (Threshold: 5.0 dB)', 'Unfairness: Jain Index = 0.05']",0.049865504792266216,-34.99237823486328,-27838.31640625,-5.065666,-37.37519073486328,26.12965,0.003611098974943161,564.5714998245239
High Mobility,61,AI,baseline,18,"['Ping-Pong: 11 UEs oscillating', 'QoS Violation: Avg High Prio SINR = -8.94 dB (Threshold: 5.0 dB)', 'Unfairness: Jain Index = 0.03']",0.03333469922786086,-58.59515380859375,-35331.5078125,-8.482516,-37.499447631835935,20.142677,0.0035101851797662677,716.4316177368164
High Mobility,62,AI,baseline,18,"['Ping-Pong: 13 UEs oscillating', 'QoS Violation: Avg High Prio SINR = -11.36 dB (Threshold: 5.0 dB)', 'Unfairness: Jain Index = 0.04']",0.03531647024590137,-40.76211929321289,-28407.0234375,-5.900922,-37.37519073486328,24.836485,0.003611098974943161,576.039731502533
High Mobility,63,AI,baseline,16,"['Ping-Pong: 10 UEs oscillating', 'QoS Violation: Avg High Prio SINR = -2.21 dB (Threshold: 5.0 dB)', 'Unfairness: Jain Index = 0.03']",0.03333869606444105,-53.8678092956543,-42114.29296875,-7.7981634,-37.376825141906735,23.585676,0.0036098052165471016,853.8557887077332
High Mobility,64,AI,baseline,14,"['Ping-Pong: 7 UEs oscillating', 'QoS Violation: Avg High Prio SINR = -4.20 dB (Threshold: 5.0 dB)', 'Unfairness: Jain Index = 0.06']",0.06440513951893904,-45.459835052490234,-34606.36328125,-6.580986,-37.38995704650879,24.068262,0.0035994548932649197,701.7021775245667
High Mobility,65,AI,baseline,13,"['Ping-Pong: 9 UEs oscillating', 'QoS Violation: Avg High Prio SINR = 2.55 dB (Threshold: 5.0 dB)', 'Unfairness: Jain Index = 0.04']",0.03599194541686581,-45.31999969482422,-39264.21484375,-6.560744,-37.448777961730954,25.935925,0.003550997783895582,796.1347103118896
High Mobility,66,AI,baseline,16,"['Ping-Pong: 7 UEs oscillating', 'QoS Violation: Avg High Prio SINR = -11.41 dB (Threshold: 5.0 dB)', 'Unfairness: Jain Index = 0.05']",0.053967818508915265,-27.655906677246094,-30046.244140625,-4.0036016,-37.383820152282716,30.249163,0.0036046300549060105,609.2376112937927
High Mobility,67,AI,baseline,19,"['Ping-Pong: 6 UEs oscillating', 'QoS Violation: Avg High Prio SINR = -5.30 dB (Threshold: 5.0 dB)', 'Unfairness: Jain Index = 0.05']",0.047553883566702176,-36.81758117675781,-32778.296875,-5.3298907,-37.375270462036134,27.535273,0.003611098974943161,664.6787524223328
High Mobility,68,AI,baseline,18,"['Ping-Pong: 8 UEs oscillating', 'QoS Violation: Avg High Prio SINR = -11.58 dB (Threshold: 5.0 dB)', 'Unfairness: Jain Index = 0.10']",0.09783749759139446,13.145193099975586,-33542.8203125,1.9029613,-37.52775421142578,52.635796,0.003489484917372465,680.0355911254883
High Mobility,69,AI,baseline,20,"['Ping-Pong: 9 UEs oscillating', 'QoS Violation: Avg High Prio SINR = -4.93 dB (Threshold: 5.0 dB)', 'Unfairness: Jain Index = 0.04']",0.03772531997669216,-15.629024505615234,-23116.08203125,-2.262533,-37.37519073486328,32.12311,0.003611098974943161,468.7534272670746
High Mobility,70,AI,baseline,21,"['Ping-Pong: 11 UEs oscillating', 'QoS Violation: Avg High Prio SINR = -3.44 dB (Threshold: 5.0 dB)', 'Unfairness: Jain Index = 0.07']",0.06910186453800093,10.096046447753906,-19739.947265625,1.4615524,-37.37519073486328,46.23414,0.003611098974943161,400.3730118274689
High Mobility,71,AI,baseline,22,"['Ping-Pong: 14 UEs oscillating', 'QoS Violation: Avg High Prio SINR = 2.00 dB (Threshold: 5.0 dB)', 'Unfairness: Jain Index = 0.06']",0.0556074792756581,10.309040069580078,-24565.185546875,1.4923856,-37.37519073486328,43.71676,0.003611098974943161,498.1459677219391
High Mobility,72,AI,baseline,18,"['Ping-Pong: 13 UEs oscillating', 'QoS Violation: Avg High Prio SINR = -11.31 dB (Threshold: 5.0 dB)', 'Unfairness: Jain Index = 0.05']",0.048555267880148995,-36.66707992553711,-38925.53515625,-5.3081045,-37.37968978881836,30.588844,0.0036074529285542666,789.2665863037109
High Mobility,73,AI,baseline,16,"['Ping-Pong: 10 UEs oscillating', 'QoS Violation: Avg High Prio SINR = -5.19 dB (Threshold: 5.0 dB)', 'Unfairness: Jain Index = 0.03']",0.03334902009446795,-61.56665802001953,-35184.3671875,-8.912687,-37.37519073486328,16.294529,0.003611098974943161,713.4420871734619
High Mobility,74,AI,baseline,16,"['Ping-Pong: 10 UEs oscillating', 'QoS Violation: Avg High Prio SINR = -12.76 dB (Threshold: 5.0 dB)', 'Unfairness: Jain Index = 0.03']",0.033360508833226804,-68.42169952392578,-45919.85546875,-9.905058,-37.37519073486328,16.559507,0.003611098974943161,931.0354590415955
High Mobility,75,AI,baseline,16,"['Ping-Pong: 10 UEs oscillating', 'QoS Violation: Avg High Prio SINR = -10.06 dB (Threshold: 5.0 dB)', 'Unfairness: Jain Index = 0.08']",0.08276869652730717,-68.61177825927734,-44098.50390625,-9.932573,-37.383398818969724,14.111794,0.0036046300549060105,894.1051959991455
High Mobility,76,AI,baseline,16,"['Ping-Pong: 8 UEs oscillating', 'QoS Violation: Avg High Prio SINR = -0.70 dB (Threshold: 5.0 dB)', 'Unfairness: Jain Index = 0.04']",0.03552977633932909,-31.878292083740234,-38360.01953125,-4.614857,-37.39161396026611,29.012716,0.003598161262925714,777.8011560440063
High Mobility,77,AI,baseline,18,"['Ping-Pong: 11 UEs oscillating', 'QoS Violation: Avg High Prio SINR = -9.51 dB (Threshold: 5.0 dB)', 'Unfairness: Jain Index = 0.04']",0.03549512687010573,-29.109355926513672,-39070.03515625,-4.214011,-37.375230598449704,35.636875,0.003611098974943161,792.1887636184692
High Mobility,78,AI,baseline,17,"['Ping-Pong: 7 UEs oscillating', 'Unfairness: Jain Index = 0.14']",0.13588196490618382,61.86144256591797,-16497.326171875,8.955363,-37.37520332336426,70.21919,0.003611098974943161,334.57547426223755
High Mobility,79,AI,baseline,18,"['Ping-Pong: 9 UEs oscillating', 'QoS Violation: Avg High Prio SINR = -10.70 dB (Threshold: 5.0 dB)', 'Unfairness: Jain Index = 0.03']",0.033335057771715394,-59.934043884277344,-46020.45703125,-8.676342,-37.376872062683105,21.525867,0.0036098052165471016,933.0608248710632
High Mobility,80,AI,baseline,20,"['Ping-Pong: 11 UEs oscillating', 'QoS Violation: Avg High Prio SINR = -2.91 dB (Threshold: 5.0 dB)', 'Unfairness: Jain Index = 0.08']",0.08260000562390006,43.38965606689453,-17503.4296875,6.2812953,-37.37519073486328,60.96075,0.003611098974943161,355.01807928085327
High Mobility,81,AI,baseline,15,"['Ping-Pong: 12 UEs oscillating', 'QoS Violation: Avg High Prio SINR = -10.61 dB (Threshold: 5.0 dB)', 'Unfairness: Jain Index = 0.06']",0.05975850112905036,-23.950389862060547,-35209.98828125,-3.4671755,-37.378614807128905,33.930016,0.0036085114581510423,713.9682769775391
High Mobility,82,AI,baseline,13,"['Ping-Pong: 9 UEs oscillating', 'QoS Violation: Avg High Prio SINR = -9.08 dB (Threshold: 5.0 dB)', 'Unfairness: Jain Index = 0.03']",0.03345151434429226,-64.78749084472656,-43943.6640625,-9.37895,-37.37930488586426,17.870607,0.0036085114581510423,890.9552097320557
High Mobility,83,AI,baseline,16,"['Ping-Pong: 5 UEs oscillating', 'QoS Violation: Avg High Prio SINR = -8.56 dB (Threshold: 5.0 dB)', 'Unfairness: Jain Index = 0.06']",0.06106563990853213,-13.982431411743164,-30019.87109375,-2.0241644,-37.3788330078125,35.308468,0.0036085114581510423,608.6857914924622
High Mobility,84,AI,baseline,14,"['Ping-Pong: 5 UEs oscillating', 'QoS Violation: Avg High Prio SINR = -8.92 dB (Threshold: 5.0 dB)', 'Unfairness: Jain Index = 0.04']",0.04393439644687081,-19.34890365600586,-34692.61328125,-2.8010404,-37.37519073486328,39.169662,0.003611098974943161,703.4732699394226
High Mobility,85,AI,baseline,17,"['Ping-Pong: 7 UEs oscillating', 'QoS Violation: Avg High Prio SINR = 4.41 dB (Threshold: 5.0 dB)', 'Unfairness: Jain Index = 0.07']",0.07006279295288835,3.1170806884765625,-32140.068359375,0.45124334,-37.376420211791995,48.311874,0.0036098052165471016,651.7283916473389
High Mobility,86,AI,baseline,18,"['Ping-Pong: 8 UEs oscillating', 'QoS Violation: Avg High Prio SINR = -10.57 dB (Threshold: 5.0 dB)', 'Unfairness: Jain Index = 0.10']",0.09810279791763574,-0.8472247123718262,-33327.26953125,-0.12264887,-37.375241088867185,49.260933,0.003611098974943161,675.7853031158447
High Mobility,87,AI,baseline,18,"['Ping-Pong: 9 UEs oscillating', 'QoS Violation: Avg High Prio SINR = -10.25 dB (Threshold: 5.0 dB)', 'Unfairness: Jain Index = 0.03']",0.03334047701110509,-49.654117584228516,-39795.56640625,-7.1881704,-37.37586631774902,22.988989,0.003611098974943161,806.8073987960815
High Mobility,88,AI,baseline,16,"['Ping-Pong: 11 UEs oscillating', 'QoS Violation: Avg High Prio SINR = -9.91 dB (Threshold: 5.0 dB)', 'Unfairness: Jain Index = 0.05']",0.04826928109297842,-41.82487487792969,-44083.48046875,-6.05477,-37.37583427429199,31.40553,0.003611098974943161,893.783688545227
High Mobility,89,AI,baseline,16,"['Ping-Pong: 14 UEs oscillating', 'QoS Violation: Avg High Prio SINR = -11.23 dB (Threshold: 5.0 dB)', 'Unfairness: Jain Index = 0.03']",0.033346845407185265,-61.932167053222656,-53267.609375,-8.9656,-37.37626075744629,22.165709,0.003611098974943161,1080.0880193710327
High Mobility,90,AI,baseline,15,"['Ping-Pong: 12 UEs oscillating', 'QoS Violation: Avg High Prio SINR = -0.95 dB (Threshold: 5.0 dB)', 'Unfairness: Jain Index = 0.05']",0.04634694592862338,-39.7258186340332,-38513.73828125,-5.750901,-37.378512954711915,27.851427,0.003608746686950326,780.8970212936401
High Mobility,91,AI,baseline,16,"['Ping-Pong: 9 UEs oscillating', 'QoS Violation: Avg High Prio SINR = -10.30 dB (Threshold: 5.0 dB)', 'Unfairness: Jain Index = 0.16']",0.1623873164701998,28.477710723876953,-28827.91015625,4.1225715,-37.377048110961915,60.975452,0.0036098052165471016,584.521234035492
High Mobility,92,AI,baseline,16,"['Ping-Pong: 9 UEs oscillating', 'QoS Violation: Avg High Prio SINR = -4.24 dB (Threshold: 5.0 dB)', 'Unfairness: Jain Index = 0.07']",0.0698668181927649,-18.198040008544922,-33547.7890625,-2.6344366,-37.37519073486328,38.571987,0.003611098974943161,680.2318692207336
High Mobility,93,AI,baseline,19,"['Ping-Pong: 8 UEs oscillating', 'QoS Violation: Avg High Prio SINR = -4.88 dB (Threshold: 5.0 dB)', 'Unfairness: Jain Index = 0.14']",0.1362649119027657,36.385623931884766,-24094.109375,5.267359,-37.37639236450195,62.36302,0.003611098974943161,488.5764420032501
High Mobility,94,AI,baseline,16,"['Ping-Pong: 9 UEs oscillating', 'QoS Violation: Avg High Prio SINR = -9.17 dB (Threshold: 5.0 dB)', 'Unfairness: Jain Index = 0.07']",0.06666887072536358,-39.57339859008789,-43747.40625,-5.728835,-37.375488662719725,29.900229,0.003611098974943161,887.0277404785156
High Mobility,95,AI,baseline,16,"['Ping-Pong: 10 UEs oscillating', 'QoS Violation: Avg High Prio SINR = -9.17 dB (Threshold: 5.0 dB)', 'Unfairness: Jain Index = 0.03']",0.03333461157644715,-47.79178237915039,-33134.48828125,-6.9185686,-37.37519073486328,19.656376,0.003611098974943161,671.9356179237366
High Mobility,96,AI,baseline,19,"['Ping-Pong: 11 UEs oscillating', 'QoS Violation: Avg High Prio SINR = -0.45 dB (Threshold: 5.0 dB)', 'Unfairness: Jain Index = 0.08']",0.08269415094115741,6.627634048461914,-29527.814453125,0.9594482,-37.37519073486328,48.427967,0.003611098974943161,598.7452268600464
High Mobility,97,AI,baseline,19,"['Ping-Pong: 11 UEs oscillating', 'QoS Violation: Avg High Prio SINR = -1.04 dB (Threshold: 5.0 dB)', 'Unfairness: Jain Index = 0.10']",0.0968383222471667,4.649592399597168,-32825.37109375,0.6730976,-37.37519073486328,48.997913,0.003611098974943161,665.5813455581665
High Mobility,98,AI,baseline,19,"['Ping-Pong: 12 UEs oscillating', 'QoS Violation: Avg High Prio SINR = -4.64 dB (Threshold: 5.0 dB)', 'Unfairness: Jain Index = 0.03']",0.03336364698898592,-37.1679801940918,-38320.8203125,-5.380616,-37.37519073486328,25.247927,0.003611098974943161,777.0525813102722
High Mobility,99,AI,baseline,16,"['Ping-Pong: 13 UEs oscillating', 'QoS Violation: Avg High Prio SINR = -10.08 dB (Threshold: 5.0 dB)', 'Unfairness: Jain Index = 0.03']",0.03341783413412533,-41.03989791870117,-33424.87109375,-5.9411335,-37.37533054351807,23.171661,0.003611098974943161,677.7573227882385
High Mobility,100,AI,baseline,16,"['Ping-Pong: 11 UEs oscillating', 'QoS Violation: Avg High Prio SINR = -4.55 dB (Threshold: 5.0 dB)', 'Unfairness: Jain Index = 0.03']",0.03466163133305466,-65.82417297363281,-41525.984375,-9.529025,-37.37519073486328,14.042099,0.003611098974943161,842.0001268386841
High Mobility,101,AI,baseline,17,"['Ping-Pong: 10 UEs oscillating', 'QoS Violation: Avg High Prio SINR = -3.59 dB (Threshold: 5.0 dB)', 'Unfairness: Jain Index = 0.09']",0.09015086732296301,-5.593967437744141,-27626.20703125,-0.8098105,-37.37519073486328,38.374023,0.003611098974943161,560.2047443389893
High Mobility,102,AI,baseline,22,"['Ping-Pong: 11 UEs oscillating', 'QoS Violation: Avg High Prio SINR = -5.90 dB (Threshold: 5.0 dB)', 'Unfairness: Jain Index = 0.10']",0.10275040780306209,29.398391723632812,-15968.3974609375,4.255853,-35.93558006286621,51.84846,0.0053807873744517575,323.9038586616516
High Mobility,103,AI,baseline,17,"['Ping-Pong: 11 UEs oscillating', 'QoS Violation: Avg High Prio SINR = 2.01 dB (Threshold: 5.0 dB)', 'Unfairness: Jain Index = 0.04']",0.03550175334726133,-26.61301040649414,-32257.60546875,-3.8526285,-37.37519073486328,32.613773,0.003611098974943161,654.0977954864502
High Mobility,104,AI,baseline,18,"['Ping-Pong: 10 UEs oscillating', 'QoS Violation: Avg High Prio SINR = -6.87 dB (Threshold: 5.0 dB)', 'Unfairness: Jain Index = 0.18']",0.17833555350443323,-68.42476654052734,-38882.296875,-9.9055,-37.37519073486328,12.0769415,0.003611098974943161,788.4129285812378
High Mobility,105,AI,baseline,18,"['Ping-Pong: 11 UEs oscillating', 'QoS Violation: Avg High Prio SINR = -5.20 dB (Threshold: 5.0 dB)', 'Unfairness: Jain Index = 0.15']",0.15277922955608522,-67.89293670654297,-39069.6171875,-9.828509,-37.3753438949585,11.394076,0.003611098974943161,792.1966910362244
High Mobility,106,AI,baseline,18,"['Ping-Pong: 10 UEs oscillating', 'QoS Violation: Avg High Prio SINR = -0.69 dB (Threshold: 5.0 dB)', 'Unfairness: Jain Index = 0.04']",0.03974403466149798,-20.165111541748047,-22149.1328125,-2.9191988,-37.375509643554686,28.092161,0.003611098974943161,449.1933286190033
High Mobility,107,AI,baseline,16,"['Ping-Pong: 10 UEs oscillating', 'QoS Violation: Avg High Prio SINR = -10.18 dB (Threshold: 5.0 dB)', 'Unfairness: Jain Index = 0.26']",0.25897687581050927,-70.20831298828125,-38705.44140625,-10.163695,-37.37528896331787,11.56645,0.003611098974943161,784.817636013031
High Mobility,108,AI,baseline,17,"['Ping-Pong: 9 UEs oscillating', 'QoS Violation: Avg High Prio SINR = -5.03 dB (Threshold: 5.0 dB)', 'Unfairness: Jain Index = 0.09']",0.09464420620675217,-6.265880107879639,-27591.521484375,-0.9070797,-37.37519073486328,39.097496,0.003611098974943161,559.5483779907227
High Mobility,109,AI,baseline,18,"['Ping-Pong: 11 UEs oscillating', 'QoS Violation: Avg High Prio SINR = -7.00 dB (Threshold: 5.0 dB)', 'Unfairness: Jain Index = 0.20']",0.19621000901344635,-71.38131713867188,-39193.28515625,-10.333503,-37.375473976135254,10.108974,0.003611098974943161,794.6997284889221
High Mobility,110,AI,baseline,19,"['Ping-Pong: 12 UEs oscillating', 'QoS Violation: Avg High Prio SINR = -4.08 dB (Threshold: 5.0 dB)', 'Unfairness: Jain Index = 0.07']",0.07259512257609797,3.017500400543213,-23017.958984375,0.4368286,-37.37529354095459,42.6272,0.003611098974943161,466.80697798728943
High Mobility,111,AI,baseline,17,"['Ping-Pong: 10 UEs oscillating', 'QoS Violation: Avg High Prio SINR = -6.38 dB (Threshold: 5.0 dB)', 'Unfairness: Jain Index = 0.03']",0.03361394451491094,-36.19660568237305,-33216.73046875,-5.2399955,-37.37644748687744,27.396294,0.003611098974943161,673.4616756439209
High Mobility,112,AI,baseline,15,"['Ping-Pong: 9 UEs oscillating', 'QoS Violation: Avg High Prio SINR = -9.35 dB (Threshold: 5.0 dB)', 'Unfairness: Jain Index = 0.07']",0.06795923153239736,-16.99686050415039,-50238.53125,-2.4605477,-37.3814136505127,41.826317,0.003606394398957491,1018.5490846633911
High Mobility,113,AI,baseline,15,"['Ping-Pong: 8 UEs oscillating', 'QoS Violation: Avg High Prio SINR = -7.10 dB (Threshold: 5.0 dB)', 'Unfairness: Jain Index = 0.04']",0.040072259948643406,-33.87729263305664,-32883.59375,-4.904239,-37.37520542144775,27.576508,0.003611098974943161,666.8024063110352
High Mobility,114,AI,baseline,16,"['Ping-Pong: 7 UEs oscillating', 'QoS Violation: Avg High Prio SINR = -9.26 dB (Threshold: 5.0 dB)', 'Unfairness: Jain Index = 0.06']",0.05604076988197124,-31.7274169921875,-35642.03515625,-4.5930147,-37.375713157653806,33.988102,0.003611098974943161,722.7140069007874
High Mobility,115,AI,baseline,20,"['Ping-Pong: 10 UEs oscillating', 'QoS Violation: Avg High Prio SINR = -6.56 dB (Threshold: 5.0 dB)', 'Unfairness: Jain Index = 0.07']",0.06842511523577711,-29.185836791992188,-33613.859375,-4.225082,-37.37711753845215,33.57041,0.0036098052165471016,681.6014051437378
High Mobility,116,AI,baseline,21,"['Ping-Pong: 11 UEs oscillating', 'QoS Violation: Avg High Prio SINR = 0.87 dB (Threshold: 5.0 dB)', 'Unfairness: Jain Index = 0.10']",0.10041206508785717,16.311166763305664,-25702.998046875,2.361283,-37.37519073486328,51.59704,0.003611098974943161,521.1837291717529
High Mobility,117,AI,baseline,14,"['Ping-Pong: 13 UEs oscillating', 'QoS Violation: Avg High Prio SINR = -9.68 dB (Threshold: 5.0 dB)', 'Unfairness: Jain Index = 0.13']",0.1292289011052495,-78.72799682617188,-46375.23828125,-11.397047,-37.37546634674072,10.334807,0.003611098974943161,940.3125047683716
High Mobility,118,AI,baseline,20,"['Ping-Pong: 11 UEs oscillating', 'QoS Violation: Avg High Prio SINR = -2.90 dB (Threshold: 5.0 dB)', 'Unfairness: Jain Index = 0.07']",0.07130323261145807,-15.959053039550781,-32833.828125,-2.31031,-37.37556419372559,35.64797,0.003611098974943161,665.7878160476685
High Mobility,119,AI,baseline,22,"['Ping-Pong: 12 UEs oscillating', 'QoS Violation: Avg High Prio SINR = -2.96 dB (Threshold: 5.0 dB)', 'Unfairness: Jain Index = 0.06']",0.05705255848628576,-19.729354858398438,-28114.69921875,-2.856117,-37.37519073486328,34.01775,0.003611098974943161,570.1500177383423
High Mobility,120,AI,baseline,15,"['Ping-Pong: 10 UEs oscillating', 'QoS Violation: Avg High Prio SINR = -2.65 dB (Threshold: 5.0 dB)', 'Unfairness: Jain Index = 0.04']",0.03651423244482931,-39.59440994262695,-29795.5546875,-5.731879,-37.37519073486328,25.685362,0.003611098974943161,604.2276620864868
High Mobility,121,AI,baseline,17,"['Ping-Pong: 12 UEs oscillating', 'QoS Violation: Avg High Prio SINR = -9.80 dB (Threshold: 5.0 dB)', 'Unfairness: Jain Index = 0.03']",0.03333394583819603,-68.00206756591797,-44366.65625,-9.844309,-37.3944595336914,16.765276,0.003595573746133596,899.5406031608582
High Mobility,122,AI,baseline,23,"['Ping-Pong: 12 UEs oscillating', 'QoS Violation: Avg High Prio SINR = 2.72 dB (Threshold: 5.0 dB)', 'Unfairness: Jain Index = 0.06']",0.056707439189495494,-9.807013511657715,-29648.408203125,-1.4197108,-37.375950241088866,36.950554,0.003611098974943161,601.1617183685303
High Mobility,123,AI,baseline,17,"['Ping-Pong: 12 UEs oscillating', 'QoS Violation: Avg High Prio SINR = -2.14 dB (Threshold: 5.0 dB)', 'Unfairness: Jain Index = 0.07']",0.06935202246280496,8.095511436462402,-19373.23046875,1.1719458,-37.37519073486328,42.55692,0.003611098974943161,392.9194211959839
High Mobility,124,AI,baseline,22,"['Ping-Pong: 14 UEs oscillating', 'QoS Violation: Avg High Prio SINR = 4.89 dB (Threshold: 5.0 dB)', 'Unfairness: Jain Index = 0.10']",0.10268138718894552,32.395328521728516,-16668.576171875,4.6897044,-37.37519073486328,52.305508,0.003611098974943161,338.11187744140625
High Mobility,125,AI,baseline,18,"['Ping-Pong: 10 UEs oscillating', 'QoS Violation: Avg High Prio SINR = -1.43 dB (Threshold: 5.0 dB)', 'Unfairness: Jain Index = 0.07']",0.07115929028048616,2.661980390548706,-26727.822265625,0.3853609,-37.37519073486328,46.285583,0.003611098974943161,542.0092344284058
High Mobility,126,AI,baseline,16,"['Ping-Pong: 11 UEs oscillating', 'QoS Violation: Avg High Prio SINR = -3.81 dB (Threshold: 5.0 dB)', 'Unfairness: Jain Index = 0.03']",0.03333456025371111,-60.406734466552734,-39388.421875,-8.744772,-37.37519073486328,19.615215,0.003611098974943161,798.6853718757629
High Mobility,127,AI,baseline,16,"['Ping-Pong: 9 UEs oscillating', 'QoS Violation: Avg High Prio SINR = -7.68 dB (Threshold: 5.0 dB)', 'Unfairness: Jain Index = 0.13']",0.1336589687918608,11.305577278137207,-23595.712890625,1.6366502,-37.37519073486328,51.89739,0.003611098974943161,478.4884750843048
High Mobility,128,AI,baseline,20,"['Ping-Pong: 10 UEs oscillating', 'QoS Violation: Avg High Prio SINR = -10.54 dB (Threshold: 5.0 dB)', 'Unfairness: Jain Index = 0.07']",0.06666762844560573,-39.68355941772461,-30237.044921875,-5.744784,-37.37519073486328,28.373697,0.003611098974943161,613.1699681282043
High Mobility,129,AI,baseline,19,"['Ping-Pong: 12 UEs oscillating', 'QoS Violation: Avg High Prio SINR = -3.05 dB (Threshold: 5.0 dB)', 'Unfairness: Jain Index = 0.07']",0.06666743783053314,-35.547786712646484,-28821.0,-5.1460695,-37.37519073486328,27.784075,0.003611098974943161,584.465742111206
High Mobility,130,AI,baseline,21,"['Ping-Pong: 15 UEs oscillating', 'QoS Violation: Avg High Prio SINR = 3.95 dB (Threshold: 5.0 dB)', 'Unfairness: Jain Index = 0.08']",0.08149034362779838,19.886327743530273,-18044.177734375,2.8788407,-37.37519073486328,50.80572,0.003611098974943161,365.949809551239
High Mobility,131,AI,baseline,15,"['Ping-Pong: 10 UEs oscillating', 'QoS Violation: Avg High Prio SINR = -11.91 dB (Threshold: 5.0 dB)', 'Unfairness: Jain Index = 0.03']",0.03333515308116569,-46.89802551269531,-33560.2578125,-6.789185,-37.37519073486328,21.888294,0.003611098974943161,680.5225014686584
High Mobility,132,AI,baseline,21,"['Ping-Pong: 11 UEs oscillating', 'QoS Violation: Avg High Prio SINR = -3.81 dB (Threshold: 5.0 dB)', 'Unfairness: Jain Index = 0.03']",0.03363838945048526,-28.545284271240234,-33027.37109375,-4.1323543,-37.37519073486328,25.992775,0.003611098974943161,669.7081327438354
High Mobility,133,AI,baseline,16,"['Ping-Pong: 10 UEs oscillating', 'QoS Violation: Avg High Prio SINR = -4.81 dB (Threshold: 5.0 dB)', 'Unfairness: Jain Index = 0.07']",0.06678697720941934,-11.621621131896973,-27562.3203125,-1.6824023,-37.382443046569826,33.40026,0.0036059240694157777,558.8672757148743
High Mobility,134,AI,baseline,20,"['Ping-Pong: 12 UEs oscillating', 'QoS Violation: Avg High Prio SINR = -4.69 dB (Threshold: 5.0 dB)', 'Unfairness: Jain Index = 0.08']",0.08175841577006746,-10.600303649902344,-25908.943359375,-1.5345514,-37.37519073486328,38.580097,0.003611098974943161,525.4330039024353
High Mobility,135,AI,baseline,17,"['Ping-Pong: 9 UEs oscillating', 'QoS Violation: Avg High Prio SINR = -11.71 dB (Threshold: 5.0 dB)', 'Unfairness: Jain Index = 0.07']",0.06592748645451799,-34.186981201171875,-39376.015625,-4.949073,-37.376168441772464,31.307861,0.003611098974943161,798.3564138412476
High Mobility,136,AI,baseline,18,"['Ping-Pong: 10 UEs oscillating', 'QoS Violation: Avg High Prio SINR = -5.96 dB (Threshold: 5.0 dB)', 'Unfairness: Jain Index = 0.07']",0.06531404901639945,-25.43631362915039,-32885.484375,-3.6822844,-37.37519073486328,30.767036,0.003611098974943161,666.8713092803955
High Mobility,137,AI,baseline,19,"['Ping-Pong: 9 UEs oscillating', 'QoS Violation: Avg High Prio SINR = -3.67 dB (Threshold: 5.0 dB)', 'Unfairness: Jain Index = 0.07']",0.06667169771840836,-34.1909065246582,-27702.1640625,-4.949641,-37.37519073486328,22.901867,0.003611098974943161,561.7952942848206
High Mobility,138,AI,baseline,19,"['Ping-Pong: 9 UEs oscillating', 'QoS Violation: Avg High Prio SINR = -12.53 dB (Threshold: 5.0 dB)', 'Unfairness: Jain Index = 0.03']",0.03333405476147652,-54.24892807006836,-34736.16796875,-7.853338,-37.37519073486328,17.798021,0.003611098974943161,704.3794393539429
High Mobility,139,AI,baseline,19,"['Ping-Pong: 9 UEs oscillating', 'QoS Violation: Avg High Prio SINR = -9.06 dB (Threshold: 5.0 dB)', 'Unfairness: Jain Index = 0.03']",0.033334526764415104,-32.99846267700195,-27360.041015625,-4.777016,-37.37519073486328,20.462246,0.003611098974943161,554.8641681671143
High Mobility,140,AI,baseline,17,"['Ping-Pong: 12 UEs oscillating', 'QoS Violation: Avg High Prio SINR = -6.83 dB (Threshold: 5.0 dB)', 'Unfairness: Jain Index = 0.10']",0.09585696263477628,2.055004119873047,-27358.05859375,0.29749167,-37.37519073486328,43.11183,0.003611098974943161,554.8089742660522
High Mobility,141,AI,baseline,21,"['Ping-Pong: 14 UEs oscillating', 'QoS Violation: Avg High Prio SINR = -3.56 dB (Threshold: 5.0 dB)', 'Unfairness: Jain Index = 0.11']",0.10641372085522098,31.63292694091797,-22273.705078125,4.579335,-37.37519073486328,54.589,0.003611098974943161,451.7180025577545
High Mobility,142,AI,baseline,22,"['Ping-Pong: 14 UEs oscillating', 'QoS Violation: Avg High Prio SINR = -4.54 dB (Threshold: 5.0 dB)', 'Unfairness: Jain Index = 0.07']",0.0692804275956883,-13.79047966003418,-27835.134765625,-1.9963771,-37.37519073486328,35.842457,0.003611098974943161,564.4815564155579
High Mobility,143,AI,baseline,21,"['Ping-Pong: 17 UEs oscillating', 'QoS Violation: Avg High Prio SINR = -10.05 dB (Threshold: 5.0 dB)', 'Unfairness: Jain Index = 0.06']",0.06257701379059505,-14.392426490783691,-22057.271484375,-2.0835178,-37.37519073486328,29.135,0.003611098974943161,447.3182260990143
High Mobility,144,AI,baseline,17,"['Ping-Pong: 14 UEs oscillating', 'QoS Violation: Avg High Prio SINR = -4.96 dB (Threshold: 5.0 dB)', 'Unfairness: Jain Index = 0.03']",0.03371404000906534,-24.164236068725586,-27526.72265625,-3.4981308,-37.37519073486328,27.324965,0.003611098974943161,558.2345128059387
High Mobility,145,AI,baseline,21,"['Ping-Pong: 12 UEs oscillating', 'QoS Violation: Avg High Prio SINR = -9.53 dB (Threshold: 5.0 dB)', 'Unfairness: Jain Index = 0.03']",0.03333527797977057,-30.282995223999023,-27354.53515625,-4.3839126,-37.37519073486328,21.216906,0.003611098974943161,554.7522902488708
High Mobility,146,AI,baseline,23,"['Ping-Pong: 11 UEs oscillating', 'QoS Violation: Avg High Prio SINR = -1.18 dB (Threshold: 5.0 dB)', 'Unfairness: Jain Index = 0.09']",0.08745017639870745,6.957511901855469,-21887.671875,1.007203,-37.37519073486328,39.177177,0.003611098974943161,443.920761346817
High Mobility,147,AI,baseline,21,"['Ping-Pong: 13 UEs oscillating', 'QoS Violation: Avg High Prio SINR = -7.45 dB (Threshold: 5.0 dB)', 'Unfairness: Jain Index = 0.03']",0.03333755855328652,-29.00918960571289,-27852.416015625,-4.1995106,-37.37519073486328,21.405233,0.003611098974943161,564.815878868103
High Mobility,148,AI,baseline,23,"['Ping-Pong: 16 UEs oscillating', 'QoS Violation: Avg High Prio SINR = -12.60 dB (Threshold: 5.0 dB)', 'Unfairness: Jain Index = 0.08']",0.07539046726006289,-13.092659950256348,-23178.33203125,-1.8953568,-37.37519073486328,35.49079,0.003611098974943161,470.08639574050903
High Mobility,149,AI,baseline,21,"['Ping-Pong: 14 UEs oscillating', 'QoS Violation: Avg High Prio SINR = -13.74 dB (Threshold: 5.0 dB)', 'Unfairness: Jain Index = 0.07']",0.06666776459939584,-25.96065330505371,-31315.078125,-3.7581894,-37.37519073486328,29.008556,0.003611098974943161,634.9994540214539
High Mobility,150,AI,baseline,18,"['Ping-Pong: 13 UEs oscillating', 'QoS Violation: Avg High Prio SINR = 1.70 dB (Threshold: 5.0 dB)', 'Unfairness: Jain Index = 0.09']",0.09361792752554428,7.79955530166626,-27353.130859375,1.1291009,-37.37519073486328,45.237617,0.003611098974943161,554.7025799751282
High Mobility,151,AI,baseline,20,"['Ping-Pong: 9 UEs oscillating', 'QoS Violation: Avg High Prio SINR = -1.23 dB (Threshold: 5.0 dB)', 'Unfairness: Jain Index = 0.13']",0.12562154996127087,38.95929718017578,-16429.369140625,5.6399355,-37.37519073486328,55.448284,0.003611098974943161,333.2640826702118
High Mobility,152,AI,baseline,19,"['Ping-Pong: 8 UEs oscillating', 'QoS Violation: Avg High Prio SINR = -5.38 dB (Threshold: 5.0 dB)', 'Unfairness: Jain Index = 0.08']",0.0813553156684002,-17.497173309326172,-32828.73046875,-2.5329752,-37.37519073486328,36.03325,0.003611098974943161,665.701150894165
High Mobility,153,AI,baseline,20,"['Ping-Pong: 10 UEs oscillating', 'QoS Violation: Avg High Prio SINR = -5.34 dB (Threshold: 5.0 dB)', 'Unfairness: Jain Index = 0.05']",0.048424769860483594,-27.02313995361328,-33905.76953125,-3.912001,-37.37589778900146,28.100554,0.003611098974943161,687.5143647193909
High Mobility,154,AI,baseline,23,"['Ping-Pong: 13 UEs oscillating', 'Unfairness: Jain Index = 0.12']",0.12407174610788041,47.886009216308594,-16471.5078125,6.9322085,-37.37519073486328,60.430035,0.003611098974943161,334.1071307659149
High Mobility,155,AI,baseline,19,"['Ping-Pong: 14 UEs oscillating', 'QoS Violation: Avg High Prio SINR = -11.24 dB (Threshold: 5.0 dB)', 'Unfairness: Jain Index = 0.04']",0.04324779561123355,-19.627059936523438,-27730.505859375,-2.841308,-37.37519073486328,30.252413,0.003611098974943161,562.3798966407776
High Mobility,156,AI,baseline,20,"['Ping-Pong: 11 UEs oscillating', 'Unfairness: Jain Index = 0.07']",0.0711123933202708,-2.129110336303711,-27352.1640625,-0.30822042,-37.37519073486328,38.3543,0.003611098974943161,554.6879172325134
High Mobility,157,AI,baseline,24,"['Ping-Pong: 13 UEs oscillating', 'QoS Violation: Avg High Prio SINR = 1.05 dB (Threshold: 5.0 dB)', 'Unfairness: Jain Index = 0.14']",0.1375933952292422,53.02141571044922,-16415.1875,7.675636,-37.37519073486328,61.096973,0.003611098974943161,332.96528458595276
High Mobility,158,AI,baseline,20,"['Ping-Pong: 15 UEs oscillating', 'QoS Violation: Avg High Prio SINR = -1.68 dB (Threshold: 5.0 dB)', 'Unfairness: Jain Index = 0.07']",0.06875565285115552,-4.571565628051758,-27354.033203125,-0.6618026,-37.37519073486328,37.210632,0.003611098974943161,554.72731590271
High Mobility,159,AI,baseline,19,"['Ping-Pong: 12 UEs oscillating', 'QoS Violation: Avg High Prio SINR = 4.47 dB (Threshold: 5.0 dB)', 'Unfairness: Jain Index = 0.07']",0.06972721074269275,-8.789661407470703,-27441.05859375,-1.2724341,-37.37519073486328,37.301064,0.003611098974943161,556.4862489700317
High Mobility,160,AI,baseline,18,"['Ping-Pong: 10 UEs oscillating', 'QoS Violation: Avg High Prio SINR = -0.82 dB (Threshold: 5.0 dB)', 'Unfairness: Jain Index = 0.07']",0.06667026985394836,-22.368715286254883,-33755.51953125,-3.2382035,-37.37519073486328,33.877556,0.003611098974943161,684.4857335090637
High Mobility,161,AI,baseline,16,"['Ping-Pong: 10 UEs oscillating', 'QoS Violation: Avg High Prio SINR = 1.92 dB (Threshold: 5.0 dB)', 'Unfairness: Jain Index = 0.07']",0.06743269147912898,-17.72255516052246,-28709.728515625,-2.5656028,-37.37519073486328,34.89447,0.003611098974943161,582.2094678878784
High Mobility,162,AI,baseline,17,"['Ping-Pong: 9 UEs oscillating', 'QoS Violation: Avg High Prio SINR = -13.49 dB (Threshold: 5.0 dB)', 'Unfairness: Jain Index = 0.05']",0.052614991594749166,-31.713459014892578,-29820.322265625,-4.5909934,-37.37519073486328,26.811754,0.003611098974943161,604.6972274780273
High Mobility,163,AI,baseline,20,"['Ping-Pong: 10 UEs oscillating', 'QoS Violation: Avg High Prio SINR = -5.67 dB (Threshold: 5.0 dB)', 'Unfairness: Jain Index = 0.06']",0.06237388060190609,-42.07351303100586,-38932.1328125,-6.090764,-37.379760360717775,25.761772,0.003607217827811837,789.386510848999
High Mobility,164,AI,baseline,24,"['Ping-Pong: 13 UEs oscillating', 'Unfairness: Jain Index = 0.06']",0.05765285248377915,24.011722564697266,-16428.365234375,3.4760525,-37.37519073486328,45.46523,0.003611098974943161,333.24769139289856
High Mobility,165,AI,baseline,20,"['Ping-Pong: 14 UEs oscillating', 'QoS Violation: Avg High Prio SINR = 3.33 dB (Threshold: 5.0 dB)', 'Unfairness: Jain Index = 0.07']",0.06666732890775687,-38.89560317993164,-38296.9375,-5.6307154,-37.37519073486328,26.972084,0.003611098974943161,776.5291333198547
High Mobility,166,AI,baseline,23,"['Ping-Pong: 15 UEs oscillating', 'QoS Violation: Avg High Prio SINR = -9.80 dB (Threshold: 5.0 dB)', 'Unfairness: Jain Index = 0.05']",0.05152589165642482,-18.67763900756836,-27355.76953125,-2.7038655,-37.37519073486328,28.618147,0.003611098974943161,554.7720193862915
High Mobility,167,AI,baseline,21,"['Ping-Pong: 14 UEs oscillating', 'QoS Violation: Avg High Prio SINR = 3.41 dB (Threshold: 5.0 dB)', 'Unfairness: Jain Index = 0.06']",0.06489481293874237,-32.11090087890625,-32851.5546875,-4.6485295,-37.37519073486328,27.065859,0.003611098974943161,666.1523580551147
High Mobility,168,AI,baseline,16,"['Ping-Pong: 13 UEs oscillating', 'QoS Violation: Avg High Prio SINR = -10.92 dB (Threshold: 5.0 dB)', 'Unfairness: Jain Index = 0.03']",0.033344879310364055,-47.480743408203125,-32827.84375,-6.873542,-37.37519073486328,17.287626,0.003611098974943161,665.7044887542725
High Mobility,169,AI,baseline,18,"['Ping-Pong: 13 UEs oscillating', 'QoS Violation: Avg High Prio SINR = -10.03 dB (Threshold: 5.0 dB)']",0.47797188503366655,-56.61408996582031,-30467.23046875,-8.195729,-37.37519073486328,10.950181,0.003611098974943161,617.8519129753113
High Mobility,170,AI,baseline,18,"['Ping-Pong: 11 UEs oscillating', 'QoS Violation: Avg High Prio SINR = 2.01 dB (Threshold: 5.0 dB)', 'Unfairness: Jain Index = 0.06']",0.0587801942809446,-24.041749954223633,-27356.705078125,-3.4804006,-37.37519073486328,25.347752,0.003611098974943161,554.7903776168823
High Mobility,171,AI,baseline,22,"['Ping-Pong: 11 UEs oscillating', 'QoS Violation: Avg High Prio SINR = 3.76 dB (Threshold: 5.0 dB)', 'Unfairness: Jain Index = 0.07']",0.06909106716581835,19.43488883972168,-21885.126953125,2.8134882,-37.37519073486328,46.197083,0.003611098974943161,443.85939836502075
High Mobility,172,AI,baseline,22,"['Ping-Pong: 12 UEs oscillating', 'Unfairness: Jain Index = 0.04']",0.04112709548542701,-2.5017664432525635,-21937.8203125,-0.36216775,-37.37519073486328,35.85517,0.003611098974943161,444.9363350868225
High Mobility,173,AI,baseline,22,"['Ping-Pong: 14 UEs oscillating', 'QoS Violation: Avg High Prio SINR = -4.95 dB (Threshold: 5.0 dB)', 'Unfairness: Jain Index = 0.11']",0.10746928575904416,8.385903358459473,-21955.68359375,1.213984,-37.37519073486328,44.459457,0.003611098974943161,445.298969745636
High Mobility,174,AI,baseline,20,"['Ping-Pong: 17 UEs oscillating', 'QoS Violation: Avg High Prio SINR = -5.18 dB (Threshold: 5.0 dB)', 'Unfairness: Jain Index = 0.03']",0.03333498515508281,-57.04617691040039,-40635.80859375,-8.25828,-37.37519073486328,19.938282,0.003611098974943161,823.9611387252808
High Mobility,175,AI,baseline,21,"['Ping-Pong: 18 UEs oscillating', 'QoS Violation: Avg High Prio SINR = -5.42 dB (Threshold: 5.0 dB)', 'Unfairness: Jain Index = 0.07']",0.06922477529399816,-16.06614112854004,-27556.88671875,-2.3258126,-37.37519073486328,34.703533,0.003611098974943161,558.8449239730835
High Mobility,176,AI,baseline,21,"['Ping-Pong: 17 UEs oscillating', 'QoS Violation: Avg High Prio SINR = 0.26 dB (Threshold: 5.0 dB)', 'Unfairness: Jain Index = 0.07']",0.0664745441659767,-21.7012996673584,-32817.57421875,-3.1415863,-37.37519073486328,31.516163,0.003611098974943161,665.4803156852722
High Mobility,177,AI,baseline,22,"['Ping-Pong: 17 UEs oscillating', 'QoS Violation: Avg High Prio SINR = -3.19 dB (Threshold: 5.0 dB)', 'Unfairness: Jain Index = 0.07']",0.06666751044576676,-29.571971893310547,-32903.32421875,-4.280982,-37.37519073486328,28.495955,0.003611098974943161,667.2248840332031
High Mobility,178,AI,baseline,21,"['Ping-Pong: 17 UEs oscillating', 'QoS Violation: Avg High Prio SINR = -5.89 dB (Threshold: 5.0 dB)', 'Unfairness: Jain Index = 0.03']",0.03404048856967335,-33.6817512512207,-38278.0546875,-4.875933,-37.37519073486328,28.11063,0.003611098974943161,776.1626839637756
High Mobility,179,AI,baseline,17,"['Ping-Pong: 14 UEs oscillating', 'QoS Violation: Avg High Prio SINR = -13.47 dB (Threshold: 5.0 dB)', 'Unfairness: Jain Index = 0.03']",0.03333458972161429,-65.70274353027344,-39347.37890625,-9.511447,-37.37519073486328,15.984613,0.003611098974943161,797.859787940979
High Mobility,180,AI,baseline,18,"['Ping-Pong: 11 UEs oscillating', 'QoS Violation: Avg High Prio SINR = -5.16 dB (Threshold: 5.0 dB)', 'Unfairness: Jain Index = 0.03']",0.033340982070210086,-57.27052307128906,-39367.5,-8.290758,-37.37519073486328,16.760073,0.003611098974943161,798.2695698738098
High Mobility,181,AI,baseline,19,"['Ping-Pong: 10 UEs oscillating', 'QoS Violation: Avg High Prio SINR = -3.34 dB (Threshold: 5.0 dB)', 'Unfairness: Jain Index = 0.04']",0.03553188189669725,-15.968083381652832,-27355.166015625,-2.3116174,-37.37519073486328,30.583405,0.003611098974943161,554.7564029693604
High Mobility,182,AI,baseline,17,"['Ping-Pong: 8 UEs oscillating', 'QoS Violation: Avg High Prio SINR = -1.84 dB (Threshold: 5.0 dB)', 'Unfairness: Jain Index = 0.03']",0.033334735536011545,-51.1126594543457,-38755.80859375,-7.399316,-37.37519073486328,21.182222,0.003611098974943161,785.859227180481
High Mobility,183,AI,baseline,20,"['Ping-Pong: 10 UEs oscillating', 'QoS Violation: Avg High Prio SINR = -11.49 dB (Threshold: 5.0 dB)', 'Unfairness: Jain Index = 0.09']",0.08884511727092251,-10.8770112991333,-31258.79296875,-1.5746089,-37.37519073486328,38.053356,0.003611098974943161,633.8773965835571
High Mobility,184,AI,baseline,17,"['Ping-Pong: 10 UEs oscillating', 'QoS Violation: Avg High Prio SINR = -13.42 dB (Threshold: 5.0 dB)', 'Unfairness: Jain Index = 0.07']",0.06666802783045096,-37.0350227355957,-38597.42578125,-5.3613696,-37.37519073486328,28.376564,0.003611098974943161,782.6046347618103
High Mobility,185,AI,baseline,22,"['Ping-Pong: 13 UEs oscillating', 'QoS Violation: Avg High Prio SINR = 0.14 dB (Threshold: 5.0 dB)', 'Unfairness: Jain Index = 0.10']",0.10000130846141486,0.6934969425201416,-27353.462890625,0.100394346,-37.37519073486328,40.145077,0.003611098974943161,554.7075271606445
High Mobility,186,AI,baseline,19,"['Ping-Pong: 12 UEs oscillating', 'QoS Violation: Avg High Prio SINR = -2.78 dB (Threshold: 5.0 dB)', 'Unfairness: Jain Index = 0.04']",0.03867352528982031,-40.032630920410156,-38294.3828125,-5.7953176,-37.37519073486328,26.938887,0.003611098974943161,776.5046954154968
High Mobility,187,AI,baseline,21,"['Ping-Pong: 14 UEs oscillating', 'QoS Violation: Avg High Prio SINR = -1.12 dB (Threshold: 5.0 dB)', 'Unfairness: Jain Index = 0.07']",0.06527170294711808,0.15977978706359863,-27389.703125,0.023130147,-37.37519073486328,40.39592,0.003611098974943161,555.4324984550476
High Mobility,188,AI,baseline,21,"['Ping-Pong: 13 UEs oscillating', 'QoS Violation: Avg High Prio SINR = 2.94 dB (Threshold: 5.0 dB)', 'Unfairness: Jain Index = 0.09']",0.08620235663408272,-8.192008972167969,-27428.724609375,-1.1859142,-37.37519073486328,37.690178,0.003611098974943161,556.2432408332825
High Mobility,189,AI,baseline,23,"['Ping-Pong: 16 UEs oscillating', 'QoS Violation: Avg High Prio SINR = 4.16 dB (Threshold: 5.0 dB)', 'Unfairness: Jain Index = 0.07']",0.06927483888581171,-0.5235080718994141,-22274.0,-0.07578557,-37.37519073486328,38.763535,0.003611098974943161,451.74968242645264
High Mobility,190,AI,baseline,21,"['Ping-Pong: 16 UEs oscillating', 'QoS Violation: Avg High Prio SINR = -8.67 dB (Threshold: 5.0 dB)', 'Unfairness: Jain Index = 0.03']",0.03471032381048189,-62.79535675048828,-39915.41015625,-9.090559,-37.37519073486328,16.227549,0.003611098974943161,809.3646764755249
High Mobility,191,AI,baseline,20,"['Ping-Pong: 12 UEs oscillating', 'QoS Violation: Avg High Prio SINR = 3.41 dB (Threshold: 5.0 dB)', 'Unfairness: Jain Index = 0.06']",0.05680881241853169,31.953407287597656,-19611.234375,4.625729,-37.37519073486328,54.95059,0.003611098974943161,397.7597951889038
High Mobility,192,AI,baseline,17,"['Ping-Pong: 11 UEs oscillating', 'QoS Violation: Avg High Prio SINR = -7.18 dB (Threshold: 5.0 dB)', 'Unfairness: Jain Index = 0.06']",0.05567107822572665,-18.692564010620117,-32844.46875,-2.7060268,-37.37519073486328,34.91065,0.003611098974943161,666.019856929779
High Mobility,193,AI,baseline,15,"['Ping-Pong: 9 UEs oscillating', 'QoS Violation: Avg High Prio SINR = -15.34 dB (Threshold: 5.0 dB)', 'Unfairness: Jain Index = 0.07']",0.0666673924460322,-47.84538650512695,-38412.14453125,-6.9263296,-37.37519073486328,26.345757,0.003611098974943161,778.9122462272644
High Mobility,194,AI,baseline,18,"['Ping-Pong: 8 UEs oscillating', 'QoS Violation: Avg High Prio SINR = 0.72 dB (Threshold: 5.0 dB)', 'Unfairness: Jain Index = 0.05']",0.04819169348895761,-24.665782928466797,-32976.55859375,-3.5707388,-37.37519073486328,33.34434,0.003611098974943161,668.7052249908447
High Mobility,195,AI,baseline,19,"['Ping-Pong: 9 UEs oscillating', 'QoS Violation: Avg High Prio SINR = 2.29 dB (Threshold: 5.0 dB)', 'Unfairness: Jain Index = 0.13']",0.12652997202735736,7.565362453460693,-27544.283203125,1.0951978,-37.37519073486328,47.87965,0.003611098974943161,558.5758686065674
High Mobility,196,AI,baseline,15,"['Ping-Pong: 9 UEs oscillating', 'QoS Violation: Avg High Prio SINR = -8.34 dB (Threshold: 5.0 dB)', 'Unfairness: Jain Index = 0.03']",0.03334236957698575,-65.62609100341797,-39231.29296875,-9.500351,-37.37519073486328,15.679901,0.003611098974943161,795.4774498939514
High Mobility,197,AI,baseline,17,"['Ping-Pong: 8 UEs oscillating', 'QoS Violation: Avg High Prio SINR = -14.63 dB (Threshold: 5.0 dB)', 'Unfairness: Jain Index = 0.07']",0.07187356283580458,-17.065519332885742,-38223.89453125,-2.4704874,-37.37519073486328,38.905777,0.003611098974943161,775.0227451324463
High Mobility,198,AI,baseline,14,"['Ping-Pong: 8 UEs oscillating', 'QoS Violation: Avg High Prio SINR = -15.22 dB (Threshold: 5.0 dB)', 'Unfairness: Jain Index = 0.03']",0.03333396399206375,-69.37031555175781,-44469.9765625,-10.04238,-37.37620620727539,17.027239,0.003611098974943161,901.6354084014893
High Mobility,199,AI,baseline,18,"['Ping-Pong: 10 UEs oscillating', 'QoS Violation: Avg High Prio SINR = -0.81 dB (Threshold: 5.0 dB)', 'Unfairness: Jain Index = 0.07']",0.07057164395306938,-18.147197723388672,-31602.2109375,-2.6270757,-37.37519073486328,34.725376,0.003611098974943161,640.8275365829468
High Mobility,0,AI,utility,22,['Unfairness: Jain Index = 0.08'],0.0796097134377414,33.64347839355469,-32.15409469604492,4.870393,-6.465890598297119,33.15929,4.033436059951782,0.8823609095998108
High Mobility,1,AI,utility,27,"['QoS Violation: Avg High Prio SINR = 2.89 dB (Threshold: 5.0 dB)', 'Unfairness: Jain Index = 0.12']",0.11759101290116152,22.594999313354492,-39.343170166015625,3.2709615,-5.094465804100037,29.06957,5.336982178688049,1.0406271321699023
High Mobility,2,AI,utility,28,['Unfairness: Jain Index = 0.15'],0.1531512359572881,47.61222839355469,-21.64983367919922,6.8925767,-4.752891325950622,39.649593,5.722319459915162,0.6561374757438898
High Mobility,3,AI,utility,25,"['Ping-Pong: 25 UEs oscillating', 'Unfairness: Jain Index = 0.05']",0.050079472078090354,53.91460418701172,-24.566295623779297,7.8049374,-3.7289476871490477,44.7082,6.987281799316406,0.7130348240025342
High Mobility,4,AI,utility,28,"['Ping-Pong: 24 UEs oscillating', 'QoS Violation: Avg High Prio SINR = 4.11 dB (Threshold: 5.0 dB)', 'Unfairness: Jain Index = 0.06']",0.059705599769483975,42.53712844848633,-36.022457122802734,6.15788,-6.748917365074157,39.76639,3.7989610195159913,0.9544854983687401
High Mobility,5,AI,utility,28,"['Ping-Pong: 24 UEs oscillating', 'Unfairness: Jain Index = 0.07']",0.06516377071426,58.11099624633789,-21.116165161132812,8.412428,-4.83740885257721,46.563663,5.606505560874939,0.6416785181500018
High Mobility,6,AI,utility,23,"['Ping-Pong: 21 UEs oscillating', 'Unfairness: Jain Index = 0.06']",0.05736020252122622,38.635005950927734,-29.447206497192383,5.5929894,-5.407805490493774,36.21969,5.007160639762879,0.8229095255956054
High Mobility,7,AI,utility,24,"['Ping-Pong: 17 UEs oscillating', 'Unfairness: Jain Index = 0.05']",0.051625092017656894,40.251827239990234,-22.035547256469727,5.8270483,-2.910591518878937,35.771973,8.159842538833619,0.6739553646184504
High Mobility,8,AI,utility,26,"['Ping-Pong: 17 UEs oscillating', 'QoS Violation: Avg High Prio SINR = 3.31 dB (Threshold: 5.0 dB)', 'Unfairness: Jain Index = 0.22']",0.22000227870727937,28.555810928344727,-33.77362823486328,4.1338763,-5.588352227210998,30.49949,4.839539909362793,0.9189146803691983
High Mobility,9,AI,utility,20,"['Ping-Pong: 16 UEs oscillating', 'Unfairness: Jain Index = 0.11']",0.11396728357486706,30.939762115478516,-27.903682708740234,4.478989,-4.455582165718079,30.905212,6.04722409248352,0.7998130167834461
High Mobility,10,AI,utility,24,"['Ping-Pong: 16 UEs oscillating', 'Unfairness: Jain Index = 0.04']",0.03573956950976958,67.37381744384766,-17.282262802124023,9.753358,-3.675980734825134,51.318604,7.118270206451417,0.5537404213100672
High Mobility,11,AI,utility,23,"['Ping-Pong: 13 UEs oscillating', 'Unfairness: Jain Index = 0.03']",0.034644862760427234,39.87614822387695,-21.55933380126953,5.772664,-2.9514760732650758,35.371082,8.091819477081298,0.6652403972111642
High Mobility,12,AI,utility,25,"['Ping-Pong: 18 UEs oscillating', 'QoS Violation: Avg High Prio SINR = 2.92 dB (Threshold: 5.0 dB)', 'Unfairness: Jain Index = 0.09']",0.0885322768930804,20.725595474243164,-31.00480842590332,3.0003374,-5.0828270435333245,25.465845,5.368576383590699,0.8730193367227912
High Mobility,13,AI,utility,24,"['Ping-Pong: 20 UEs oscillating', 'QoS Violation: Avg High Prio SINR = 4.39 dB (Threshold: 5.0 dB)', 'Unfairness: Jain Index = 0.08']",0.08033610564916137,27.23887825012207,-27.7652530670166,3.9432318,-3.7623166680335998,29.032688,6.935411667823792,0.800864479970187
High Mobility,14,AI,utility,27,"['Ping-Pong: 21 UEs oscillating', 'Unfairness: Jain Index = 0.03']",0.034395124544609024,34.43115997314453,-39.52281951904297,4.9844203,-6.039173364639282,35.34871,4.387135076522827,1.0350659722462296
High Mobility,15,AI,utility,26,"['Ping-Pong: 21 UEs oscillating', 'QoS Violation: Avg High Prio SINR = -1.75 dB (Threshold: 5.0 dB)', 'Unfairness: Jain Index = 0.05']",0.054828358703039114,-1.9163634777069092,-54.544769287109375,-0.27742207,-6.5925716161727905,16.48972,3.9136778354644775,1.3701246352866292
High Mobility,16,AI,utility,26,"['Ping-Pong: 22 UEs oscillating', 'QoS Violation: Avg High Prio SINR = 4.96 dB (Threshold: 5.0 dB)', 'Unfairness: Jain Index = 0.03']",0.03344529364416539,15.946653366088867,-61.861289978027344,2.3085144,-7.185649657249451,26.903399,3.4534679651260376,1.503823441453278
High Mobility,17,AI,utility,26,"['Ping-Pong: 20 UEs oscillating', 'Unfairness: Jain Index = 0.05']",0.04874950401772326,47.79327392578125,-29.84111976623535,6.9187846,-5.129900360107421,42.649216,5.440306448936463,0.8357107290066779
High Mobility,18,AI,utility,26,"['Ping-Pong: 19 UEs oscillating', 'QoS Violation: Avg High Prio SINR = -0.09 dB (Threshold: 5.0 dB)', 'Unfairness: Jain Index = 0.04']",0.035024768853407454,10.287421226501465,-78.53842163085938,1.489257,-10.22168779373169,24.148903,2.00470809340477,1.8431456992402673
High Mobility,19,AI,utility,24,"['Ping-Pong: 17 UEs oscillating', 'QoS Violation: Avg High Prio SINR = 1.76 dB (Threshold: 5.0 dB)', 'Unfairness: Jain Index = 0.04']",0.0393316444682162,27.430927276611328,-62.11494445800781,3.9710333,-9.12580783367157,33.344852,2.352579951286316,1.498573925346136
High Mobility,20,AI,utility,23,"['Ping-Pong: 17 UEs oscillating', 'Unfairness: Jain Index = 0.03']",0.03454746544520824,34.367435455322266,-50.22554016113281,4.9751954,-5.536424565315246,36.38677,4.878437876701355,1.256215269677341
High Mobility,21,AI,utility,23,"['Ping-Pong: 18 UEs oscillating', 'QoS Violation: Avg High Prio SINR = 4.26 dB (Threshold: 5.0 dB)', 'Unfairness: Jain Index = 0.05']",0.05185121498800797,40.06784439086914,-46.54265213012695,5.800414,-5.711385297775268,40.289696,4.697981643676758,1.1780763743445277
High Mobility,22,AI,utility,28,"['Ping-Pong: 21 UEs oscillating', 'QoS Violation: Avg High Prio SINR = 4.88 dB (Threshold: 5.0 dB)', 'Unfairness: Jain Index = 0.03']",0.033904616413054506,26.089632034301758,-77.42303466796875,3.7768607,-10.08454451560974,33.503857,2.018810468912125,1.8120575696229935
High Mobility,23,AI,utility,24,"['Ping-Pong: 16 UEs oscillating', 'QoS Violation: Avg High Prio SINR = -1.40 dB (Threshold: 5.0 dB)', 'Unfairness: Jain Index = 0.10']",0.10161975481097345,-6.309652328491211,-78.8036117553711,-0.913416,-9.396838641166685,15.753632,2.608122301101685,1.8635060405358672
High Mobility,24,AI,utility,26,"['Ping-Pong: 18 UEs oscillating', 'Unfairness: Jain Index = 0.05']",0.04592184131683647,37.092552185058594,-49.4378547668457,5.3696976,-8.085420370101929,39.17341,2.865243422985077,1.240818528458476
High Mobility,25,AI,utility,25,"['Ping-Pong: 17 UEs oscillating', 'QoS Violation: Avg High Prio SINR = -1.46 dB (Threshold: 5.0 dB)', 'Unfairness: Jain Index = 0.10']",0.09774214747210677,3.1699471473693848,-97.8672866821289,0.4588969,-12.518639945983885,19.47274,1.1574914991855623,2.2409437224268913
High Mobility,26,AI,utility,27,"['Ping-Pong: 19 UEs oscillating', 'QoS Violation: Avg High Prio SINR = -0.47 dB (Threshold: 5.0 dB)', 'Unfairness: Jain Index = 0.07']",0.07045125088459296,21.93478775024414,-3275.648193359375,3.1753855,-11.53831377029419,37.078053,1.3385078132152557,66.62477552890778
High Mobility,27,AI,utility,25,"['Ping-Pong: 17 UEs oscillating', 'Unfairness: Jain Index = 0.05']",0.053657633134584534,61.94947814941406,-60.61369323730469,8.968106,-8.966923713684082,55.954502,2.746397399902344,1.4546471647918224
High Mobility,28,AI,utility,26,"['Ping-Pong: 21 UEs oscillating', 'Unfairness: Jain Index = 0.04']",0.03733189859254748,32.336700439453125,-63.23728561401367,4.6812162,-9.892664241790772,37.52933,1.9278513073921204,1.5242472290992737
High Mobility,29,AI,utility,27,"['Ping-Pong: 21 UEs oscillating', 'QoS Violation: Avg High Prio SINR = 2.94 dB (Threshold: 5.0 dB)', 'Unfairness: Jain Index = 0.03']",0.03341727049716699,12.133932113647461,-83.8824691772461,1.7565666,-9.878961563110352,26.008753,1.9327656507492066,1.951509970240295
High Mobility,30,AI,utility,25,"['Ping-Pong: 18 UEs oscillating', 'Unfairness: Jain Index = 0.06']",0.055270661053800275,34.56957244873047,-5517.68017578125,5.0044584,-8.375296354293823,41.67532,2.6808704137802124,112.06965893507004
High Mobility,31,AI,utility,27,"['Ping-Pong: 22 UEs oscillating', 'Unfairness: Jain Index = 0.03']",0.033504560553824836,18.109460830688477,-5521.64306640625,2.6216125,-10.041010904312133,31.922703,1.884444171190262,112.15535551309586
High Mobility,32,AI,utility,26,"['Ping-Pong: 21 UEs oscillating', 'QoS Violation: Avg High Prio SINR = 1.13 dB (Threshold: 5.0 dB)', 'Unfairness: Jain Index = 0.10']",0.10024097069332075,47.81731414794922,-5509.1884765625,6.9222655,-7.911437511444091,51.62209,3.130342745780945,111.89918220043182
High Mobility,33,AI,utility,28,"['Ping-Pong: 22 UEs oscillating', 'QoS Violation: Avg High Prio SINR = 1.39 dB (Threshold: 5.0 dB)', 'Unfairness: Jain Index = 0.04']",0.039200461684398204,19.66272735595703,-5512.28271484375,2.8464713,-8.89242000579834,32.71788,2.4838019192218783,111.94031685590744
High Mobility,34,AI,utility,28,"['Ping-Pong: 22 UEs oscillating', 'QoS Violation: Avg High Prio SINR = -1.32 dB (Threshold: 5.0 dB)', 'Unfairness: Jain Index = 0.03']",0.03394322909125587,12.482081413269043,-10054.189453125,1.8069661,-27.310230827331537,36.899464,0.2204342845827342,203.99878919124603
High Mobility,35,AI,utility,28,"['Ping-Pong: 24 UEs oscillating', 'QoS Violation: Avg High Prio SINR = 1.62 dB (Threshold: 5.0 dB)', 'Unfairness: Jain Index = 0.07']",0.06934176214326969,51.91937255859375,-5534.4404296875,7.516098,-11.584352731704712,55.73309,1.4466441154479983,112.42838948965073
High Mobility,36,AI,utility,27,"['Ping-Pong: 23 UEs oscillating', 'Unfairness: Jain Index = 0.10']",0.09639011841096458,37.61909484863281,-12304.8876953125,5.445922,-34.62671527862549,52.92896,0.008616541465744379,249.61590766906738
High Mobility,37,AI,utility,27,"['Ping-Pong: 22 UEs oscillating', 'Unfairness: Jain Index = 0.07']",0.07086845861301493,32.78540802001953,-16630.9921875,4.746173,-37.38840656280517,51.065544,0.003600748907774687,337.29007840156555
High Mobility,38,AI,utility,27,"['Ping-Pong: 21 UEs oscillating', 'QoS Violation: Avg High Prio SINR = 3.81 dB (Threshold: 5.0 dB)', 'Unfairness: Jain Index = 0.05']",0.048607412475644665,21.783885955810547,-5573.189453125,3.1535406,-13.766803884506226,39.84039,0.8219107955694199,113.19001764059067
High Mobility,39,AI,utility,27,"['Ping-Pong: 22 UEs oscillating', 'QoS Violation: Avg High Prio SINR = -0.41 dB (Threshold: 5.0 dB)', 'Unfairness: Jain Index = 0.10']",0.09622661625357733,22.429576873779297,-11016.376953125,3.2470138,-27.459020423889157,42.042294,0.2580386601388455,223.5112190246582
High Mobility,40,AI,utility,27,"['Ping-Pong: 24 UEs oscillating', 'QoS Violation: Avg High Prio SINR = -3.63 dB (Threshold: 5.0 dB)', 'Unfairness: Jain Index = 0.04']",0.04365743607143032,9.601787567138672,-11047.490234375,1.3900014,-28.523003196716303,36.2467,0.15141975209116942,224.16545450687408
High Mobility,41,AI,utility,25,"['Ping-Pong: 22 UEs oscillating', 'QoS Violation: Avg High Prio SINR = 0.11 dB (Threshold: 5.0 dB)', 'Unfairness: Jain Index = 0.05']",0.047777933843749815,-0.29351234436035156,-16982.3203125,-0.042490132,-37.381526947021484,37.274727,0.0036059240694157777,344.4325625896454
High Mobility,42,AI,utility,29,"['Ping-Pong: 23 UEs oscillating', 'QoS Violation: Avg High Prio SINR = 0.26 dB (Threshold: 5.0 dB)', 'Unfairness: Jain Index = 0.07']",0.06953385321560122,17.277088165283203,-14716.123046875,2.5011153,-36.63379383087158,43.430836,0.00436050754506141,298.55048656463623
High Mobility,43,AI,utility,29,"['Ping-Pong: 24 UEs oscillating', 'QoS Violation: Avg High Prio SINR = -3.99 dB (Threshold: 5.0 dB)', 'Unfairness: Jain Index = 0.04']",0.03866384548479922,0.3812427520751953,-25231.45703125,0.055190276,-37.38229885101318,44.055714,0.0036059240694157777,511.6569399833679
High Mobility,44,AI,utility,24,"['Ping-Pong: 22 UEs oscillating', 'Unfairness: Jain Index = 0.06']",0.06045394376122367,18.412240982055664,-12194.5302734375,2.6654446,-34.361282157897946,42.844494,0.009581326600164176,247.41029739379883
High Mobility,45,AI,utility,27,"['Ping-Pong: 20 UEs oscillating', 'QoS Violation: Avg High Prio SINR = -4.16 dB (Threshold: 5.0 dB)', 'Unfairness: Jain Index = 0.03']",0.033501329571953634,-17.017093658447266,-24930.22265625,-2.4634764,-37.37674217224121,30.531702,0.003611098974943161,505.4946541786194
High Mobility,46,AI,utility,28,"['Ping-Pong: 20 UEs oscillating', 'Unfairness: Jain Index = 0.08']",0.07501526465742767,57.53779602050781,-5871.43896484375,8.32945,-19.510348653793333,62.451946,0.5232759349048139,119.23636496067047
High Mobility,47,AI,utility,26,"['Ping-Pong: 22 UEs oscillating', 'Unfairness: Jain Index = 0.07']",0.06624109657986062,15.429098129272461,-16768.0390625,2.23359,-37.37533550262451,44.68249,0.003611098974943161,340.12502431869507
High Mobility,48,AI,utility,28,"['Ping-Pong: 23 UEs oscillating', 'Unfairness: Jain Index = 0.09']",0.08763239683074601,14.330062866210938,-17093.275390625,2.0744886,-37.37519073486328,47.744858,0.003611098974943161,346.6852605342865
High Mobility,49,AI,utility,29,"['Ping-Pong: 24 UEs oscillating', 'Unfairness: Jain Index = 0.07']",0.06535536768106888,49.709529876708984,-6615.87890625,7.1961913,-22.78132619857788,57.113403,0.3995490062981846,134.33153927326202
High Mobility,50,AI,utility,30,"['Ping-Pong: 27 UEs oscillating', 'QoS Violation: Avg High Prio SINR = -9.53 dB (Threshold: 5.0 dB)', 'Unfairness: Jain Index = 0.11']",0.10665830674470558,18.33919334411621,-22799.05078125,2.6548698,-37.375497055053714,49.679443,0.003611098974943161,462.3371660709381
High Mobility,51,AI,utility,26,"['Ping-Pong: 25 UEs oscillating', 'QoS Violation: Avg High Prio SINR = 0.23 dB (Threshold: 5.0 dB)', 'Unfairness: Jain Index = 0.09']",0.08693977433447962,-1.5384511947631836,-21959.318359375,-0.22271377,-37.38001708984375,37.551113,0.0036074529285542666,445.31190395355225
High Mobility,52,AI,utility,26,"['Ping-Pong: 23 UEs oscillating', 'Unfairness: Jain Index = 0.06']",0.06057549755803677,22.60011863708496,-12057.55078125,3.2717023,-34.16277723312378,47.140583,0.0103926369920373,244.6477860212326
High Mobility,53,AI,utility,29,"['Ping-Pong: 23 UEs oscillating', 'Unfairness: Jain Index = 0.10']",0.09909954300253013,52.587646484375,-16485.537109375,7.6128416,-37.37519073486328,67.26427,0.003611098974943161,334.3665301799774
High Mobility,54,AI,utility,30,"['Ping-Pong: 25 UEs oscillating', 'QoS Violation: Avg High Prio SINR = -1.61 dB (Threshold: 5.0 dB)', 'Unfairness: Jain Index = 0.04']",0.04401488475000334,9.070358276367188,-21897.037109375,1.3130689,-37.378567123413085,38.02975,0.0036085114581510423,444.05919313430786
High Mobility,55,AI,utility,26,"['Ping-Pong: 26 UEs oscillating', 'Unfairness: Jain Index = 0.11']",0.10507044747423433,17.880388259887695,-21942.125,2.5884507,-37.37519073486328,50.814518,0.003611098974943161,445.0039565563202
High Mobility,56,AI,utility,28,"['Ping-Pong: 25 UEs oscillating', 'Unfairness: Jain Index = 0.07']",0.06735254022860798,-15.814294815063477,-38390.5,-2.2893538,-37.379140853881836,45.409187,0.0036085114581510423,778.3883213996887
High Mobility,57,AI,utility,27,"['Ping-Pong: 23 UEs oscillating', 'Unfairness: Jain Index = 0.13']",0.1348265965401277,30.267988204956055,-22124.484375,4.381739,-37.37519073486328,59.446133,0.003611098974943161,448.66955280303955
High Mobility,58,AI,utility,29,"['Ping-Pong: 25 UEs oscillating', 'QoS Violation: Avg High Prio SINR = 3.81 dB (Threshold: 5.0 dB)', 'Unfairness: Jain Index = 0.12']",0.12124307360302844,28.527864456176758,-22152.455078125,4.129832,-37.375274658203125,58.300888,0.003611098974943161,449.27456974983215
High Mobility,59,AI,utility,28,"['Ping-Pong: 24 UEs oscillating', 'Unfairness: Jain Index = 0.08']",0.08313596620249003,-6.932656288146973,-33951.5625,-1.0036047,-37.375490760803224,47.799747,0.003611098974943161,688.4368658065796
High Mobility,60,AI,utility,29,"['Ping-Pong: 26 UEs oscillating', 'Unfairness: Jain Index = 0.23']",0.22840665344953115,99.22964477539062,-27378.55859375,14.364964,-37.37729911804199,101.53312,0.0036098052165471016,555.1460385322571
High Mobility,61,AI,utility,28,"['Ping-Pong: 25 UEs oscillating', 'Unfairness: Jain Index = 0.18']",0.18095805246725086,83.64392852783203,-16428.033203125,12.108699,-37.37519073486328,83.453224,0.003611098974943161,333.2075774669647
High Mobility,62,AI,utility,26,"['Ping-Pong: 25 UEs oscillating', 'QoS Violation: Avg High Prio SINR = -6.19 dB (Threshold: 5.0 dB)', 'Unfairness: Jain Index = 0.04']",0.04011271870228751,-3.5525803565979004,-27369.0234375,-0.51428896,-37.37519073486328,37.54411,0.003611098974943161,554.9886226654053
High Mobility,63,AI,utility,28,"['Ping-Pong: 25 UEs oscillating', 'QoS Violation: Avg High Prio SINR = 0.25 dB (Threshold: 5.0 dB)', 'Unfairness: Jain Index = 0.04']",0.03588666479459192,-31.854387283325195,-33565.484375,-4.6113954,-37.39324264526367,34.402626,0.003596867504529655,680.600106716156
High Mobility,64,AI,utility,27,"['Ping-Pong: 24 UEs oscillating', 'Unfairness: Jain Index = 0.11']",0.1098439910137466,14.057069778442383,-27381.375,2.0349689,-37.37519073486328,51.831844,0.003611098974943161,555.2720427513123
High Mobility,65,AI,utility,27,"['Ping-Pong: 25 UEs oscillating', 'QoS Violation: Avg High Prio SINR = -10.44 dB (Threshold: 5.0 dB)', 'Unfairness: Jain Index = 0.07']",0.07289702864963413,-12.715712547302246,-32947.82421875,-1.8407882,-37.37529354095459,41.204258,0.003611098974943161,668.1118607521057
High Mobility,66,AI,utility,28,"['Ping-Pong: 26 UEs oscillating', 'QoS Violation: Avg High Prio SINR = -4.87 dB (Threshold: 5.0 dB)', 'Unfairness: Jain Index = 0.08']",0.07740913195455228,5.048012733459473,-17318.578125,0.73077416,-37.37519073486328,42.792034,0.003611098974943161,351.29639506340027
High Mobility,67,AI,utility,26,"['Ping-Pong: 25 UEs oscillating', 'QoS Violation: Avg High Prio SINR = -4.79 dB (Threshold: 5.0 dB)', 'Unfairness: Jain Index = 0.20']",0.197766216025508,50.48602294921875,-28645.14453125,7.3086,-37.37519073486328,74.06789,0.003611098974943161,580.8584094047546
High Mobility,68,AI,utility,26,"['Ping-Pong: 24 UEs oscillating', 'QoS Violation: Avg High Prio SINR = -0.04 dB (Threshold: 5.0 dB)', 'Unfairness: Jain Index = 0.13']",0.12567929311018738,29.117692947387695,-22048.779296875,4.2152176,-37.37519073486328,56.707497,0.003611098974943161,447.1690058708191
High Mobility,69,AI,utility,26,"['Ping-Pong: 21 UEs oscillating', 'QoS Violation: Avg High Prio SINR = -9.29 dB (Threshold: 5.0 dB)', 'Unfairness: Jain Index = 0.11']",0.10620644073804278,-5.658141136169434,-32928.13671875,-0.81910044,-37.37646217346192,45.726322,0.0036098052165471016,667.7181720733643
High Mobility,70,AI,utility,30,"['Ping-Pong: 23 UEs oscillating', 'QoS Violation: Avg High Prio SINR = -5.57 dB (Threshold: 5.0 dB)', 'Unfairness: Jain Index = 0.07']",0.06821727437508472,-15.920477867126465,-38303.59765625,-2.3047256,-37.37519073486328,40.53028,0.003611098974943161,776.654064655304
High Mobility,71,AI,utility,28,"['Ping-Pong: 25 UEs oscillating', 'QoS Violation: Avg High Prio SINR = 0.18 dB (Threshold: 5.0 dB)', 'Unfairness: Jain Index = 0.11']",0.10680886209862418,3.7160186767578125,-32852.78125,0.53794837,-37.37519073486328,50.63396,0.003611098974943161,666.1785840988159
High Mobility,72,AI,utility,29,"['Ping-Pong: 27 UEs oscillating', 'QoS Violation: Avg High Prio SINR = -13.11 dB (Threshold: 5.0 dB)', 'Unfairness: Jain Index = 0.07']",0.0667153387628453,-32.48954772949219,-38359.8046875,-4.703345,-37.37555160522461,32.81615,0.003611098974943161,777.7551412582397
High Mobility,73,AI,utility,26,"['Ping-Pong: 24 UEs oscillating', 'QoS Violation: Avg High Prio SINR = -7.90 dB (Threshold: 5.0 dB)', 'Unfairness: Jain Index = 0.04']",0.03709116421916067,-33.56696701049805,-43776.3828125,-4.859317,-37.37519073486328,35.943493,0.003611098974943161,887.5904083251953
High Mobility,74,AI,utility,29,"['Ping-Pong: 24 UEs oscillating', 'QoS Violation: Avg High Prio SINR = -11.97 dB (Threshold: 5.0 dB)', 'Unfairness: Jain Index = 0.07']",0.06643938832491621,-45.33539581298828,-41666.4296875,-6.562971,-37.37519073486328,31.28275,0.003611098974943161,844.8078632354736
High Mobility,75,AI,utility,30,"['Ping-Pong: 25 UEs oscillating', 'QoS Violation: Avg High Prio SINR = -10.34 dB (Threshold: 5.0 dB)', 'Unfairness: Jain Index = 0.09']",0.09106576719590273,6.400468826293945,-27366.998046875,0.9265627,-37.37625236511231,44.181103,0.003611098974943161,554.9364686012268
High Mobility,76,AI,utility,27,"['Ping-Pong: 26 UEs oscillating', 'Unfairness: Jain Index = 0.17']",0.16979699311360902,55.25227355957031,-27352.52734375,7.998585,-37.37519073486328,75.110886,0.003611098974943161,554.6621680259705
High Mobility,77,AI,utility,28,"['Ping-Pong: 25 UEs oscillating', 'Unfairness: Jain Index = 0.07']",0.0729510113486793,4.316385269165039,-32851.05078125,0.624861,-37.37519073486328,48.49243,0.003611098974943161,666.1394834518433
High Mobility,78,AI,utility,26,"['Ping-Pong: 23 UEs oscillating', 'QoS Violation: Avg High Prio SINR = -12.41 dB (Threshold: 5.0 dB)', 'Unfairness: Jain Index = 0.10']",0.10000063677131389,-35.436431884765625,-43766.20703125,-5.1299496,-37.37611389160156,35.431683,0.003611098974943161,887.3873353004456
High Mobility,79,AI,utility,28,"['Ping-Pong: 24 UEs oscillating', 'Unfairness: Jain Index = 0.14']",0.14378524341842602,28.020401000976562,-32855.078125,4.0563693,-37.377983283996585,62.229256,0.0036085114581510423,666.2105321884155
High Mobility,80,AI,utility,24,"['Ping-Pong: 22 UEs oscillating', 'Unfairness: Jain Index = 0.14']",0.13853811962420254,17.58313751220703,-32813.89453125,2.545419,-37.37519073486328,55.728916,0.003611098974943161,665.3693318367004
High Mobility,81,AI,utility,26,"['Ping-Pong: 20 UEs oscillating', 'QoS Violation: Avg High Prio SINR = 2.80 dB (Threshold: 5.0 dB)', 'Unfairness: Jain Index = 0.12']",0.12430575455441448,24.851089477539062,-21950.888671875,3.5975637,-37.37519073486328,54.726624,0.003611098974943161,445.2098608016968
High Mobility,82,AI,utility,27,"['Ping-Pong: 20 UEs oscillating', 'QoS Violation: Avg High Prio SINR = -12.73 dB (Threshold: 5.0 dB)', 'Unfairness: Jain Index = 0.10']",0.10000056415630297,-37.72809600830078,-43832.76171875,-5.4617004,-37.37613792419434,35.168167,0.003611098974943161,888.7262344360352
High Mobility,83,AI,utility,27,"['Ping-Pong: 22 UEs oscillating', 'QoS Violation: Avg High Prio SINR = -0.21 dB (Threshold: 5.0 dB)', 'Unfairness: Jain Index = 0.11']",0.11059708976485648,21.292957305908203,-32881.43359375,3.0824711,-37.37519073486328,58.816166,0.003611098974943161,666.7432188987732
High Mobility,84,AI,utility,28,"['Ping-Pong: 25 UEs oscillating', 'Unfairness: Jain Index = 0.07']",0.06948836258361164,3.9159669876098633,-27671.501953125,0.5668939,-37.37519073486328,47.460953,0.003611098974943161,561.1466765403748
High Mobility,85,AI,utility,29,"['Ping-Pong: 27 UEs oscillating', 'QoS Violation: Avg High Prio SINR = -11.97 dB (Threshold: 5.0 dB)', 'Unfairness: Jain Index = 0.07']",0.06721189615048168,-43.365055084228516,-44560.61328125,-6.277735,-37.375539016723636,33.510735,0.003611098974943161,903.492271900177
High Mobility,86,AI,utility,28,"['Ping-Pong: 27 UEs oscillating', 'QoS Violation: Avg High Prio SINR = -11.91 dB (Threshold: 5.0 dB)', 'Unfairness: Jain Index = 0.07']",0.06607008751532475,-51.972328186035156,-49213.16796875,-7.5237656,-37.37519073486328,28.058147,0.003611098974943161,997.8329539299011
High Mobility,87,AI,utility,28,"['Ping-Pong: 27 UEs oscillating', 'QoS Violation: Avg High Prio SINR = -0.81 dB (Threshold: 5.0 dB)', 'Unfairness: Jain Index = 0.07']",0.06918708753725714,-18.93355369567871,-38351.890625,-2.740913,-37.37554111480713,39.013905,0.003611098974943161,777.6088714599609
High Mobility,88,AI,utility,30,"['Ping-Pong: 27 UEs oscillating', 'QoS Violation: Avg High Prio SINR = -16.58 dB (Threshold: 5.0 dB)', 'Unfairness: Jain Index = 0.07']",0.06716871180002067,-33.973182678222656,-42773.125,-4.918122,-37.37519073486328,36.72719,0.003611098974943161,867.2729134559631
High Mobility,89,AI,utility,29,"['Ping-Pong: 27 UEs oscillating', 'Unfairness: Jain Index = 0.21']",0.20818373810999713,85.48619079589844,-16429.8984375,12.375396,-37.37519073486328,84.115944,0.003611098974943161,333.24623107910156
High Mobility,90,AI,utility,30,"['Ping-Pong: 29 UEs oscillating', 'QoS Violation: Avg High Prio SINR = -4.23 dB (Threshold: 5.0 dB)', 'Unfairness: Jain Index = 0.10']",0.10464005633810602,2.384160041809082,-32837.47265625,0.3451421,-37.37519073486328,46.452034,0.003611098974943161,665.859580039978
High Mobility,91,AI,utility,28,"['Ping-Pong: 27 UEs oscillating', 'Unfairness: Jain Index = 0.09']",0.08767176625063777,3.016209602355957,-29891.859375,0.43664056,-37.37519073486328,47.51714,0.003611098974943161,606.1481833457947
High Mobility,92,AI,utility,28,"['Ping-Pong: 27 UEs oscillating', 'QoS Violation: Avg High Prio SINR = -3.52 dB (Threshold: 5.0 dB)', 'Unfairness: Jain Index = 0.14']",0.13653952575345646,11.861039161682129,-32828.55859375,1.7170603,-37.37519073486328,53.766224,0.003611098974943161,665.693998336792
High Mobility,93,AI,utility,28,"['Ping-Pong: 25 UEs oscillating', 'Unfairness: Jain Index = 0.11']",0.11108038769802947,26.75082778930664,-21958.765625,3.87258,-37.37519073486328,53.677742,0.003611098974943161,445.34575939178467
High Mobility,94,AI,utility,26,"['Ping-Pong: 22 UEs oscillating', 'Unfairness: Jain Index = 0.19']",0.18633149531974638,44.59324645996094,-22794.07421875,6.4555335,-37.37519073486328,69.21534,0.003611098974943161,462.2650742530823
High Mobility,95,AI,utility,29,"['Ping-Pong: 24 UEs oscillating', 'QoS Violation: Avg High Prio SINR = -20.32 dB (Threshold: 5.0 dB)', 'Unfairness: Jain Index = 0.03']",0.033334036607584085,-78.34854125976562,-54770.28515625,-11.342114,-37.37533550262451,17.19646,0.003611098974943161,1110.4490756988525
High Mobility,96,AI,utility,27,"['Ping-Pong: 23 UEs oscillating', 'QoS Violation: Avg High Prio SINR = -2.59 dB (Threshold: 5.0 dB)', 'Unfairness: Jain Index = 0.16']",0.15647665395143873,12.045764923095703,-38303.6328125,1.7438033,-37.37519073486328,57.019863,0.003611098974943161,776.616632938385
High Mobility,97,AI,utility,29,"['Ping-Pong: 26 UEs oscillating', 'QoS Violation: Avg High Prio SINR = 4.87 dB (Threshold: 5.0 dB)', 'Unfairness: Jain Index = 0.10']",0.10409690582313265,33.542640686035156,-27352.18359375,4.855794,-37.37519073486328,61.255566,0.003611098974943161,554.6277761459351
High Mobility,98,AI,utility,27,"['Ping-Pong: 24 UEs oscillating', 'QoS Violation: Avg High Prio SINR = -7.89 dB (Threshold: 5.0 dB)', 'Unfairness: Jain Index = 0.04']",0.0398487152357286,-33.514747619628906,-43749.3828125,-4.8517566,-37.37519073486328,32.486103,0.003611098974943161,887.060821056366
High Mobility,99,AI,utility,27,"['Ping-Pong: 24 UEs oscillating', 'QoS Violation: Avg High Prio SINR = -11.30 dB (Threshold: 5.0 dB)', 'Unfairness: Jain Index = 0.13']",0.1250822050777427,-20.507022857666016,-43790.47265625,-2.9686966,-37.382445907592775,44.56842,0.0036059240694157777,887.8343105316162
High Mobility,100,AI,utility,29,"['Ping-Pong: 23 UEs oscillating', 'QoS Violation: Avg High Prio SINR = -2.23 dB (Threshold: 5.0 dB)', 'Unfairness: Jain Index = 0.09']",0.08553947371168433,-29.344406127929688,-48758.015625,-4.248039,-37.376600646972655,39.47358,0.0036098052165471016,988.5632395744324
High Mobility,101,AI,utility,29,"['Ping-Pong: 26 UEs oscillating', 'Unfairness: Jain Index = 0.12']",0.12324198838839906,18.349788665771484,-32814.21484375,2.6564038,-37.37519073486328,56.073494,0.003611098974943161,665.389895439148
High Mobility,102,AI,utility,29,"['Ping-Pong: 28 UEs oscillating', 'QoS Violation: Avg High Prio SINR = -20.40 dB (Threshold: 5.0 dB)', 'Unfairness: Jain Index = 0.05']",0.04988779971096523,-61.560157775878906,-54677.5234375,-8.911746,-37.37575092315674,27.03036,0.003611098974943161,1108.5565090179443
High Mobility,103,AI,utility,28,"['Ping-Pong: 28 UEs oscillating', 'Unfairness: Jain Index = 0.18']",0.17966287245199514,54.95062255859375,-27338.90234375,7.9549174,-37.37519073486328,72.25674,0.003611098974943161,554.3869733810425
High Mobility,104,AI,utility,27,"['Ping-Pong: 26 UEs oscillating', 'QoS Violation: Avg High Prio SINR = -2.36 dB (Threshold: 5.0 dB)', 'Unfairness: Jain Index = 0.17']",0.1693205029076752,35.50840377807617,-32810.421875,5.1403675,-37.37519073486328,65.994415,0.003611098974943161,665.3040051460266
High Mobility,105,AI,utility,28,"['Ping-Pong: 25 UEs oscillating', 'Unfairness: Jain Index = 0.08']",0.07980929824901536,-13.32863712310791,-38308.0859375,-1.9295182,-37.37519073486328,43.321724,0.003611098974943161,776.7347693443298
High Mobility,106,AI,utility,27,"['Ping-Pong: 24 UEs oscillating', 'QoS Violation: Avg High Prio SINR = -11.83 dB (Threshold: 5.0 dB)', 'Unfairness: Jain Index = 0.03']",0.03333630469786146,-82.78374481201172,-60362.26953125,-11.984176,-37.3861364364624,17.709524,0.003602042538113892,1223.8032817840576
High Mobility,107,AI,utility,30,"['Ping-Pong: 26 UEs oscillating', 'QoS Violation: Avg High Prio SINR = 3.39 dB (Threshold: 5.0 dB)', 'Unfairness: Jain Index = 0.11']",0.10715230005217832,-5.316315650939941,-38274.671875,-0.7696158,-37.37519073486328,45.952568,0.003611098974943161,776.0878205299377
High Mobility,108,AI,utility,28,"['Ping-Pong: 25 UEs oscillating', 'QoS Violation: Avg High Prio SINR = -8.12 dB (Threshold: 5.0 dB)', 'Unfairness: Jain Index = 0.07']",0.06666820029245851,-41.41935348510742,-43822.19921875,-5.996065,-37.37519073486328,30.104733,0.003611098974943161,888.5513544082642
High Mobility,109,AI,utility,28,"['Ping-Pong: 26 UEs oscillating', 'QoS Violation: Avg High Prio SINR = -16.32 dB (Threshold: 5.0 dB)', 'Unfairness: Jain Index = 0.10']",0.09895237792079947,-29.499927520751953,-43774.671875,-4.2705536,-37.37519073486328,37.90637,0.003611098974943161,887.5829577445984
High Mobility,110,AI,utility,28,"['Ping-Pong: 25 UEs oscillating', 'QoS Violation: Avg High Prio SINR = -11.26 dB (Threshold: 5.0 dB)', 'Unfairness: Jain Index = 0.04']",0.0383659058261517,-42.14995574951172,-49207.47265625,-6.101832,-37.37519073486328,32.845802,0.003611098974943161,997.6982474327087
High Mobility,111,AI,utility,29,"['Ping-Pong: 27 UEs oscillating', 'Unfairness: Jain Index = 0.15']",0.1471258327717621,25.98392105102539,-27355.66796875,3.7615576,-37.37519073486328,56.4655,0.003611098974943161,554.7378659248352
High Mobility,112,AI,utility,27,"['Ping-Pong: 26 UEs oscillating', 'Unfairness: Jain Index = 0.17']",0.17056436783919227,28.281749725341797,-32819.34765625,4.0942025,-37.37519073486328,63.608425,0.003611098974943161,665.4913425445557
High Mobility,113,AI,utility,26,"['Ping-Pong: 23 UEs oscillating', 'QoS Violation: Avg High Prio SINR = -11.54 dB (Threshold: 5.0 dB)', 'Unfairness: Jain Index = 0.10']",0.10000072754011463,-33.18637466430664,-43759.6953125,-4.804221,-37.37519073486328,36.09973,0.003611098974943161,887.2838616371155
High Mobility,114,AI,utility,28,"['Ping-Pong: 21 UEs oscillating', 'QoS Violation: Avg High Prio SINR = -6.01 dB (Threshold: 5.0 dB)', 'Unfairness: Jain Index = 0.19']",0.1939610586218318,22.704477310180664,-38277.33984375,3.2868092,-37.37519073486328,64.4616,0.003611098974943161,776.1276364326477
High Mobility,115,AI,utility,28,"['Ping-Pong: 23 UEs oscillating', 'QoS Violation: Avg High Prio SINR = -4.92 dB (Threshold: 5.0 dB)', 'Unfairness: Jain Index = 0.10']",0.097828873456227,-30.54924774169922,-38327.75,-4.4224553,-37.37519073486328,35.455654,0.003611098974943161,777.177095413208
High Mobility,116,AI,utility,26,"['Ping-Pong: 25 UEs oscillating', 'QoS Violation: Avg High Prio SINR = -3.57 dB (Threshold: 5.0 dB)', 'Unfairness: Jain Index = 0.16']",0.16299496996275845,10.041461944580078,-38316.640625,1.4536501,-37.37519073486328,56.872944,0.003611098974943161,776.9181132316589
High Mobility,117,AI,utility,28,"['Ping-Pong: 24 UEs oscillating', 'Unfairness: Jain Index = 0.18']",0.18213950893577285,41.437461853027344,-27347.6640625,5.9986863,-37.37519073486328,65.71682,0.003611098974943161,554.5750856399536
High Mobility,118,AI,utility,28,"['Ping-Pong: 22 UEs oscillating', 'QoS Violation: Avg High Prio SINR = 4.36 dB (Threshold: 5.0 dB)', 'Unfairness: Jain Index = 0.11']",0.1057015398103142,-0.5755951404571533,-38271.12109375,-0.08332729,-37.37519073486328,47.890057,0.003611098974943161,776.0104537010193
High Mobility,119,AI,utility,28,"['Ping-Pong: 25 UEs oscillating', 'QoS Violation: Avg High Prio SINR = 3.14 dB (Threshold: 5.0 dB)', 'Unfairness: Jain Index = 0.09']",0.08574624096457249,-20.062456130981445,-38319.32421875,-2.9043381,-37.37519073486328,38.40143,0.003611098974943161,776.996374130249
High Mobility,120,AI,utility,28,"['Ping-Pong: 25 UEs oscillating', 'QoS Violation: Avg High Prio SINR = -15.36 dB (Threshold: 5.0 dB)', 'Unfairness: Jain Index = 0.09']",0.09418044532254968,-19.38553237915039,-38303.22265625,-2.8063436,-37.37989044189453,37.33582,0.003607217827811837,776.6300439834595
High Mobility,121,AI,utility,27,"['Ping-Pong: 24 UEs oscillating', 'QoS Violation: Avg High Prio SINR = -10.86 dB (Threshold: 5.0 dB)', 'Unfairness: Jain Index = 0.13']",0.13333542027572623,-10.327844619750977,-43846.90234375,-1.4951092,-37.38280048370361,47.592846,0.0036046300549060105,889.0531659126282
High Mobility,122,AI,utility,28,"['Ping-Pong: 23 UEs oscillating', 'QoS Violation: Avg High Prio SINR = 4.95 dB (Threshold: 5.0 dB)', 'Unfairness: Jain Index = 0.11']",0.10886930569617802,-1.2166023254394531,-32839.76953125,-0.1761223,-37.37519073486328,45.2506,0.003611098974943161,665.8880114555359
High Mobility,123,AI,utility,28,"['Ping-Pong: 24 UEs oscillating', 'QoS Violation: Avg High Prio SINR = -5.74 dB (Threshold: 5.0 dB)', 'Unfairness: Jain Index = 0.11']",0.11437993440364626,-11.44509506225586,-43758.484375,-1.6568476,-37.37519073486328,47.123512,0.003611098974943161,887.2377872467041
High Mobility,124,AI,utility,26,"['Ping-Pong: 25 UEs oscillating', 'QoS Violation: Avg High Prio SINR = -14.35 dB (Threshold: 5.0 dB)', 'Unfairness: Jain Index = 0.07']",0.06844565831831041,-37.9139404296875,-49248.4140625,-5.4886065,-37.37519073486328,37.64189,0.003611098974943161,998.5241293907166
High Mobility,125,AI,utility,26,"['Ping-Pong: 24 UEs oscillating', 'Unfairness: Jain Index = 0.13']",0.13334065313099347,-0.27409428358078003,-38278.50390625,-0.039679505,-37.37519073486328,49.87839,0.003611098974943161,776.1614322662354
High Mobility,126,AI,utility,28,"['Ping-Pong: 23 UEs oscillating', 'QoS Violation: Avg High Prio SINR = 0.09 dB (Threshold: 5.0 dB)', 'Unfairness: Jain Index = 0.05']",0.04864257561604629,-44.64839553833008,-49213.37890625,-6.463517,-37.37519073486328,32.681705,0.003611098974943161,997.8210926055908
High Mobility,127,AI,utility,29,"['Ping-Pong: 24 UEs oscillating', 'QoS Violation: Avg High Prio SINR = -9.33 dB (Threshold: 5.0 dB)', 'Unfairness: Jain Index = 0.03']",0.03398375322384346,-60.66823959350586,-49228.25390625,-8.782627,-37.37519073486328,23.61477,0.003611098974943161,998.1417059898376
High Mobility,128,AI,utility,28,"['Ping-Pong: 25 UEs oscillating', 'QoS Violation: Avg High Prio SINR = -7.84 dB (Threshold: 5.0 dB)', 'Unfairness: Jain Index = 0.09']",0.08693005576052715,-9.798149108886719,-43754.5,-1.418428,-37.37519073486328,50.422123,0.003611098974943161,887.1623873710632
High Mobility,129,AI,utility,28,"['Ping-Pong: 25 UEs oscillating', 'QoS Violation: Avg High Prio SINR = 0.01 dB (Threshold: 5.0 dB)', 'Unfairness: Jain Index = 0.09']",0.08675502043610389,18.298532485961914,-32805.57421875,2.6489835,-37.37519073486328,53.67573,0.003611098974943161,665.2297377586365
High Mobility,130,AI,utility,25,"['Ping-Pong: 22 UEs oscillating', 'QoS Violation: Avg High Prio SINR = 2.41 dB (Threshold: 5.0 dB)', 'Unfairness: Jain Index = 0.11']",0.11364923652147636,12.404942512512207,-32841.12109375,1.7957988,-37.37519073486328,54.037277,0.003611098974943161,665.9382581710815
High Mobility,131,AI,utility,28,"['Ping-Pong: 24 UEs oscillating', 'Unfairness: Jain Index = 0.13']",0.12505796710463515,24.72595977783203,-27398.56640625,3.579448,-37.37519073486328,58.85166,0.003611098974943161,555.6106567382812
High Mobility,132,AI,utility,27,"['Ping-Pong: 24 UEs oscillating', 'QoS Violation: Avg High Prio SINR = -6.13 dB (Threshold: 5.0 dB)', 'Unfairness: Jain Index = 0.09']",0.08517701927822466,-17.65499496459961,-38336.9609375,-2.5558228,-37.37519073486328,41.4643,0.003611098974943161,777.3478627204895
High Mobility,133,AI,utility,25,"['Ping-Pong: 25 UEs oscillating', 'QoS Violation: Avg High Prio SINR = -4.83 dB (Threshold: 5.0 dB)', 'Unfairness: Jain Index = 0.07']",0.06815806461605593,7.233585834503174,-38275.890625,1.0471684,-37.37519073486328,52.6794,0.003611098974943161,776.0944962501526
High Mobility,134,AI,utility,27,"['Ping-Pong: 24 UEs oscillating', 'Unfairness: Jain Index = 0.10']",0.09945585904055552,-4.894186973571777,-32848.171875,-0.7085065,-37.37519073486328,46.16272,0.003611098974943161,666.0928726196289
High Mobility,135,AI,utility,27,"['Ping-Pong: 21 UEs oscillating', 'QoS Violation: Avg High Prio SINR = -10.81 dB (Threshold: 5.0 dB)', 'Unfairness: Jain Index = 0.09']",0.092186554318067,-23.720460891723633,-43756.80078125,-3.433889,-37.37519073486328,42.29641,0.003611098974943161,887.2164487838745
High Mobility,136,AI,utility,29,"['Ping-Pong: 23 UEs oscillating', 'QoS Violation: Avg High Prio SINR = -1.39 dB (Threshold: 5.0 dB)', 'Unfairness: Jain Index = 0.16']",0.15590147543711044,32.20146942138672,-27491.185546875,4.6616397,-37.37519073486328,63.53594,0.003611098974943161,557.4839115142822
High Mobility,137,AI,utility,28,"['Ping-Pong: 24 UEs oscillating', 'QoS Violation: Avg High Prio SINR = -7.05 dB (Threshold: 5.0 dB)', 'Unfairness: Jain Index = 0.06']",0.06108742523137381,-26.404619216918945,-43754.14453125,-3.8224607,-37.37519073486328,40.023026,0.003611098974943161,887.164294719696
High Mobility,138,AI,utility,28,"['Ping-Pong: 26 UEs oscillating', 'QoS Violation: Avg High Prio SINR = -16.63 dB (Threshold: 5.0 dB)', 'Unfairness: Jain Index = 0.04']",0.03531016338249138,-63.927528381347656,-60217.32421875,-9.254459,-37.37519073486328,29.707708,0.003611098974943161,1220.8412885665894
High Mobility,139,AI,utility,27,"['Ping-Pong: 25 UEs oscillating', 'QoS Violation: Avg High Prio SINR = -18.76 dB (Threshold: 5.0 dB)', 'Unfairness: Jain Index = 0.07']",0.06742738826436226,-28.625791549682617,-43755.41015625,-4.1440077,-37.37519073486328,37.766956,0.003611098974943161,887.1876001358032
High Mobility,140,AI,utility,28,"['Ping-Pong: 25 UEs oscillating', 'QoS Violation: Avg High Prio SINR = 2.21 dB (Threshold: 5.0 dB)', 'Unfairness: Jain Index = 0.17']",0.16637062287643914,36.725181579589844,-34876.6796875,5.316514,-37.37519073486328,70.933365,0.003611098974943161,707.1822881698608
High Mobility,141,AI,utility,26,"['Ping-Pong: 22 UEs oscillating', 'QoS Violation: Avg High Prio SINR = -11.00 dB (Threshold: 5.0 dB)', 'Unfairness: Jain Index = 0.07']",0.06666868137186906,-52.106197357177734,-49268.75,-7.543145,-37.37519073486328,29.291523,0.003611098974943161,998.9574551582336
High Mobility,142,AI,utility,26,"['Ping-Pong: 22 UEs oscillating', 'QoS Violation: Avg High Prio SINR = -10.46 dB (Threshold: 5.0 dB)', 'Unfairness: Jain Index = 0.07']",0.06656481582027013,-55.85652160644531,-54813.03125,-8.0860615,-37.405489158630374,29.045565,0.003586517565418035,1111.3163232803345
High Mobility,143,AI,utility,24,"['Ping-Pong: 21 UEs oscillating', 'QoS Violation: Avg High Prio SINR = -10.61 dB (Threshold: 5.0 dB)', 'Unfairness: Jain Index = 0.07']",0.06666784629173665,-52.49713897705078,-45218.67578125,-7.599739,-37.37519073486328,27.61735,0.003611098974943161,916.8611168861389
High Mobility,144,AI,utility,25,"['Ping-Pong: 20 UEs oscillating', 'QoS Violation: Avg High Prio SINR = -0.40 dB (Threshold: 5.0 dB)', 'Unfairness: Jain Index = 0.08']",0.08210584821429323,-33.72910690307617,-43854.2578125,-4.8827887,-37.3792106628418,35.34758,0.0036085114581510423,889.1650438308716
High Mobility,145,AI,utility,28,"['Ping-Pong: 19 UEs oscillating', 'QoS Violation: Avg High Prio SINR = 1.49 dB (Threshold: 5.0 dB)', 'Unfairness: Jain Index = 0.10']",0.09671541382825892,-7.622961521148682,-38277.34765625,-1.103537,-37.37519073486328,44.928368,0.003611098974943161,776.141881942749
High Mobility,146,AI,utility,27,"['Ping-Pong: 23 UEs oscillating', 'QoS Violation: Avg High Prio SINR = -3.28 dB (Threshold: 5.0 dB)', 'Unfairness: Jain Index = 0.13']",0.13333411320241093,-18.375194549560547,-43877.69140625,-2.660082,-37.375729942321776,45.7156,0.003611098974943161,889.6539211273193
High Mobility,147,AI,utility,28,"['Ping-Pong: 25 UEs oscillating', 'QoS Violation: Avg High Prio SINR = -20.33 dB (Threshold: 5.0 dB)', 'Unfairness: Jain Index = 0.03']",0.03333895195448087,-82.05264282226562,-60169.046875,-11.878338,-37.3754467010498,20.703753,0.003611098974943161,1219.9110984802246
High Mobility,148,AI,utility,28,"['Ping-Pong: 25 UEs oscillating', 'QoS Violation: Avg High Prio SINR = -19.63 dB (Threshold: 5.0 dB)', 'Unfairness: Jain Index = 0.03']",0.03333613179675581,-104.52804565429688,-70878.3515625,-15.131985,-37.38184585571289,14.719025,0.0036059240694157777,1437.009572982788
High Mobility,149,AI,utility,29,"['Ping-Pong: 27 UEs oscillating', 'QoS Violation: Avg High Prio SINR = -20.03 dB (Threshold: 5.0 dB)', 'Unfairness: Jain Index = 0.04']",0.04399693647944325,-75.75782012939453,-60193.61328125,-10.96707,-37.375230598449704,25.000912,0.003611098974943161,1220.4279899597168
High Mobility,150,AI,utility,27,"['Ping-Pong: 26 UEs oscillating', 'QoS Violation: Avg High Prio SINR = -19.41 dB (Threshold: 5.0 dB)', 'Unfairness: Jain Index = 0.05']",0.04948135143397963,-79.62386322021484,-65604.8046875,-11.526734,-37.37576770782471,25.150286,0.003611098974943161,1330.039620399475
High Mobility,151,AI,utility,28,"['Ping-Pong: 26 UEs oscillating', 'QoS Violation: Avg High Prio SINR = -3.23 dB (Threshold: 5.0 dB)', 'Unfairness: Jain Index = 0.08']",0.07751710068859752,-38.3426513671875,-49208.83984375,-5.5506682,-37.37536907196045,36.375145,0.003611098974943161,997.7082014083862
High Mobility,152,AI,utility,28,"['Ping-Pong: 25 UEs oscillating', 'QoS Violation: Avg High Prio SINR = 3.32 dB (Threshold: 5.0 dB)', 'Unfairness: Jain Index = 0.07']",0.06836048945757413,-18.184986114501953,-38341.5390625,-2.6325471,-37.37519073486328,41.615543,0.003611098974943161,777.4484157562256
High Mobility,153,AI,utility,27,"['Ping-Pong: 24 UEs oscillating', 'QoS Violation: Avg High Prio SINR = -11.29 dB (Threshold: 5.0 dB)', 'Unfairness: Jain Index = 0.07']",0.066668045984336,-47.18562316894531,-49201.71484375,-6.8308187,-37.37519073486328,29.170246,0.003611098974943161,997.5618720054626
High Mobility,154,AI,utility,29,"['Ping-Pong: 24 UEs oscillating', 'QoS Violation: Avg High Prio SINR = -18.95 dB (Threshold: 5.0 dB)', 'Unfairness: Jain Index = 0.10']",0.1000519069625855,-35.01530075073242,-54662.546875,-5.068985,-37.37519073486328,41.53962,0.003611098974943161,1108.280062675476
High Mobility,155,AI,utility,26,"['Ping-Pong: 24 UEs oscillating', 'QoS Violation: Avg High Prio SINR = -3.82 dB (Threshold: 5.0 dB)', 'Unfairness: Jain Index = 0.06']",0.06013288664679859,-37.049442291259766,-43753.8828125,-5.363457,-37.37519073486328,33.889267,0.003611098974943161,887.1669769287109
High Mobility,156,AI,utility,27,"['Ping-Pong: 24 UEs oscillating', 'QoS Violation: Avg High Prio SINR = 3.51 dB (Threshold: 5.0 dB)', 'Unfairness: Jain Index = 0.08']",0.07957121111624768,-6.897898197174072,-32833.0625,-0.9985744,-37.37519073486328,42.573116,0.003611098974943161,665.7865643501282
High Mobility,157,AI,utility,30,"['Ping-Pong: 24 UEs oscillating', 'Unfairness: Jain Index = 0.14']",0.14206554401142824,27.294315338134766,-38274.79296875,3.9512568,-37.37519073486328,66.813515,0.003611098974943161,776.0713696479797
High Mobility,158,AI,utility,28,"['Ping-Pong: 25 UEs oscillating', 'QoS Violation: Avg High Prio SINR = -11.71 dB (Threshold: 5.0 dB)', 'Unfairness: Jain Index = 0.12']",0.11691750654125473,-16.087305068969727,-49211.59765625,-2.3288767,-37.37519073486328,51.281277,0.003611098974943161,997.7818131446838
High Mobility,159,AI,utility,27,"['Ping-Pong: 25 UEs oscillating', 'QoS Violation: Avg High Prio SINR = -11.42 dB (Threshold: 5.0 dB)', 'Unfairness: Jain Index = 0.08']",0.07978915421431312,-35.9744873046875,-54664.68359375,-5.207842,-37.37519073486328,41.686466,0.003611098974943161,1108.3176136016846
High Mobility,160,AI,utility,24,"['Ping-Pong: 22 UEs oscillating', 'QoS Violation: Avg High Prio SINR = -13.86 dB (Threshold: 5.0 dB)', 'Unfairness: Jain Index = 0.05']",0.05222718737013628,-61.081565856933594,-54674.5625,-8.842463,-37.37519073486328,27.108559,0.003611098974943161,1108.538269996643
High Mobility,161,AI,utility,28,"['Ping-Pong: 20 UEs oscillating', 'QoS Violation: Avg High Prio SINR = -10.63 dB (Threshold: 5.0 dB)', 'Unfairness: Jain Index = 0.08']",0.08166943884913394,-39.487518310546875,-49212.39453125,-5.7164035,-37.37519073486328,36.279808,0.003611098974943161,997.8097081184387
High Mobility,162,AI,utility,26,"['Ping-Pong: 20 UEs oscillating', 'Unfairness: Jain Index = 0.17']",0.17163532530665343,20.333711624145508,-38276.0390625,2.9436069,-37.37519073486328,62.674603,0.003611098974943161,776.1027812957764
High Mobility,163,AI,utility,28,"['Ping-Pong: 23 UEs oscillating', 'QoS Violation: Avg High Prio SINR = -10.20 dB (Threshold: 5.0 dB)', 'Unfairness: Jain Index = 0.07']",0.06636076024758722,-55.4528923034668,-60130.52734375,-8.027629,-37.37519073486328,34.66217,0.003611098974943161,1219.1258668899536
High Mobility,164,AI,utility,28,"['Ping-Pong: 22 UEs oscillating', 'QoS Violation: Avg High Prio SINR = -12.98 dB (Threshold: 5.0 dB)', 'Unfairness: Jain Index = 0.08']",0.07915001078893799,-38.93978500366211,-54660.29296875,-5.637112,-37.37519073486328,38.04044,0.003611098974943161,1108.2335710525513
High Mobility,165,AI,utility,29,"['Ping-Pong: 25 UEs oscillating', 'QoS Violation: Avg High Prio SINR = -18.58 dB (Threshold: 5.0 dB)', 'Unfairness: Jain Index = 0.07']",0.06703592482791547,-59.05418395996094,-60131.23828125,-8.548969,-37.37519073486328,32.77494,0.003611098974943161,1219.1441059112549
High Mobility,166,AI,utility,29,"['Ping-Pong: 26 UEs oscillating', 'QoS Violation: Avg High Prio SINR = -10.19 dB (Threshold: 5.0 dB)', 'Unfairness: Jain Index = 0.09']",0.0864993304224798,-36.237552642822266,-54679.1640625,-5.245925,-37.37519073486328,43.072678,0.003611098974943161,1108.6175441741943
High Mobility,167,AI,utility,28,"['Ping-Pong: 27 UEs oscillating', 'QoS Violation: Avg High Prio SINR = -9.88 dB (Threshold: 5.0 dB)', 'Unfairness: Jain Index = 0.09']",0.0882928678048924,-42.175758361816406,-60131.62109375,-6.105569,-37.37519073486328,43.31503,0.003611098974943161,1219.1410064697266
High Mobility,168,AI,utility,28,"['Ping-Pong: 26 UEs oscillating', 'QoS Violation: Avg High Prio SINR = -10.41 dB (Threshold: 5.0 dB)', 'Unfairness: Jain Index = 0.13']",0.13333398612618033,-17.168054580688477,-43758.375,-2.485333,-37.37519073486328,45.457294,0.003611098974943161,887.2487545013428
High Mobility,169,AI,utility,28,"['Ping-Pong: 24 UEs oscillating', 'Unfairness: Jain Index = 0.14']",0.13833733862096292,-2.3458919525146484,-43739.890625,-0.33960322,-37.37519073486328,53.42125,0.003611098974943161,886.8654370307922
High Mobility,170,AI,utility,24,"['Ping-Pong: 21 UEs oscillating', 'QoS Violation: Avg High Prio SINR = -3.54 dB (Threshold: 5.0 dB)', 'Unfairness: Jain Index = 0.12']",0.12071884919672798,-3.7606141567230225,-43751.87109375,-0.54440534,-37.37519073486328,53.553547,0.003611098974943161,887.1058225631714
High Mobility,171,AI,utility,28,"['Ping-Pong: 22 UEs oscillating', 'QoS Violation: Avg High Prio SINR = -10.96 dB (Threshold: 5.0 dB)', 'Unfairness: Jain Index = 0.07']",0.0718782201562714,-34.36396789550781,-54664.05859375,-4.9746943,-37.37519073486328,42.50179,0.003611098974943161,1108.309268951416
High Mobility,172,AI,utility,28,"['Ping-Pong: 21 UEs oscillating', 'QoS Violation: Avg High Prio SINR = -8.29 dB (Threshold: 5.0 dB)', 'Unfairness: Jain Index = 0.05']",0.053938392796637175,-48.70127487182617,-49212.46875,-7.0502315,-37.37519073486328,29.345146,0.003611098974943161,997.8147149085999
High Mobility,173,AI,utility,29,"['Ping-Pong: 25 UEs oscillating', 'QoS Violation: Avg High Prio SINR = -11.57 dB (Threshold: 5.0 dB)', 'Unfairness: Jain Index = 0.08']",0.07794181503932142,-45.1983642578125,-49221.53515625,-6.5431337,-37.37519073486328,33.732563,0.003611098974943161,998.0008006095886
High Mobility,174,AI,utility,29,"['Ping-Pong: 27 UEs oscillating', 'QoS Violation: Avg High Prio SINR = -11.34 dB (Threshold: 5.0 dB)', 'Unfairness: Jain Index = 0.13']",0.12901107580383128,-34.65148162841797,-54671.48828125,-5.016318,-37.37519073486328,44.07609,0.003611098974943161,1108.4648370742798
High Mobility,175,AI,utility,29,"['Ping-Pong: 27 UEs oscillating', 'QoS Violation: Avg High Prio SINR = -18.83 dB (Threshold: 5.0 dB)', 'Unfairness: Jain Index = 0.07']",0.07333902615212932,-42.70401382446289,-45548.6328125,-6.1820407,-37.37519073486328,34.5845,0.003611098974943161,923.5380291938782
High Mobility,176,AI,utility,27,"['Ping-Pong: 26 UEs oscillating', 'QoS Violation: Avg High Prio SINR = -15.07 dB (Threshold: 5.0 dB)', 'Unfairness: Jain Index = 0.10']",0.10000127215378415,-39.399662017822266,-54695.109375,-5.703687,-37.37519073486328,38.70513,0.003611098974943161,1108.9332103729248
High Mobility,177,AI,utility,28,"['Ping-Pong: 25 UEs oscillating', 'QoS Violation: Avg High Prio SINR = -2.83 dB (Threshold: 5.0 dB)', 'Unfairness: Jain Index = 0.10']",0.10000250661692549,-41.5287971496582,-54668.62109375,-6.0119095,-37.37519073486328,38.131145,0.003611098974943161,1108.4026098251343
High Mobility,178,AI,utility,29,"['Ping-Pong: 25 UEs oscillating', 'QoS Violation: Avg High Prio SINR = -19.63 dB (Threshold: 5.0 dB)', 'Unfairness: Jain Index = 0.07']",0.0666674650612411,-75.90509796142578,-60432.0234375,-10.988391,-37.37519073486328,25.866365,0.003611098974943161,1225.2408266067505
High Mobility,179,AI,utility,27,"['Ping-Pong: 24 UEs oscillating', 'QoS Violation: Avg High Prio SINR = -10.10 dB (Threshold: 5.0 dB)', 'Unfairness: Jain Index = 0.22']",0.21663776458042305,38.715457916259766,-38276.421875,5.6046357,-37.37519073486328,73.90065,0.003611098974943161,776.0558724403381
High Mobility,180,AI,utility,27,"['Ping-Pong: 24 UEs oscillating', 'QoS Violation: Avg High Prio SINR = -11.03 dB (Threshold: 5.0 dB)', 'Unfairness: Jain Index = 0.13']",0.1333792913475824,-20.821781158447266,-54684.41015625,-3.014263,-37.37878475189209,50.931324,0.0036085114581510423,1108.6567640304565
High Mobility,181,AI,utility,26,"['Ping-Pong: 23 UEs oscillating', 'QoS Violation: Avg High Prio SINR = -18.75 dB (Threshold: 5.0 dB)', 'Unfairness: Jain Index = 0.05']",0.04831243892823365,-51.820045471191406,-54662.83203125,-7.5017195,-37.37519073486328,30.950146,0.003611098974943161,1108.2898378372192
High Mobility,182,AI,utility,28,"['Ping-Pong: 23 UEs oscillating', 'QoS Violation: Avg High Prio SINR = -10.48 dB (Threshold: 5.0 dB)', 'Unfairness: Jain Index = 0.07']",0.06527332963684583,-73.9524154663086,-65600.8046875,-10.705708,-37.37519073486328,28.056522,0.003611098974943161,1330.033779144287
High Mobility,183,AI,utility,27,"['Ping-Pong: 23 UEs oscillating', 'QoS Violation: Avg High Prio SINR = -18.72 dB (Threshold: 5.0 dB)', 'Unfairness: Jain Index = 0.13']",0.1333340224336686,-30.537429809570312,-54672.71875,-4.420745,-37.37523899078369,45.45595,0.003611098974943161,1108.4390878677368
High Mobility,184,AI,utility,27,"['Ping-Pong: 25 UEs oscillating', 'QoS Violation: Avg High Prio SINR = -16.90 dB (Threshold: 5.0 dB)', 'Unfairness: Jain Index = 0.13']",0.13333719935803323,-23.838661193847656,-51307.01171875,-3.4509997,-37.37519073486328,48.495262,0.003611098974943161,1040.2542352676392
High Mobility,185,AI,utility,27,"['Ping-Pong: 25 UEs oscillating', 'QoS Violation: Avg High Prio SINR = -10.62 dB (Threshold: 5.0 dB)', 'Unfairness: Jain Index = 0.16']",0.16197632133618553,-5.983747482299805,-49210.87890625,-0.86623645,-37.37519073486328,56.004093,0.003611098974943161,997.7738857269287
High Mobility,186,AI,utility,27,"['Ping-Pong: 24 UEs oscillating', 'QoS Violation: Avg High Prio SINR = -4.91 dB (Threshold: 5.0 dB)', 'Unfairness: Jain Index = 0.15']",0.145361006641671,15.223294258117676,-43731.359375,2.2037966,-37.37519073486328,62.60176,0.003611098974943161,886.6788148880005
High Mobility,187,AI,utility,28,"['Ping-Pong: 25 UEs oscillating', 'QoS Violation: Avg High Prio SINR = -10.32 dB (Threshold: 5.0 dB)', 'Unfairness: Jain Index = 0.13']",0.13027895505867657,-27.88359260559082,-54687.9296875,-4.0365634,-37.37519073486328,46.77508,0.003611098974943161,1108.7791919708252
High Mobility,188,AI,utility,28,"['Ping-Pong: 26 UEs oscillating', 'QoS Violation: Avg High Prio SINR = -11.25 dB (Threshold: 5.0 dB)', 'Unfairness: Jain Index = 0.07']",0.06666789167639206,-66.2235107421875,-60164.41796875,-9.586836,-37.37519073486328,28.077389,0.003611098974943161,1219.8067903518677
High Mobility,189,AI,utility,28,"['Ping-Pong: 27 UEs oscillating', 'QoS Violation: Avg High Prio SINR = -12.60 dB (Threshold: 5.0 dB)', 'Unfairness: Jain Index = 0.10']",0.10020537418074738,-36.87791442871094,-54675.58984375,-5.338626,-37.37519073486328,42.847717,0.003611098974943161,1108.5442304611206
High Mobility,190,AI,utility,25,"['Ping-Pong: 25 UEs oscillating', 'QoS Violation: Avg High Prio SINR = -15.20 dB (Threshold: 5.0 dB)', 'Unfairness: Jain Index = 0.07']",0.0666686178329795,-54.133419036865234,-50676.28125,-7.836615,-37.37519073486328,29.507273,0.003611098974943161,1027.4854898452759
High Mobility,191,AI,utility,25,"['Ping-Pong: 22 UEs oscillating', 'QoS Violation: Avg High Prio SINR = -19.42 dB (Threshold: 5.0 dB)', 'Unfairness: Jain Index = 0.07']",0.066667474138145,-69.14009094238281,-60176.06640625,-10.009053,-37.37519073486328,26.760408,0.003611098974943161,1220.0371026992798
High Mobility,192,AI,utility,27,"['Ping-Pong: 21 UEs oscillating', 'QoS Violation: Avg High Prio SINR = -18.44 dB (Threshold: 5.0 dB)', 'Unfairness: Jain Index = 0.03']",0.033351395931858076,-67.52256774902344,-49456.5546875,-9.774892,-37.37519073486328,21.407879,0.003611098974943161,1002.7707815170288
High Mobility,193,AI,utility,29,"['Ping-Pong: 24 UEs oscillating', 'QoS Violation: Avg High Prio SINR = -10.60 dB (Threshold: 5.0 dB)', 'Unfairness: Jain Index = 0.07']",0.06666924414621259,-72.25201416015625,-65641.390625,-10.459551,-37.37519073486328,29.020147,0.003611098974943161,1330.7963609695435
High Mobility,194,AI,utility,28,"['Ping-Pong: 25 UEs oscillating', 'QoS Violation: Avg High Prio SINR = -11.95 dB (Threshold: 5.0 dB)', 'Unfairness: Jain Index = 0.09']",0.08615528921186467,-6.2920241355896,-43739.015625,-0.91086465,-37.37519073486328,50.79747,0.003611098974943161,886.8471384048462
High Mobility,195,AI,utility,29,"['Ping-Pong: 26 UEs oscillating', 'QoS Violation: Avg High Prio SINR = -5.00 dB (Threshold: 5.0 dB)', 'Unfairness: Jain Index = 0.05']",0.05102195764000216,-39.201995849609375,-49226.546875,-5.675071,-37.37519073486328,35.81788,0.003611098974943161,998.0933666229248
High Mobility,196,AI,utility,29,"['Ping-Pong: 26 UEs oscillating', 'QoS Violation: Avg High Prio SINR = -1.38 dB (Threshold: 5.0 dB)', 'Unfairness: Jain Index = 0.07']",0.06669295786067886,-55.34092330932617,-55364.16015625,-8.011421,-37.37519073486328,33.48869,0.003611098974943161,1122.5048303604126
High Mobility,197,AI,utility,30,"['Ping-Pong: 28 UEs oscillating', 'QoS Violation: Avg High Prio SINR = 4.61 dB (Threshold: 5.0 dB)', 'Unfairness: Jain Index = 0.18']",0.17611428558645606,10.746021270751953,-43817.3671875,1.5556453,-37.37519073486328,64.128654,0.003611098974943161,888.4252309799194
High Mobility,198,AI,utility,28,"['Ping-Pong: 27 UEs oscillating', 'QoS Violation: Avg High Prio SINR = -6.50 dB (Threshold: 5.0 dB)', 'Unfairness: Jain Index = 0.15']",0.149453621045178,8.45080852508545,-41184.484375,1.2233793,-37.37519073486328,60.115665,0.003611098974943161,835.0575566291809
High Mobility,199,AI,utility,29,"['Ping-Pong: 28 UEs oscillating', 'QoS Violation: Avg High Prio SINR = -9.83 dB (Threshold: 5.0 dB)', 'Unfairness: Jain Index = 0.07']",0.06666820029245851,-73.9476318359375,-61556.078125,-10.705015,-37.37519073486328,27.942394,0.003611098974943161,1248.0251789093018
High Mobility,0,Random,baseline,23,"['QoS Violation: Avg High Prio SINR = 3.48 dB (Threshold: 5.0 dB)', 'Unfairness: Jain Index = 0.04']",0.041064196225358264,23.50004768371582,-37.201568603515625,3.4019797,-5.8737555027008055,28.555803,4.599409234523773,0.9988161036744714
High Mobility,1,Random,baseline,23,['Unfairness: Jain Index = 0.06'],0.05995504998924778,36.61234664916992,-86.33688354492188,5.3001795,-6.184959888458251,36.320908,4.773160457611085,1.9777421839535236
High Mobility,2,Random,baseline,23,['Unfairness: Jain Index = 0.07'],0.06806891271393957,61.02492904663086,-21.530139923095703,8.834263,-3.812303590774536,48.808235,6.863769555091858,0.6456909468397498
High Mobility,3,Random,baseline,18,"['Ping-Pong: 15 UEs oscillating', 'QoS Violation: Avg High Prio SINR = 4.05 dB (Threshold: 5.0 dB)', 'Unfairness: Jain Index = 0.06']",0.05773174277418961,22.73296356201172,-308.45440673828125,3.290933,-18.29221992492676,34.955067,0.29110647886991503,6.48353761062026
High Mobility,4,Random,baseline,21,"['Ping-Pong: 14 UEs oscillating', 'Unfairness: Jain Index = 0.14']",0.14253303428343092,41.88882827758789,-1816.84521484375,6.0640283,-4.241497492790222,41.55031,6.3077785730361935,37.04383596777916
High Mobility,5,Random,baseline,22,"['Ping-Pong: 12 UEs oscillating', 'Unfairness: Jain Index = 0.11']",0.11112051462065708,44.3022575378418,-77.6440658569336,6.413408,-2.798131823539734,40.098797,8.334208869934082,1.796036958694458
High Mobility,6,Random,baseline,20,"['Ping-Pong: 14 UEs oscillating', 'Unfairness: Jain Index = 0.05']",0.05423540471234974,57.970394134521484,-35.560123443603516,8.392075,-4.80229971408844,50.734604,5.691161680221558,0.9402906871400774
High Mobility,7,Random,baseline,20,"['Ping-Pong: 12 UEs oscillating', 'Unfairness: Jain Index = 0.05']",0.054312749565882765,17.711137771606445,-2206.572265625,2.56395,-27.88465824127197,35.15169,0.0334102095104754,44.952936470508575
High Mobility,8,Random,baseline,21,"['Ping-Pong: 10 UEs oscillating', 'Unfairness: Jain Index = 0.04']",0.03601663340118877,24.638959884643555,-812.3211059570312,3.5668554,-22.662750911712646,36.42455,0.10961279273033143,16.697239130735397
High Mobility,9,Random,baseline,17,"['Ping-Pong: 9 UEs oscillating', 'QoS Violation: Avg High Prio SINR = 3.43 dB (Threshold: 5.0 dB)', 'Unfairness: Jain Index = 0.03']",0.034251455743713494,16.277111053466797,-79.2032470703125,2.3563533,-10.638782739639282,27.776821,1.661747294664383,1.8521950114518404
High Mobility,10,Random,baseline,21,"['Ping-Pong: 13 UEs oscillating', 'Unfairness: Jain Index = 0.10']",0.09627696523413883,67.46585083007812,-28.96500587463379,9.766684,-6.150344562530518,53.252754,4.310780119895935,0.7900545024313033
High Mobility,11,Random,baseline,18,"['Ping-Pong: 13 UEs oscillating', 'QoS Violation: Avg High Prio SINR = 2.68 dB (Threshold: 5.0 dB)', 'Unfairness: Jain Index = 0.08']",0.07510522176427772,29.539339065551758,-764.5315551757812,4.2762575,-11.538117218017577,36.70121,1.661684882640839,15.727480873465538
High Mobility,12,Random,baseline,20,"['Ping-Pong: 14 UEs oscillating', 'QoS Violation: Avg High Prio SINR = 4.50 dB (Threshold: 5.0 dB)', 'Unfairness: Jain Index = 0.04']",0.03912104393012241,48.246490478515625,-171.29466247558594,6.9843946,-7.243551921844482,44.187424,3.579917538166047,3.6884399596601725
High Mobility,13,Random,baseline,16,"['Ping-Pong: 11 UEs oscillating', 'Unfairness: Jain Index = 0.03']",0.034916792172531845,29.363788604736328,-2890.657958984375,4.250844,-21.30860776901245,41.6603,0.15025154389441014,58.81981551647186
High Mobility,14,Random,baseline,21,"['Ping-Pong: 11 UEs oscillating', 'Unfairness: Jain Index = 0.07']",0.0686241130899598,35.37263870239258,-523.7869873046875,5.120714,-13.126015424728392,41.99841,1.3058815956115726,10.848719626665115
High Mobility,15,Random,baseline,23,"['Ping-Pong: 7 UEs oscillating', 'Unfairness: Jain Index = 0.08']",0.08315713392288306,36.752845764160156,-114.02338409423828,5.320518,-10.424895620346067,41.47385,2.555655491352082,2.552626421675086
High Mobility,16,Random,baseline,22,"['Ping-Pong: 10 UEs oscillating', 'QoS Violation: Avg High Prio SINR = -2.29 dB (Threshold: 5.0 dB)', 'Unfairness: Jain Index = 0.05']",0.0503729376636956,35.54343795776367,-480.36846923828125,5.1454396,-13.48771777153015,40.68323,1.3171721875667575,9.971157647669315
High Mobility,17,Random,baseline,20,"['Ping-Pong: 11 UEs oscillating', 'QoS Violation: Avg High Prio SINR = 4.95 dB (Threshold: 5.0 dB)', 'Unfairness: Jain Index = 0.06']",0.06285931405467744,32.46881866455078,-12988.2470703125,4.700343,-16.13588075637817,41.22082,0.8038560450077059,263.518363237381
High Mobility,18,Random,baseline,21,"['Ping-Pong: 11 UEs oscillating', 'QoS Violation: Avg High Prio SINR = 3.29 dB (Threshold: 5.0 dB)', 'Unfairness: Jain Index = 0.07']",0.06960800397268876,51.54521179199219,-3609.234130859375,7.4619336,-10.300542974472044,51.37826,3.0521866917610176,73.36781919002533
High Mobility,19,Random,baseline,19,"['Ping-Pong: 11 UEs oscillating', 'Unfairness: Jain Index = 0.06']",0.06485121873850459,31.276409149169922,-582.0618286132812,4.527724,-18.87904195785522,42.192818,0.3328272685408593,12.031269259750843
High Mobility,20,Random,baseline,21,"['Ping-Pong: 13 UEs oscillating', 'Unfairness: Jain Index = 0.03']",0.03333743284369338,-0.3175079822540283,-4744.0947265625,-0.045963828,-24.473604583740233,25.862284,0.09744147360324862,96.38728201389313
High Mobility,21,Random,baseline,16,"['Ping-Pong: 10 UEs oscillating', 'QoS Violation: Avg High Prio SINR = 2.23 dB (Threshold: 5.0 dB)', 'Unfairness: Jain Index = 0.05']",0.04835112647209874,25.72364044189453,-568.7410278320312,3.7238784,-21.438465118408203,39.584084,0.15257931984961035,11.76590658724308
High Mobility,22,Random,baseline,20,"['Ping-Pong: 10 UEs oscillating', 'QoS Violation: Avg High Prio SINR = -2.13 dB (Threshold: 5.0 dB)', 'Unfairness: Jain Index = 0.04']",0.04321780382789024,3.3975636959075928,-9952.4189453125,0.49184835,-32.46492357254028,33.46841,0.013912735693156722,201.91556215286255
High Mobility,23,Random,baseline,22,"['Ping-Pong: 10 UEs oscillating', 'QoS Violation: Avg High Prio SINR = -5.62 dB (Threshold: 5.0 dB)', 'Unfairness: Jain Index = 0.04']",0.04197761858097914,33.638214111328125,-4358.18115234375,4.869631,-29.464913082122802,49.919132,0.029939919523894794,88.55471760034561
High Mobility,24,Random,baseline,18,"['Ping-Pong: 10 UEs oscillating', 'Unfairness: Jain Index = 0.03']",0.03346262305453437,4.741616249084473,-14849.357421875,0.6864193,-34.572723579406734,37.122585,0.009217939898371698,301.20739340782166
High Mobility,25,Random,baseline,19,"['Ping-Pong: 11 UEs oscillating', 'QoS Violation: Avg High Prio SINR = 1.12 dB (Threshold: 5.0 dB)', 'Unfairness: Jain Index = 0.04']",0.035189160382943556,4.502004146575928,-10353.3818359375,0.65173185,-34.43424625396729,36.50142,0.007193518127314747,210.07969975471497
High Mobility,26,Random,baseline,21,"['Ping-Pong: 12 UEs oscillating', 'QoS Violation: Avg High Prio SINR = 3.06 dB (Threshold: 5.0 dB)', 'Unfairness: Jain Index = 0.03']",0.03335039530493033,15.013236999511719,-5867.0224609375,2.173389,-15.325847911834714,31.20275,0.9190123707056048,119.17858570814133
High Mobility,27,Random,baseline,21,"['Ping-Pong: 14 UEs oscillating', 'Unfairness: Jain Index = 0.08']",0.08410283323413714,53.20184326171875,-9418.630859375,7.701756,-22.406928253173824,57.841797,0.44580977782607095,191.15953147411346
High Mobility,28,Random,baseline,24,"['Ping-Pong: 17 UEs oscillating', 'QoS Violation: Avg High Prio SINR = 4.43 dB (Threshold: 5.0 dB)', 'Unfairness: Jain Index = 0.04']",0.041203384042983786,41.22163391113281,-7451.55078125,5.9674406,-27.358988761901855,50.559315,0.07156999148428442,151.23571455478668
High Mobility,29,Random,baseline,23,"['Ping-Pong: 15 UEs oscillating', 'Unfairness: Jain Index = 0.07']",0.07227377101485218,38.31928634643555,-9134.1494140625,5.5472856,-26.65999298095703,48.4536,0.19479803154245026,185.3545606136322
High Mobility,30,Random,baseline,19,"['Ping-Pong: 15 UEs oscillating', 'QoS Violation: Avg High Prio SINR = 1.91 dB (Threshold: 5.0 dB)', 'Unfairness: Jain Index = 0.03']",0.033541297879664436,11.107282638549805,-10819.8935546875,1.6079438,-33.602848815917966,32.74577,0.010642942227423194,219.51749920845032
High Mobility,31,Random,baseline,17,"['Ping-Pong: 9 UEs oscillating', 'Unfairness: Jain Index = 0.05']",0.04930338133551698,5.525589942932129,-11691.5673828125,0.79991084,-34.739437866210935,32.33951,0.00714244197588414,237.20212280750275
High Mobility,32,Random,baseline,15,"['Ping-Pong: 8 UEs oscillating', 'QoS Violation: Avg High Prio SINR = -4.21 dB (Threshold: 5.0 dB)', 'Unfairness: Jain Index = 0.04']",0.03773819192569555,-0.736035168170929,-18407.953125,-0.10655174,-37.29737224578857,34.747707,0.0036786095355637372,373.24732542037964
High Mobility,33,Random,baseline,21,"['Ping-Pong: 12 UEs oscillating', 'QoS Violation: Avg High Prio SINR = 1.05 dB (Threshold: 5.0 dB)', 'Unfairness: Jain Index = 0.03']",0.033345093243273005,6.971307754516602,-6607.68310546875,1.0092003,-24.857216358184814,29.687243,0.13420979455113416,134.15254652500153
High Mobility,34,Random,baseline,22,"['Ping-Pong: 11 UEs oscillating', 'Unfairness: Jain Index = 0.06']",0.06418354260983752,17.382104873657227,-17154.072265625,2.5163176,-37.387695121765134,44.835583,0.0036012192373163997,347.882479429245
High Mobility,35,Random,baseline,19,"['Ping-Pong: 14 UEs oscillating', 'QoS Violation: Avg High Prio SINR = 2.24 dB (Threshold: 5.0 dB)', 'Unfairness: Jain Index = 0.10']",0.10001120253639438,21.425642013549805,-7845.62890625,3.10168,-29.50893983840942,42.90604,0.03149064257740975,159.24645960330963
High Mobility,36,Random,baseline,16,"['Ping-Pong: 12 UEs oscillating', 'QoS Violation: Avg High Prio SINR = -0.82 dB (Threshold: 5.0 dB)', 'Unfairness: Jain Index = 0.04']",0.0446054866150744,8.519840240478516,-9542.076171875,1.2333734,-32.8501781463623,39.753674,0.010324175748974086,193.64070892333984
High Mobility,37,Random,baseline,15,"['Ping-Pong: 9 UEs oscillating', 'Unfairness: Jain Index = 0.09']",0.08936204713958863,26.440919876098633,-16177.1005859375,3.8277154,-37.27432632446289,48.23915,0.0036987212835811077,328.0179798603058
High Mobility,38,Random,baseline,16,"['Ping-Pong: 10 UEs oscillating', 'QoS Violation: Avg High Prio SINR = 3.61 dB (Threshold: 5.0 dB)', 'Unfairness: Jain Index = 0.03']",0.033448051438021945,-7.134439468383789,-17586.09375,-1.0328155,-37.37538166046143,30.447994,0.003611098974943161,356.6693961620331
High Mobility,39,Random,baseline,17,"['Ping-Pong: 10 UEs oscillating', 'QoS Violation: Avg High Prio SINR = -6.95 dB (Threshold: 5.0 dB)', 'Unfairness: Jain Index = 0.05']",0.046892798250724614,-18.673187255859375,-21572.521484375,-2.7032206,-37.0217643737793,32.151306,0.003933709824923426,437.49481439590454
High Mobility,40,Random,baseline,19,"['Ping-Pong: 11 UEs oscillating', 'Unfairness: Jain Index = 0.07']",0.07062601802064973,9.757197380065918,-21077.12890625,1.4124986,-37.35967597961426,43.07554,0.0036238012253306806,427.4616539478302
High Mobility,41,Random,baseline,16,"['Ping-Pong: 11 UEs oscillating', 'QoS Violation: Avg High Prio SINR = 3.99 dB (Threshold: 5.0 dB)', 'Unfairness: Jain Index = 0.07']",0.06676530845636852,0.27495867013931274,-19690.19921875,0.03980382,-37.37519073486328,40.61358,0.003611098974943161,399.3789255619049
High Mobility,42,Random,baseline,20,"['Ping-Pong: 12 UEs oscillating', 'Unfairness: Jain Index = 0.07']",0.07073185013321265,10.194064140319824,-28912.056640625,1.4757421,-37.50966854095459,45.75966,0.003502422501333058,586.2954258918762
High Mobility,43,Random,baseline,15,"['Ping-Pong: 9 UEs oscillating', 'QoS Violation: Avg High Prio SINR = 3.24 dB (Threshold: 5.0 dB)', 'Unfairness: Jain Index = 0.04']",0.04454395777862238,-5.489140033721924,-14924.7998046875,-0.7946347,-35.70067863464355,30.40227,0.005813630111515523,302.7757704257965
High Mobility,44,Random,baseline,13,"['Ping-Pong: 6 UEs oscillating', 'QoS Violation: Avg High Prio SINR = -9.08 dB (Threshold: 5.0 dB)', 'Unfairness: Jain Index = 0.07']",0.06523729022061271,-23.145681381225586,-24238.33203125,-3.350681,-37.37565231323242,30.423862,0.003611098974943161,491.5512502193451
High Mobility,45,Random,baseline,15,"['Ping-Pong: 6 UEs oscillating', 'QoS Violation: Avg High Prio SINR = 4.16 dB (Threshold: 5.0 dB)', 'Unfairness: Jain Index = 0.08']",0.07583584484097766,-8.558310508728027,-34726.5859375,-1.2389424,-37.72996520996094,44.407158,0.003334466367959976,703.9983868598938
High Mobility,46,Random,baseline,19,"['Ping-Pong: 8 UEs oscillating', 'QoS Violation: Avg High Prio SINR = -3.22 dB (Threshold: 5.0 dB)', 'Unfairness: Jain Index = 0.07']",0.07077181430105263,-0.6068930625915527,-22861.2578125,-0.0878567,-37.38845672607422,43.22046,0.003600396041292697,463.6233150959015
High Mobility,47,Random,baseline,21,"['Ping-Pong: 10 UEs oscillating', 'QoS Violation: Avg High Prio SINR = -0.85 dB (Threshold: 5.0 dB)', 'Unfairness: Jain Index = 0.06']",0.06271575933651306,26.954620361328125,-16443.08203125,3.9020803,-37.37519073486328,45.72208,0.003611098974943161,333.5203230381012
High Mobility,48,Random,baseline,19,"['Ping-Pong: 11 UEs oscillating', 'QoS Violation: Avg High Prio SINR = -0.53 dB (Threshold: 5.0 dB)', 'Unfairness: Jain Index = 0.07']",0.07101714813674721,-5.915900707244873,-29493.44140625,-0.856414,-37.393310737609866,40.20409,0.003596867504529655,598.0523824691772
High Mobility,49,Random,baseline,19,"['Ping-Pong: 10 UEs oscillating', 'QoS Violation: Avg High Prio SINR = -0.17 dB (Threshold: 5.0 dB)', 'Unfairness: Jain Index = 0.10']",0.09595473641520025,13.044510841369629,-13234.9609375,1.8883862,-34.55799407958984,46.46541,0.008854574523866178,268.5118019580841
High Mobility,50,Random,baseline,18,"['Ping-Pong: 10 UEs oscillating', 'QoS Violation: Avg High Prio SINR = -0.04 dB (Threshold: 5.0 dB)', 'Unfairness: Jain Index = 0.07']",0.06700387656575124,-5.143894195556641,-22492.37890625,-0.7446556,-37.37946453094482,37.01968,0.003607217827811837,456.2099277973175
High Mobility,51,Random,baseline,19,"['Ping-Pong: 11 UEs oscillating', 'QoS Violation: Avg High Prio SINR = -7.97 dB (Threshold: 5.0 dB)', 'Unfairness: Jain Index = 0.03']",0.033334893762457324,-49.90674591064453,-28833.16015625,-7.224741,-37.376149559020995,20.414034,0.003611098974943161,584.6760272979736
High Mobility,52,Random,baseline,15,"['Ping-Pong: 9 UEs oscillating', 'QoS Violation: Avg High Prio SINR = -2.40 dB (Threshold: 5.0 dB)', 'Unfairness: Jain Index = 0.07']",0.0666682638311491,-32.423439025878906,-24808.796875,-4.693773,-37.386653900146484,29.817616,0.003602042538113892,503.1011700630188
High Mobility,53,Random,baseline,17,"['Ping-Pong: 8 UEs oscillating', 'Unfairness: Jain Index = 0.15']",0.14710880581409969,52.282588958740234,-16656.25390625,7.568681,-37.37519073486328,65.549446,0.003611098974943161,337.80843019485474
High Mobility,54,Random,baseline,21,"['Ping-Pong: 8 UEs oscillating', 'Unfairness: Jain Index = 0.12']",0.11624822702489333,43.41448211669922,-12226.15234375,6.2848907,-34.504498386383055,56.31333,0.009044995438307526,248.0544000864029
High Mobility,55,Random,baseline,18,"['Ping-Pong: 8 UEs oscillating', 'QoS Violation: Avg High Prio SINR = -1.31 dB (Threshold: 5.0 dB)', 'Unfairness: Jain Index = 0.11']",0.10734155715148788,3.7761998176574707,-17544.287109375,0.546661,-37.15383338928223,43.788147,0.00380586632527411,355.8855652809143
High Mobility,56,Random,baseline,20,"['Ping-Pong: 12 UEs oscillating', 'QoS Violation: Avg High Prio SINR = -1.46 dB (Threshold: 5.0 dB)', 'Unfairness: Jain Index = 0.03']",0.03334561085079544,-42.20325469970703,-17987.291015625,-6.1095476,-37.37519073486328,16.659,0.003611098974943161,364.87796902656555
High Mobility,57,Random,baseline,20,"['Ping-Pong: 13 UEs oscillating', 'Unfairness: Jain Index = 0.07']",0.0658405445877149,12.924612998962402,-22464.21875,1.87103,-37.47504177093506,47.009106,0.003530885570216924,455.5234909057617
High Mobility,58,Random,baseline,20,"['Ping-Pong: 13 UEs oscillating', 'Unfairness: Jain Index = 0.16']",0.15935382603209927,33.58458709716797,-26304.6875,4.861867,-37.3991886138916,62.143337,0.0035916924709454177,533.3719253540039
High Mobility,59,Random,baseline,17,"['Ping-Pong: 11 UEs oscillating', 'QoS Violation: Avg High Prio SINR = -8.82 dB (Threshold: 5.0 dB)', 'Unfairness: Jain Index = 0.06']",0.055667183007113444,-79.05690002441406,-30506.8203125,-11.444656,-37.37519073486328,8.368352,0.003611098974943161,618.6588406562805
High Mobility,60,Random,baseline,22,"['Ping-Pong: 13 UEs oscillating', 'QoS Violation: Avg High Prio SINR = -2.22 dB (Threshold: 5.0 dB)', 'Unfairness: Jain Index = 0.08']",0.08292620454945154,-5.597012042999268,-32461.599609375,-0.8102506,-37.37519073486328,44.899204,0.003611098974943161,658.1992506980896
High Mobility,61,Random,baseline,19,"['Ping-Pong: 13 UEs oscillating', 'Unfairness: Jain Index = 0.10']",0.09807890732338805,-1.0940971374511719,-29653.83203125,-0.15838687,-37.376122283935544,47.203934,0.003611098974943161,601.252555847168
High Mobility,62,Random,baseline,18,"['Ping-Pong: 10 UEs oscillating', 'QoS Violation: Avg High Prio SINR = -6.43 dB (Threshold: 5.0 dB)', 'Unfairness: Jain Index = 0.07']",0.06850785393318881,-30.048768997192383,-28570.947265625,-4.3500047,-37.37519073486328,32.739677,0.003611098974943161,579.3813467025757
High Mobility,63,Random,baseline,23,"['Ping-Pong: 12 UEs oscillating', 'QoS Violation: Avg High Prio SINR = -2.56 dB (Threshold: 5.0 dB)', 'Unfairness: Jain Index = 0.06']",0.06162796034992028,-11.602313995361328,-26382.923828125,-1.6796068,-37.37519073486328,37.86687,0.003611098974943161,534.9368453025818
High Mobility,64,Random,baseline,20,"['Ping-Pong: 12 UEs oscillating', 'QoS Violation: Avg High Prio SINR = -11.38 dB (Threshold: 5.0 dB)', 'Unfairness: Jain Index = 0.07']",0.06666836367772405,-34.83163070678711,-36921.9453125,-5.0423956,-37.41635093688965,30.744678,0.003577461128588766,748.6542463302612
High Mobility,65,Random,baseline,16,"['Ping-Pong: 13 UEs oscillating', 'QoS Violation: Avg High Prio SINR = -5.95 dB (Threshold: 5.0 dB)', 'Unfairness: Jain Index = 0.07']",0.0666672653695118,-52.25968933105469,-39401.03515625,-7.5653653,-37.39513473510742,25.631035,0.0035956912557594477,798.8801598548889
High Mobility,66,Random,baseline,22,"['Ping-Pong: 12 UEs oscillating', 'Unfairness: Jain Index = 0.14']",0.1448872440710214,28.763084411621094,-19677.9921875,4.1638837,-37.37519073486328,55.852303,0.003611098974943161,399.06826615333557
High Mobility,67,Random,baseline,22,"['Ping-Pong: 12 UEs oscillating', 'Unfairness: Jain Index = 0.17']",0.17321595434583148,51.05663299560547,-21989.611328125,7.3912044,-37.37519073486328,66.640434,0.003611098974943161,445.9524154663086
High Mobility,68,Random,baseline,20,"['Ping-Pong: 17 UEs oscillating', 'QoS Violation: Avg High Prio SINR = -9.06 dB (Threshold: 5.0 dB)', 'Unfairness: Jain Index = 0.07']",0.07206104078254434,-17.488204956054688,-32846.98828125,-2.5316775,-37.37540893554687,36.32581,0.003611098974943161,666.0594940185547
High Mobility,69,Random,baseline,17,"['Ping-Pong: 12 UEs oscillating', 'Unfairness: Jain Index = 0.05']",0.051025013614319006,-6.497132301330566,-27787.205078125,-0.9405571,-37.37519073486328,37.79878,0.003611098974943161,563.5095238685608
High Mobility,70,Random,baseline,21,"['Ping-Pong: 11 UEs oscillating', 'QoS Violation: Avg High Prio SINR = -7.07 dB (Threshold: 5.0 dB)', 'Unfairness: Jain Index = 0.09']",0.08877667153215592,7.738155364990234,-26581.51953125,1.1202127,-37.37519073486328,45.108727,0.003611098974943161,539.04128074646
High Mobility,71,Random,baseline,14,"['Ping-Pong: 10 UEs oscillating', 'QoS Violation: Avg High Prio SINR = -3.98 dB (Threshold: 5.0 dB)', 'Unfairness: Jain Index = 0.03']",0.03334142564093553,-57.011714935302734,-39269.02734375,-8.253291,-37.38708076477051,20.195923,0.003602042538113892,796.1708903312683
High Mobility,72,Random,baseline,17,"['Ping-Pong: 11 UEs oscillating', 'QoS Violation: Avg High Prio SINR = -2.92 dB (Threshold: 5.0 dB)', 'Unfairness: Jain Index = 0.07']",0.06666751952267373,-36.9815788269043,-32870.2578125,-5.353632,-37.37519073486328,27.923283,0.003611098974943161,666.5210723876953
High Mobility,73,Random,baseline,18,"['Ping-Pong: 10 UEs oscillating', 'QoS Violation: Avg High Prio SINR = -14.42 dB (Threshold: 5.0 dB)', 'Unfairness: Jain Index = 0.09']",0.09289358850650278,-25.00747299194336,-30635.052734375,-3.6202033,-37.37519073486328,34.735012,0.003611098974943161,621.1745738983154
High Mobility,74,Random,baseline,19,"['Ping-Pong: 12 UEs oscillating', 'QoS Violation: Avg High Prio SINR = 2.38 dB (Threshold: 5.0 dB)', 'Unfairness: Jain Index = 0.10']",0.10000110876952759,-20.95783805847168,-41395.73828125,-3.0339577,-37.725946235656735,37.994514,0.0033406995004042982,839.2401933670044
High Mobility,75,Random,baseline,18,"['Ping-Pong: 11 UEs oscillating', 'QoS Violation: Avg High Prio SINR = -12.60 dB (Threshold: 5.0 dB)', 'Unfairness: Jain Index = 0.03']",0.03333470376637861,-58.321861267089844,-46695.875,-8.442954,-37.461256217956546,21.066439,0.0035412357654422523,946.7220902442932
High Mobility,76,Random,baseline,19,"['Ping-Pong: 11 UEs oscillating', 'QoS Violation: Avg High Prio SINR = -1.41 dB (Threshold: 5.0 dB)', 'Unfairness: Jain Index = 0.07']",0.06579119834073263,-29.594011306762695,-32822.921875,-4.2841725,-37.37519073486328,27.70593,0.003611098974943161,665.5970811843872
High Mobility,77,Random,baseline,23,"['Ping-Pong: 14 UEs oscillating', 'QoS Violation: Avg High Prio SINR = 1.29 dB (Threshold: 5.0 dB)', 'Unfairness: Jain Index = 0.13']",0.13186946973639155,24.47235679626465,-19775.37109375,3.5427375,-37.37519073486328,50.12389,0.003611098974943161,401.0900855064392
High Mobility,78,Random,baseline,22,"['Ping-Pong: 15 UEs oscillating', 'QoS Violation: Avg High Prio SINR = 3.07 dB (Threshold: 5.0 dB)', 'Unfairness: Jain Index = 0.12']",0.12253823078199101,19.23674964904785,-22010.94140625,2.7848043,-37.37519073486328,49.086143,0.003611098974943161,446.4093744754791
High Mobility,79,Random,baseline,21,"['Ping-Pong: 16 UEs oscillating', 'Unfairness: Jain Index = 0.11']",0.10744480860295336,20.2888126373291,-21901.921875,2.9371066,-37.37519073486328,48.888416,0.003611098974943161,444.19944286346436
High Mobility,80,Random,baseline,21,"['Ping-Pong: 12 UEs oscillating', 'QoS Violation: Avg High Prio SINR = -4.80 dB (Threshold: 5.0 dB)', 'Unfairness: Jain Index = 0.11']",0.10614851217021859,18.54302978515625,-21411.453125,2.6843784,-37.37519073486328,46.907078,0.003611098974943161,434.19691920280457
High Mobility,81,Random,baseline,21,"['Ping-Pong: 11 UEs oscillating', 'QoS Violation: Avg High Prio SINR = -13.38 dB (Threshold: 5.0 dB)', 'Unfairness: Jain Index = 0.11']",0.10587738135837896,-1.019500732421875,-33855.5859375,-0.1475873,-37.49512825012207,45.291653,0.0035132433054968714,686.4866614341736
High Mobility,82,Random,baseline,24,"['Ping-Pong: 13 UEs oscillating', 'Unfairness: Jain Index = 0.17']",0.1664290235742956,36.5159912109375,-17130.994140625,5.2862315,-37.37519073486328,58.18109,0.003611098974943161,347.4850654602051
High Mobility,83,Random,baseline,19,"['Ping-Pong: 15 UEs oscillating', 'QoS Violation: Avg High Prio SINR = -5.82 dB (Threshold: 5.0 dB)', 'Unfairness: Jain Index = 0.07']",0.06666772829170488,-25.599952697753906,-22569.115234375,-3.7059724,-37.37519073486328,27.882658,0.003611098974943161,457.7465355396271
High Mobility,84,Random,baseline,18,"['Ping-Pong: 12 UEs oscillating', 'QoS Violation: Avg High Prio SINR = -4.59 dB (Threshold: 5.0 dB)', 'Unfairness: Jain Index = 0.07']",0.07428105846766409,-12.750781059265137,-33160.16796875,-1.8458655,-37.387999534606934,37.11871,0.003600748907774687,672.3512411117554
High Mobility,85,Random,baseline,17,"['Ping-Pong: 10 UEs oscillating', 'QoS Violation: Avg High Prio SINR = -3.47 dB (Threshold: 5.0 dB)', 'Unfairness: Jain Index = 0.04']",0.042237497285920446,-39.312835693359375,-35095.22265625,-5.691116,-37.37519073486328,27.574333,0.003611098974943161,711.6504907608032
High Mobility,86,Random,baseline,18,"['Ping-Pong: 9 UEs oscillating', 'QoS Violation: Avg High Prio SINR = -1.17 dB (Threshold: 5.0 dB)', 'Unfairness: Jain Index = 0.06']",0.06499053104103288,-26.089576721191406,-28392.61328125,-3.7768528,-37.37519073486328,28.37049,0.003611098974943161,575.73002576828
High Mobility,87,Random,baseline,21,"['Ping-Pong: 12 UEs oscillating', 'Unfairness: Jain Index = 0.10']",0.0973133679935484,7.596843242645264,-27346.693359375,1.0997562,-37.37519073486328,42.74083,0.003611098974943161,554.5390844345093
High Mobility,88,Random,baseline,15,"['Ping-Pong: 11 UEs oscillating', 'QoS Violation: Avg High Prio SINR = -8.89 dB (Threshold: 5.0 dB)', 'Unfairness: Jain Index = 0.24']",0.24345765265109853,-72.40935516357422,-45642.60546875,-10.482327,-37.375251579284665,12.024085,0.003611098974943161,925.4754781723022
High Mobility,89,Random,baseline,23,"['Ping-Pong: 13 UEs oscillating', 'Unfairness: Jain Index = 0.13']",0.13333516612207982,25.483230590820312,-17393.171875,3.689076,-37.37519073486328,51.2705,0.003611098974943161,352.7991473674774
High Mobility,90,Random,baseline,21,"['Ping-Pong: 10 UEs oscillating', 'Unfairness: Jain Index = 0.08']",0.08049187686958051,-5.39289665222168,-23117.966796875,-0.78070176,-37.37519073486328,36.795303,0.003611098974943161,468.8776135444641
High Mobility,91,Random,baseline,17,"['Ping-Pong: 10 UEs oscillating', 'QoS Violation: Avg High Prio SINR = -6.91 dB (Threshold: 5.0 dB)', 'Unfairness: Jain Index = 0.07']",0.06920799295494154,-16.390583038330078,-28126.9140625,-2.37278,-37.37519073486328,36.83749,0.003611098974943161,570.3644156455994
High Mobility,92,Random,baseline,23,"['Ping-Pong: 12 UEs oscillating', 'Unfairness: Jain Index = 0.08']",0.07721519713745353,-19.047382354736328,-35820.3671875,-2.7573912,-37.37519073486328,36.561512,0.003611098974943161,726.3557314872742
High Mobility,93,Random,baseline,20,"['Ping-Pong: 9 UEs oscillating', 'Unfairness: Jain Index = 0.15']",0.15016156840807732,37.56589889526367,-21894.7109375,5.4382215,-37.37519073486328,58.034218,0.003611098974943161,444.0569579601288
High Mobility,94,Random,baseline,17,"['Ping-Pong: 11 UEs oscillating', 'QoS Violation: Avg High Prio SINR = -2.58 dB (Threshold: 5.0 dB)', 'Unfairness: Jain Index = 0.07']",0.06666745598433783,-40.156005859375,-33279.0703125,-5.8131776,-37.38056182861328,27.01052,0.003607217827811837,674.7967004776001
High Mobility,95,Random,baseline,18,"['Ping-Pong: 10 UEs oscillating', 'QoS Violation: Avg High Prio SINR = -3.73 dB (Threshold: 5.0 dB)', 'Unfairness: Jain Index = 0.03']",0.034249435244936594,-29.04311752319336,-28008.90625,-4.2044225,-37.37519073486328,26.717173,0.003611098974943161,568.0094957351685
High Mobility,96,Random,baseline,19,"['Ping-Pong: 13 UEs oscillating', 'QoS Violation: Avg High Prio SINR = -3.28 dB (Threshold: 5.0 dB)', 'Unfairness: Jain Index = 0.10']",0.09948396964487667,-17.464460372924805,-34304.109375,-2.5282397,-37.38293685913086,37.112324,0.0036046300549060105,695.5966353416443
High Mobility,97,Random,baseline,21,"['Ping-Pong: 12 UEs oscillating', 'QoS Violation: Avg High Prio SINR = -3.71 dB (Threshold: 5.0 dB)', 'Unfairness: Jain Index = 0.12']",0.12303376519863427,1.817189335823059,-30658.189453125,0.26306504,-37.37519073486328,45.916237,0.003611098974943161,621.647298336029
High Mobility,98,Random,baseline,23,"['Ping-Pong: 12 UEs oscillating', 'QoS Violation: Avg High Prio SINR = -1.71 dB (Threshold: 5.0 dB)', 'Unfairness: Jain Index = 0.10']",0.10000292415765358,3.283618927001953,-22077.099609375,0.47535178,-37.37519073486328,40.234642,0.003611098974943161,447.7598965167999
High Mobility,99,Random,baseline,18,"['Ping-Pong: 11 UEs oscillating', 'Unfairness: Jain Index = 0.17']",0.1666760493878398,33.34623336791992,-22061.841796875,4.8273616,-37.37519073486328,59.79451,0.003611098974943161,447.4318325519562
High Mobility,100,Random,baseline,19,"['Ping-Pong: 12 UEs oscillating', 'QoS Violation: Avg High Prio SINR = -11.44 dB (Threshold: 5.0 dB)', 'Unfairness: Jain Index = 0.04']",0.04430385810470888,-39.62897491455078,-30002.904296875,-5.736882,-37.37519073486328,26.631828,0.003611098974943161,608.4314584732056
High Mobility,101,Random,baseline,21,"['Ping-Pong: 11 UEs oscillating', 'Unfairness: Jain Index = 0.14']",0.13716376832390978,28.286563873291016,-22857.513671875,4.0948997,-37.37519073486328,56.925938,0.003611098974943161,463.56138586997986
High Mobility,102,Random,baseline,17,"['Ping-Pong: 13 UEs oscillating', 'QoS Violation: Avg High Prio SINR = -7.87 dB (Threshold: 5.0 dB)', 'Unfairness: Jain Index = 0.06']",0.062163173333280246,-32.200416564941406,-39290.44921875,-4.661489,-37.40640640258789,34.97206,0.003585459035821259,796.6648936271667
High Mobility,103,Random,baseline,17,"['Ping-Pong: 13 UEs oscillating', 'QoS Violation: Avg High Prio SINR = 0.20 dB (Threshold: 5.0 dB)', 'Unfairness: Jain Index = 0.10']",0.10000054600255436,-29.918676376342773,-33948.25390625,-4.3311715,-37.37519073486328,35.189568,0.003611098974943161,688.3929371833801
High Mobility,104,Random,baseline,18,"['Ping-Pong: 10 UEs oscillating', 'QoS Violation: Avg High Prio SINR = -10.13 dB (Threshold: 5.0 dB)', 'Unfairness: Jain Index = 0.10']",0.1006612194004493,-12.060541152954102,-39627.640625,-1.7459419,-37.43920707702637,46.841675,0.0035582898533903064,803.4700751304626
High Mobility,105,Random,baseline,16,"['Ping-Pong: 9 UEs oscillating', 'QoS Violation: Avg High Prio SINR = -1.51 dB (Threshold: 5.0 dB)', 'Unfairness: Jain Index = 0.03']",0.03381039366768087,-55.388431549072266,-43851.1171875,-8.018298,-37.379489707946775,23.641603,0.003607217827811837,889.14555311203
High Mobility,106,Random,baseline,17,"['Ping-Pong: 10 UEs oscillating', 'QoS Violation: Avg High Prio SINR = -3.72 dB (Threshold: 5.0 dB)', 'Unfairness: Jain Index = 0.07']",0.07188510958300688,-34.32883834838867,-34625.296875,-4.969608,-37.37519073486328,34.882236,0.003611098974943161,702.105462551117
High Mobility,107,Random,baseline,22,"['Ping-Pong: 12 UEs oscillating', 'Unfairness: Jain Index = 0.13']",0.1329970090634163,4.4184722900390625,-33565.83203125,0.63963956,-37.37519073486328,50.540276,0.003611098974943161,680.6461811065674
High Mobility,108,Random,baseline,21,"['Ping-Pong: 11 UEs oscillating', 'Unfairness: Jain Index = 0.18']",0.17590266497831758,46.22175598144531,-19402.669921875,6.691285,-37.37519073486328,66.149124,0.003611098974943161,393.50995421409607
High Mobility,109,Random,baseline,17,"['Ping-Pong: 13 UEs oscillating', 'QoS Violation: Avg High Prio SINR = -3.04 dB (Threshold: 5.0 dB)', 'Unfairness: Jain Index = 0.07']",0.06666762844560573,-29.997278213500977,-33223.0625,-4.3425508,-37.41857490539551,28.567116,0.0035761672421358525,673.6530065536499
High Mobility,110,Random,baseline,16,"['Ping-Pong: 10 UEs oscillating', 'QoS Violation: Avg High Prio SINR = -7.89 dB (Threshold: 5.0 dB)', 'Unfairness: Jain Index = 0.04']",0.03517345355172553,-50.287384033203125,-49272.17578125,-7.279845,-37.387409400939944,27.036554,0.003601454570889473,999.019205570221
High Mobility,111,Random,baseline,17,"['Ping-Pong: 9 UEs oscillating', 'QoS Violation: Avg High Prio SINR = -9.53 dB (Threshold: 5.0 dB)', 'Unfairness: Jain Index = 0.03']",0.03333388229969792,-79.86089324951172,-45900.16796875,-11.5610485,-37.37519073486328,16.041773,0.003611098974943161,930.6492209434509
High Mobility,112,Random,baseline,18,"['Ping-Pong: 9 UEs oscillating', 'QoS Violation: Avg High Prio SINR = -2.81 dB (Threshold: 5.0 dB)', 'Unfairness: Jain Index = 0.07']",0.0676273034664787,-23.539268493652344,-40174.9375,-3.4076588,-37.37853927612305,37.590866,0.0036085114581510423,814.6077990531921
High Mobility,113,Random,baseline,18,"['Ping-Pong: 11 UEs oscillating', 'QoS Violation: Avg High Prio SINR = 2.81 dB (Threshold: 5.0 dB)', 'Unfairness: Jain Index = 0.12']",0.12380885310094555,0.23781555891036987,-37517.015625,0.034426387,-37.37519073486328,49.010204,0.003611098974943161,760.6846690177917
High Mobility,114,Random,baseline,18,"['Ping-Pong: 11 UEs oscillating', 'QoS Violation: Avg High Prio SINR = -10.37 dB (Threshold: 5.0 dB)', 'Unfairness: Jain Index = 0.08']",0.08384508855719935,-14.02127742767334,-27871.275390625,-2.0297883,-37.37519073486328,37.300205,0.003611098974943161,565.2132034301758
High Mobility,115,Random,baseline,21,"['Ping-Pong: 11 UEs oscillating', 'QoS Violation: Avg High Prio SINR = 3.00 dB (Threshold: 5.0 dB)', 'Unfairness: Jain Index = 0.13']",0.12986364449232615,31.95703887939453,-21895.748046875,4.6262555,-37.37519073486328,55.210014,0.003611098974943161,444.0695345401764
High Mobility,116,Random,baseline,23,"['Ping-Pong: 13 UEs oscillating', 'Unfairness: Jain Index = 0.19']",0.18718998755867589,37.44972610473633,-27525.017578125,5.421404,-37.37519073486328,66.458145,0.003611098974943161,558.1578016281128
High Mobility,117,Random,baseline,21,"['Ping-Pong: 13 UEs oscillating', 'QoS Violation: Avg High Prio SINR = -15.23 dB (Threshold: 5.0 dB)', 'Unfairness: Jain Index = 0.11']",0.10957287855193255,-7.7258381843566895,-33217.87890625,-1.1184304,-37.37519073486328,44.780518,0.003611098974943161,673.5866069793701
High Mobility,118,Random,baseline,18,"['Ping-Pong: 11 UEs oscillating', 'QoS Violation: Avg High Prio SINR = 0.88 dB (Threshold: 5.0 dB)', 'Unfairness: Jain Index = 0.12']",0.11933662206610868,-2.5893759727478027,-24023.404296875,-0.37485045,-37.37519073486328,44.55973,0.003611098974943161,487.2095286846161
High Mobility,119,Random,baseline,21,"['Ping-Pong: 10 UEs oscillating', 'QoS Violation: Avg High Prio SINR = 0.52 dB (Threshold: 5.0 dB)', 'Unfairness: Jain Index = 0.10']",0.10349303126087393,17.15340232849121,-33181.34375,2.4832094,-37.399851608276364,55.083088,0.0035903987125493588,672.8716492652893
High Mobility,120,Random,baseline,18,"['Ping-Pong: 9 UEs oscillating', 'QoS Violation: Avg High Prio SINR = -9.49 dB (Threshold: 5.0 dB)', 'Unfairness: Jain Index = 0.13']",0.1329826432782945,-6.971775531768799,-41493.5234375,-1.0092677,-37.65698642730713,48.429905,0.003389863600023091,841.3374423980713
High Mobility,121,Random,baseline,17,"['Ping-Pong: 8 UEs oscillating', 'QoS Violation: Avg High Prio SINR = -4.09 dB (Threshold: 5.0 dB)', 'Unfairness: Jain Index = 0.08']",0.07770602118072777,-8.945978164672852,-28276.974609375,-1.2950641,-37.37519073486328,42.595432,0.003611098974943161,573.431670665741
High Mobility,122,Random,baseline,21,"['Ping-Pong: 9 UEs oscillating', 'Unfairness: Jain Index = 0.18']",0.17511234468603024,52.519474029541016,-18658.576171875,7.602974,-37.37519073486328,71.2333,0.003611098974943161,378.4340023994446
High Mobility,123,Random,baseline,14,"['Ping-Pong: 7 UEs oscillating', 'Unfairness: Jain Index = 0.09']",0.08551720703859782,-36.26506805419922,-37249.390625,-5.2499065,-37.37519073486328,34.76774,0.003611098974943161,755.3069591522217
High Mobility,124,Random,baseline,17,"['Ping-Pong: 8 UEs oscillating', 'QoS Violation: Avg High Prio SINR = -2.64 dB (Threshold: 5.0 dB)', 'Unfairness: Jain Index = 0.08']",0.07583181631527473,-10.602246284484863,-28768.52734375,-1.5348326,-37.37519073486328,43.168156,0.003611098974943161,583.360493183136
High Mobility,125,Random,baseline,19,"['Ping-Pong: 8 UEs oscillating', 'QoS Violation: Avg High Prio SINR = -5.31 dB (Threshold: 5.0 dB)', 'Unfairness: Jain Index = 0.09']",0.09117195799597182,-20.326602935791016,-32206.294921875,-2.9425774,-37.37519073486328,37.97562,0.003611098974943161,653.0538201332092
High Mobility,126,Random,baseline,18,"['Ping-Pong: 12 UEs oscillating', 'QoS Violation: Avg High Prio SINR = -7.74 dB (Threshold: 5.0 dB)', 'Unfairness: Jain Index = 0.09']",0.08955973363761012,-8.36874008178711,-27787.912109375,-1.2114991,-37.37519073486328,41.6895,0.003611098974943161,563.5372400283813
High Mobility,127,Random,baseline,16,"['Ping-Pong: 13 UEs oscillating', 'QoS Violation: Avg High Prio SINR = -17.55 dB (Threshold: 5.0 dB)', 'Unfairness: Jain Index = 0.07']",0.06666764659943637,-44.7923698425293,-38536.96484375,-6.4843593,-37.37519073486328,26.97589,0.003611098974943161,781.4450860023499
High Mobility,128,Random,baseline,15,"['Ping-Pong: 8 UEs oscillating', 'QoS Violation: Avg High Prio SINR = -10.32 dB (Threshold: 5.0 dB)', 'Unfairness: Jain Index = 0.07']",0.06891983624769424,-9.743230819702148,-33625.0234375,-1.4104773,-37.37519073486328,43.178562,0.003611098974943161,681.8339228630066
High Mobility,129,Random,baseline,18,"['Ping-Pong: 8 UEs oscillating', 'QoS Violation: Avg High Prio SINR = -13.68 dB (Threshold: 5.0 dB)', 'Unfairness: Jain Index = 0.05']",0.04718231014633766,-20.33666229248047,-44045.421875,-2.9440339,-37.37519073486328,43.32948,0.003611098974943161,893.0282592773438
High Mobility,130,Random,baseline,17,"['Ping-Pong: 8 UEs oscillating', 'QoS Violation: Avg High Prio SINR = -0.85 dB (Threshold: 5.0 dB)', 'Unfairness: Jain Index = 0.03']",0.033365234431255046,-38.190101623535156,-32021.357421875,-5.528585,-37.37519073486328,25.148733,0.003611098974943161,649.3402719497681
High Mobility,131,Random,baseline,15,"['Ping-Pong: 9 UEs oscillating', 'QoS Violation: Avg High Prio SINR = -0.41 dB (Threshold: 5.0 dB)', 'Unfairness: Jain Index = 0.13']",0.13316967488948375,-3.1597065925598145,-43615.8828125,-0.45741433,-37.37519073486328,51.37542,0.003611098974943161,884.2828869819641
High Mobility,132,Random,baseline,18,"['Ping-Pong: 11 UEs oscillating', 'QoS Violation: Avg High Prio SINR = -4.94 dB (Threshold: 5.0 dB)', 'Unfairness: Jain Index = 0.14']",0.13686978243154077,29.07250213623047,-18123.888671875,4.2086763,-37.37519073486328,58.47194,0.003611098974943161,367.60634183883667
High Mobility,133,Random,baseline,20,"['Ping-Pong: 11 UEs oscillating', 'QoS Violation: Avg High Prio SINR = 2.26 dB (Threshold: 5.0 dB)', 'Unfairness: Jain Index = 0.07']",0.07265726755276995,-23.652986526489258,-41706.546875,-3.4241216,-37.37519073486328,37.61207,0.003611098974943161,845.5094695091248
High Mobility,134,Random,baseline,21,"['Ping-Pong: 8 UEs oscillating', 'QoS Violation: Avg High Prio SINR = -6.85 dB (Threshold: 5.0 dB)', 'Unfairness: Jain Index = 0.10']",0.09875221489891177,10.715006828308105,-27975.470703125,1.5511562,-37.37519073486328,50.12634,0.003611098974943161,567.3131346702576
High Mobility,135,Random,baseline,22,"['Ping-Pong: 11 UEs oscillating', 'Unfairness: Jain Index = 0.13']",0.1333341495099165,20.155916213989258,-16796.748046875,2.9178672,-37.37519073486328,47.24691,0.003611098974943161,340.7210111618042
High Mobility,136,Random,baseline,18,"['Ping-Pong: 11 UEs oscillating', 'QoS Violation: Avg High Prio SINR = 4.93 dB (Threshold: 5.0 dB)', 'Unfairness: Jain Index = 0.11']",0.11096669666427225,-18.55557632446289,-29167.96484375,-2.686195,-37.37519073486328,42.928417,0.003611098974943161,591.4942622184753
High Mobility,137,Random,baseline,17,"['Ping-Pong: 11 UEs oscillating', 'QoS Violation: Avg High Prio SINR = -2.65 dB (Threshold: 5.0 dB)', 'Unfairness: Jain Index = 0.05']",0.05285810819195435,-23.805742263793945,-38488.61328125,-3.4462345,-37.37519073486328,39.669945,0.003611098974943161,780.4273962974548
High Mobility,138,Random,baseline,20,"['Ping-Pong: 11 UEs oscillating', 'QoS Violation: Avg High Prio SINR = -3.75 dB (Threshold: 5.0 dB)', 'Unfairness: Jain Index = 0.07']",0.06666896275874391,-22.667438507080078,-32897.37109375,-3.2814481,-37.37519073486328,32.380062,0.003611098974943161,667.1082973480225
High Mobility,139,Random,baseline,16,"['Ping-Pong: 10 UEs oscillating', 'QoS Violation: Avg High Prio SINR = -11.82 dB (Threshold: 5.0 dB)', 'Unfairness: Jain Index = 0.03']",0.0333345133860026,-77.32679748535156,-52806.3125,-11.1942,-37.37519073486328,17.094446,0.003611098974943161,1070.6374645233154
High Mobility,140,Random,baseline,18,"['Ping-Pong: 11 UEs oscillating', 'Unfairness: Jain Index = 0.10']",0.0956707881701517,-23.66101837158203,-36103.39453125,-3.425284,-37.37519073486328,40.49939,0.003611098974943161,732.0716381072998
High Mobility,141,Random,baseline,21,"['Ping-Pong: 12 UEs oscillating', 'QoS Violation: Avg High Prio SINR = -2.70 dB (Threshold: 5.0 dB)', 'Unfairness: Jain Index = 0.09']",0.09230504770249641,-15.588348388671875,-39786.2578125,-2.2566454,-37.37519073486328,42.205517,0.003611098974943161,806.7178726196289
High Mobility,142,Random,baseline,22,"['Ping-Pong: 14 UEs oscillating', 'QoS Violation: Avg High Prio SINR = -5.01 dB (Threshold: 5.0 dB)', 'Unfairness: Jain Index = 0.10']",0.10056567210150424,4.619417667388916,-25346.599609375,0.66872895,-37.37519073486328,44.114403,0.003611098974943161,514.0340924263
High Mobility,143,Random,baseline,16,"['Ping-Pong: 13 UEs oscillating', 'QoS Violation: Avg High Prio SINR = -7.60 dB (Threshold: 5.0 dB)', 'Unfairness: Jain Index = 0.07']",0.06778746040877787,-32.395530700683594,-38718.5390625,-4.6897345,-37.37519073486328,33.76125,0.003611098974943161,785.0690484046936
High Mobility,144,Random,baseline,16,"['Ping-Pong: 10 UEs oscillating', 'QoS Violation: Avg High Prio SINR = -9.13 dB (Threshold: 5.0 dB)', 'Unfairness: Jain Index = 0.06']",0.060087867272961025,-45.06821060180664,-38695.3125,-6.5242925,-37.37519073486328,24.464945,0.003611098974943161,784.5789194107056
High Mobility,145,Random,baseline,15,"['Ping-Pong: 7 UEs oscillating', 'QoS Violation: Avg High Prio SINR = -3.25 dB (Threshold: 5.0 dB)', 'Unfairness: Jain Index = 0.05']",0.053356691186010476,-20.281648635864258,-37592.078125,-2.9360697,-37.37519073486328,43.078373,0.003611098974943161,762.2278928756714
High Mobility,146,Random,baseline,18,"['Ping-Pong: 8 UEs oscillating', 'QoS Violation: Avg High Prio SINR = -11.13 dB (Threshold: 5.0 dB)', 'Unfairness: Jain Index = 0.08']",0.07992043592721325,-17.65990447998047,-38372.5234375,-2.556533,-37.37519073486328,41.887722,0.003611098974943161,778.0452966690063
High Mobility,147,Random,baseline,20,"['Ping-Pong: 10 UEs oscillating', 'QoS Violation: Avg High Prio SINR = -5.39 dB (Threshold: 5.0 dB)', 'Unfairness: Jain Index = 0.05']",0.04625954750528912,-41.71569061279297,-39015.69921875,-6.0389647,-37.37519073486328,27.429502,0.003611098974943161,791.1235094070435
High Mobility,148,Random,baseline,18,"['Ping-Pong: 11 UEs oscillating', 'QoS Violation: Avg High Prio SINR = -9.30 dB (Threshold: 5.0 dB)', 'Unfairness: Jain Index = 0.08']",0.07928231419306236,-32.38737487792969,-38324.94921875,-4.6885524,-37.37519073486328,33.34693,0.003611098974943161,777.1371006965637
High Mobility,149,Random,baseline,18,"['Ping-Pong: 11 UEs oscillating', 'QoS Violation: Avg High Prio SINR = -3.55 dB (Threshold: 5.0 dB)', 'Unfairness: Jain Index = 0.05']",0.054473566953348616,-33.142757415771484,-38454.30859375,-4.797906,-37.37519073486328,33.344734,0.003611098974943161,779.7339558601379
High Mobility,150,Random,baseline,19,"['Ping-Pong: 11 UEs oscillating', 'QoS Violation: Avg High Prio SINR = -1.07 dB (Threshold: 5.0 dB)', 'Unfairness: Jain Index = 0.07']",0.07360230622170308,-21.97882080078125,-32855.83203125,-3.1817605,-37.37519073486328,34.778683,0.003611098974943161,666.2582755088806
High Mobility,151,Random,baseline,20,"['Ping-Pong: 12 UEs oscillating', 'QoS Violation: Avg High Prio SINR = -13.91 dB (Threshold: 5.0 dB)', 'Unfairness: Jain Index = 0.03']",0.03334266028596847,-64.08560943603516,-38796.71875,-9.277342,-37.37519073486328,15.477232,0.003611098974943161,786.7063879966736
High Mobility,152,Random,baseline,21,"['Ping-Pong: 14 UEs oscillating', 'QoS Violation: Avg High Prio SINR = -4.36 dB (Threshold: 5.0 dB)', 'Unfairness: Jain Index = 0.10']",0.09902543942145667,2.6314074993133545,-27549.814453125,0.3809344,-37.37519073486328,44.91306,0.003611098974943161,558.6610436439514
High Mobility,153,Random,baseline,20,"['Ping-Pong: 14 UEs oscillating', 'QoS Violation: Avg High Prio SINR = -0.02 dB (Threshold: 5.0 dB)', 'Unfairness: Jain Index = 0.04']",0.03999441348989248,-10.966652870178223,-32818.43359375,-1.5875859,-37.37519073486328,38.82668,0.003611098974943161,665.4916405677795
High Mobility,154,Random,baseline,19,"['Ping-Pong: 13 UEs oscillating', 'QoS Violation: Avg High Prio SINR = -3.46 dB (Threshold: 5.0 dB)', 'Unfairness: Jain Index = 0.07']",0.0666672653695118,-61.12580871582031,-49782.84765625,-8.848866,-37.37570056915283,26.031916,0.003611098974943161,1009.3721151351929
High Mobility,155,Random,baseline,17,"['Ping-Pong: 11 UEs oscillating', 'QoS Violation: Avg High Prio SINR = -8.00 dB (Threshold: 5.0 dB)', 'Unfairness: Jain Index = 0.03']",0.03336478701283521,-41.5373649597168,-33640.07421875,-6.01315,-37.37519073486328,23.659271,0.003611098974943161,682.1364760398865
High Mobility,156,Random,baseline,15,"['Ping-Pong: 9 UEs oscillating', 'QoS Violation: Avg High Prio SINR = -1.82 dB (Threshold: 5.0 dB)', 'Unfairness: Jain Index = 0.09']",0.08874206326022178,-25.078306198120117,-43736.3828125,-3.6304574,-37.37519073486328,37.8338,0.003611098974943161,886.804461479187
High Mobility,157,Random,baseline,18,"['Ping-Pong: 8 UEs oscillating', 'QoS Violation: Avg High Prio SINR = -0.80 dB (Threshold: 5.0 dB)', 'Unfairness: Jain Index = 0.10']",0.10000060046380514,-26.705463409423828,-34012.16796875,-3.866012,-37.37519073486328,35.249027,0.003611098974943161,689.6958947181702
High Mobility,158,Random,baseline,17,"['Ping-Pong: 8 UEs oscillating', 'QoS Violation: Avg High Prio SINR = -1.46 dB (Threshold: 5.0 dB)', 'Unfairness: Jain Index = 0.10']",0.10476388783176627,-6.701722621917725,-38662.91015625,-0.97017384,-37.37519073486328,47.421135,0.003611098974943161,783.9523553848267
High Mobility,159,Random,baseline,26,"['Ping-Pong: 11 UEs oscillating', 'Unfairness: Jain Index = 0.28']",0.2845246344704095,126.53067779541016,-5493.455078125,18.31719,-5.09127287864685,99.85134,5.35986671447754,111.55152320861816
High Mobility,160,Random,baseline,18,"['Ping-Pong: 12 UEs oscillating', 'QoS Violation: Avg High Prio SINR = -12.95 dB (Threshold: 5.0 dB)', 'Unfairness: Jain Index = 0.23']",0.234209105777209,-77.76421356201172,-49528.09765625,-11.257524,-37.37519073486328,10.6116705,0.003611098974943161,1004.1912794113159
High Mobility,161,Random,baseline,21,"['Ping-Pong: 13 UEs oscillating', 'Unfairness: Jain Index = 0.15']",0.14807545856352622,31.636972427368164,-27359.10546875,4.579921,-37.37519073486328,61.343147,0.003611098974943161,554.8126697540283
High Mobility,162,Random,baseline,20,"['Ping-Pong: 14 UEs oscillating', 'QoS Violation: Avg High Prio SINR = -5.78 dB (Threshold: 5.0 dB)', 'Unfairness: Jain Index = 0.07']",0.07227801764676355,-25.322050094604492,-38291.8203125,-3.6657426,-37.37519073486328,35.599792,0.003611098974943161,776.4002084732056
High Mobility,163,Random,baseline,17,"['Ping-Pong: 12 UEs oscillating', 'QoS Violation: Avg High Prio SINR = -14.04 dB (Threshold: 5.0 dB)', 'Unfairness: Jain Index = 0.03']",0.033333950376662494,-59.31231689453125,-38622.7734375,-8.586337,-37.37519073486328,17.363787,0.003611098974943161,783.1724882125854
High Mobility,164,Random,baseline,21,"['Ping-Pong: 13 UEs oscillating', 'QoS Violation: Avg High Prio SINR = 1.48 dB (Threshold: 5.0 dB)', 'Unfairness: Jain Index = 0.11']",0.10905524545454402,-6.3508148193359375,-38275.3671875,-0.9193752,-37.37519073486328,45.859413,0.003611098974943161,776.1029601097107
High Mobility,165,Random,baseline,19,"['Ping-Pong: 14 UEs oscillating', 'QoS Violation: Avg High Prio SINR = -7.85 dB (Threshold: 5.0 dB)', 'Unfairness: Jain Index = 0.07']",0.06641846264700144,-52.050960540771484,-44423.08984375,-7.535148,-37.37519073486328,27.199066,0.003611098974943161,900.7361531257629
High Mobility,166,Random,baseline,21,"['Ping-Pong: 16 UEs oscillating', 'Unfairness: Jain Index = 0.12']",0.12453913292366856,-10.713603973388672,-38624.10546875,-1.5509536,-37.37519073486328,44.954544,0.003611098974943161,783.1651568412781
High Mobility,167,Random,baseline,18,"['Ping-Pong: 14 UEs oscillating', 'QoS Violation: Avg High Prio SINR = -11.13 dB (Threshold: 5.0 dB)', 'Unfairness: Jain Index = 0.05']",0.04816130646841891,-54.6738395690918,-46282.57421875,-7.9148498,-37.37519073486328,26.272839,0.003611098974943161,938.417375087738
High Mobility,168,Random,baseline,20,"['Ping-Pong: 15 UEs oscillating', 'QoS Violation: Avg High Prio SINR = 0.79 dB (Threshold: 5.0 dB)', 'Unfairness: Jain Index = 0.04']",0.041368285902631835,-41.17420196533203,-38327.6484375,-5.960578,-37.37519073486328,26.467693,0.003611098974943161,777.1802544593811
High Mobility,169,Random,baseline,17,"['Ping-Pong: 11 UEs oscillating', 'QoS Violation: Avg High Prio SINR = -16.78 dB (Threshold: 5.0 dB)', 'Unfairness: Jain Index = 0.04']",0.04100217878764666,-48.135284423828125,-43748.08984375,-6.9682965,-37.37519073486328,25.804342,0.003611098974943161,887.0562314987183
High Mobility,170,Random,baseline,22,"['Ping-Pong: 12 UEs oscillating', 'QoS Violation: Avg High Prio SINR = 1.96 dB (Threshold: 5.0 dB)', 'Unfairness: Jain Index = 0.10']",0.10000118138473625,-17.133089065551758,-37654.59765625,-2.4802692,-37.37519073486328,38.473587,0.003611098974943161,763.5002732276917
High Mobility,171,Random,baseline,21,"['Ping-Pong: 12 UEs oscillating', 'Unfairness: Jain Index = 0.18']",0.18061581570725985,39.415897369384766,-27773.396484375,5.706035,-37.37519073486328,65.57189,0.003611098974943161,563.1960034370422
High Mobility,172,Random,baseline,18,"['Ping-Pong: 13 UEs oscillating', 'Unfairness: Jain Index = 0.11']",0.10856039732504193,-5.654170513153076,-35607.875,-0.8185261,-37.37519073486328,46.61415,0.003611098974943161,722.0190763473511
High Mobility,173,Random,baseline,20,"['Ping-Pong: 12 UEs oscillating', 'QoS Violation: Avg High Prio SINR = 0.00 dB (Threshold: 5.0 dB)', 'Unfairness: Jain Index = 0.11']",0.10759302878866658,-15.15405559539795,-38289.4375,-2.1937747,-37.37519073486328,42.785652,0.003611098974943161,776.3945460319519
High Mobility,174,Random,baseline,17,"['Ping-Pong: 11 UEs oscillating', 'QoS Violation: Avg High Prio SINR = -16.82 dB (Threshold: 5.0 dB)', 'Unfairness: Jain Index = 0.07']",0.06639099255171546,-46.23248291015625,-44459.9609375,-6.6928387,-37.37519073486328,26.904863,0.003611098974943161,901.4436602592468
High Mobility,175,Random,baseline,19,"['Ping-Pong: 11 UEs oscillating', 'QoS Violation: Avg High Prio SINR = -12.92 dB (Threshold: 5.0 dB)', 'Unfairness: Jain Index = 0.03']",0.03345912172369022,-56.81186294555664,-45758.80078125,-8.22436,-37.37519073486328,23.71574,0.003611098974943161,927.8082251548767
High Mobility,176,Random,baseline,21,"['Ping-Pong: 13 UEs oscillating', 'QoS Violation: Avg High Prio SINR = -15.53 dB (Threshold: 5.0 dB)', 'Unfairness: Jain Index = 0.03']",0.03334756202702963,-56.16338348388672,-39817.53125,-8.130483,-37.37519073486328,18.63334,0.003611098974943161,807.3818683624268
High Mobility,177,Random,baseline,19,"['Ping-Pong: 14 UEs oscillating', 'QoS Violation: Avg High Prio SINR = -6.30 dB (Threshold: 5.0 dB)', 'Unfairness: Jain Index = 0.09']",0.08718701626936266,-15.227104187011719,-30918.40625,-2.2043493,-37.37519073486328,37.220036,0.003611098974943161,626.972496509552
High Mobility,178,Random,baseline,17,"['Ping-Pong: 13 UEs oscillating', 'QoS Violation: Avg High Prio SINR = -0.23 dB (Threshold: 5.0 dB)', 'Unfairness: Jain Index = 0.06']",0.05941969858410743,-42.101016998291016,-38217.0625,-6.094747,-37.37519073486328,26.283674,0.003611098974943161,774.9179005622864
High Mobility,179,Random,baseline,18,"['Ping-Pong: 11 UEs oscillating', 'QoS Violation: Avg High Prio SINR = -8.19 dB (Threshold: 5.0 dB)', 'Unfairness: Jain Index = 0.10']",0.09560976368025727,-20.555301666259766,-36396.75390625,-2.9756851,-37.37519073486328,37.291553,0.003611098974943161,738.0115985870361
High Mobility,180,Random,baseline,22,"['Ping-Pong: 12 UEs oscillating', 'QoS Violation: Avg High Prio SINR = -7.31 dB (Threshold: 5.0 dB)', 'Unfairness: Jain Index = 0.08']",0.0808544119127725,-18.023956298828125,-38280.20703125,-2.6092355,-37.37519073486328,38.31403,0.003611098974943161,776.2051224708557
High Mobility,181,Random,baseline,21,"['Ping-Pong: 13 UEs oscillating', 'QoS Violation: Avg High Prio SINR = -4.21 dB (Threshold: 5.0 dB)', 'Unfairness: Jain Index = 0.08']",0.08139158408410413,5.51076602935791,-32820.37890625,0.7977642,-37.37519073486328,49.49376,0.003611098974943161,665.5217409133911
High Mobility,182,Random,baseline,20,"['Ping-Pong: 18 UEs oscillating', 'QoS Violation: Avg High Prio SINR = -9.20 dB (Threshold: 5.0 dB)', 'Unfairness: Jain Index = 0.07']",0.066668808449739,-39.885345458984375,-43745.55078125,-5.773996,-37.37519073486328,30.341959,0.003611098974943161,886.9978189468384
High Mobility,183,Random,baseline,19,"['Ping-Pong: 16 UEs oscillating', 'QoS Violation: Avg High Prio SINR = -15.69 dB (Threshold: 5.0 dB)', 'Unfairness: Jain Index = 0.17']",0.1653838304114535,-78.50096130371094,-44074.01953125,-11.364179,-37.37519073486328,11.235578,0.003611098974943161,893.6722874641418
High Mobility,184,Random,baseline,19,"['Ping-Pong: 13 UEs oscillating', 'QoS Violation: Avg High Prio SINR = -14.76 dB (Threshold: 5.0 dB)', 'Unfairness: Jain Index = 0.07']",0.06774037874516597,-19.530559539794922,-38278.19921875,-2.8273394,-37.37519073486328,37.395893,0.003611098974943161,776.1634588241577
High Mobility,185,Random,baseline,18,"['Ping-Pong: 12 UEs oscillating', 'QoS Violation: Avg High Prio SINR = -4.13 dB (Threshold: 5.0 dB)', 'Unfairness: Jain Index = 0.03']",0.0333340683768991,-59.84024429321289,-38056.140625,-8.662764,-37.37519073486328,17.8425,0.003611098974943161,771.6683745384216
High Mobility,186,Random,baseline,17,"['Ping-Pong: 10 UEs oscillating', 'QoS Violation: Avg High Prio SINR = 0.05 dB (Threshold: 5.0 dB)', 'Unfairness: Jain Index = 0.20']",0.19530768515691835,45.45496368408203,-23550.029296875,6.580282,-37.37519073486328,66.88352,0.003611098974943161,477.58859395980835
High Mobility,187,Random,baseline,19,"['Ping-Pong: 11 UEs oscillating', 'QoS Violation: Avg High Prio SINR = -10.38 dB (Threshold: 5.0 dB)', 'Unfairness: Jain Index = 0.07']",0.06700929962874576,-39.618568420410156,-40888.3203125,-5.7353754,-37.37519073486328,31.711775,0.003611098974943161,829.0789723396301
High Mobility,188,Random,baseline,19,"['Ping-Pong: 10 UEs oscillating', 'QoS Violation: Avg High Prio SINR = -7.01 dB (Threshold: 5.0 dB)', 'Unfairness: Jain Index = 0.06']",0.057722472881569654,-46.650978088378906,-45429.0703125,-6.753421,-37.3775972366333,27.448912,0.0036098052165471016,921.0857152938843
High Mobility,189,Random,baseline,19,"['Ping-Pong: 13 UEs oscillating', 'QoS Violation: Avg High Prio SINR = -2.96 dB (Threshold: 5.0 dB)', 'Unfairness: Jain Index = 0.08']",0.07539385091486427,5.142755031585693,-27389.0234375,0.7444896,-37.37519073486328,44.421787,0.003611098974943161,555.4282069206238
High Mobility,190,Random,baseline,19,"['Ping-Pong: 13 UEs oscillating', 'QoS Violation: Avg High Prio SINR = -0.31 dB (Threshold: 5.0 dB)', 'Unfairness: Jain Index = 0.11']",0.10795249848382317,-12.499547004699707,-29265.76953125,-1.8094951,-37.37519073486328,42.730278,0.003611098974943161,593.4466123580933
High Mobility,191,Random,baseline,18,"['Ping-Pong: 13 UEs oscillating', 'QoS Violation: Avg High Prio SINR = -4.66 dB (Threshold: 5.0 dB)', 'Unfairness: Jain Index = 0.07']",0.06740151102302434,-44.373592376708984,-44573.17578125,-6.423735,-37.375251579284665,32.248352,0.003611098974943161,903.7818312644958
High Mobility,192,Random,baseline,17,"['Ping-Pong: 13 UEs oscillating', 'QoS Violation: Avg High Prio SINR = -12.69 dB (Threshold: 5.0 dB)', 'Unfairness: Jain Index = 0.27']",0.27141444427808664,-84.31367492675781,-41506.609375,-12.205656,-37.37533130645752,9.386167,0.003611098974943161,841.6024446487427
High Mobility,193,Random,baseline,19,"['Ping-Pong: 11 UEs oscillating', 'Unfairness: Jain Index = 0.13']",0.13310065336361251,22.140016555786133,-27396.236328125,3.205096,-37.37555980682373,57.29026,0.003611098974943161,555.5353164672852
High Mobility,194,Random,baseline,23,"['Ping-Pong: 11 UEs oscillating', 'QoS Violation: Avg High Prio SINR = 0.19 dB (Threshold: 5.0 dB)', 'Unfairness: Jain Index = 0.10']",0.10150246064737088,4.478591442108154,-27373.0,0.648342,-37.37519073486328,44.09641,0.003611098974943161,555.0772547721863
High Mobility,195,Random,baseline,22,"['Ping-Pong: 12 UEs oscillating', 'Unfairness: Jain Index = 0.15']",0.15488124700924547,35.47920227050781,-27379.962890625,5.13614,-37.37519073486328,62.529476,0.003611098974943161,555.2162528038025
High Mobility,196,Random,baseline,22,"['Ping-Pong: 13 UEs oscillating', 'QoS Violation: Avg High Prio SINR = 0.44 dB (Threshold: 5.0 dB)', 'Unfairness: Jain Index = 0.17']",0.16564688838437605,53.598636627197266,-13587.701171875,7.7591977,-35.944400024414065,63.289852,0.005364912259392441,275.65526962280273
High Mobility,197,Random,baseline,20,"['Ping-Pong: 11 UEs oscillating', 'QoS Violation: Avg High Prio SINR = -2.47 dB (Threshold: 5.0 dB)', 'Unfairness: Jain Index = 0.07']",0.07352970773035862,-2.215522289276123,-30796.021484375,-0.3207302,-37.37519073486328,41.91953,0.003611098974943161,624.4470477104187
High Mobility,198,Random,baseline,21,"['Ping-Pong: 13 UEs oscillating', 'QoS Violation: Avg High Prio SINR = -8.91 dB (Threshold: 5.0 dB)', 'Unfairness: Jain Index = 0.07']",0.06673767062207005,-16.354137420654297,-35359.18359375,-2.3675044,-37.37519073486328,37.416496,0.003611098974943161,716.998040676117
High Mobility,199,Random,baseline,18,"['Ping-Pong: 11 UEs oscillating', 'QoS Violation: Avg High Prio SINR = -4.80 dB (Threshold: 5.0 dB)', 'Unfairness: Jain Index = 0.10']",0.10333148092949847,-21.504323959350586,-31708.6875,-3.1130705,-37.37519073486328,40.568687,0.003611098974943161,643.0109739303589
High Mobility,0,Random,utility,24,"['QoS Violation: Avg High Prio SINR = 2.84 dB (Threshold: 5.0 dB)', 'Unfairness: Jain Index = 0.05']",0.05162133100098484,19.59797477722168,-38.26917266845703,2.8370974,-6.211812877655029,25.864845,4.24753440618515,1.0208869352936745
High Mobility,1,Random,utility,24,['Unfairness: Jain Index = 0.05'],0.05258920586644156,28.50824737548828,-35.436580657958984,4.1269913,-5.745362830162048,31.255981,4.7011747598648075,0.9551627445034683
High Mobility,2,Random,utility,26,"['QoS Violation: Avg High Prio SINR = 2.14 dB (Threshold: 5.0 dB)', 'Unfairness: Jain Index = 0.05']",0.045517044294176065,34.99724578857422,-42.159912109375,5.0663705,-6.400554251670838,36.458996,4.075819182395935,1.0849602986127138
High Mobility,3,Random,utility,27,"['Ping-Pong: 22 UEs oscillating', 'QoS Violation: Avg High Prio SINR = 4.52 dB (Threshold: 5.0 dB)', 'Unfairness: Jain Index = 0.04']",0.04398220198206055,57.294090270996094,-23.176136016845703,8.294169,-4.452414393424988,46.858715,6.050709199905396,0.6830577040091157
High Mobility,4,Random,utility,24,"['Ping-Pong: 21 UEs oscillating', 'Unfairness: Jain Index = 0.05']",0.04742345496520147,40.08928298950195,-38.994415283203125,5.8035183,-5.956807947158813,39.39833,4.4785259723663335,1.0175019269809127
High Mobility,5,Random,utility,24,"['Ping-Pong: 20 UEs oscillating', 'QoS Violation: Avg High Prio SINR = 4.95 dB (Threshold: 5.0 dB)', 'Unfairness: Jain Index = 0.10']",0.09809864034571442,23.081893920898438,-41.61201858520508,3.3414462,-6.560329985618591,28.797237,3.972691512107849,1.0837495792657137
High Mobility,6,Random,utility,22,"['Ping-Pong: 16 UEs oscillating', 'QoS Violation: Avg High Prio SINR = 2.72 dB (Threshold: 5.0 dB)', 'Unfairness: Jain Index = 0.03']",0.034325133235753334,49.84379959106445,-21.068004608154297,7.21563,-3.86583297252655,40.936512,6.89596529006958,0.6441010045818985
High Mobility,7,Random,utility,25,"['Ping-Pong: 15 UEs oscillating', 'QoS Violation: Avg High Prio SINR = -0.00 dB (Threshold: 5.0 dB)', 'Unfairness: Jain Index = 0.09']",0.08781590785403218,22.865589141845703,-37.6891975402832,3.3101327,-4.560068321228027,28.6208,5.9641066074371345,1.0085746180266142
High Mobility,8,Random,utility,27,"['Ping-Pong: 17 UEs oscillating', 'QoS Violation: Avg High Prio SINR = 1.75 dB (Threshold: 5.0 dB)', 'Unfairness: Jain Index = 0.05']",0.045580051306183755,40.21542739868164,-38.79062271118164,5.8217797,-5.659562492370606,39.760296,4.743699645996093,1.0191010078415275
High Mobility,9,Random,utility,28,"['Ping-Pong: 22 UEs oscillating', 'QoS Violation: Avg High Prio SINR = 0.89 dB (Threshold: 5.0 dB)', 'Unfairness: Jain Index = 0.03']",0.03345883056785947,32.42339324951172,-38.7435302734375,4.693766,-6.1671059131622314,34.23799,4.289280474185944,1.0214030044153333
High Mobility,10,Random,utility,26,"['Ping-Pong: 23 UEs oscillating', 'Unfairness: Jain Index = 0.05']",0.0501663597096783,51.22456359863281,-23.214466094970703,7.4155145,-3.15919189453125,42.948914,7.812314462661743,0.6901147426106036
High Mobility,11,Random,utility,26,"['Ping-Pong: 22 UEs oscillating', 'QoS Violation: Avg High Prio SINR = 4.70 dB (Threshold: 5.0 dB)', 'Unfairness: Jain Index = 0.04']",0.03646010434621379,45.56685256958008,-41.09482192993164,6.596478,-6.448535156249999,40.95258,4.086942040920258,1.0561846429482102
High Mobility,12,Random,utility,27,"['Ping-Pong: 22 UEs oscillating', 'QoS Violation: Avg High Prio SINR = 3.13 dB (Threshold: 5.0 dB)', 'Unfairness: Jain Index = 0.04']",0.03671771285378985,17.336841583251953,-79.26997375488281,2.509765,-10.76949987411499,28.671972,1.6101296603679658,1.8531355308368802
High Mobility,13,Random,utility,25,"['Ping-Pong: 21 UEs oscillating', 'QoS Violation: Avg High Prio SINR = 2.08 dB (Threshold: 5.0 dB)', 'Unfairness: Jain Index = 0.06']",0.05960368114153217,28.741308212280273,-42.75027084350586,4.160731,-6.86630232334137,32.42778,3.7032414436340333,1.106297131627798
High Mobility,14,Random,utility,25,"['Ping-Pong: 21 UEs oscillating', 'QoS Violation: Avg High Prio SINR = -3.12 dB (Threshold: 5.0 dB)', 'Unfairness: Jain Index = 0.03']",0.03334612075303455,7.275161266326904,-56.99909973144531,1.0531873,-7.529188919067383,22.760416,3.2878905177116398,1.4161041472107172
High Mobility,15,Random,utility,24,"['Ping-Pong: 17 UEs oscillating', 'Unfairness: Jain Index = 0.05']",0.047199932916396126,37.5686149597168,-50.59675979614258,5.4386144,-7.348373198509216,38.778957,3.380266857147217,1.2586379889398813
High Mobility,16,Random,utility,26,"['Ping-Pong: 20 UEs oscillating', 'Unfairness: Jain Index = 0.07']",0.06610842882399888,81.8796157836914,-35.3482666015625,11.853289,-6.131591939926147,63.947468,4.3639620542526245,0.918100995477289
High Mobility,17,Random,utility,25,"['Ping-Pong: 18 UEs oscillating', 'QoS Violation: Avg High Prio SINR = -3.89 dB (Threshold: 5.0 dB)', 'Unfairness: Jain Index = 0.03']",0.03351570299828156,5.693445205688477,-4716.103515625,0.8242108,-7.811084342002869,24.813845,3.039135015010834,95.85988521575928
High Mobility,18,Random,utility,26,"['Ping-Pong: 19 UEs oscillating', 'QoS Violation: Avg High Prio SINR = 3.34 dB (Threshold: 5.0 dB)', 'Unfairness: Jain Index = 0.04']",0.03926015763770879,12.417731285095215,-129.45346069335938,1.7976501,-11.771209383010863,25.679108,2.0798405826091773,2.8706796001642942
High Mobility,19,Random,utility,27,"['Ping-Pong: 20 UEs oscillating', 'Unfairness: Jain Index = 0.04']",0.03927718246928526,18.776933670043945,-98.26602935791016,2.7182393,-8.781817626953124,30.172667,2.4592276692390445,2.2399567533284426
High Mobility,20,Random,utility,25,"['Ping-Pong: 19 UEs oscillating', 'Unfairness: Jain Index = 0.06']",0.05854323725429732,19.230649948120117,-186.05764770507812,2.7839217,-14.5685142993927,34.963688,0.7164932310581208,4.018651787191629
High Mobility,21,Random,utility,24,"['Ping-Pong: 20 UEs oscillating', 'QoS Violation: Avg High Prio SINR = 4.83 dB (Threshold: 5.0 dB)', 'Unfairness: Jain Index = 0.03']",0.03372096096106883,36.372283935546875,-56.07050704956055,5.2654266,-7.121097898483276,36.2502,3.5269934058189394,1.3683486031368375
High Mobility,22,Random,utility,27,"['Ping-Pong: 20 UEs oscillating', 'Unfairness: Jain Index = 0.07']",0.0695383566050193,47.970333099365234,-146.045166015625,6.9444165,-10.2179723739624,47.20267,2.3719012498855596,3.1881595496088266
High Mobility,23,Random,utility,26,"['Ping-Pong: 19 UEs oscillating', 'QoS Violation: Avg High Prio SINR = 3.24 dB (Threshold: 5.0 dB)', 'Unfairness: Jain Index = 0.04']",0.04263141040893301,38.50393295288086,-5531.6318359375,5.5740156,-10.81721863746643,46.278633,1.571585750579834,112.335704267025
High Mobility,24,Random,utility,26,"['Ping-Pong: 21 UEs oscillating', 'QoS Violation: Avg High Prio SINR = -4.07 dB (Threshold: 5.0 dB)', 'Unfairness: Jain Index = 0.04']",0.03758241168715217,15.157750129699707,-5606.568359375,2.1943092,-12.179173374176024,31.34148,1.24447218477726,113.84213715791702
High Mobility,25,Random,utility,26,"['Ping-Pong: 21 UEs oscillating', 'QoS Violation: Avg High Prio SINR = -3.63 dB (Threshold: 5.0 dB)', 'Unfairness: Jain Index = 0.03']",0.0333352211594279,-3.2348694801330566,-5724.20458984375,-0.46829516,-18.06757402420044,24.053154,0.31095148175954823,116.30253493785858
High Mobility,26,Random,utility,23,"['Ping-Pong: 20 UEs oscillating', 'Unfairness: Jain Index = 0.03']",0.033779945848914215,18.381715774536133,-131.31100463867188,2.6610262,-9.993198251724243,29.9995,2.0351008594036104,2.911380957812071
High Mobility,27,Random,utility,25,"['Ping-Pong: 20 UEs oscillating', 'QoS Violation: Avg High Prio SINR = 2.73 dB (Threshold: 5.0 dB)', 'Unfairness: Jain Index = 0.08']",0.08307526489647692,50.75459289550781,-11014.21484375,7.34748,-24.298154354095452,55.84215,1.22528286324814,223.4371155500412
High Mobility,28,Random,utility,25,"['Ping-Pong: 18 UEs oscillating', 'Unfairness: Jain Index = 0.06']",0.05981007632607125,72.22962951660156,-129.18002319335938,10.45631,-13.482487535476682,60.879463,1.2522608399391177,2.8278985992074013
High Mobility,29,Random,utility,29,"['Ping-Pong: 21 UEs oscillating', 'QoS Violation: Avg High Prio SINR = -3.25 dB (Threshold: 5.0 dB)', 'Unfairness: Jain Index = 0.07']",0.06731647035755817,6.315135955810547,-6587.59228515625,0.91420966,-23.01743431091308,30.99289,0.3385544799268247,133.76006484031677
High Mobility,30,Random,utility,25,"['Ping-Pong: 21 UEs oscillating', 'Unfairness: Jain Index = 0.05']",0.052989590588218026,51.24628448486328,-5606.9052734375,7.41866,-12.925493717193604,52.487648,1.0492755085229875,113.87194693088531
High Mobility,31,Random,utility,27,"['Ping-Pong: 22 UEs oscillating', 'Unfairness: Jain Index = 0.14']",0.1372924696351903,87.13150024414062,-37.471588134765625,12.613577,-5.632651019096374,69.88626,4.890405523777009,0.9737583459354937
High Mobility,32,Random,utility,26,"['Ping-Pong: 21 UEs oscillating', 'Unfairness: Jain Index = 0.06']",0.05957550940041026,32.942176818847656,-4981.46630859375,4.7688675,-13.677627277374267,42.666332,0.8362163484096528,101.21790319681168
High Mobility,33,Random,utility,27,"['Ping-Pong: 24 UEs oscillating', 'QoS Violation: Avg High Prio SINR = -9.23 dB (Threshold: 5.0 dB)', 'Unfairness: Jain Index = 0.06']",0.06462247121571152,-14.218461990356445,-13370.275390625,-2.0583332,-35.013320732116696,27.125345,0.0074273430276662125,271.2634205818176
High Mobility,34,Random,utility,27,"['Ping-Pong: 23 UEs oscillating', 'Unfairness: Jain Index = 0.08']",0.08107745041179655,39.64385223388672,-11216.4951171875,5.7390356,-24.98998870849609,50.555714,0.8950026669539515,227.61665284633636
High Mobility,35,Random,utility,26,"['Ping-Pong: 22 UEs oscillating', 'QoS Violation: Avg High Prio SINR = -7.58 dB (Threshold: 5.0 dB)', 'Unfairness: Jain Index = 0.17']",0.1661913620790012,-43.80548095703125,-18012.69921875,-6.3414927,-37.01421604156494,13.045681,0.003941354551352561,365.31862616539
High Mobility,36,Random,utility,27,"['Ping-Pong: 22 UEs oscillating', 'QoS Violation: Avg High Prio SINR = 1.53 dB (Threshold: 5.0 dB)', 'Unfairness: Jain Index = 0.04']",0.041113579272593306,-4.004599571228027,-16909.689453125,-0.57972586,-37.377286720275876,33.126263,0.0036098052165471016,343.0047035217285
High Mobility,37,Random,utility,27,"['Ping-Pong: 21 UEs oscillating', 'QoS Violation: Avg High Prio SINR = -2.66 dB (Threshold: 5.0 dB)', 'Unfairness: Jain Index = 0.05']",0.05219832212812918,-10.086179733276367,-18465.25390625,-1.4601244,-37.37586631774902,31.923717,0.003611098974943161,374.48543310165405
High Mobility,38,Random,utility,29,"['Ping-Pong: 24 UEs oscillating', 'QoS Violation: Avg High Prio SINR = -5.60 dB (Threshold: 5.0 dB)', 'Unfairness: Jain Index = 0.09']",0.0903810825532442,-9.545441627502441,-16530.908203125,-1.3818442,-37.37521591186523,31.516066,0.003611098974943161,335.3033661842346
High Mobility,39,Random,utility,26,"['Ping-Pong: 22 UEs oscillating', 'Unfairness: Jain Index = 0.12']",0.11721292895424601,72.26168823242188,-5635.85546875,10.46095,-8.848071646690368,67.947495,2.521642762422562,114.45197463035583
High Mobility,40,Random,utility,26,"['Ping-Pong: 22 UEs oscillating', 'QoS Violation: Avg High Prio SINR = 0.60 dB (Threshold: 5.0 dB)', 'Unfairness: Jain Index = 0.07']",0.06557667819660927,-10.588878631591797,-27402.8671875,-1.5328971,-37.376136779785156,33.695343,0.003611098974943161,555.6216835975647
High Mobility,41,Random,utility,27,"['Ping-Pong: 22 UEs oscillating', 'QoS Violation: Avg High Prio SINR = 3.42 dB (Threshold: 5.0 dB)', 'Unfairness: Jain Index = 0.06']",0.06417137740611693,37.287193298339844,-11403.3046875,5.3978744,-32.42512979507446,51.070225,0.022425604984164245,231.36399686336517
High Mobility,42,Random,utility,27,"['Ping-Pong: 24 UEs oscillating', 'Unfairness: Jain Index = 0.09']",0.09339464145997738,30.49257469177246,-21910.654296875,4.4142523,-37.37519073486328,53.131702,0.003611098974943161,444.31641697883606
High Mobility,43,Random,utility,25,"['Ping-Pong: 21 UEs oscillating', 'QoS Violation: Avg High Prio SINR = 4.77 dB (Threshold: 5.0 dB)', 'Unfairness: Jain Index = 0.07']",0.06697481913889616,24.74372673034668,-10993.8896484375,3.582021,-27.274156379699704,40.61365,0.28300766572356234,223.09371829032898
High Mobility,44,Random,utility,27,"['Ping-Pong: 20 UEs oscillating', 'QoS Violation: Avg High Prio SINR = -7.45 dB (Threshold: 5.0 dB)', 'Unfairness: Jain Index = 0.03']",0.034298460955311354,-11.52418041229248,-17190.4296875,-1.6682965,-37.37519073486328,25.892046,0.003611098974943161,348.7101197242737
High Mobility,45,Random,utility,27,"['Ping-Pong: 21 UEs oscillating', 'QoS Violation: Avg High Prio SINR = 0.37 dB (Threshold: 5.0 dB)', 'Unfairness: Jain Index = 0.05']",0.051509752275487916,31.318674087524414,-16430.26953125,4.533843,-37.37519073486328,49.09003,0.003611098974943161,333.2950174808502
High Mobility,46,Random,utility,29,"['Ping-Pong: 24 UEs oscillating', 'QoS Violation: Avg High Prio SINR = 1.03 dB (Threshold: 5.0 dB)', 'Unfairness: Jain Index = 0.03']",0.03342145681150341,-22.49515724182129,-21380.517578125,-3.2565074,-37.37519073486328,26.605051,0.003611098974943161,433.62101912498474
High Mobility,47,Random,utility,25,"['Ping-Pong: 23 UEs oscillating', 'QoS Violation: Avg High Prio SINR = 2.37 dB (Threshold: 5.0 dB)', 'Unfairness: Jain Index = 0.08']",0.07547567842452799,4.643497943878174,-27369.6171875,0.6722143,-37.37519073486328,43.114067,0.003611098974943161,555.0331473350525
High Mobility,48,Random,utility,26,"['Ping-Pong: 22 UEs oscillating', 'Unfairness: Jain Index = 0.07']",0.07108821311103498,25.785350799560547,-11444.1494140625,3.7328112,-32.497485065460204,46.322502,0.021683003567159184,232.21592605113983
High Mobility,49,Random,utility,24,"['Ping-Pong: 20 UEs oscillating', 'QoS Violation: Avg High Prio SINR = -10.52 dB (Threshold: 5.0 dB)', 'Unfairness: Jain Index = 0.21']",0.20822769180493464,-43.092403411865234,-27445.87109375,-6.2382655,-37.37519073486328,13.796952,0.003611098974943161,556.583046913147
High Mobility,50,Random,utility,26,"['Ping-Pong: 21 UEs oscillating', 'QoS Violation: Avg High Prio SINR = -4.59 dB (Threshold: 5.0 dB)', 'Unfairness: Jain Index = 0.04']",0.03645966755445824,-14.92292308807373,-27437.28125,-2.160314,-37.37531032562256,32.468384,0.003611098974943161,556.3645958900452
High Mobility,51,Random,utility,26,"['Ping-Pong: 21 UEs oscillating', 'QoS Violation: Avg High Prio SINR = -7.73 dB (Threshold: 5.0 dB)', 'Unfairness: Jain Index = 0.03']",0.03334026718107522,-28.096172332763672,-27363.794921875,-4.067339,-37.37519073486328,23.676634,0.003611098974943161,554.9356937408447
High Mobility,52,Random,utility,27,"['Ping-Pong: 25 UEs oscillating', 'QoS Violation: Avg High Prio SINR = 2.61 dB (Threshold: 5.0 dB)', 'Unfairness: Jain Index = 0.04']",0.035097577819780255,-8.143228530883789,-21896.341796875,-1.1788534,-37.37519073486328,29.722027,0.003611098974943161,444.1010355949402
High Mobility,53,Random,utility,28,"['Ping-Pong: 25 UEs oscillating', 'Unfairness: Jain Index = 0.10']",0.10409196201417033,69.11498260498047,-16422.6640625,10.005418,-37.37519073486328,72.447426,0.003611098974943161,333.1007659435272
High Mobility,54,Random,utility,27,"['Ping-Pong: 25 UEs oscillating', 'Unfairness: Jain Index = 0.05']",0.04652081421840951,2.6642050743103027,-21893.26171875,0.38568303,-37.37519073486328,36.56482,0.003611098974943161,444.0044164657593
High Mobility,55,Random,utility,27,"['Ping-Pong: 24 UEs oscillating', 'QoS Violation: Avg High Prio SINR = 2.37 dB (Threshold: 5.0 dB)', 'Unfairness: Jain Index = 0.08']",0.07609994248734994,23.315675735473633,-21890.79296875,3.37529,-37.37519073486328,48.97223,0.003611098974943161,443.9425766468048
High Mobility,56,Random,utility,25,"['Ping-Pong: 23 UEs oscillating', 'Unfairness: Jain Index = 0.07']",0.06646296604285654,18.57787322998047,-27353.298828125,2.6894224,-37.37519073486328,50.750454,0.003611098974943161,554.6894669532776
High Mobility,57,Random,utility,24,"['Ping-Pong: 20 UEs oscillating', 'QoS Violation: Avg High Prio SINR = 1.77 dB (Threshold: 5.0 dB)', 'Unfairness: Jain Index = 0.09']",0.09459010189218228,30.13534927368164,-21949.251953125,4.362538,-37.37519073486328,54.486614,0.003611098974943161,445.1470375061035
High Mobility,58,Random,utility,23,"['Ping-Pong: 17 UEs oscillating', 'Unfairness: Jain Index = 0.07']",0.06826573716414676,12.155797004699707,-21896.505859375,1.759731,-37.37519073486328,42.794495,0.003611098974943161,444.0913796424866
High Mobility,59,Random,utility,25,"['Ping-Pong: 19 UEs oscillating', 'QoS Violation: Avg High Prio SINR = -4.14 dB (Threshold: 5.0 dB)', 'Unfairness: Jain Index = 0.07']",0.06734122340578597,6.81390380859375,-21914.240234375,0.9864132,-37.37519073486328,41.006447,0.003611098974943161,444.4539248943329
High Mobility,60,Random,utility,25,"['Ping-Pong: 18 UEs oscillating', 'Unfairness: Jain Index = 0.07']",0.06667148619016186,-2.311599016189575,-17024.923828125,-0.33463886,-37.37519073486328,34.18389,0.003611098974943161,345.35062313079834
High Mobility,61,Random,utility,27,"['Ping-Pong: 21 UEs oscillating', 'QoS Violation: Avg High Prio SINR = -0.46 dB (Threshold: 5.0 dB)', 'Unfairness: Jain Index = 0.07']",0.0676273269116677,37.965576171875,-6769.60595703125,5.496079,-19.69869060516357,45.846104,2.0816351626068363,137.4543458223343
High Mobility,62,Random,utility,27,"['Ping-Pong: 22 UEs oscillating', 'QoS Violation: Avg High Prio SINR = 1.34 dB (Threshold: 5.0 dB)', 'Unfairness: Jain Index = 0.14']",0.13694820526995455,53.768611907958984,-16421.60546875,7.783804,-37.372584915161134,64.36213,0.003613215929362923,333.09924602508545
High Mobility,63,Random,utility,26,"['Ping-Pong: 23 UEs oscillating', 'QoS Violation: Avg High Prio SINR = -6.80 dB (Threshold: 5.0 dB)', 'Unfairness: Jain Index = 0.03']",0.03348753083131221,-21.261821746826172,-38453.671875,-3.0779643,-37.39285659790039,34.815784,0.003596867504529655,779.6613574028015
High Mobility,64,Random,utility,28,"['Ping-Pong: 23 UEs oscillating', 'Unfairness: Jain Index = 0.08']",0.0812818990035923,19.607559204101562,-21886.53125,2.838486,-37.37519073486328,46.45349,0.003611098974943161,443.8873529434204
High Mobility,65,Random,utility,28,"['Ping-Pong: 23 UEs oscillating', 'QoS Violation: Avg High Prio SINR = -6.30 dB (Threshold: 5.0 dB)', 'Unfairness: Jain Index = 0.07']",0.0675324714900871,7.527013301849365,-29786.30078125,1.0896456,-37.37519073486328,47.13155,0.003611098974943161,604.0265560150146
High Mobility,66,Random,utility,28,"['Ping-Pong: 25 UEs oscillating', 'QoS Violation: Avg High Prio SINR = -2.75 dB (Threshold: 5.0 dB)', 'Unfairness: Jain Index = 0.10']",0.10001695766385367,2.2420873641967773,-23453.07421875,0.3245751,-37.375946044921875,42.34514,0.003611098974943161,475.59961676597595
High Mobility,67,Random,utility,28,"['Ping-Pong: 26 UEs oscillating', 'Unfairness: Jain Index = 0.11']",0.11128016426545481,29.341474533081055,-16435.62109375,4.2476134,-37.37519073486328,49.42914,0.003611098974943161,333.3938717842102
High Mobility,68,Random,utility,25,"['Ping-Pong: 23 UEs oscillating', 'Unfairness: Jain Index = 0.12']",0.12128229827605454,49.928531646728516,-16497.740234375,7.2278953,-37.37519073486328,61.60383,0.003611098974943161,334.6312642097473
High Mobility,69,Random,utility,26,"['Ping-Pong: 21 UEs oscillating', 'QoS Violation: Avg High Prio SINR = -3.51 dB (Threshold: 5.0 dB)', 'Unfairness: Jain Index = 0.05']",0.0460645955343623,6.995304584503174,-21930.251953125,1.012674,-37.37519073486328,40.49745,0.003611098974943161,444.7789490222931
High Mobility,70,Random,utility,28,"['Ping-Pong: 21 UEs oscillating', 'Unfairness: Jain Index = 0.09']",0.08818190635674282,10.7765531539917,-22051.0703125,1.5600656,-37.37519073486328,45.909252,0.003611098974943161,447.2266435623169
High Mobility,71,Random,utility,26,"['Ping-Pong: 22 UEs oscillating', 'QoS Violation: Avg High Prio SINR = -15.99 dB (Threshold: 5.0 dB)', 'Unfairness: Jain Index = 0.04']",0.038265605684414075,-36.09415817260742,-38290.30859375,-5.225165,-37.37519073486328,26.474024,0.003611098974943161,776.377260684967
High Mobility,72,Random,utility,28,"['Ping-Pong: 25 UEs oscillating', 'QoS Violation: Avg High Prio SINR = 0.71 dB (Threshold: 5.0 dB)', 'Unfairness: Jain Index = 0.12']",0.1151504591206997,26.944677352905273,-21892.017578125,3.9006422,-37.37519073486328,52.816273,0.003611098974943161,443.99750232696533
High Mobility,73,Random,utility,27,"['Ping-Pong: 24 UEs oscillating', 'QoS Violation: Avg High Prio SINR = -15.84 dB (Threshold: 5.0 dB)', 'Unfairness: Jain Index = 0.03']",0.03333709560822036,-33.28466796875,-27710.42578125,-4.81845,-37.37519073486328,24.139112,0.003611098974943161,561.9439482688904
High Mobility,74,Random,utility,28,"['Ping-Pong: 24 UEs oscillating', 'QoS Violation: Avg High Prio SINR = -17.05 dB (Threshold: 5.0 dB)', 'Unfairness: Jain Index = 0.03']",0.0341332314962057,-39.48216247558594,-35570.05859375,-5.715629,-37.37519073486328,25.74264,0.003611098974943161,721.2435007095337
High Mobility,75,Random,utility,29,"['Ping-Pong: 24 UEs oscillating', 'QoS Violation: Avg High Prio SINR = -8.33 dB (Threshold: 5.0 dB)', 'Unfairness: Jain Index = 0.07']",0.06666761029177755,-28.80177116394043,-31774.740234375,-4.1694846,-37.37519073486328,28.783691,0.003611098974943161,644.3278789520264
High Mobility,76,Random,utility,28,"['Ping-Pong: 25 UEs oscillating', 'QoS Violation: Avg High Prio SINR = -7.94 dB (Threshold: 5.0 dB)', 'Unfairness: Jain Index = 0.03']",0.03333470376637861,-43.9964714050293,-32917.97265625,-6.3691416,-37.37519073486328,20.99078,0.003611098974943161,667.5260066986084
High Mobility,77,Random,utility,29,"['Ping-Pong: 27 UEs oscillating', 'QoS Violation: Avg High Prio SINR = -7.86 dB (Threshold: 5.0 dB)', 'Unfairness: Jain Index = 0.06']",0.05937014191466149,-11.86056137084961,-27440.76953125,-1.7169925,-37.37519073486328,33.970512,0.003611098974943161,556.4574003219604
High Mobility,78,Random,utility,26,"['Ping-Pong: 25 UEs oscillating', 'QoS Violation: Avg High Prio SINR = -7.21 dB (Threshold: 5.0 dB)', 'Unfairness: Jain Index = 0.03']",0.034781687647755036,-12.814420700073242,-32810.578125,-1.8550783,-37.37519073486328,35.405373,0.003611098974943161,665.3301119804382
High Mobility,79,Random,utility,28,"['Ping-Pong: 25 UEs oscillating', 'Unfairness: Jain Index = 0.20']",0.20164171030807823,64.0822982788086,-16431.640625,9.27686,-37.37519073486328,72.06702,0.003611098974943161,333.2985043525696
High Mobility,80,Random,utility,28,"['Ping-Pong: 24 UEs oscillating', 'QoS Violation: Avg High Prio SINR = -5.34 dB (Threshold: 5.0 dB)', 'Unfairness: Jain Index = 0.06']",0.06480464825114532,-3.152144432067871,-21969.486328125,-0.45631963,-37.37519073486328,36.370914,0.003611098974943161,445.58218121528625
High Mobility,81,Random,utility,28,"['Ping-Pong: 26 UEs oscillating', 'QoS Violation: Avg High Prio SINR = 0.61 dB (Threshold: 5.0 dB)', 'Unfairness: Jain Index = 0.14']",0.13807690724844957,41.733280181884766,-16479.556640625,6.041511,-37.37519073486328,58.30206,0.003611098974943161,334.27634835243225
High Mobility,82,Random,utility,24,"['Ping-Pong: 24 UEs oscillating', 'Unfairness: Jain Index = 0.15']",0.1478511018853361,29.926496505737305,-27513.77734375,4.332304,-37.391597747802734,58.548496,0.003598161262925714,557.8848719596863
High Mobility,83,Random,utility,26,"['Ping-Pong: 22 UEs oscillating', 'QoS Violation: Avg High Prio SINR = -7.90 dB (Threshold: 5.0 dB)', 'Unfairness: Jain Index = 0.12']",0.12383590879742722,28.487483978271484,-21918.220703125,4.123986,-37.37519073486328,54.35344,0.003611098974943161,444.5268511772156
High Mobility,84,Random,utility,30,"['Ping-Pong: 22 UEs oscillating', 'QoS Violation: Avg High Prio SINR = 3.80 dB (Threshold: 5.0 dB)', 'Unfairness: Jain Index = 0.09']",0.09297327143618245,7.033132553100586,-27415.830078125,1.0181504,-37.37519073486328,46.576897,0.003611098974943161,555.9396743774414
High Mobility,85,Random,utility,30,"['Ping-Pong: 26 UEs oscillating', 'QoS Violation: Avg High Prio SINR = 3.30 dB (Threshold: 5.0 dB)', 'Unfairness: Jain Index = 0.13']",0.13463704885781624,20.191234588623047,-27702.080078125,2.92298,-37.37519073486328,56.510185,0.003611098974943161,561.7471933364868
High Mobility,86,Random,utility,29,"['Ping-Pong: 29 UEs oscillating', 'QoS Violation: Avg High Prio SINR = 1.02 dB (Threshold: 5.0 dB)', 'Unfairness: Jain Index = 0.11']",0.11496473683150873,8.719772338867188,-27395.9375,1.2623154,-37.37519073486328,46.667355,0.003611098974943161,555.5866956710815
High Mobility,87,Random,utility,30,"['Ping-Pong: 29 UEs oscillating', 'QoS Violation: Avg High Prio SINR = -10.48 dB (Threshold: 5.0 dB)', 'Unfairness: Jain Index = 0.03']",0.03333391860740371,-63.826595306396484,-43763.56640625,-9.239847,-37.37519073486328,16.953762,0.003611098974943161,887.3948454856873
High Mobility,88,Random,utility,29,"['Ping-Pong: 28 UEs oscillating', 'QoS Violation: Avg High Prio SINR = -20.07 dB (Threshold: 5.0 dB)', 'Unfairness: Jain Index = 0.10']",0.10021234355392189,-5.771162986755371,-32828.98828125,-0.8354616,-37.375440406799314,42.755257,0.003611098974943161,665.6725406646729
High Mobility,89,Random,utility,28,"['Ping-Pong: 27 UEs oscillating', 'QoS Violation: Avg High Prio SINR = -8.45 dB (Threshold: 5.0 dB)', 'Unfairness: Jain Index = 0.03']",0.0333353028534343,-53.0694694519043,-38391.35546875,-7.6825933,-37.37519073486328,20.598013,0.003611098974943161,778.4437537193298
High Mobility,90,Random,utility,28,"['Ping-Pong: 25 UEs oscillating', 'QoS Violation: Avg High Prio SINR = -10.26 dB (Threshold: 5.0 dB)', 'Unfairness: Jain Index = 0.10']",0.1016974255144887,3.148259162902832,-38274.6015625,0.45575726,-37.37519073486328,50.643333,0.003611098974943161,776.0748267173767
High Mobility,91,Random,utility,25,"['Ping-Pong: 22 UEs oscillating', 'QoS Violation: Avg High Prio SINR = -11.07 dB (Threshold: 5.0 dB)', 'Unfairness: Jain Index = 0.10']",0.09560974369338983,-16.62904930114746,-32872.609375,-2.4073017,-37.37519073486328,37.035355,0.003611098974943161,666.5937900543213
High Mobility,92,Random,utility,26,"['Ping-Pong: 20 UEs oscillating', 'QoS Violation: Avg High Prio SINR = -2.55 dB (Threshold: 5.0 dB)', 'Unfairness: Jain Index = 0.07']",0.07089546529496836,-2.431411027908325,-32851.85546875,-0.35198352,-37.37519073486328,43.789177,0.003611098974943161,666.1598682403564
High Mobility,93,Random,utility,27,"['Ping-Pong: 19 UEs oscillating', 'QoS Violation: Avg High Prio SINR = -11.21 dB (Threshold: 5.0 dB)', 'Unfairness: Jain Index = 0.05']",0.04764426807156703,-27.729320526123047,-32858.296875,-4.014231,-37.37519073486328,30.588314,0.003611098974943161,666.3067936897278
High Mobility,94,Random,utility,27,"['Ping-Pong: 21 UEs oscillating', 'QoS Violation: Avg High Prio SINR = -4.76 dB (Threshold: 5.0 dB)', 'Unfairness: Jain Index = 0.14']",0.13652020273492177,21.03750991821289,-32820.37109375,3.045491,-37.37519073486328,58.11935,0.003611098974943161,665.4609441757202
High Mobility,95,Random,utility,26,"['Ping-Pong: 23 UEs oscillating', 'QoS Violation: Avg High Prio SINR = -2.94 dB (Threshold: 5.0 dB)', 'Unfairness: Jain Index = 0.13']",0.13208707701586142,28.092409133911133,-21932.1796875,4.0667925,-37.37519073486328,55.920834,0.003611098974943161,444.7750449180603
High Mobility,96,Random,utility,27,"['Ping-Pong: 22 UEs oscillating', 'Unfairness: Jain Index = 0.10']",0.10194923625557999,11.050704002380371,-22521.82421875,1.5997536,-37.37519073486328,47.792362,0.003611098974943161,456.7640423774719
High Mobility,97,Random,utility,27,"['Ping-Pong: 23 UEs oscillating', 'QoS Violation: Avg High Prio SINR = -15.63 dB (Threshold: 5.0 dB)', 'Unfairness: Jain Index = 0.07']",0.066672829619173,-26.866058349609375,-38295.60546875,-3.8892605,-37.37519073486328,33.843464,0.003611098974943161,776.504635810852
High Mobility,98,Random,utility,26,"['Ping-Pong: 23 UEs oscillating', 'QoS Violation: Avg High Prio SINR = -10.68 dB (Threshold: 5.0 dB)', 'Unfairness: Jain Index = 0.03']",0.03333584748270185,-47.53062057495117,-38324.203125,-6.8807616,-37.375278854370116,22.418161,0.003611098974943161,777.0909070968628
High Mobility,99,Random,utility,26,"['Ping-Pong: 21 UEs oscillating', 'QoS Violation: Avg High Prio SINR = -8.33 dB (Threshold: 5.0 dB)', 'Unfairness: Jain Index = 0.13']",0.1278254567615411,10.267963409423828,-31829.318359375,1.48644,-37.37519073486328,50.883152,0.003611098974943161,645.410418510437
High Mobility,100,Random,utility,27,"['Ping-Pong: 21 UEs oscillating', 'QoS Violation: Avg High Prio SINR = 4.07 dB (Threshold: 5.0 dB)', 'Unfairness: Jain Index = 0.13']",0.13369692049491486,31.98190689086914,-21898.3359375,4.6298556,-37.37519073486328,55.572937,0.003611098974943161,444.1201984882355
High Mobility,101,Random,utility,25,"['Ping-Pong: 21 UEs oscillating', 'QoS Violation: Avg High Prio SINR = -3.05 dB (Threshold: 5.0 dB)', 'Unfairness: Jain Index = 0.10']",0.0967772960756179,-15.523579597473145,-32849.56640625,-2.2472684,-37.37519073486328,37.70837,0.003611098974943161,666.1269068717957
High Mobility,102,Random,utility,28,"['Ping-Pong: 22 UEs oscillating', 'Unfairness: Jain Index = 0.10']",0.10114330100067415,-12.775494575500488,-35388.2578125,-1.8494426,-37.37519073486328,42.975574,0.003611098974943161,717.5641655921936
High Mobility,103,Random,utility,29,"['Ping-Pong: 23 UEs oscillating', 'QoS Violation: Avg High Prio SINR = 3.56 dB (Threshold: 5.0 dB)', 'Unfairness: Jain Index = 0.09']",0.09346702730482966,7.09824275970459,-32806.8984375,1.0275761,-37.37519073486328,47.408398,0.003611098974943161,665.2214527130127
High Mobility,104,Random,utility,27,"['Ping-Pong: 24 UEs oscillating', 'QoS Violation: Avg High Prio SINR = -15.13 dB (Threshold: 5.0 dB)', 'Unfairness: Jain Index = 0.03']",0.03404028076518216,-47.909759521484375,-43824.078125,-6.9356484,-37.375268363952635,25.643671,0.003611098974943161,888.5653614997864
High Mobility,105,Random,utility,27,"['Ping-Pong: 25 UEs oscillating', 'QoS Violation: Avg High Prio SINR = 3.19 dB (Threshold: 5.0 dB)', 'Unfairness: Jain Index = 0.13']",0.1293579822616112,-15.678363800048828,-43771.39453125,-2.269676,-37.37563972473144,46.633812,0.003611098974943161,887.4375820159912
High Mobility,106,Random,utility,26,"['Ping-Pong: 23 UEs oscillating', 'QoS Violation: Avg High Prio SINR = 4.62 dB (Threshold: 5.0 dB)', 'Unfairness: Jain Index = 0.12']",0.12411590377279075,-0.3305625319480896,-27436.060546875,-0.047853455,-37.37519073486328,46.075134,0.003611098974943161,556.3714504241943
High Mobility,107,Random,utility,28,"['Ping-Pong: 24 UEs oscillating', 'Unfairness: Jain Index = 0.17']",0.17107714859916023,67.76048278808594,-11086.8583984375,9.809335,-30.05056457519531,70.48235,0.07068823128938678,224.95712339878082
High Mobility,108,Random,utility,27,"['Ping-Pong: 22 UEs oscillating', 'QoS Violation: Avg High Prio SINR = -6.49 dB (Threshold: 5.0 dB)', 'Unfairness: Jain Index = 0.17']",0.16629620494043343,9.784013748168945,-32862.41796875,1.416381,-37.37519073486328,54.71382,0.003611098974943161,666.3593649864197
High Mobility,109,Random,utility,29,"['Ping-Pong: 25 UEs oscillating', 'QoS Violation: Avg High Prio SINR = -6.65 dB (Threshold: 5.0 dB)', 'Unfairness: Jain Index = 0.13']",0.13278135836682295,15.77733325958252,-32844.265625,2.284003,-37.37519073486328,55.874683,0.003611098974943161,665.9644842147827
High Mobility,110,Random,utility,27,"['Ping-Pong: 25 UEs oscillating', 'QoS Violation: Avg High Prio SINR = -3.78 dB (Threshold: 5.0 dB)', 'Unfairness: Jain Index = 0.18']",0.18328100969741234,32.36258316040039,-27869.88671875,4.684964,-37.37519073486328,65.09233,0.003611098974943161,565.1610493659973
High Mobility,111,Random,utility,26,"['Ping-Pong: 25 UEs oscillating', 'QoS Violation: Avg High Prio SINR = 0.35 dB (Threshold: 5.0 dB)', 'Unfairness: Jain Index = 0.07']",0.06666797336881072,-33.166568756103516,-32854.1796875,-4.801353,-37.37535438537598,28.217268,0.003611098974943161,666.1898493766785
High Mobility,112,Random,utility,28,"['Ping-Pong: 23 UEs oscillating', 'Unfairness: Jain Index = 0.16']",0.1616533634797256,13.78653335571289,-35941.6484375,1.9958045,-37.37519073486328,56.90855,0.003611098974943161,728.7746667861938
High Mobility,113,Random,utility,26,"['Ping-Pong: 22 UEs oscillating', 'Unfairness: Jain Index = 0.24']",0.23793413926038787,85.29175567626953,-16440.3984375,12.347247,-37.37519073486328,84.04233,0.003611098974943161,333.45136046409607
High Mobility,114,Random,utility,27,"['Ping-Pong: 24 UEs oscillating', 'QoS Violation: Avg High Prio SINR = -16.20 dB (Threshold: 5.0 dB)', 'Unfairness: Jain Index = 0.13']",0.13108451378097966,0.3824969530105591,-33244.26953125,0.055372,-37.37519073486328,48.329887,0.003611098974943161,674.1257309913635
High Mobility,115,Random,utility,27,"['Ping-Pong: 24 UEs oscillating', 'QoS Violation: Avg High Prio SINR = -9.50 dB (Threshold: 5.0 dB)', 'Unfairness: Jain Index = 0.12']",0.12247902657629758,7.988053798675537,-27438.91796875,1.1563888,-37.37519073486328,47.06428,0.003611098974943161,556.4249753952026
High Mobility,116,Random,utility,27,"['Ping-Pong: 25 UEs oscillating', 'Unfairness: Jain Index = 0.13']",0.13049736177059412,0.29805731773376465,-38334.20703125,0.04314804,-37.37519073486328,50.107372,0.003611098974943161,777.236819267273
High Mobility,117,Random,utility,25,"['Ping-Pong: 23 UEs oscillating', 'QoS Violation: Avg High Prio SINR = -2.12 dB (Threshold: 5.0 dB)', 'Unfairness: Jain Index = 0.13']",0.12759335665700133,3.573564291000366,-32824.52734375,0.517326,-37.37519073486328,48.086838,0.003611098974943161,665.608823299408
High Mobility,118,Random,utility,28,"['Ping-Pong: 23 UEs oscillating', 'QoS Violation: Avg High Prio SINR = -14.25 dB (Threshold: 5.0 dB)', 'Unfairness: Jain Index = 0.09']",0.09290594928650243,-33.649513244628906,-49224.14453125,-4.871267,-37.37519073486328,38.050003,0.003611098974943161,998.0615973472595
High Mobility,119,Random,utility,25,"['Ping-Pong: 21 UEs oscillating', 'QoS Violation: Avg High Prio SINR = 4.96 dB (Threshold: 5.0 dB)', 'Unfairness: Jain Index = 0.19']",0.19397369226573752,62.6076545715332,-21909.1875,9.063385,-37.37519073486328,75.054306,0.003611098974943161,444.32333111763
High Mobility,120,Random,utility,27,"['Ping-Pong: 22 UEs oscillating', 'QoS Violation: Avg High Prio SINR = 0.20 dB (Threshold: 5.0 dB)', 'Unfairness: Jain Index = 0.12']",0.11634850796797873,10.138317108154297,-27376.236328125,1.4676715,-37.37519073486328,47.10862,0.003611098974943161,555.1563501358032
High Mobility,121,Random,utility,29,"['Ping-Pong: 22 UEs oscillating', 'QoS Violation: Avg High Prio SINR = -18.70 dB (Threshold: 5.0 dB)', 'Unfairness: Jain Index = 0.10']",0.10000094538540448,-27.333404541015625,-43786.1875,-3.9569163,-37.37519073486328,37.56486,0.003611098974943161,887.8223896026611
High Mobility,122,Random,utility,25,"['Ping-Pong: 23 UEs oscillating', 'QoS Violation: Avg High Prio SINR = -3.13 dB (Threshold: 5.0 dB)', 'Unfairness: Jain Index = 0.08']",0.07878345118694678,0.6437385678291321,-32890.81640625,0.09319005,-37.37519073486328,45.38998,0.003611098974943161,666.9081449508667
High Mobility,123,Random,utility,24,"['Ping-Pong: 22 UEs oscillating', 'QoS Violation: Avg High Prio SINR = -3.27 dB (Threshold: 5.0 dB)', 'Unfairness: Jain Index = 0.13']",0.1305712394585258,-0.461154580116272,-32844.25,-0.06675933,-37.37519073486328,46.68255,0.003611098974943161,665.9906506538391
High Mobility,124,Random,utility,27,"['Ping-Pong: 20 UEs oscillating', 'QoS Violation: Avg High Prio SINR = -0.64 dB (Threshold: 5.0 dB)', 'Unfairness: Jain Index = 0.07']",0.06740671555899319,-15.682414054870605,-32821.8515625,-2.2702615,-37.37519073486328,35.478462,0.003611098974943161,665.5316948890686
High Mobility,125,Random,utility,27,"['Ping-Pong: 21 UEs oscillating', 'QoS Violation: Avg High Prio SINR = -11.49 dB (Threshold: 5.0 dB)', 'Unfairness: Jain Index = 0.05']",0.05287672109493596,-44.4685173034668,-43766.38671875,-6.4374785,-37.37519073486328,27.05193,0.003611098974943161,887.3826861381531
High Mobility,126,Random,utility,29,"['Ping-Pong: 25 UEs oscillating', 'QoS Violation: Avg High Prio SINR = -14.85 dB (Threshold: 5.0 dB)', 'Unfairness: Jain Index = 0.07']",0.07216509657156764,-35.0273551940918,-49200.88671875,-5.0707307,-37.37519073486328,36.72081,0.003611098974943161,997.5612759590149
High Mobility,127,Random,utility,28,"['Ping-Pong: 24 UEs oscillating', 'QoS Violation: Avg High Prio SINR = 1.76 dB (Threshold: 5.0 dB)', 'Unfairness: Jain Index = 0.09']",0.08808431574178832,-14.260854721069336,-43798.8515625,-2.0644712,-37.37519073486328,45.30325,0.003611098974943161,888.0699276924133
High Mobility,128,Random,utility,24,"['Ping-Pong: 22 UEs oscillating', 'Unfairness: Jain Index = 0.11']",0.11265034232688234,13.388728141784668,-32818.58203125,1.9382163,-37.37519073486328,51.81299,0.003611098974943161,665.488600730896
High Mobility,129,Random,utility,25,"['Ping-Pong: 22 UEs oscillating', 'QoS Violation: Avg High Prio SINR = 0.32 dB (Threshold: 5.0 dB)', 'Unfairness: Jain Index = 0.13']",0.13047043159149305,7.581543922424316,-34521.73046875,1.0975406,-37.37519073486328,54.16058,0.003611098974943161,699.9987959861755
High Mobility,130,Random,utility,25,"['Ping-Pong: 21 UEs oscillating', 'QoS Violation: Avg High Prio SINR = 4.02 dB (Threshold: 5.0 dB)', 'Unfairness: Jain Index = 0.11']",0.11091824716165385,27.098026275634766,-27356.775390625,3.92284,-37.37519073486328,58.331436,0.003611098974943161,554.7664165496826
High Mobility,131,Random,utility,25,"['Ping-Pong: 20 UEs oscillating', 'QoS Violation: Avg High Prio SINR = 3.14 dB (Threshold: 5.0 dB)', 'Unfairness: Jain Index = 0.21']",0.20754351954096437,60.24662780761719,-27344.580078125,8.721592,-37.37519073486328,77.093315,0.003611098974943161,554.5021295547485
High Mobility,132,Random,utility,26,"['Ping-Pong: 21 UEs oscillating', 'QoS Violation: Avg High Prio SINR = -16.30 dB (Threshold: 5.0 dB)', 'Unfairness: Jain Index = 0.03']",0.03372477814748763,-79.30338287353516,-49218.1953125,-11.480341,-37.37519073486328,12.185782,0.003611098974943161,997.9385733604431
High Mobility,133,Random,utility,26,"['Ping-Pong: 21 UEs oscillating', 'QoS Violation: Avg High Prio SINR = -13.68 dB (Threshold: 5.0 dB)', 'Unfairness: Jain Index = 0.07']",0.06738924061477389,-21.292190551757812,-38296.6953125,-3.0823607,-37.37519073486328,37.451546,0.003611098974943161,776.5461206436157
High Mobility,134,Random,utility,26,"['Ping-Pong: 20 UEs oscillating', 'QoS Violation: Avg High Prio SINR = 0.18 dB (Threshold: 5.0 dB)', 'Unfairness: Jain Index = 0.10']",0.10004726883618083,-24.306251525878906,-43745.140625,-3.5186918,-37.37519073486328,40.41227,0.003611098974943161,886.9826793670654
High Mobility,135,Random,utility,28,"['Ping-Pong: 22 UEs oscillating', 'QoS Violation: Avg High Prio SINR = -14.29 dB (Threshold: 5.0 dB)', 'Unfairness: Jain Index = 0.03']",0.03465254949377983,-52.518028259277344,-49201.953125,-7.6027646,-37.37519073486328,26.259735,0.003611098974943161,997.5900053977966
High Mobility,136,Random,utility,29,"['Ping-Pong: 25 UEs oscillating', 'QoS Violation: Avg High Prio SINR = 1.00 dB (Threshold: 5.0 dB)', 'Unfairness: Jain Index = 0.17']",0.16666762594101742,28.026432037353516,-27348.474609375,4.0572414,-37.37519073486328,57.161076,0.003611098974943161,554.5854568481445
High Mobility,137,Random,utility,25,"['Ping-Pong: 24 UEs oscillating', 'QoS Violation: Avg High Prio SINR = -3.33 dB (Threshold: 5.0 dB)', 'Unfairness: Jain Index = 0.14']",0.14395785199670325,30.414552688598633,-32812.640625,4.4029565,-37.37519073486328,64.29574,0.003611098974943161,665.3534770011902
High Mobility,138,Random,utility,28,"['Ping-Pong: 24 UEs oscillating', 'QoS Violation: Avg High Prio SINR = -2.78 dB (Threshold: 5.0 dB)', 'Unfairness: Jain Index = 0.17']",0.16666817055398778,21.968402862548828,-32810.99609375,3.180252,-37.37519073486328,58.166206,0.003611098974943161,665.3252243995667
High Mobility,139,Random,utility,27,"['Ping-Pong: 23 UEs oscillating', 'QoS Violation: Avg High Prio SINR = -6.71 dB (Threshold: 5.0 dB)', 'Unfairness: Jain Index = 0.11']",0.10570812423431486,-0.9372691512107849,-32844.93359375,-0.13568415,-37.37519073486328,44.71806,0.003611098974943161,665.9982800483704
High Mobility,140,Random,utility,26,"['Ping-Pong: 25 UEs oscillating', 'QoS Violation: Avg High Prio SINR = -3.83 dB (Threshold: 5.0 dB)', 'Unfairness: Jain Index = 0.03']",0.033962791660357226,-55.81645584106445,-48957.6484375,-8.080261,-37.37519073486328,26.104153,0.003611098974943161,992.6259517669678
High Mobility,141,Random,utility,27,"['Ping-Pong: 24 UEs oscillating', 'QoS Violation: Avg High Prio SINR = -1.08 dB (Threshold: 5.0 dB)', 'Unfairness: Jain Index = 0.03']",0.033366214360068196,-27.653791427612305,-32810.5703125,-4.003297,-37.37519073486328,26.168423,0.003611098974943161,665.3404831886292
High Mobility,142,Random,utility,27,"['Ping-Pong: 23 UEs oscillating', 'Unfairness: Jain Index = 0.14']",0.14035549346082374,17.043071746826172,-38275.42578125,2.4672372,-37.37519073486328,59.226364,0.003611098974943161,776.058554649353
High Mobility,143,Random,utility,27,"['Ping-Pong: 23 UEs oscillating', 'QoS Violation: Avg High Prio SINR = -0.84 dB (Threshold: 5.0 dB)', 'Unfairness: Jain Index = 0.16']",0.1610559052743154,26.8657283782959,-32821.08984375,3.8892114,-37.37519073486328,61.991413,0.003611098974943161,665.5073761940002
High Mobility,144,Random,utility,27,"['Ping-Pong: 23 UEs oscillating', 'QoS Violation: Avg High Prio SINR = 2.81 dB (Threshold: 5.0 dB)', 'Unfairness: Jain Index = 0.14']",0.13768320600537337,38.025081634521484,-27349.810546875,5.504695,-37.37519073486328,63.434128,0.003611098974943161,554.6045899391174
High Mobility,145,Random,utility,29,"['Ping-Pong: 25 UEs oscillating', 'QoS Violation: Avg High Prio SINR = -16.06 dB (Threshold: 5.0 dB)', 'Unfairness: Jain Index = 0.07']",0.06666741967673091,-45.332881927490234,-43747.921875,-6.5626073,-37.37519073486328,27.368673,0.003611098974943161,887.0193362236023
High Mobility,146,Random,utility,26,"['Ping-Pong: 24 UEs oscillating', 'QoS Violation: Avg High Prio SINR = -17.42 dB (Threshold: 5.0 dB)', 'Unfairness: Jain Index = 0.03']",0.03333779456871658,-59.52296829223633,-49212.2890625,-8.616835,-37.37519073486328,23.12024,0.003611098974943161,997.8047013282776
High Mobility,147,Random,utility,26,"['Ping-Pong: 25 UEs oscillating', 'QoS Violation: Avg High Prio SINR = -1.11 dB (Threshold: 5.0 dB)', 'Unfairness: Jain Index = 0.07']",0.06666849983226493,-33.0821533203125,-43741.55078125,-4.7891326,-37.37519073486328,32.171394,0.003611098974943161,886.8710398674011
High Mobility,148,Random,utility,24,"['Ping-Pong: 22 UEs oscillating', 'QoS Violation: Avg High Prio SINR = 1.99 dB (Threshold: 5.0 dB)', 'Unfairness: Jain Index = 0.17']",0.1666703853225676,30.8996524810791,-27371.544921875,4.473182,-37.37519073486328,59.224194,0.003611098974943161,555.0513863563538
High Mobility,149,Random,utility,28,"['Ping-Pong: 22 UEs oscillating', 'QoS Violation: Avg High Prio SINR = -8.84 dB (Threshold: 5.0 dB)', 'Unfairness: Jain Index = 0.07']",0.06866149524550394,-12.379875183105469,-32821.58984375,-1.7921708,-37.37519073486328,37.764515,0.003611098974943161,665.5541658401489
High Mobility,150,Random,utility,29,"['Ping-Pong: 23 UEs oscillating', 'QoS Violation: Avg High Prio SINR = 1.98 dB (Threshold: 5.0 dB)', 'Unfairness: Jain Index = 0.16']",0.15721657138906311,20.828580856323242,-32824.34765625,3.0152452,-37.37519073486328,58.960705,0.003611098974943161,665.6070351600647
High Mobility,151,Random,utility,30,"['Ping-Pong: 27 UEs oscillating', 'QoS Violation: Avg High Prio SINR = -17.77 dB (Threshold: 5.0 dB)', 'Unfairness: Jain Index = 0.07']",0.06667701430573827,-51.71189880371094,-49214.95703125,-7.4860635,-37.37519073486328,29.111273,0.003611098974943161,997.8874325752258
High Mobility,152,Random,utility,28,"['Ping-Pong: 27 UEs oscillating', 'QoS Violation: Avg High Prio SINR = -12.15 dB (Threshold: 5.0 dB)', 'Unfairness: Jain Index = 0.10']",0.1004280590288705,-6.935153484344482,-33086.8671875,-1.0039666,-37.37519073486328,44.149193,0.003611098974943161,670.9287166595459
High Mobility,153,Random,utility,28,"['Ping-Pong: 27 UEs oscillating', 'QoS Violation: Avg High Prio SINR = -6.70 dB (Threshold: 5.0 dB)', 'Unfairness: Jain Index = 0.10']",0.10045092792633245,-26.378376007080078,-49208.92578125,-3.8186612,-37.37519073486328,43.921494,0.003611098974943161,997.7151155471802
High Mobility,154,Random,utility,24,"['Ping-Pong: 22 UEs oscillating', 'QoS Violation: Avg High Prio SINR = -10.34 dB (Threshold: 5.0 dB)', 'Unfairness: Jain Index = 0.10']",0.09794547265762554,-24.428861618041992,-38357.78515625,-3.5364408,-37.37519073486328,35.98299,0.003611098974943161,777.7584195137024
High Mobility,155,Random,utility,27,"['Ping-Pong: 22 UEs oscillating', 'QoS Violation: Avg High Prio SINR = -17.30 dB (Threshold: 5.0 dB)', 'Unfairness: Jain Index = 0.07']",0.06666775552247217,-43.13262176513672,-43853.19140625,-6.2440867,-37.37519073486328,28.404522,0.003611098974943161,889.1552686691284
High Mobility,156,Random,utility,25,"['Ping-Pong: 21 UEs oscillating', 'QoS Violation: Avg High Prio SINR = -10.20 dB (Threshold: 5.0 dB)', 'Unfairness: Jain Index = 0.07']",0.06666756490721792,-57.32047653198242,-54734.26171875,-8.29799,-37.37519073486328,28.037722,0.003611098974943161,1109.7290515899658
High Mobility,157,Random,utility,29,"['Ping-Pong: 25 UEs oscillating', 'QoS Violation: Avg High Prio SINR = -7.18 dB (Threshold: 5.0 dB)', 'Unfairness: Jain Index = 0.08']",0.0824643618494325,-0.21526287496089935,-32815.7578125,-0.03116289,-37.37519073486328,45.03762,0.003611098974943161,665.4325127601624
High Mobility,158,Random,utility,24,"['Ping-Pong: 20 UEs oscillating', 'Unfairness: Jain Index = 0.16']",0.16103942646283045,38.398704528808594,-16510.91015625,5.5587826,-37.37519073486328,57.032803,0.003611098974943161,334.91721749305725
High Mobility,159,Random,utility,27,"['Ping-Pong: 22 UEs oscillating', 'QoS Violation: Avg High Prio SINR = -10.63 dB (Threshold: 5.0 dB)', 'Unfairness: Jain Index = 0.14']",0.1392795273904499,26.691482543945312,-27360.982421875,3.863988,-37.37519073486328,57.407734,0.003611098974943161,554.8502206802368
High Mobility,160,Random,utility,27,"['Ping-Pong: 21 UEs oscillating', 'QoS Violation: Avg High Prio SINR = -6.72 dB (Threshold: 5.0 dB)', 'Unfairness: Jain Index = 0.13']",0.13333467596930298,1.862578272819519,-34560.7265625,0.26963553,-37.37519073486328,49.21074,0.003611098974943161,700.7949948310852
High Mobility,161,Random,utility,28,"['Ping-Pong: 23 UEs oscillating', 'QoS Violation: Avg High Prio SINR = 0.19 dB (Threshold: 5.0 dB)', 'Unfairness: Jain Index = 0.10']",0.10109624960743098,25.635801315307617,-16429.6796875,3.7111623,-37.37519073486328,46.635918,0.003611098974943161,333.2771062850952
High Mobility,162,Random,utility,29,"['Ping-Pong: 25 UEs oscillating', 'QoS Violation: Avg High Prio SINR = -13.12 dB (Threshold: 5.0 dB)', 'Unfairness: Jain Index = 0.07']",0.0666685815250562,-26.66858673095703,-32868.85546875,-3.8606741,-37.37519073486328,30.53762,0.003611098974943161,666.5221452713013
High Mobility,163,Random,utility,30,"['Ping-Pong: 28 UEs oscillating', 'QoS Violation: Avg High Prio SINR = -0.59 dB (Threshold: 5.0 dB)', 'Unfairness: Jain Index = 0.08']",0.08136434332556537,-2.427337884902954,-21906.318359375,-0.35139364,-37.37519073486328,35.86432,0.003611098974943161,444.30598616600037
High Mobility,164,Random,utility,26,"['Ping-Pong: 25 UEs oscillating', 'QoS Violation: Avg High Prio SINR = 1.41 dB (Threshold: 5.0 dB)', 'Unfairness: Jain Index = 0.13']",0.13333425843246294,5.698402404785156,-32810.37890625,0.8249285,-37.37519073486328,47.772964,0.003611098974943161,665.3229594230652
High Mobility,165,Random,utility,28,"['Ping-Pong: 25 UEs oscillating', 'QoS Violation: Avg High Prio SINR = -10.66 dB (Threshold: 5.0 dB)', 'Unfairness: Jain Index = 0.08']",0.07509529342676015,-18.70667839050293,-38284.765625,-2.7080698,-37.37519073486328,38.498135,0.003611098974943161,776.2967348098755
High Mobility,166,Random,utility,28,"['Ping-Pong: 24 UEs oscillating', 'QoS Violation: Avg High Prio SINR = -15.85 dB (Threshold: 5.0 dB)', 'Unfairness: Jain Index = 0.07']",0.06666814583074782,-36.01960372924805,-38287.03125,-5.214372,-37.37519073486328,28.727634,0.003611098974943161,776.3550281524658
High Mobility,167,Random,utility,26,"['Ping-Pong: 25 UEs oscillating', 'QoS Violation: Avg High Prio SINR = -11.76 dB (Threshold: 5.0 dB)', 'Unfairness: Jain Index = 0.14']",0.136122985099696,24.177433013916016,-27352.7578125,3.500042,-37.37519073486328,55.33266,0.003611098974943161,554.6864867210388
High Mobility,168,Random,utility,29,"['Ping-Pong: 25 UEs oscillating', 'Unfairness: Jain Index = 0.14']",0.13872131273715138,29.370712280273438,-21903.521484375,4.251845,-37.37519073486328,55.316597,0.003611098974943161,444.22945380210876
High Mobility,169,Random,utility,30,"['Ping-Pong: 25 UEs oscillating', 'QoS Violation: Avg High Prio SINR = -1.87 dB (Threshold: 5.0 dB)', 'Unfairness: Jain Index = 0.07']",0.06666842721649249,-21.14839744567871,-32821.84765625,-3.0615442,-37.37519073486328,31.850403,0.003611098974943161,665.5658483505249
High Mobility,170,Random,utility,28,"['Ping-Pong: 28 UEs oscillating', 'QoS Violation: Avg High Prio SINR = -11.31 dB (Threshold: 5.0 dB)', 'Unfairness: Jain Index = 0.07']",0.06666790075332499,-30.27171516418457,-38279.80078125,-4.3822803,-37.37519073486328,30.439814,0.003611098974943161,776.2038111686707
High Mobility,171,Random,utility,30,"['Ping-Pong: 28 UEs oscillating', 'QoS Violation: Avg High Prio SINR = 4.16 dB (Threshold: 5.0 dB)', 'Unfairness: Jain Index = 0.10']",0.10147154008514293,4.891814708709717,-27356.009765625,0.70816267,-37.37519073486328,44.22921,0.003611098974943161,554.7640919685364
High Mobility,172,Random,utility,30,"['Ping-Pong: 28 UEs oscillating', 'QoS Violation: Avg High Prio SINR = -19.97 dB (Threshold: 5.0 dB)', 'Unfairness: Jain Index = 0.03']",0.03374089173136877,-51.69096374511719,-49205.35546875,-7.483034,-37.37519073486328,26.762362,0.003611098974943161,997.6708292961121
High Mobility,173,Random,utility,29,"['Ping-Pong: 29 UEs oscillating', 'QoS Violation: Avg High Prio SINR = 3.38 dB (Threshold: 5.0 dB)', 'Unfairness: Jain Index = 0.06']",0.061907069662726494,-20.184247970581055,-27362.642578125,-2.9219697,-37.37519073486328,29.42669,0.003611098974943161,554.9116730690002
High Mobility,174,Random,utility,27,"['Ping-Pong: 26 UEs oscillating', 'QoS Violation: Avg High Prio SINR = -1.12 dB (Threshold: 5.0 dB)', 'Unfairness: Jain Index = 0.13']",0.1333524205983784,8.694357872009277,-32822.62109375,1.2586366,-37.37519073486328,51.502956,0.003611098974943161,665.5656099319458
High Mobility,175,Random,utility,28,"['Ping-Pong: 25 UEs oscillating', 'QoS Violation: Avg High Prio SINR = 4.62 dB (Threshold: 5.0 dB)', 'Unfairness: Jain Index = 0.20']",0.20000062000794466,42.957061767578125,-21898.9140625,6.2186723,-37.37519073486328,64.34174,0.003611098974943161,444.1320598125458
High Mobility,176,Random,utility,28,"['Ping-Pong: 25 UEs oscillating', 'QoS Violation: Avg High Prio SINR = -2.92 dB (Threshold: 5.0 dB)', 'Unfairness: Jain Index = 0.15']",0.14920203782242925,19.518884658813477,-32818.4921875,2.8256476,-37.37519073486328,57.870815,0.003611098974943161,665.4767394065857
High Mobility,177,Random,utility,27,"['Ping-Pong: 24 UEs oscillating', 'QoS Violation: Avg High Prio SINR = -19.57 dB (Threshold: 5.0 dB)', 'Unfairness: Jain Index = 0.03']",0.033335770326618455,-49.74610900878906,-43738.375,-7.201488,-37.37519073486328,22.512415,0.003611098974943161,886.8568539619446
High Mobility,178,Random,utility,27,"['Ping-Pong: 23 UEs oscillating', 'QoS Violation: Avg High Prio SINR = -16.30 dB (Threshold: 5.0 dB)', 'Unfairness: Jain Index = 0.07']",0.06666731983086285,-40.12206268310547,-38288.90234375,-5.808264,-37.37519073486328,26.805471,0.003611098974943161,776.3971090316772
High Mobility,179,Random,utility,29,"['Ping-Pong: 23 UEs oscillating', 'QoS Violation: Avg High Prio SINR = -19.21 dB (Threshold: 5.0 dB)', 'Unfairness: Jain Index = 0.07']",0.06521231045191134,-32.434627532958984,-38285.0625,-4.6953936,-37.37519073486328,30.29294,0.003611098974943161,776.3110399246216
High Mobility,180,Random,utility,29,"['Ping-Pong: 25 UEs oscillating', 'QoS Violation: Avg High Prio SINR = -8.55 dB (Threshold: 5.0 dB)', 'Unfairness: Jain Index = 0.10']",0.10000199830765041,-4.670742988586426,-32815.63671875,-0.67615956,-37.37519073486328,41.46232,0.003611098974943161,665.4313206672668
High Mobility,181,Random,utility,30,"['Ping-Pong: 28 UEs oscillating', 'QoS Violation: Avg High Prio SINR = -9.84 dB (Threshold: 5.0 dB)', 'Unfairness: Jain Index = 0.14']",0.13882027988994963,20.733247756958008,-27360.423828125,3.0014448,-37.37519073486328,54.807457,0.003611098974943161,554.8442006111145
High Mobility,182,Random,utility,30,"['Ping-Pong: 29 UEs oscillating', 'QoS Violation: Avg High Prio SINR = -4.10 dB (Threshold: 5.0 dB)', 'Unfairness: Jain Index = 0.13']",0.13430933204801737,21.744144439697266,-27350.904296875,3.1477876,-37.37519073486328,53.860237,0.003611098974943161,554.6509623527527
High Mobility,183,Random,utility,26,"['Ping-Pong: 26 UEs oscillating', 'QoS Violation: Avg High Prio SINR = -11.13 dB (Threshold: 5.0 dB)', 'Unfairness: Jain Index = 0.17']",0.16666925978259794,26.97523307800293,-27355.74609375,3.9050658,-37.37519073486328,57.882572,0.003611098974943161,554.7463297843933
High Mobility,184,Random,utility,27,"['Ping-Pong: 24 UEs oscillating', 'QoS Violation: Avg High Prio SINR = 2.37 dB (Threshold: 5.0 dB)', 'Unfairness: Jain Index = 0.06']",0.0566974484870266,-19.971477508544922,-27355.646484375,-2.8911679,-37.37519073486328,27.800299,0.003611098974943161,554.767370223999
High Mobility,185,Random,utility,29,"['Ping-Pong: 24 UEs oscillating', 'QoS Violation: Avg High Prio SINR = -18.59 dB (Threshold: 5.0 dB)', 'Unfairness: Jain Index = 0.03']",0.03333459484203776,-70.14591217041016,-49216.08984375,-10.154662,-37.37519073486328,17.931131,0.003611098974943161,997.9029893875122
High Mobility,186,Random,utility,28,"['Ping-Pong: 26 UEs oscillating', 'QoS Violation: Avg High Prio SINR = -10.61 dB (Threshold: 5.0 dB)', 'Unfairness: Jain Index = 0.05']",0.0464743211567225,-41.99657440185547,-38295.4140625,-6.079628,-37.37519073486328,26.269693,0.003611098974943161,776.5281796455383
High Mobility,187,Random,utility,29,"['Ping-Pong: 26 UEs oscillating', 'QoS Violation: Avg High Prio SINR = -12.56 dB (Threshold: 5.0 dB)', 'Unfairness: Jain Index = 0.05']",0.04893166027953649,-28.84573745727539,-32821.2265625,-4.175849,-37.37519073486328,28.307007,0.003611098974943161,665.5603051185608
High Mobility,188,Random,utility,28,"['Ping-Pong: 25 UEs oscillating', 'QoS Violation: Avg High Prio SINR = -20.70 dB (Threshold: 5.0 dB)', 'Unfairness: Jain Index = 0.07']",0.06666807321516817,-55.44578552246094,-49226.35546875,-8.0266,-37.37519073486328,28.14368,0.003611098974943161,998.1008172035217
High Mobility,189,Random,utility,29,"['Ping-Pong: 26 UEs oscillating', 'QoS Violation: Avg High Prio SINR = -10.57 dB (Threshold: 5.0 dB)', 'Unfairness: Jain Index = 0.12']",0.12341671550166972,6.639805316925049,-32812.52734375,0.96121025,-37.37519073486328,48.543858,0.003611098974943161,665.3639674186707
High Mobility,190,Random,utility,28,"['Ping-Pong: 25 UEs oscillating', 'QoS Violation: Avg High Prio SINR = -11.57 dB (Threshold: 5.0 dB)', 'Unfairness: Jain Index = 0.10']",0.10214469535218286,-6.283656597137451,-38276.3203125,-0.9096528,-37.37519073486328,45.743603,0.003611098974943161,776.1204242706299
High Mobility,191,Random,utility,29,"['Ping-Pong: 26 UEs oscillating', 'QoS Violation: Avg High Prio SINR = -10.23 dB (Threshold: 5.0 dB)', 'Unfairness: Jain Index = 0.07']",0.06666775552247217,-42.97251892089844,-43745.69140625,-6.2209105,-37.37519073486328,28.486263,0.003611098974943161,887.0043158531189
High Mobility,192,Random,utility,26,"['Ping-Pong: 24 UEs oscillating', 'QoS Violation: Avg High Prio SINR = -4.81 dB (Threshold: 5.0 dB)', 'Unfairness: Jain Index = 0.10']",0.10000256107871015,-8.132594108581543,-32821.70703125,-1.1773137,-37.37519073486328,40.788467,0.003611098974943161,665.5563712120056
High Mobility,193,Random,utility,27,"['Ping-Pong: 23 UEs oscillating', 'Unfairness: Jain Index = 0.21']",0.20861135343121312,77.53128051757812,-16417.5390625,11.223804,-37.37519073486328,77.31778,0.003611098974943161,333.0024182796478
High Mobility,194,Random,utility,27,"['Ping-Pong: 20 UEs oscillating', 'QoS Violation: Avg High Prio SINR = -19.52 dB (Threshold: 5.0 dB)', 'Unfairness: Jain Index = 0.03']",0.03333467653527671,-66.73648071289062,-49215.6953125,-9.661097,-37.37519073486328,19.497396,0.003611098974943161,997.8828430175781
High Mobility,195,Random,utility,28,"['Ping-Pong: 22 UEs oscillating', 'QoS Violation: Avg High Prio SINR = -9.48 dB (Threshold: 5.0 dB)', 'Unfairness: Jain Index = 0.03']",0.0333344042248695,-60.7432861328125,-49201.41015625,-8.793491,-37.37519073486328,20.264805,0.003611098974943161,997.5735545158386
High Mobility,196,Random,utility,28,"['Ping-Pong: 24 UEs oscillating', 'QoS Violation: Avg High Prio SINR = -2.10 dB (Threshold: 5.0 dB)', 'Unfairness: Jain Index = 0.07']",0.06666767383018699,-48.455360412597656,-49213.28515625,-7.0146317,-37.37519073486328,28.694616,0.003611098974943161,997.8195428848267
High Mobility,197,Random,utility,29,"['Ping-Pong: 25 UEs oscillating', 'QoS Violation: Avg High Prio SINR = -2.94 dB (Threshold: 5.0 dB)', 'Unfairness: Jain Index = 0.17']",0.16666733548113036,28.80687141418457,-21898.587890625,4.1702213,-37.37519073486328,55.39826,0.003611098974943161,444.1327452659607
High Mobility,198,Random,utility,26,"['Ping-Pong: 24 UEs oscillating', 'QoS Violation: Avg High Prio SINR = -4.70 dB (Threshold: 5.0 dB)', 'Unfairness: Jain Index = 0.11']",0.11018681519986423,26.332544326782227,-21891.630859375,3.8120263,-37.37519073486328,52.62534,0.003611098974943161,443.99043917655945
High Mobility,199,Random,utility,29,"['Ping-Pong: 24 UEs oscillating', 'Unfairness: Jain Index = 0.15']",0.1529342826276674,29.975114822387695,-21897.458984375,4.339342,-37.37519073486328,55.61688,0.003611098974943161,444.10791993141174
Mixed Mobility,0,AI,baseline,18,"['QoS Violation: Avg High Prio SINR = -1.44 dB (Threshold: 5.0 dB)', 'Unfairness: Jain Index = 0.11']",0.10959163273077674,-8.594820976257324,-420.2183837890625,-1.244228,-18.461938476562498,17.038303,0.3675014644861222,8.779887109994888
Mixed Mobility,1,AI,baseline,24,['Unfairness: Jain Index = 0.07'],0.07289044264919912,18.594717025756836,-164.44931030273438,2.6918612,-8.774050784111022,26.794146,2.7755259752273567,3.575731534510851
Mixed Mobility,2,AI,baseline,21,"['QoS Violation: Avg High Prio SINR = 2.35 dB (Threshold: 5.0 dB)', 'Unfairness: Jain Index = 0.11']",0.11034680475043747,20.374055862426758,-84.63736724853516,2.9494464,-12.809035968780517,29.39253,1.0131679981946946,1.9557320047169924
Mixed Mobility,3,AI,baseline,20,"['Ping-Pong: 14 UEs oscillating', 'QoS Violation: Avg High Prio SINR = -1.74 dB (Threshold: 5.0 dB)', 'Unfairness: Jain Index = 0.14']",0.13676677452066696,9.145955085754395,-608.6847534179688,1.3240126,-9.403422880172728,23.428658,2.51174328327179,12.586254626512527
Mixed Mobility,4,AI,baseline,27,"['Ping-Pong: 16 UEs oscillating', 'QoS Violation: Avg High Prio SINR = 4.19 dB (Threshold: 5.0 dB)', 'Unfairness: Jain Index = 0.10']",0.09673707891307358,43.61289978027344,-176.2201385498047,6.313614,-4.821730232238769,40.64715,5.628531169891358,3.791569033637643
Mixed Mobility,5,AI,baseline,21,"['Ping-Pong: 14 UEs oscillating', 'QoS Violation: Avg High Prio SINR = -0.69 dB (Threshold: 5.0 dB)', 'Unfairness: Jain Index = 0.04']",0.03526106080453214,-0.23311781883239746,-223.73475646972656,-0.03374742,-7.815058088302612,19.90642,3.303206658363343,4.796755500137806
Mixed Mobility,6,AI,baseline,20,"['Ping-Pong: 15 UEs oscillating', 'QoS Violation: Avg High Prio SINR = 2.27 dB (Threshold: 5.0 dB)', 'Unfairness: Jain Index = 0.04']",0.040664857876725545,33.896636962890625,-112.46427917480469,4.9070406,-5.623392534255981,35.152836,4.828667759895325,2.5112030562013388
Mixed Mobility,7,AI,baseline,22,"['Ping-Pong: 12 UEs oscillating', 'QoS Violation: Avg High Prio SINR = 1.65 dB (Threshold: 5.0 dB)', 'Unfairness: Jain Index = 0.06']",0.06423876454357669,14.806222915649414,-158.819580078125,2.1434205,-14.738497066497802,26.572603,0.7516952931880952,3.461712272837758
Mixed Mobility,8,AI,baseline,19,"['Ping-Pong: 12 UEs oscillating', 'QoS Violation: Avg High Prio SINR = -1.29 dB (Threshold: 5.0 dB)', 'Unfairness: Jain Index = 0.12']",0.12059884167465922,-0.6412063837051392,-17043.90625,-0.09282429,-17.93545789718628,23.238766,0.31599950045347214,345.60680389404297
Mixed Mobility,9,AI,baseline,19,"['Ping-Pong: 12 UEs oscillating', 'QoS Violation: Avg High Prio SINR = -0.53 dB (Threshold: 5.0 dB)', 'Unfairness: Jain Index = 0.15']",0.14772973176175713,11.944835662841797,-592.7361450195312,1.7291915,-16.663979339599607,26.573582,0.9340742498636249,12.256769463419914
Mixed Mobility,10,AI,baseline,19,"['Ping-Pong: 11 UEs oscillating', 'QoS Violation: Avg High Prio SINR = 3.74 dB (Threshold: 5.0 dB)', 'Unfairness: Jain Index = 0.05']",0.05003984914656947,30.360321044921875,-47.12757873535156,4.3951063,-6.084608244895935,34.553383,4.352176356315613,1.1937611270695925
Mixed Mobility,11,AI,baseline,20,"['Ping-Pong: 10 UEs oscillating', 'QoS Violation: Avg High Prio SINR = -0.12 dB (Threshold: 5.0 dB)', 'Unfairness: Jain Index = 0.16']",0.1606015296420765,37.16434097290039,-736.934814453125,5.38009,-14.761387157440183,40.991703,2.4814954429864895,15.160813927650452
Mixed Mobility,12,AI,baseline,21,"['Ping-Pong: 12 UEs oscillating', 'QoS Violation: Avg High Prio SINR = 1.44 dB (Threshold: 5.0 dB)', 'Unfairness: Jain Index = 0.23']",0.2337685373441592,11.596980094909668,-471.4433288574219,1.6788348,-18.328308010101317,25.727055,0.2879118129611015,9.79877170175314
Mixed Mobility,13,AI,baseline,20,"['Ping-Pong: 12 UEs oscillating', 'QoS Violation: Avg High Prio SINR = 3.20 dB (Threshold: 5.0 dB)', 'Unfairness: Jain Index = 0.04']",0.044299678118327725,32.6708869934082,-1727.8603515625,4.7295938,-25.076672554016113,42.980137,0.06306676752865314,35.2446548640728
Mixed Mobility,14,AI,baseline,20,"['Ping-Pong: 10 UEs oscillating', 'Unfairness: Jain Index = 0.04']",0.04459345922767221,31.56833267211914,-63.137935638427734,4.5699844,-8.772608757019041,34.32153,3.566110014915467,1.5132806729525328
Mixed Mobility,15,AI,baseline,20,"['Ping-Pong: 10 UEs oscillating', 'QoS Violation: Avg High Prio SINR = 3.32 dB (Threshold: 5.0 dB)', 'Unfairness: Jain Index = 0.04']",0.0380199072815294,13.181206703186035,-1384.5970458984375,1.908175,-15.320525741577146,28.494833,2.052410742640496,28.306497260928154
Mixed Mobility,16,AI,baseline,17,"['Ping-Pong: 9 UEs oscillating', 'QoS Violation: Avg High Prio SINR = -3.21 dB (Threshold: 5.0 dB)', 'Unfairness: Jain Index = 0.11']",0.10559067447858482,10.501026153564453,-796.22119140625,1.5201795,-17.24955883026123,28.240112,0.41210044175386434,16.37934148311615
Mixed Mobility,17,AI,baseline,18,"['Ping-Pong: 10 UEs oscillating', 'QoS Violation: Avg High Prio SINR = -0.88 dB (Threshold: 5.0 dB)', 'Unfairness: Jain Index = 0.04']",0.036299174549164294,-5.803913116455078,-586.5217895507812,-0.8402024,-16.531857204437255,19.066801,0.4646962478756905,12.149086222052574
Mixed Mobility,18,AI,baseline,22,"['Ping-Pong: 9 UEs oscillating', 'QoS Violation: Avg High Prio SINR = 1.57 dB (Threshold: 5.0 dB)', 'Unfairness: Jain Index = 0.07']",0.07282171873413484,37.47589111328125,-137.36538696289062,5.4251914,-5.552936673164368,38.1369,4.97763979434967,3.0174506828188896
Mixed Mobility,19,AI,baseline,22,"['Ping-Pong: 10 UEs oscillating', 'QoS Violation: Avg High Prio SINR = 2.15 dB (Threshold: 5.0 dB)', 'Unfairness: Jain Index = 0.06']",0.05608568136033499,29.051189422607422,-128.3932342529297,4.20559,-10.241906023025512,37.84237,1.7924633085727693,2.8415508568286896
Mixed Mobility,20,AI,baseline,19,"['Ping-Pong: 10 UEs oscillating', 'QoS Violation: Avg High Prio SINR = 3.35 dB (Threshold: 5.0 dB)', 'Unfairness: Jain Index = 0.06']",0.056041575570296105,19.18155860900879,-60.676029205322266,2.776815,-6.860240006446838,29.083662,3.7198654890060427,1.478368416428566
Mixed Mobility,21,AI,baseline,21,"['Ping-Pong: 12 UEs oscillating', 'QoS Violation: Avg High Prio SINR = -6.39 dB (Threshold: 5.0 dB)', 'Unfairness: Jain Index = 0.10']",0.10181569803916767,-11.516742706298828,-962.0135498046875,-1.6672193,-23.020469188690186,18.716738,0.10385704152286054,19.756712019443512
Mixed Mobility,22,AI,baseline,21,"['Ping-Pong: 11 UEs oscillating', 'QoS Violation: Avg High Prio SINR = -5.45 dB (Threshold: 5.0 dB)', 'Unfairness: Jain Index = 0.04']",0.0361049790280125,-5.598353862762451,-4384.130859375,-0.81044483,-12.387273597717284,19.746675,1.6193442165851597,89.1374722123146
Mixed Mobility,23,AI,baseline,26,"['Ping-Pong: 15 UEs oscillating', 'QoS Violation: Avg High Prio SINR = -0.03 dB (Threshold: 5.0 dB)', 'Unfairness: Jain Index = 0.03']",0.03336072405881088,28.4431209564209,-146.0978240966797,4.1175637,-10.503860235214232,32.823315,2.2555579185485843,3.1989181879907846
Mixed Mobility,24,AI,baseline,23,"['Ping-Pong: 17 UEs oscillating', 'QoS Violation: Avg High Prio SINR = -1.82 dB (Threshold: 5.0 dB)', 'Unfairness: Jain Index = 0.03']",0.033375515814904416,10.241955757141113,-52.14140319824219,1.4826745,-6.006778240203857,23.181421,4.418324279785156,1.31420255638659
Mixed Mobility,25,AI,baseline,24,"['Ping-Pong: 18 UEs oscillating', 'QoS Violation: Avg High Prio SINR = 3.20 dB (Threshold: 5.0 dB)', 'Unfairness: Jain Index = 0.03']",0.034401823884289244,28.41716957092285,-121.79692840576172,4.1138067,-4.763090825080871,32.73591,5.689049887657165,2.7076518163084984
Mixed Mobility,26,AI,baseline,21,"['Ping-Pong: 14 UEs oscillating', 'QoS Violation: Avg High Prio SINR = 1.16 dB (Threshold: 5.0 dB)', 'Unfairness: Jain Index = 0.03']",0.033602474412931634,27.98442840576172,-64.97980499267578,4.051162,-5.937218070030212,31.623508,4.572676658630371,1.5568487579002976
Mixed Mobility,27,AI,baseline,24,"['Ping-Pong: 17 UEs oscillating', 'QoS Violation: Avg High Prio SINR = -1.91 dB (Threshold: 5.0 dB)', 'Unfairness: Jain Index = 0.03']",0.03335892783798399,18.284135818481445,-414.5537414550781,2.6468995,-14.191846466064451,29.372194,2.803968124091626,8.647623471915722
Mixed Mobility,28,AI,baseline,26,"['Ping-Pong: 18 UEs oscillating', 'QoS Violation: Avg High Prio SINR = 1.89 dB (Threshold: 5.0 dB)', 'Unfairness: Jain Index = 0.06']",0.06299010078833901,12.153911590576172,-31.592121124267578,1.759459,-4.179021894931793,20.620527,6.425570487976074,0.8948202012106776
Mixed Mobility,29,AI,baseline,24,"['Ping-Pong: 19 UEs oscillating', 'QoS Violation: Avg High Prio SINR = -3.75 dB (Threshold: 5.0 dB)', 'Unfairness: Jain Index = 0.15']",0.1512958777251833,0.3148387670516968,-712.8554077148438,0.045577787,-14.420396995544431,20.394957,2.3425948560237893,14.702927321195602
Mixed Mobility,30,AI,baseline,22,"['Ping-Pong: 16 UEs oscillating', 'QoS Violation: Avg High Prio SINR = 4.00 dB (Threshold: 5.0 dB)', 'Unfairness: Jain Index = 0.03']",0.033389004981663466,20.07350730895996,-50.58899688720703,2.9059377,-6.4780151605606076,29.711468,4.032517838478088,1.2740225065499544
Mixed Mobility,31,AI,baseline,22,"['Ping-Pong: 14 UEs oscillating', 'QoS Violation: Avg High Prio SINR = -0.63 dB (Threshold: 5.0 dB)', 'Unfairness: Jain Index = 0.04']",0.03871825678614174,11.424620628356934,-7818.76904296875,1.6538833,-13.12905044555664,26.726034,1.4904259204864507,158.7805598974228
Mixed Mobility,32,AI,baseline,23,"['Ping-Pong: 13 UEs oscillating', 'QoS Violation: Avg High Prio SINR = 3.02 dB (Threshold: 5.0 dB)', 'Unfairness: Jain Index = 0.05']",0.04903902730261414,9.644848823547363,-40.89495086669922,1.3962349,-5.634339189529419,20.959145,4.769714713096619,1.0838009184226394
Mixed Mobility,33,AI,baseline,23,"['Ping-Pong: 13 UEs oscillating', 'QoS Violation: Avg High Prio SINR = 1.98 dB (Threshold: 5.0 dB)', 'Unfairness: Jain Index = 0.20']",0.2009063065020291,4.37537145614624,-38.047264099121094,0.6333997,-5.097729110717774,17.51812,5.3180989742279055,1.03210739325732
Mixed Mobility,34,AI,baseline,22,"['Ping-Pong: 14 UEs oscillating', 'QoS Violation: Avg High Prio SINR = -2.77 dB (Threshold: 5.0 dB)', 'Unfairness: Jain Index = 0.03']",0.034545738167561194,14.005095481872559,-167.67779541015625,2.0274453,-7.969199395179748,25.722326,3.031222319602967,3.6475094966590405
Mixed Mobility,35,AI,baseline,19,"['Ping-Pong: 9 UEs oscillating', 'QoS Violation: Avg High Prio SINR = -1.50 dB (Threshold: 5.0 dB)', 'Unfairness: Jain Index = 0.04']",0.03847345914299087,-15.760200500488281,-1077.6400146484375,-2.2815232,-22.122961902618407,18.931017,0.12083569504320622,22.10303209722042
Mixed Mobility,36,AI,baseline,19,"['Ping-Pong: 7 UEs oscillating', 'QoS Violation: Avg High Prio SINR = -1.28 dB (Threshold: 5.0 dB)', 'Unfairness: Jain Index = 0.37']",0.36727681779424687,-3.022559642791748,-50.233802795410156,-0.4375602,-6.251303386688233,14.95761,4.218895268440247,1.2847704347223043
Mixed Mobility,37,AI,baseline,28,"['Ping-Pong: 10 UEs oscillating', 'Unfairness: Jain Index = 0.04']",0.03617127139320791,39.41393280029297,-28.169511795043945,5.705751,-3.2461557030677795,37.487766,7.671436142921448,0.8078766986727715
Mixed Mobility,38,AI,baseline,23,"['Ping-Pong: 14 UEs oscillating', 'QoS Violation: Avg High Prio SINR = -1.24 dB (Threshold: 5.0 dB)', 'Unfairness: Jain Index = 0.09']",0.08872748917200186,-9.524872779846191,-189.4276885986328,-1.3788663,-15.7738356590271,16.068827,0.5898268818855287,4.104796331375837
Mixed Mobility,39,AI,baseline,25,"['Ping-Pong: 19 UEs oscillating', 'QoS Violation: Avg High Prio SINR = -1.62 dB (Threshold: 5.0 dB)', 'Unfairness: Jain Index = 0.03']",0.034304958494313524,7.538148880004883,-1489.03662109375,1.0912589,-7.412372064590453,24.239225,3.5002968430519106,30.4326843470335
Mixed Mobility,40,AI,baseline,23,"['Ping-Pong: 14 UEs oscillating', 'QoS Violation: Avg High Prio SINR = -0.46 dB (Threshold: 5.0 dB)', 'Unfairness: Jain Index = 0.10']",0.09575899411034589,1.3004875183105469,-1013.9501342773438,0.18826488,-13.226575374603268,20.16834,2.2729443877935416,20.806603133678436
Mixed Mobility,41,AI,baseline,22,"['Ping-Pong: 14 UEs oscillating', 'QoS Violation: Avg High Prio SINR = 3.82 dB (Threshold: 5.0 dB)', 'Unfairness: Jain Index = 0.07']",0.06525715165091621,31.949445724487305,-65.3486557006836,4.6251554,-7.700253319740296,35.703835,3.111073982715607,1.562482095323503
Mixed Mobility,42,AI,baseline,26,"['Ping-Pong: 17 UEs oscillating', 'QoS Violation: Avg High Prio SINR = 3.58 dB (Threshold: 5.0 dB)', 'Unfairness: Jain Index = 0.05']",0.046301124330320284,35.912010192871094,-627.371826171875,5.198796,-5.25921492576599,38.025043,5.739564085006714,12.945535592734814
Mixed Mobility,43,AI,baseline,24,"['Ping-Pong: 19 UEs oscillating', 'QoS Violation: Avg High Prio SINR = -3.64 dB (Threshold: 5.0 dB)', 'Unfairness: Jain Index = 0.33']",0.329504823519079,-2.030010223388672,-953.6795654296875,-0.29387423,-6.124363040924072,17.655987,4.336526358127594,19.588906317949295
Mixed Mobility,44,AI,baseline,23,"['Ping-Pong: 20 UEs oscillating', 'QoS Violation: Avg High Prio SINR = -1.72 dB (Threshold: 5.0 dB)', 'Unfairness: Jain Index = 0.03']",0.03378606546642158,18.574323654174805,-438.189453125,2.6889093,-17.547407150268555,32.270657,0.5110721349716187,9.126007556915283
Mixed Mobility,45,AI,baseline,19,"['Ping-Pong: 15 UEs oscillating', 'QoS Violation: Avg High Prio SINR = -4.27 dB (Threshold: 5.0 dB)', 'Unfairness: Jain Index = 0.21']",0.21416750951652888,-18.885086059570312,-569.6819458007812,-2.733896,-20.517548656463624,13.821721,0.17446690946817398,11.815913952887058
Mixed Mobility,46,AI,baseline,22,"['Ping-Pong: 15 UEs oscillating', 'QoS Violation: Avg High Prio SINR = -2.01 dB (Threshold: 5.0 dB)', 'Unfairness: Jain Index = 0.05']",0.05080546645494953,1.4900838136672974,-2396.908447265625,0.21571156,-10.059144282341002,21.888664,2.1758920669555666,48.83242771029472
Mixed Mobility,47,AI,baseline,23,"['Ping-Pong: 16 UEs oscillating', 'QoS Violation: Avg High Prio SINR = 2.34 dB (Threshold: 5.0 dB)', 'Unfairness: Jain Index = 0.03']",0.03348869676793753,18.508764266967773,-2032.536865234375,2.6794183,-10.228148436546325,29.629768,2.0591976165771486,41.43818095326424
Mixed Mobility,48,AI,baseline,21,"['Ping-Pong: 15 UEs oscillating', 'Unfairness: Jain Index = 0.03']",0.0340221715120006,15.100431442260742,-112.60262298583984,2.1860118,-8.894535875320434,28.60107,2.3990716218948362,2.5348449125885963
Mixed Mobility,49,AI,baseline,20,"['Ping-Pong: 13 UEs oscillating', 'QoS Violation: Avg High Prio SINR = 0.11 dB (Threshold: 5.0 dB)', 'Unfairness: Jain Index = 0.05']",0.04843829286810612,12.042035102844238,-792.282470703125,1.7432634,-6.936628746986389,25.37267,3.6403823256492616,16.30525104701519
Mixed Mobility,50,AI,baseline,24,"['Ping-Pong: 12 UEs oscillating', 'Unfairness: Jain Index = 0.10']",0.1048287354352065,15.261150360107422,-45.8779182434082,2.2092783,-4.6901260852813715,23.484924,6.03550672531128,1.179167884401977
Mixed Mobility,51,AI,baseline,19,"['Ping-Pong: 11 UEs oscillating', 'QoS Violation: Avg High Prio SINR = 3.40 dB (Threshold: 5.0 dB)', 'Unfairness: Jain Index = 0.07']",0.06662679507180007,14.417325973510742,-91.19562530517578,2.0871215,-6.70809416770935,27.08792,3.817447745800018,2.1017531398683786
Mixed Mobility,52,AI,baseline,18,"['Ping-Pong: 11 UEs oscillating', 'QoS Violation: Avg High Prio SINR = 2.73 dB (Threshold: 5.0 dB)', 'Unfairness: Jain Index = 0.04']",0.03518876875148187,28.065624237060547,-39.420589447021484,4.0629153,-5.525227427482605,32.605785,5.027286493778229,1.0457809548825026
Mixed Mobility,53,AI,baseline,24,"['Ping-Pong: 10 UEs oscillating', 'QoS Violation: Avg High Prio SINR = -1.29 dB (Threshold: 5.0 dB)', 'Unfairness: Jain Index = 0.18']",0.17810217887596805,0.41888609528541565,-1135.2886962890625,0.060640115,-8.924092984199524,18.313839,2.6046172857284553,23.269662633538246
Mixed Mobility,54,AI,baseline,23,"['Ping-Pong: 13 UEs oscillating', 'QoS Violation: Avg High Prio SINR = -0.58 dB (Threshold: 5.0 dB)', 'Unfairness: Jain Index = 0.04']",0.035269187118454316,1.1125743389129639,-4248.91943359375,0.16106142,-6.748416256904601,21.628996,3.8155240654945377,86.37784421443939
Mixed Mobility,55,AI,baseline,21,"['Ping-Pong: 15 UEs oscillating', 'QoS Violation: Avg High Prio SINR = -0.15 dB (Threshold: 5.0 dB)', 'Unfairness: Jain Index = 0.05']",0.04601999471050627,-6.671457767486572,-6141.15771484375,-0.96579236,-15.526983928680417,18.917742,2.373070541024209,124.69398975372314
Mixed Mobility,56,AI,baseline,20,"['Ping-Pong: 14 UEs oscillating', 'QoS Violation: Avg High Prio SINR = -2.86 dB (Threshold: 5.0 dB)', 'Unfairness: Jain Index = 0.03']",0.03345694312263176,6.051784515380859,-661.1714477539062,0.8760856,-7.399430894851684,23.230812,3.3243670344352725,13.6576434597373
Mixed Mobility,57,AI,baseline,23,"['Ping-Pong: 12 UEs oscillating', 'QoS Violation: Avg High Prio SINR = 3.11 dB (Threshold: 5.0 dB)', 'Unfairness: Jain Index = 0.03']",0.03338511403807161,12.232261657714844,-512.9910888671875,1.7708017,-9.608417010307312,26.127455,2.386101651191712,10.650759562849998
Mixed Mobility,58,AI,baseline,17,"['Ping-Pong: 12 UEs oscillating', 'QoS Violation: Avg High Prio SINR = 0.17 dB (Threshold: 5.0 dB)', 'Unfairness: Jain Index = 0.03']",0.03402136143396346,-2.8451266288757324,-1510.2969970703125,-0.4118742,-15.181499195098874,20.966747,1.7522665247321134,30.86989000439644
Mixed Mobility,59,AI,baseline,20,"['Ping-Pong: 12 UEs oscillating', 'QoS Violation: Avg High Prio SINR = 1.21 dB (Threshold: 5.0 dB)', 'Unfairness: Jain Index = 0.04']",0.03740173452501335,18.370033264160156,-3283.448486328125,2.6593347,-6.264446115493774,31.778217,4.1891525983810425,66.79591536521912
Mixed Mobility,60,AI,baseline,25,"['Ping-Pong: 12 UEs oscillating', 'Unfairness: Jain Index = 0.03']",0.03337064161146953,29.055904388427734,-42.805450439453125,4.2062736,-6.292567229270935,32.969265,4.194996774196625,1.107616233639419
Mixed Mobility,61,AI,baseline,22,"['Ping-Pong: 14 UEs oscillating', 'QoS Violation: Avg High Prio SINR = 0.29 dB (Threshold: 5.0 dB)', 'Unfairness: Jain Index = 0.03']",0.03345720111424316,-7.131121635437012,-6064.52685546875,-1.0323356,-23.033795452117914,21.991508,1.0190321698784832,123.15703183412552
Mixed Mobility,62,AI,baseline,20,"['Ping-Pong: 15 UEs oscillating', 'QoS Violation: Avg High Prio SINR = 2.16 dB (Threshold: 5.0 dB)', 'Unfairness: Jain Index = 0.03']",0.03415023576226222,6.808722496032715,-302.05987548828125,0.9856635,-15.440166187286374,24.84649,1.1619767457246786,6.373668555170298
Mixed Mobility,63,AI,baseline,18,"['Ping-Pong: 12 UEs oscillating', 'QoS Violation: Avg High Prio SINR = -1.05 dB (Threshold: 5.0 dB)', 'Unfairness: Jain Index = 0.22']",0.223144134205668,-3.0492355823516846,-424.2873840332031,-0.4414219,-20.188331604003906,20.904821,0.18820298165082933,8.853564038872719
Mixed Mobility,64,AI,baseline,22,"['Ping-Pong: 12 UEs oscillating', 'QoS Violation: Avg High Prio SINR = 4.20 dB (Threshold: 5.0 dB)', 'Unfairness: Jain Index = 0.03']",0.03339576224182877,14.248821258544922,-78.63077545166016,2.0627282,-8.993658232688903,26.981377,2.6664518475532537,1.8446395406499505
Mixed Mobility,65,AI,baseline,22,"['Ping-Pong: 14 UEs oscillating', 'QoS Violation: Avg High Prio SINR = 2.60 dB (Threshold: 5.0 dB)', 'Unfairness: Jain Index = 0.04']",0.03603389786193692,8.203546524047852,-4142.23974609375,1.1875846,-11.381986904144286,27.70345,1.5047184228897097,84.19600129127502
Mixed Mobility,66,AI,baseline,23,"['Ping-Pong: 15 UEs oscillating', 'QoS Violation: Avg High Prio SINR = 1.50 dB (Threshold: 5.0 dB)', 'Unfairness: Jain Index = 0.04']",0.0369077083250988,26.355609893798828,-5665.4580078125,3.815365,-4.77384889125824,35.140633,5.676882553100586,115.0570809841156
Mixed Mobility,67,AI,baseline,27,"['Ping-Pong: 18 UEs oscillating', 'QoS Violation: Avg High Prio SINR = 2.71 dB (Threshold: 5.0 dB)', 'Unfairness: Jain Index = 0.03']",0.033479976922886616,8.80760383605957,-926.8812866210938,1.2750314,-12.186994552612303,24.638533,1.8252150535583502,19.03688907623291
Mixed Mobility,68,AI,baseline,24,"['Ping-Pong: 18 UEs oscillating', 'QoS Violation: Avg High Prio SINR = -4.46 dB (Threshold: 5.0 dB)', 'Unfairness: Jain Index = 0.03']",0.03334038862387785,3.7679359912872314,-383.7225341796875,0.5454647,-6.884918260574341,22.977526,3.683471512794495,8.037800900638103
Mixed Mobility,69,AI,baseline,24,"['Ping-Pong: 20 UEs oscillating', 'QoS Violation: Avg High Prio SINR = 3.66 dB (Threshold: 5.0 dB)', 'Unfairness: Jain Index = 0.03']",0.034177217277867704,6.954929351806641,-17980.064453125,1.006829,-18.087492847442626,28.09795,1.6251239545643337,364.9226427078247
Mixed Mobility,70,AI,baseline,18,"['Ping-Pong: 14 UEs oscillating', 'QoS Violation: Avg High Prio SINR = -2.98 dB (Threshold: 5.0 dB)', 'Unfairness: Jain Index = 0.03']",0.0346121982046124,-6.5062971115112305,-1807.670654296875,-0.94188285,-14.79899864196777,18.641964,1.6613659739494329,36.90105304121971
Mixed Mobility,71,AI,baseline,20,"['Ping-Pong: 14 UEs oscillating', 'QoS Violation: Avg High Prio SINR = 1.97 dB (Threshold: 5.0 dB)', 'Unfairness: Jain Index = 0.03']",0.033676632055517186,1.4673361778259277,-2827.040771484375,0.21241865,-18.030356788635252,23.343168,2.055055987834931,57.554829865694046
Mixed Mobility,72,AI,baseline,20,"['Ping-Pong: 11 UEs oscillating', 'QoS Violation: Avg High Prio SINR = -3.37 dB (Threshold: 5.0 dB)', 'Unfairness: Jain Index = 0.29']",0.2923598190528927,-17.73277473449707,-1718.63671875,-2.5670826,-19.229847145080562,12.739841,1.102912207692862,35.10391339659691
Mixed Mobility,73,AI,baseline,22,"['Ping-Pong: 14 UEs oscillating', 'QoS Violation: Avg High Prio SINR = 2.12 dB (Threshold: 5.0 dB)', 'Unfairness: Jain Index = 0.03']",0.033630945659320746,5.879978656768799,-244.3923797607422,0.8512141,-9.647871375083923,22.90983,2.2392915666103366,5.208352115005255
Mixed Mobility,74,AI,baseline,25,"['Ping-Pong: 16 UEs oscillating', 'QoS Violation: Avg High Prio SINR = 4.13 dB (Threshold: 5.0 dB)', 'Unfairness: Jain Index = 0.07']",0.06653654329498965,31.717697143554688,-33.22426223754883,4.591607,-4.381428170204162,33.816586,6.207776594161988,0.9181579807773232
Mixed Mobility,75,AI,baseline,23,"['Ping-Pong: 17 UEs oscillating', 'Unfairness: Jain Index = 0.03']",0.034399372689598966,38.23283767700195,-32.87071228027344,5.53477,-4.539930009841919,37.5583,5.947682285308838,0.9035972761921585
Mixed Mobility,76,AI,baseline,22,"['Ping-Pong: 19 UEs oscillating', 'QoS Violation: Avg High Prio SINR = -2.86 dB (Threshold: 5.0 dB)', 'Unfairness: Jain Index = 0.03']",0.03334234013952161,10.344449996948242,-791.7901000976562,1.4975128,-6.113925743103027,26.15613,4.349021792411804,16.302069649100304
Mixed Mobility,77,AI,baseline,23,"['Ping-Pong: 18 UEs oscillating', 'QoS Violation: Avg High Prio SINR = -0.07 dB (Threshold: 5.0 dB)', 'Unfairness: Jain Index = 0.03']",0.033832372980422284,18.154964447021484,-141.9215850830078,2.6282008,-6.9649667263031,28.274466,3.667237877845764,3.124418668448925
Mixed Mobility,78,AI,baseline,22,"['Ping-Pong: 18 UEs oscillating', 'QoS Violation: Avg High Prio SINR = 3.92 dB (Threshold: 5.0 dB)', 'Unfairness: Jain Index = 0.03']",0.03394685615396031,8.460822105407715,-1809.660400390625,1.2248296,-8.573197603225708,25.684326,2.572922205924988,36.924611777067184
Mixed Mobility,79,AI,baseline,24,"['Ping-Pong: 18 UEs oscillating', 'QoS Violation: Avg High Prio SINR = 4.09 dB (Threshold: 5.0 dB)', 'Unfairness: Jain Index = 0.03']",0.033363359952287265,12.616737365722656,-42.91456604003906,1.8264598,-5.289909243583679,23.830853,5.116448259353637,1.1260057799518108
Mixed Mobility,80,AI,baseline,24,"['Ping-Pong: 15 UEs oscillating', 'QoS Violation: Avg High Prio SINR = -2.04 dB (Threshold: 5.0 dB)', 'Unfairness: Jain Index = 0.03']",0.033336959004807105,9.136327743530273,-458.232421875,1.322619,-4.630818700790405,23.467827,5.839876341819763,9.545838460326195
Mixed Mobility,81,AI,baseline,23,"['Ping-Pong: 16 UEs oscillating', 'QoS Violation: Avg High Prio SINR = 0.44 dB (Threshold: 5.0 dB)', 'Unfairness: Jain Index = 0.03']",0.03365153757158906,25.348621368408203,-37.25678253173828,3.669589,-5.000855660438537,30.301794,5.425350785255432,0.99993369076401
Mixed Mobility,82,AI,baseline,21,"['Ping-Pong: 14 UEs oscillating', 'Unfairness: Jain Index = 0.04']",0.035776226650934925,25.135900497436523,-460.3512878417969,3.6387937,-6.745659255981445,33.748848,3.7963081121444704,9.570186957716942
Mixed Mobility,83,AI,baseline,24,"['Ping-Pong: 14 UEs oscillating', 'QoS Violation: Avg High Prio SINR = -2.01 dB (Threshold: 5.0 dB)', 'Unfairness: Jain Index = 0.03']",0.033348287813169356,18.16535758972168,-616.0139770507812,2.629705,-4.741551041603088,29.08865,5.722400856018067,12.733438052237034
Mixed Mobility,84,AI,baseline,25,"['Ping-Pong: 17 UEs oscillating', 'QoS Violation: Avg High Prio SINR = 4.77 dB (Threshold: 5.0 dB)', 'Unfairness: Jain Index = 0.03']",0.03335395678446799,18.658695220947266,-39.926570892333984,2.7011228,-5.480254650115967,26.838945,4.958846426010132,1.0615435894578695
Mixed Mobility,85,AI,baseline,23,"['Ping-Pong: 19 UEs oscillating', 'QoS Violation: Avg High Prio SINR = -3.93 dB (Threshold: 5.0 dB)', 'Unfairness: Jain Index = 0.03']",0.033402652650771976,3.318932056427002,-306.0271911621094,0.4804646,-7.299080467224121,21.763369,3.6598628044128425,6.462520454078913
Mixed Mobility,86,AI,baseline,22,"['Ping-Pong: 15 UEs oscillating', 'QoS Violation: Avg High Prio SINR = -0.50 dB (Threshold: 5.0 dB)', 'Unfairness: Jain Index = 0.09']",0.09340686742761267,-3.0882842540740967,-2435.61474609375,-0.4470749,-14.211760997772217,19.27135,0.7887731790542604,49.62170869112015
Mixed Mobility,87,AI,baseline,24,"['Ping-Pong: 14 UEs oscillating', 'QoS Violation: Avg High Prio SINR = -2.73 dB (Threshold: 5.0 dB)', 'Unfairness: Jain Index = 0.08']",0.07739314027079532,-6.597614288330078,-649.935791015625,-0.9551025,-7.714025020599365,16.902374,3.098699259757996,13.436551205813885
Mixed Mobility,88,AI,baseline,23,"['Ping-Pong: 14 UEs oscillating', 'QoS Violation: Avg High Prio SINR = 0.24 dB (Threshold: 5.0 dB)', 'Unfairness: Jain Index = 0.32']",0.3178792850395902,-3.633040428161621,-53.50583267211914,-0.52593637,-6.098163843154907,14.929768,4.3446588039398195,1.35122612118721
Mixed Mobility,89,AI,baseline,20,"['Ping-Pong: 12 UEs oscillating', 'Unfairness: Jain Index = 0.03']",0.03347966052656671,20.046058654785156,-193.11268615722656,2.9019644,-9.12585515975952,30.047615,2.3675579607486728,4.1596246883273125
Mixed Mobility,90,AI,baseline,25,"['Ping-Pong: 15 UEs oscillating', 'QoS Violation: Avg High Prio SINR = -1.01 dB (Threshold: 5.0 dB)', 'Unfairness: Jain Index = 0.03']",0.03342564427030632,20.855857849121094,-4249.3291015625,3.0191944,-5.57050392627716,31.3701,4.833092594146729,86.35731786489487
Mixed Mobility,91,AI,baseline,24,"['Ping-Pong: 16 UEs oscillating', 'QoS Violation: Avg High Prio SINR = -1.96 dB (Threshold: 5.0 dB)', 'Unfairness: Jain Index = 0.06']",0.057144297068813306,4.602781295776367,-5515.70654296875,0.6663209,-5.1586079597473145,23.008028,5.25994040966034,112.02748119831085
Mixed Mobility,92,AI,baseline,24,"['Ping-Pong: 18 UEs oscillating', 'Unfairness: Jain Index = 0.05']",0.05290534114320629,29.3971004486084,-138.18585205078125,4.255666,-9.343064308166504,36.977768,2.530856513977051,3.042954485863447
Mixed Mobility,93,AI,baseline,20,"['Ping-Pong: 14 UEs oscillating', 'QoS Violation: Avg High Prio SINR = -2.84 dB (Threshold: 5.0 dB)', 'Unfairness: Jain Index = 0.14']",0.14247823957511055,-6.564589023590088,-5513.94140625,-0.9503214,-6.646200323104858,17.585669,3.9051827788352966,111.99348419904709
Mixed Mobility,94,AI,baseline,20,"['Ping-Pong: 12 UEs oscillating', 'QoS Violation: Avg High Prio SINR = -4.68 dB (Threshold: 5.0 dB)', 'Unfairness: Jain Index = 0.06']",0.06419986915902576,-4.959702014923096,-5507.275390625,-0.7179901,-6.604658961296081,17.32764,4.1282265186309814,111.87068372964859
Mixed Mobility,95,AI,baseline,16,"['Ping-Pong: 11 UEs oscillating', 'QoS Violation: Avg High Prio SINR = -2.85 dB (Threshold: 5.0 dB)', 'Unfairness: Jain Index = 0.09']",0.091860265006707,6.066782474517822,-5506.47216796875,0.8782567,-7.262467241287231,23.733036,3.648926150798798,111.86791956424713
Mixed Mobility,96,AI,baseline,19,"['Ping-Pong: 8 UEs oscillating', 'QoS Violation: Avg High Prio SINR = -2.06 dB (Threshold: 5.0 dB)', 'Unfairness: Jain Index = 0.03']",0.033501276596114606,8.595282554626465,-5514.5595703125,1.2442945,-6.866422820091247,26.522184,3.707862615585327,112.00657486915588
Mixed Mobility,97,AI,baseline,24,"['Ping-Pong: 11 UEs oscillating', 'QoS Violation: Avg High Prio SINR = -2.85 dB (Threshold: 5.0 dB)', 'Unfairness: Jain Index = 0.03']",0.03384053223971304,1.5837523937225342,-5510.50146484375,0.2292716,-7.0704113960266115,22.04507,3.538060450553894,111.95652931928635
Mixed Mobility,98,AI,baseline,21,"['Ping-Pong: 13 UEs oscillating', 'Unfairness: Jain Index = 0.03']",0.033355424858568815,16.481752395629883,-84.76757049560547,2.3859782,-10.343152236938476,28.075628,1.9681838512420657,1.967444084584713
Mixed Mobility,99,AI,baseline,20,"['Ping-Pong: 16 UEs oscillating', 'QoS Violation: Avg High Prio SINR = -2.46 dB (Threshold: 5.0 dB)', 'Unfairness: Jain Index = 0.03']",0.03486366500151388,10.738280296325684,-5667.865234375,1.5545254,-15.99096164703369,28.39022,1.2590456306934361,115.12167006731033
Mixed Mobility,100,AI,baseline,21,"['Ping-Pong: 13 UEs oscillating', 'QoS Violation: Avg High Prio SINR = -3.27 dB (Threshold: 5.0 dB)', 'Unfairness: Jain Index = 0.05']",0.05273870537011772,-4.342073440551758,-5511.22705078125,-0.6285797,-7.843267726898193,18.669727,3.054169034957886,111.97617650032043
Mixed Mobility,101,AI,baseline,24,"['Ping-Pong: 13 UEs oscillating', 'QoS Violation: Avg High Prio SINR = -2.17 dB (Threshold: 5.0 dB)', 'Unfairness: Jain Index = 0.16']",0.16105624740512403,-7.837233066558838,-5513.63037109375,-1.1345556,-7.929272627830505,16.36501,3.3980515003204355,112.0050773024559
Mixed Mobility,102,AI,baseline,23,"['Ping-Pong: 14 UEs oscillating', 'QoS Violation: Avg High Prio SINR = -1.91 dB (Threshold: 5.0 dB)']",0.47671771989652245,-1.655617594718933,-5529.95361328125,-0.23967507,-10.630996990203855,18.02612,3.168866014480592,112.33112215995789
Mixed Mobility,103,AI,baseline,18,"['Ping-Pong: 14 UEs oscillating', 'QoS Violation: Avg High Prio SINR = -4.04 dB (Threshold: 5.0 dB)', 'Unfairness: Jain Index = 0.33']",0.3268259313627124,-11.795153617858887,-5756.78759765625,-1.7075236,-20.783681869506836,17.067621,0.18459750115871432,116.95335060358047
Mixed Mobility,104,AI,baseline,21,"['Ping-Pong: 13 UEs oscillating', 'QoS Violation: Avg High Prio SINR = -3.76 dB (Threshold: 5.0 dB)', 'Unfairness: Jain Index = 0.05']",0.04586321921238154,-12.615950584411621,-7125.017578125,-1.826346,-21.009117889404294,19.829174,1.4587174780666834,144.68546211719513
Mixed Mobility,105,AI,baseline,20,"['Ping-Pong: 12 UEs oscillating', 'QoS Violation: Avg High Prio SINR = -2.23 dB (Threshold: 5.0 dB)', 'Unfairness: Jain Index = 0.05']",0.048754595827640815,-12.192524909973145,-5601.15869140625,-1.7650489,-15.466869401931763,17.92419,0.5548172235488892,113.76510560512543
Mixed Mobility,106,AI,baseline,22,"['Ping-Pong: 13 UEs oscillating', 'QoS Violation: Avg High Prio SINR = -1.93 dB (Threshold: 5.0 dB)', 'Unfairness: Jain Index = 0.19']",0.19278057806654308,-0.24617630243301392,-5501.951171875,-0.035637695,-7.072732019424438,19.145472,3.6100951552391054,111.78306490182877
Mixed Mobility,107,AI,baseline,23,"['Ping-Pong: 14 UEs oscillating', 'QoS Violation: Avg High Prio SINR = -3.05 dB (Threshold: 5.0 dB)', 'Unfairness: Jain Index = 0.06']",0.057587286985531866,5.696848392486572,-5499.03271484375,0.8247032,-5.639712762832642,22.54399,4.790405416488648,111.71963065862656
Mixed Mobility,108,AI,baseline,23,"['Ping-Pong: 17 UEs oscillating', 'QoS Violation: Avg High Prio SINR = -2.63 dB (Threshold: 5.0 dB)', 'Unfairness: Jain Index = 0.07']",0.07222710986280202,3.6469147205352783,-5497.328125,0.5279449,-5.644682383537292,20.829397,4.791319966316223,111.68744415044785
Mixed Mobility,109,AI,baseline,21,"['Ping-Pong: 15 UEs oscillating', 'Unfairness: Jain Index = 0.03']",0.03333750862944613,19.51645278930664,-101.54254150390625,2.825296,-9.876025557518005,29.550396,2.1202606022357946,2.305172383785248
Mixed Mobility,110,AI,baseline,23,"['Ping-Pong: 14 UEs oscillating', 'QoS Violation: Avg High Prio SINR = -1.65 dB (Threshold: 5.0 dB)', 'Unfairness: Jain Index = 0.05']",0.051968365784404405,4.506834983825684,-5502.07421875,0.65243125,-7.124213814735413,22.122906,3.519011652469635,111.78207397460938
Mixed Mobility,111,AI,baseline,21,"['Ping-Pong: 13 UEs oscillating', 'QoS Violation: Avg High Prio SINR = -2.78 dB (Threshold: 5.0 dB)', 'Unfairness: Jain Index = 0.03']",0.03449311252438656,3.500556230545044,-5622.4287109375,0.5067574,-15.472144269943236,25.077028,1.1176800906658175,114.22191560268402
Mixed Mobility,112,AI,baseline,22,"['Ping-Pong: 12 UEs oscillating', 'QoS Violation: Avg High Prio SINR = -3.49 dB (Threshold: 5.0 dB)', 'Unfairness: Jain Index = 0.07']",0.06994955843417423,2.1323022842407227,-5500.2529296875,0.3086823,-5.473997592926025,20.459984,4.941882014274597,111.74742132425308
Mixed Mobility,113,AI,baseline,21,"['Ping-Pong: 12 UEs oscillating', 'QoS Violation: Avg High Prio SINR = -2.79 dB (Threshold: 5.0 dB)', 'Unfairness: Jain Index = 0.04']",0.0399052005924834,-6.828986167907715,-5519.953125,-0.988597,-9.245708751678466,17.634724,2.502462768554688,112.15423792600632
Mixed Mobility,114,AI,baseline,26,"['Ping-Pong: 16 UEs oscillating', 'QoS Violation: Avg High Prio SINR = 3.68 dB (Threshold: 5.0 dB)', 'Unfairness: Jain Index = 0.03']",0.03347248056587862,11.061551094055176,-39.294532775878906,1.6013235,-4.471834671497345,22.111612,6.053961300849915,1.0538001079112291
Mixed Mobility,115,AI,baseline,24,"['Ping-Pong: 17 UEs oscillating', 'QoS Violation: Avg High Prio SINR = -3.77 dB (Threshold: 5.0 dB)', 'Unfairness: Jain Index = 0.03']",0.034420328711435716,3.172840118408203,-5513.3125,0.45931575,-8.105144691467284,23.515171,2.840858781337738,112.01103031635284
Mixed Mobility,116,AI,baseline,25,"['Ping-Pong: 20 UEs oscillating', 'QoS Violation: Avg High Prio SINR = -1.95 dB (Threshold: 5.0 dB)', 'Unfairness: Jain Index = 0.15']",0.14679475329109667,-6.054487705230713,-6096.01513671875,-0.87647694,-17.43813285827636,19.078247,2.546288803219796,123.82527440786362
Mixed Mobility,117,AI,baseline,27,"['Ping-Pong: 20 UEs oscillating', 'QoS Violation: Avg High Prio SINR = -3.17 dB (Threshold: 5.0 dB)', 'Unfairness: Jain Index = 0.09']",0.08724246770647548,-1.1990270614624023,-5502.1953125,-0.17357689,-6.96391577720642,18.615414,3.6849225878715517,111.79047077894211
Mixed Mobility,118,AI,baseline,23,"['Ping-Pong: 20 UEs oscillating', 'QoS Violation: Avg High Prio SINR = -2.30 dB (Threshold: 5.0 dB)', 'Unfairness: Jain Index = 0.10']",0.09990968579809863,0.7611079812049866,-5506.5068359375,0.11018154,-7.480718016624451,20.56618,3.2436216473579407,111.8747666478157
Mixed Mobility,119,AI,baseline,18,"['Ping-Pong: 15 UEs oscillating', 'QoS Violation: Avg High Prio SINR = -2.84 dB (Threshold: 5.0 dB)', 'Unfairness: Jain Index = 0.06']",0.059198094274360694,-4.0887861251831055,-5563.99755859375,-0.5919123,-12.782455158233642,20.48125,1.7383647382259375,113.04114013910294
Mixed Mobility,120,AI,baseline,23,"['Ping-Pong: 14 UEs oscillating', 'Unfairness: Jain Index = 0.03']",0.034331431807858505,31.641952514648438,-42.523773193359375,4.580642,-4.879969549179077,35.901108,5.555310654640198,1.1044277343899012
Mixed Mobility,121,AI,baseline,20,"['Ping-Pong: 12 UEs oscillating', 'QoS Violation: Avg High Prio SINR = 1.44 dB (Threshold: 5.0 dB)', 'Unfairness: Jain Index = 0.04']",0.0350513392312612,5.952085494995117,-5699.50634765625,0.8616528,-16.106862926483153,25.900562,1.4497738078236586,115.78330397605896
Mixed Mobility,122,AI,baseline,24,"['Ping-Pong: 14 UEs oscillating', 'QoS Violation: Avg High Prio SINR = -3.03 dB (Threshold: 5.0 dB)', 'Unfairness: Jain Index = 0.11']",0.10883260171754115,-4.367458343505859,-5519.99853515625,-0.6322542,-9.591533493995666,18.780226,2.3491028308868414,112.15151101350784
Mixed Mobility,123,AI,baseline,25,"['Ping-Pong: 16 UEs oscillating', 'QoS Violation: Avg High Prio SINR = 1.75 dB (Threshold: 5.0 dB)', 'Unfairness: Jain Index = 0.03']",0.03415527710006253,11.53116512298584,-2100.23828125,1.6693066,-4.850196194648743,25.714592,5.589287877082825,42.8166538476944
Mixed Mobility,124,AI,baseline,20,"['Ping-Pong: 16 UEs oscillating', 'QoS Violation: Avg High Prio SINR = -1.01 dB (Threshold: 5.0 dB)', 'Unfairness: Jain Index = 0.04']",0.039215557304226455,-0.3919171988964081,-5505.86328125,-0.05673591,-7.296148633956909,19.590694,3.4374807476997375,111.83909326791763
Mixed Mobility,125,AI,baseline,20,"['Ping-Pong: 14 UEs oscillating', 'QoS Violation: Avg High Prio SINR = 0.48 dB (Threshold: 5.0 dB)', 'Unfairness: Jain Index = 0.04']",0.03981424654933966,-1.31557035446167,-8008.546875,-0.19044837,-21.68835487365722,24.236427,1.7384886907413608,162.5490039587021
Mixed Mobility,126,AI,baseline,17,"['Ping-Pong: 11 UEs oscillating', 'QoS Violation: Avg High Prio SINR = -2.34 dB (Threshold: 5.0 dB)', 'Unfairness: Jain Index = 0.08']",0.08474234320577305,-1.7781982421875,-5561.25341796875,-0.25742036,-13.339801836013791,20.491362,1.4043829858303074,113.00208419561386
Mixed Mobility,127,AI,baseline,26,"['Ping-Pong: 14 UEs oscillating', 'Unfairness: Jain Index = 0.06']",0.058772445417168084,28.989755630493164,-43.9310302734375,4.1966968,-5.768098950386047,34.565754,4.641318202018738,1.1372901499271393
Mixed Mobility,128,AI,baseline,25,"['Ping-Pong: 14 UEs oscillating', 'QoS Violation: Avg High Prio SINR = 0.20 dB (Threshold: 5.0 dB)', 'Unfairness: Jain Index = 0.33']",0.3265730590455602,0.5701282620429993,-42.949684143066406,0.08253457,-5.406988668441772,16.05756,4.998937654495239,1.1345836101099849
Mixed Mobility,129,AI,baseline,18,"['Ping-Pong: 15 UEs oscillating', 'QoS Violation: Avg High Prio SINR = 1.83 dB (Threshold: 5.0 dB)', 'Unfairness: Jain Index = 0.03']",0.033362064785855246,5.385776519775391,-5549.23095703125,0.7796713,-11.84051637649536,26.574623,1.8606068849563604,112.71174252033234
Mixed Mobility,130,AI,baseline,20,"['Ping-Pong: 14 UEs oscillating', 'Unfairness: Jain Index = 0.03']",0.034524045465664344,16.359718322753906,-239.2636260986328,2.3683116,-7.047390961647033,28.318542,3.6591916441917425,5.099394824355841
Mixed Mobility,131,AI,baseline,23,"['Ping-Pong: 12 UEs oscillating', 'Unfairness: Jain Index = 0.06']",0.05626840022490569,23.228160858154297,-1285.3350830078125,3.3626206,-5.740237879753113,32.70588,4.665682673454285,26.29411779344082
Mixed Mobility,132,AI,baseline,23,"['Ping-Pong: 14 UEs oscillating', 'QoS Violation: Avg High Prio SINR = -3.02 dB (Threshold: 5.0 dB)', 'Unfairness: Jain Index = 0.18']",0.1794387512581822,-7.093134880065918,-5536.5078125,-1.0268365,-11.02311086654663,18.16814,1.8611269354820255,112.47249692678452
Mixed Mobility,133,AI,baseline,18,"['Ping-Pong: 13 UEs oscillating', 'QoS Violation: Avg High Prio SINR = -0.09 dB (Threshold: 5.0 dB)', 'Unfairness: Jain Index = 0.04']",0.04167491054651505,4.277431488037109,-5526.6884765625,0.61922175,-6.819557213783264,23.734783,3.7490246534347538,112.27542906999588
Mixed Mobility,134,AI,baseline,20,"['Ping-Pong: 14 UEs oscillating', 'QoS Violation: Avg High Prio SINR = -7.49 dB (Threshold: 5.0 dB)', 'Unfairness: Jain Index = 0.04']",0.03948960835717215,-15.640788078308105,-6203.935546875,-2.264236,-24.14641580581665,16.964008,0.10912078320980075,126.03645026683807
Mixed Mobility,135,AI,baseline,19,"['Ping-Pong: 11 UEs oscillating', 'QoS Violation: Avg High Prio SINR = 4.72 dB (Threshold: 5.0 dB)', 'Unfairness: Jain Index = 0.03']",0.03333663308077935,8.80058479309082,-5582.7041015625,1.2740152,-13.121217823028562,26.753002,2.004067742824555,113.39031159877777
Mixed Mobility,136,AI,baseline,20,"['Ping-Pong: 12 UEs oscillating', 'QoS Violation: Avg High Prio SINR = 2.64 dB (Threshold: 5.0 dB)', 'Unfairness: Jain Index = 0.03']",0.03334009574367901,3.060426712036133,-5543.11767578125,0.44304207,-7.178529143333435,24.099537,3.6220792889595037,112.58397996425629
Mixed Mobility,137,AI,baseline,21,"['Ping-Pong: 10 UEs oscillating', 'QoS Violation: Avg High Prio SINR = 1.62 dB (Threshold: 5.0 dB)', 'Unfairness: Jain Index = 0.03']",0.03334359077668403,3.621384620666504,-5783.59912109375,0.5242494,-16.419863700866696,26.149574,1.5056696504354483,117.45879799127579
Mixed Mobility,138,AI,baseline,21,"['Ping-Pong: 10 UEs oscillating', 'QoS Violation: Avg High Prio SINR = 0.32 dB (Threshold: 5.0 dB)', 'Unfairness: Jain Index = 0.03']",0.03333897276637369,-3.4351131916046143,-7288.64990234375,-0.49728346,-23.90488548278808,25.006014,0.39570865761488694,148.00189435482025
Mixed Mobility,139,AI,baseline,22,"['Ping-Pong: 13 UEs oscillating', 'QoS Violation: Avg High Prio SINR = -0.23 dB (Threshold: 5.0 dB)', 'Unfairness: Jain Index = 0.12']",0.12404956030001377,-6.305851936340332,-3760.28515625,-0.91286564,-6.250621366500854,17.960102,4.201281881332397,76.48297399282455
Mixed Mobility,140,AI,baseline,21,"['Ping-Pong: 13 UEs oscillating', 'QoS Violation: Avg High Prio SINR = 4.79 dB (Threshold: 5.0 dB)', 'Unfairness: Jain Index = 0.03']",0.03333646927322139,14.720667839050293,-5564.65966796875,2.1310353,-10.653619956970214,28.775808,2.327219331264496,113.02605271339417
Mixed Mobility,141,AI,baseline,23,"['Ping-Pong: 13 UEs oscillating', 'QoS Violation: Avg High Prio SINR = 4.91 dB (Threshold: 5.0 dB)', 'Unfairness: Jain Index = 0.03']",0.0333501174511975,13.721139907836914,-759.452392578125,1.9863384,-7.527409720420837,28.345516,3.212296521663666,15.64171351492405
Mixed Mobility,142,AI,baseline,25,"['Ping-Pong: 14 UEs oscillating', 'QoS Violation: Avg High Prio SINR = 4.77 dB (Threshold: 5.0 dB)', 'Unfairness: Jain Index = 0.03']",0.03334868846172173,12.269844055175781,-105.82260131835938,1.7762418,-6.39487829208374,24.289402,4.38498911857605,2.4003428407013416
Mixed Mobility,143,AI,baseline,21,"['Ping-Pong: 15 UEs oscillating', 'QoS Violation: Avg High Prio SINR = -2.81 dB (Threshold: 5.0 dB)', 'Unfairness: Jain Index = 0.08']",0.08444639139102743,-15.907790184020996,-6413.1669921875,-2.3028884,-18.65161809921264,15.077436,2.057917374745012,130.257710814476
Mixed Mobility,144,AI,baseline,24,"['Ping-Pong: 14 UEs oscillating', 'QoS Violation: Avg High Prio SINR = 0.51 dB (Threshold: 5.0 dB)', 'Unfairness: Jain Index = 0.11']",0.11450025056501976,3.3706886768341064,-305.1282653808594,0.48795718,-5.688685321807862,20.190544,4.715676307678223,6.440678145736456
Mixed Mobility,145,AI,baseline,22,"['Ping-Pong: 14 UEs oscillating', 'Unfairness: Jain Index = 0.03']",0.03334526992266106,17.24106216430664,-43.877288818359375,2.4958997,-5.658945608139038,25.661112,4.748483395576477,1.1416805209591985
Mixed Mobility,146,AI,baseline,23,"['Ping-Pong: 17 UEs oscillating', 'QoS Violation: Avg High Prio SINR = 4.01 dB (Threshold: 5.0 dB)', 'Unfairness: Jain Index = 0.03']",0.03335140612314546,3.6812171936035156,-165.7534942626953,0.5329107,-12.241299343109128,22.129368,2.4661107778549205,3.6199234891682863
Mixed Mobility,147,AI,baseline,23,"['Ping-Pong: 16 UEs oscillating', 'QoS Violation: Avg High Prio SINR = 2.91 dB (Threshold: 5.0 dB)', 'Unfairness: Jain Index = 0.03']",0.03342994100731809,12.382019996643066,-42.28849411010742,1.7924813,-5.724238991737366,23.247774,4.6851088285446165,1.1126853059977293
Mixed Mobility,148,AI,baseline,22,"['Ping-Pong: 16 UEs oscillating', 'Unfairness: Jain Index = 0.04']",0.03596937574430005,28.94803237915039,-100.99314880371094,4.1906567,-5.099120879173278,36.37108,5.333757400512695,2.2925217635929585
Mixed Mobility,149,AI,baseline,27,"['Ping-Pong: 17 UEs oscillating', 'QoS Violation: Avg High Prio SINR = 3.01 dB (Threshold: 5.0 dB)', 'Unfairness: Jain Index = 0.03']",0.03333793073070493,13.024740219116211,-5259.8310546875,1.8855243,-6.984989023208618,28.123304,3.6839633703231813,106.85159265995026
Mixed Mobility,150,AI,baseline,23,"['Ping-Pong: 16 UEs oscillating', 'QoS Violation: Avg High Prio SINR = 3.28 dB (Threshold: 5.0 dB)', 'Unfairness: Jain Index = 0.03']",0.033357919733521646,26.889631271362305,-5622.22216796875,3.8926728,-5.7042036056518555,35.16288,4.700982689857483,114.15181308984756
Mixed Mobility,151,AI,baseline,19,"['Ping-Pong: 16 UEs oscillating', 'Unfairness: Jain Index = 0.03']",0.03451982393686374,28.02442741394043,-1726.815185546875,4.0569515,-7.188517332077026,35.396435,3.486292064189911,35.23937240242958
Mixed Mobility,152,AI,baseline,23,"['Ping-Pong: 14 UEs oscillating', 'Unfairness: Jain Index = 0.03']",0.033730349365239484,13.317625999450684,-5815.32373046875,1.9279243,-12.679207706451415,30.443457,1.5184606909751897,118.14649403095245
Mixed Mobility,153,AI,baseline,23,"['Ping-Pong: 14 UEs oscillating', 'QoS Violation: Avg High Prio SINR = 2.35 dB (Threshold: 5.0 dB)', 'Unfairness: Jain Index = 0.03']",0.03333526654497465,0.09122473001480103,-5756.39306640625,0.013206188,-11.131758117675782,22.895416,1.4743772089481355,116.95479601621628
Mixed Mobility,154,AI,baseline,24,"['Ping-Pong: 16 UEs oscillating', 'Unfairness: Jain Index = 0.03']",0.03334231983439667,18.23623275756836,-655.59326171875,2.6399648,-8.444117879867553,30.39043,2.7846343576908117,13.533546589314938
Mixed Mobility,155,AI,baseline,22,"['Ping-Pong: 17 UEs oscillating', 'QoS Violation: Avg High Prio SINR = -2.52 dB (Threshold: 5.0 dB)', 'Unfairness: Jain Index = 0.12']",0.11811359862765945,0.14204728603363037,-186.8920135498047,0.02056357,-14.154203605651855,20.20644,0.7442363440990448,4.044037312269211
Mixed Mobility,156,AI,baseline,26,"['Ping-Pong: 18 UEs oscillating', 'QoS Violation: Avg High Prio SINR = 4.26 dB (Threshold: 5.0 dB)', 'Unfairness: Jain Index = 0.03']",0.033551290555861195,17.185518264770508,-5792.65771484375,2.487859,-6.913435316085815,30.207253,3.9398971557617193,117.613285779953
Mixed Mobility,157,AI,baseline,23,"['Ping-Pong: 18 UEs oscillating', 'QoS Violation: Avg High Prio SINR = -0.69 dB (Threshold: 5.0 dB)', 'Unfairness: Jain Index = 0.04']",0.037025533218374956,-2.1635851860046387,-131.22879028320312,-0.313211,-13.677175521850586,17.855812,0.8521400779485704,2.922575920820236
Mixed Mobility,158,AI,baseline,27,"['Ping-Pong: 21 UEs oscillating', 'QoS Violation: Avg High Prio SINR = 1.38 dB (Threshold: 5.0 dB)', 'Unfairness: Jain Index = 0.03']",0.03346965567808383,12.967079162597656,-2061.343017578125,1.8771769,-4.765030789375305,25.684858,5.690641379356384,42.024243623018265
Mixed Mobility,159,AI,baseline,23,"['Ping-Pong: 17 UEs oscillating', 'Unfairness: Jain Index = 0.03']",0.03339454396255853,21.61005401611328,-31.97047996520996,3.1283765,-4.834360218048095,26.818233,5.6063807010650635,0.896367768291384
Mixed Mobility,160,AI,baseline,22,"['Ping-Pong: 16 UEs oscillating', 'QoS Violation: Avg High Prio SINR = 2.55 dB (Threshold: 5.0 dB)', 'Unfairness: Jain Index = 0.03']",0.034253717705206126,25.71803855895996,-996.2391357421875,3.7230673,-7.323972463607787,32.301193,3.613630259037018,20.42929455637932
Mixed Mobility,161,AI,baseline,22,"['Ping-Pong: 13 UEs oscillating', 'QoS Violation: Avg High Prio SINR = 4.45 dB (Threshold: 5.0 dB)', 'Unfairness: Jain Index = 0.03']",0.03345199572882781,17.81538963317871,-8185.97314453125,2.5790417,-12.101598024368284,33.247368,2.0059568345546728,166.19019210338593
Mixed Mobility,162,AI,baseline,26,"['Ping-Pong: 16 UEs oscillating', 'QoS Violation: Avg High Prio SINR = 1.96 dB (Threshold: 5.0 dB)', 'Unfairness: Jain Index = 0.03']",0.03338480628113703,9.957079887390137,-1781.6885986328125,1.441435,-5.993458294868469,26.359083,4.453514337539673,36.36841103434563
Mixed Mobility,163,AI,baseline,27,"['Ping-Pong: 19 UEs oscillating', 'Unfairness: Jain Index = 0.03']",0.03445627010216505,22.755807876586914,-1509.75390625,3.2942407,-5.221145272254944,31.915173,5.194288969039917,30.84689751267433
Mixed Mobility,164,AI,baseline,23,"['Ping-Pong: 21 UEs oscillating', 'QoS Violation: Avg High Prio SINR = 1.05 dB (Threshold: 5.0 dB)', 'Unfairness: Jain Index = 0.03']",0.033334730997491624,2.066159963607788,-5409.86474609375,0.2991075,-5.7173189401626585,22.666267,4.728032112121582,109.90116745233536
Mixed Mobility,165,AI,baseline,22,"['Ping-Pong: 18 UEs oscillating', 'QoS Violation: Avg High Prio SINR = 4.59 dB (Threshold: 5.0 dB)', 'Unfairness: Jain Index = 0.03']",0.03334393575091306,13.646505355834961,-507.2710266113281,1.9755338,-6.309996223449707,27.982765,4.147874450683593,10.533560998737812
Mixed Mobility,166,AI,baseline,21,"['Ping-Pong: 14 UEs oscillating', 'Unfairness: Jain Index = 0.03']",0.03443420507401329,21.87067413330078,-6315.73095703125,3.1661048,-9.845941162109373,35.005882,2.894813895225526,128.21641564369202
Mixed Mobility,167,AI,baseline,21,"['Ping-Pong: 12 UEs oscillating', 'Unfairness: Jain Index = 0.06']",0.05583476766869356,35.71616744995117,-39.198089599609375,5.1704454,-5.62401647567749,37.390575,4.779582452774048,1.0357392020523548
Mixed Mobility,168,AI,baseline,23,"['Ping-Pong: 13 UEs oscillating', 'Unfairness: Jain Index = 0.04']",0.03614310038266516,27.845306396484375,-90.16573333740234,4.0310206,-5.586787986755371,34.409626,4.816823697090149,2.0726490765810013
Mixed Mobility,169,AI,baseline,25,"['Ping-Pong: 13 UEs oscillating', 'QoS Violation: Avg High Prio SINR = 1.58 dB (Threshold: 5.0 dB)', 'Unfairness: Jain Index = 0.03']",0.03333639665505142,3.3221139907836914,-4253.3662109375,0.48092517,-19.95438365936279,25.885044,1.0375494711101059,86.47038042545319
Mixed Mobility,170,AI,baseline,24,"['Ping-Pong: 16 UEs oscillating', 'Unfairness: Jain Index = 0.04']",0.035963605832681905,23.725162506103516,-5898.8955078125,3.4345698,-15.073547887802121,36.76426,1.20046581029892,119.80067193508148
Mixed Mobility,171,AI,baseline,23,"['Ping-Pong: 16 UEs oscillating', 'Unfairness: Jain Index = 0.03']",0.034351036350245064,22.10696029663086,-1243.551513671875,3.2003102,-6.708672499656677,34.405514,3.8173781752586367,25.45163594186306
Mixed Mobility,172,AI,baseline,19,"['Ping-Pong: 12 UEs oscillating', 'Unfairness: Jain Index = 0.03']",0.03341711135216149,23.974212646484375,-43.197845458984375,3.4706228,-5.9871618270874025,30.727657,4.435411643981934,1.1215116828680038
Mixed Mobility,173,AI,baseline,21,"['Ping-Pong: 12 UEs oscillating', 'QoS Violation: Avg High Prio SINR = -2.11 dB (Threshold: 5.0 dB)', 'Unfairness: Jain Index = 0.26']",0.25965065087735806,-0.9442453384399414,-2756.867431640625,-0.13669354,-6.420240116119384,18.27004,4.102689957618714,56.137628853321075
Mixed Mobility,174,AI,baseline,22,"['Ping-Pong: 11 UEs oscillating', 'QoS Violation: Avg High Prio SINR = -2.30 dB (Threshold: 5.0 dB)', 'Unfairness: Jain Index = 0.04']",0.03531940031251595,-1.0493781566619873,-6147.02783203125,-0.1519132,-18.46540822982788,21.871267,1.743831269815565,124.85506385564804
Mixed Mobility,175,AI,baseline,18,"['Ping-Pong: 10 UEs oscillating', 'Unfairness: Jain Index = 0.04']",0.0370618270804356,24.851030349731445,-5604.54443359375,3.5975544,-6.622393655776977,36.579712,3.8881448984146116,113.85222524404526
Mixed Mobility,176,AI,baseline,19,"['Ping-Pong: 10 UEs oscillating', 'QoS Violation: Avg High Prio SINR = -5.89 dB (Threshold: 5.0 dB)', 'Unfairness: Jain Index = 0.25']",0.24931687526942958,-9.931541442871094,-10983.06640625,-1.4377377,-23.769921112060544,18.50637,1.5703156702220447,222.8703796863556
Mixed Mobility,177,AI,baseline,24,"['Ping-Pong: 10 UEs oscillating', 'Unfairness: Jain Index = 0.04']",0.04129069630348733,29.513595581054688,-40.103240966796875,4.27253,-5.2051780223846436,33.425568,5.214558362960815,1.060201902873814
Mixed Mobility,178,AI,baseline,18,"['Ping-Pong: 11 UEs oscillating', 'QoS Violation: Avg High Prio SINR = -0.89 dB (Threshold: 5.0 dB)', 'Unfairness: Jain Index = 0.03']",0.03346413685040716,2.6178927421569824,-5829.3408203125,0.37897834,-15.58087062835693,23.77106,3.1348417922854437,118.4166893362999
Mixed Mobility,179,AI,baseline,23,"['Ping-Pong: 15 UEs oscillating', 'QoS Violation: Avg High Prio SINR = -3.33 dB (Threshold: 5.0 dB)', 'Unfairness: Jain Index = 0.04']",0.039326056026805556,-3.781125545501709,-6172.35986328125,-0.54737395,-18.698048496246336,20.966993,1.6323947407305246,125.37065148353577
Mixed Mobility,180,AI,baseline,24,"['Ping-Pong: 15 UEs oscillating', 'QoS Violation: Avg High Prio SINR = 3.81 dB (Threshold: 5.0 dB)', 'Unfairness: Jain Index = 0.03']",0.03334402199474915,17.526020050048828,-5508.7802734375,2.5371513,-3.1507163405418397,28.957752,7.800475263595581,111.8648499250412
Mixed Mobility,181,AI,baseline,23,"['Ping-Pong: 18 UEs oscillating', 'QoS Violation: Avg High Prio SINR = -0.65 dB (Threshold: 5.0 dB)', 'Unfairness: Jain Index = 0.34']",0.34468636445753154,8.696318626403809,-1446.97998046875,1.258921,-4.489637923240662,22.00657,6.006081128120423,29.575331136584282
Mixed Mobility,182,AI,baseline,16,"['Ping-Pong: 14 UEs oscillating', 'QoS Violation: Avg High Prio SINR = -4.59 dB (Threshold: 5.0 dB)', 'Unfairness: Jain Index = 0.06']",0.0584468007992722,-0.44901829957962036,-10999.4853515625,-0.065002084,-22.736598587036127,23.509756,2.519479810446502,223.2239544391632
Mixed Mobility,183,AI,baseline,18,"['Ping-Pong: 12 UEs oscillating', 'QoS Violation: Avg High Prio SINR = -7.26 dB (Threshold: 5.0 dB)', 'Unfairness: Jain Index = 0.04']",0.0364473940149631,-11.93126106262207,-6150.294921875,-1.7272274,-18.725288295745848,17.937181,1.5290144521743065,124.93113428354263
Mixed Mobility,184,AI,baseline,20,"['Ping-Pong: 12 UEs oscillating', 'QoS Violation: Avg High Prio SINR = -3.59 dB (Threshold: 5.0 dB)', 'Unfairness: Jain Index = 0.03']",0.03351030098338079,-16.14590835571289,-8880.626953125,-2.3373597,-28.908752250671384,19.605783,0.06822332441806796,180.2632361650467
Mixed Mobility,185,AI,baseline,21,"['Ping-Pong: 13 UEs oscillating', 'QoS Violation: Avg High Prio SINR = -8.18 dB (Threshold: 5.0 dB)', 'Unfairness: Jain Index = 0.32']",0.3181092364780542,-16.631488800048828,-10990.3017578125,-2.4076548,-25.284998416900628,16.17059,0.7588648311793807,223.01439940929413
Mixed Mobility,186,AI,baseline,24,"['Ping-Pong: 17 UEs oscillating', 'QoS Violation: Avg High Prio SINR = 1.36 dB (Threshold: 5.0 dB)', 'Unfairness: Jain Index = 0.03']",0.03334458485199763,23.545917510986328,-5506.81689453125,3.4086206,-5.544263172149658,32.34464,4.928167009353638,111.88226193189621
Mixed Mobility,187,AI,baseline,26,"['Ping-Pong: 18 UEs oscillating', 'QoS Violation: Avg High Prio SINR = -6.02 dB (Threshold: 5.0 dB)', 'Unfairness: Jain Index = 0.05']",0.05287212358976508,-7.649018287658691,-10969.2158203125,-1.1073087,-23.730433845520015,19.53915,1.5996106497943408,222.60834276676178
Mixed Mobility,188,AI,baseline,19,"['Ping-Pong: 15 UEs oscillating', 'QoS Violation: Avg High Prio SINR = -5.06 dB (Threshold: 5.0 dB)', 'Unfairness: Jain Index = 0.13']",0.12875321170267692,-3.334805727005005,-12140.9794921875,-0.48276272,-34.35484399795532,25.624304,0.009605655912309888,246.3391274213791
Mixed Mobility,189,AI,baseline,23,"['Ping-Pong: 17 UEs oscillating', 'Unfairness: Jain Index = 0.04']",0.04137038080463644,12.360780715942383,-5707.357421875,1.789406,-15.841529750823971,30.146204,1.72040682733059,115.94032496213913
Mixed Mobility,190,AI,baseline,20,"['Ping-Pong: 14 UEs oscillating', 'QoS Violation: Avg High Prio SINR = 2.20 dB (Threshold: 5.0 dB)', 'Unfairness: Jain Index = 0.03']",0.0333529007006391,4.7854437828063965,-5554.134765625,0.6927644,-12.857749319076536,25.365274,1.6053990006446843,112.83985525369644
Mixed Mobility,191,AI,baseline,23,"['Ping-Pong: 14 UEs oscillating', 'QoS Violation: Avg High Prio SINR = -6.77 dB (Threshold: 5.0 dB)', 'Unfairness: Jain Index = 0.21']",0.2108524991687748,-25.948049545288086,-11306.2041015625,-3.7563655,-31.91400718688965,13.448315,0.02852570768445731,229.45070266723633
Mixed Mobility,192,AI,baseline,20,"['Ping-Pong: 12 UEs oscillating', 'QoS Violation: Avg High Prio SINR = -2.68 dB (Threshold: 5.0 dB)', 'Unfairness: Jain Index = 0.03']",0.033702640276068556,-5.307633399963379,-10968.400390625,-0.76835865,-23.254732704162592,22.200224,1.9936973206698902,222.59102761745453
Mixed Mobility,193,AI,baseline,20,"['Ping-Pong: 14 UEs oscillating', 'QoS Violation: Avg High Prio SINR = 2.25 dB (Threshold: 5.0 dB)', 'Unfairness: Jain Index = 0.03']",0.033344023676691606,11.843530654907227,-5523.45458984375,1.7145271,-10.347446727752683,27.245419,2.8572833061218272,112.2126579284668
Mixed Mobility,194,AI,baseline,25,"['Ping-Pong: 13 UEs oscillating', 'QoS Violation: Avg High Prio SINR = -2.60 dB (Threshold: 5.0 dB)', 'Unfairness: Jain Index = 0.04']",0.039556873787230495,-12.420048713684082,-5892.9423828125,-1.7979865,-17.50966997146606,16.807802,1.5409538604319102,119.71606314182281
Mixed Mobility,195,AI,baseline,18,"['Ping-Pong: 8 UEs oscillating', 'Unfairness: Jain Index = 0.03']",0.0342981777515661,21.97957420349121,-5529.32373046875,3.181869,-11.041749906539916,34.689693,2.2771089792251593,112.3255044221878
Mixed Mobility,196,AI,baseline,20,"['Ping-Pong: 10 UEs oscillating', 'QoS Violation: Avg High Prio SINR = -6.18 dB (Threshold: 5.0 dB)', 'Unfairness: Jain Index = 0.04']",0.03726241253390668,-12.214593887329102,-11010.2158203125,-1.7682436,-26.839278030395505,20.030367,0.3516810409724714,223.44020009040833
Mixed Mobility,197,AI,baseline,23,"['Ping-Pong: 12 UEs oscillating', 'QoS Violation: Avg High Prio SINR = -0.88 dB (Threshold: 5.0 dB)', 'Unfairness: Jain Index = 0.04']",0.0362649745389972,4.663787364959717,-10961.994140625,0.6751521,-24.497090721130366,26.550423,1.112007045000792,222.45396673679352
Mixed Mobility,198,AI,baseline,23,"['Ping-Pong: 17 UEs oscillating', 'QoS Violation: Avg High Prio SINR = -4.35 dB (Threshold: 5.0 dB)', 'Unfairness: Jain Index = 0.08']",0.07695627339423397,-6.55128288269043,-10973.03515625,-0.9483955,-24.52428874969482,20.934412,1.0975749365985399,222.68198430538177
Mixed Mobility,199,AI,baseline,24,"['Ping-Pong: 17 UEs oscillating', 'QoS Violation: Avg High Prio SINR = -1.80 dB (Threshold: 5.0 dB)', 'Unfairness: Jain Index = 0.04']",0.035375867245228586,1.6478135585784912,-10961.0556640625,0.23854521,-23.94253520965576,24.240381,1.4479423515498644,222.43435680866241
Mixed Mobility,0,AI,utility,24,['Unfairness: Jain Index = 0.19'],0.19423162877911568,28.644140243530273,-26.203838348388672,4.146664,-4.073396599292755,29.288277,6.5368849515914915,0.7674741791561246
Mixed Mobility,1,AI,utility,25,"['QoS Violation: Avg High Prio SINR = -0.04 dB (Threshold: 5.0 dB)', 'Unfairness: Jain Index = 0.13']",0.13039786722884789,19.98792266845703,-42.24979019165039,2.8935475,-7.988304901123047,26.135595,2.9144730448722838,1.0999176884070039
Mixed Mobility,2,AI,utility,24,"['QoS Violation: Avg High Prio SINR = 1.92 dB (Threshold: 5.0 dB)', 'Unfairness: Jain Index = 0.04']",0.04259769695625365,21.875728607177734,-41.922489166259766,3.166836,-6.275591564178467,28.244726,4.180037951469421,1.0918515035882592
Mixed Mobility,3,AI,utility,24,"['Ping-Pong: 19 UEs oscillating', 'QoS Violation: Avg High Prio SINR = 2.35 dB (Threshold: 5.0 dB)', 'Unfairness: Jain Index = 0.04']",0.03898419347838885,28.600576400756836,-43.45342254638672,4.140357,-7.524079823493958,32.207966,3.2175986886024477,1.1165873147547245
Mixed Mobility,4,AI,utility,23,"['Ping-Pong: 18 UEs oscillating', 'QoS Violation: Avg High Prio SINR = -1.15 dB (Threshold: 5.0 dB)', 'Unfairness: Jain Index = 0.08']",0.07985264975873635,14.213134765625,-48.73918533325195,2.0575624,-7.963695168495178,24.596666,2.9289201140403747,1.2373029021546245
Mixed Mobility,5,AI,utility,26,"['Ping-Pong: 18 UEs oscillating', 'QoS Violation: Avg High Prio SINR = 3.21 dB (Threshold: 5.0 dB)', 'Unfairness: Jain Index = 0.04']",0.037655455702110416,35.16602325439453,-29.97559356689453,5.090804,-5.279771113395691,34.380566,5.131308746337891,0.8419383084401488
Mixed Mobility,6,AI,utility,26,"['Ping-Pong: 19 UEs oscillating', 'QoS Violation: Avg High Prio SINR = -0.08 dB (Threshold: 5.0 dB)', 'Unfairness: Jain Index = 0.04']",0.036848103543397126,23.92882537841797,-39.60079574584961,3.4640527,-5.234097933769226,28.85274,5.2075603961944585,1.0444020153954625
Mixed Mobility,7,AI,utility,26,"['Ping-Pong: 23 UEs oscillating', 'QoS Violation: Avg High Prio SINR = 2.47 dB (Threshold: 5.0 dB)', 'Unfairness: Jain Index = 0.06']",0.06239528941931369,39.422096252441406,-30.70231056213379,5.7069335,-7.050886869430542,36.305157,3.552320921421051,0.8496124646626413
Mixed Mobility,8,AI,utility,24,"['Ping-Pong: 21 UEs oscillating', 'QoS Violation: Avg High Prio SINR = 1.16 dB (Threshold: 5.0 dB)', 'Unfairness: Jain Index = 0.23']",0.22652235650512836,17.994579315185547,-32.067386627197266,2.6049821,-4.701808822154998,23.802738,5.808856844902039,0.8968363981693983
Mixed Mobility,9,AI,utility,23,"['Ping-Pong: 19 UEs oscillating', 'QoS Violation: Avg High Prio SINR = 4.69 dB (Threshold: 5.0 dB)', 'Unfairness: Jain Index = 0.04']",0.036123813430841596,33.66316604614258,-29.48260498046875,4.8732433,-4.936102795600891,33.13198,5.497755670547486,0.8300054469145834
Mixed Mobility,10,AI,utility,23,"['Ping-Pong: 16 UEs oscillating', 'QoS Violation: Avg High Prio SINR = -0.25 dB (Threshold: 5.0 dB)', 'Unfairness: Jain Index = 0.17']",0.16900505727379941,20.649385452270508,-35.06185531616211,2.9893045,-5.253644418716431,26.426989,5.152166223526001,0.9540286264382303
Mixed Mobility,11,AI,utility,24,"['Ping-Pong: 16 UEs oscillating', 'QoS Violation: Avg High Prio SINR = -1.38 dB (Threshold: 5.0 dB)', 'Unfairness: Jain Index = 0.05']",0.050086062102820794,12.798495292663574,-39.50908660888672,1.8527718,-4.740937805175781,23.307474,5.768085312843323,1.0544421384111047
Mixed Mobility,12,AI,utility,21,"['Ping-Pong: 14 UEs oscillating', 'QoS Violation: Avg High Prio SINR = 1.59 dB (Threshold: 5.0 dB)', 'Unfairness: Jain Index = 0.05']",0.049136768564525,31.423601150512695,-26.223453521728516,4.5490327,-3.8323735713958733,31.349232,7.080396389961243,0.7685100426897407
Mixed Mobility,13,AI,utility,23,"['Ping-Pong: 16 UEs oscillating', 'QoS Violation: Avg High Prio SINR = 0.74 dB (Threshold: 5.0 dB)', 'Unfairness: Jain Index = 0.04']",0.036649546504879865,18.11224937438965,-49.46921157836914,2.6220162,-7.459963965415954,26.965063,3.258119535446167,1.2482863385230303
Mixed Mobility,14,AI,utility,20,"['Ping-Pong: 15 UEs oscillating', 'QoS Violation: Avg High Prio SINR = 3.60 dB (Threshold: 5.0 dB)', 'Unfairness: Jain Index = 0.07']",0.07197926975794688,33.368839263916016,-34.634368896484375,4.8306336,-6.921052932739258,33.5929,3.696117985248566,0.9363857680000365
Mixed Mobility,15,AI,utility,23,"['Ping-Pong: 16 UEs oscillating', 'Unfairness: Jain Index = 0.04']",0.03601979724767952,25.95401382446289,-39.524009704589844,3.7572284,-5.385256147384643,29.875004,5.041770482063294,1.0404732311144471
Mixed Mobility,16,AI,utility,20,"['Ping-Pong: 12 UEs oscillating', 'QoS Violation: Avg High Prio SINR = 3.38 dB (Threshold: 5.0 dB)', 'Unfairness: Jain Index = 0.06']",0.05871675850058077,32.4188117980957,-30.585796356201172,4.6931043,-4.6389096021652225,32.523735,5.832854104042053,0.8556218817830086
Mixed Mobility,17,AI,utility,22,"['Ping-Pong: 15 UEs oscillating', 'QoS Violation: Avg High Prio SINR = -0.18 dB (Threshold: 5.0 dB)', 'Unfairness: Jain Index = 0.12']",0.12387895831424292,21.385089874267578,-37.29459762573242,3.095809,-5.382608342170715,27.625591,5.036713886260986,0.9987803641706705
Mixed Mobility,18,AI,utility,24,"['Ping-Pong: 14 UEs oscillating', 'Unfairness: Jain Index = 0.06']",0.05804748964583125,38.37019348144531,-25.778615951538086,5.554655,-4.862688493728638,35.646435,5.574648070335388,0.7550060981884599
Mixed Mobility,19,AI,utility,25,"['Ping-Pong: 19 UEs oscillating', 'QoS Violation: Avg High Prio SINR = 0.81 dB (Threshold: 5.0 dB)', 'Unfairness: Jain Index = 0.05']",0.045322884347151905,22.77400779724121,-39.80898666381836,3.296875,-6.95520396232605,28.103672,3.635407137870789,1.0491687571629882
Mixed Mobility,20,AI,utility,20,"['Ping-Pong: 19 UEs oscillating', 'QoS Violation: Avg High Prio SINR = 2.43 dB (Threshold: 5.0 dB)', 'Unfairness: Jain Index = 0.08']",0.08141137182743476,38.99362564086914,-38.40916442871094,5.644905,-6.196050691604613,37.802387,4.430261731147766,1.0066066170111299
Mixed Mobility,21,AI,utility,22,"['Ping-Pong: 16 UEs oscillating', 'QoS Violation: Avg High Prio SINR = 0.91 dB (Threshold: 5.0 dB)', 'Unfairness: Jain Index = 0.09']",0.09104400523306305,21.687166213989258,-40.864200592041016,3.1395388,-6.104876756668091,28.39448,4.33031702041626,1.0711689246818423
Mixed Mobility,22,AI,utility,19,"['Ping-Pong: 12 UEs oscillating', 'Unfairness: Jain Index = 0.05']",0.051662635014169414,33.908912658691406,-33.90852355957031,4.9088187,-5.958481073379517,34.423847,4.467166113853454,0.9210641728714108
Mixed Mobility,23,AI,utility,26,"['Ping-Pong: 16 UEs oscillating', 'QoS Violation: Avg High Prio SINR = 1.75 dB (Threshold: 5.0 dB)', 'Unfairness: Jain Index = 0.04']",0.03586338424117678,17.622438430786133,-45.13663864135742,2.5511098,-6.891794586181641,25.6384,3.6759300112724302,1.162336440756917
Mixed Mobility,24,AI,utility,22,"['Ping-Pong: 15 UEs oscillating', 'QoS Violation: Avg High Prio SINR = 2.72 dB (Threshold: 5.0 dB)', 'Unfairness: Jain Index = 0.03']",0.03438259469149813,28.379955291748047,-34.246334075927734,4.1084194,-4.882068419456482,31.18082,5.554692792892456,0.9331852197647095
Mixed Mobility,25,AI,utility,22,"['Ping-Pong: 18 UEs oscillating', 'QoS Violation: Avg High Prio SINR = 1.02 dB (Threshold: 5.0 dB)', 'Unfairness: Jain Index = 0.05']",0.05213593467368359,7.883913993835449,-46.323081970214844,1.1413136,-6.355699849128722,20.901241,4.191422021389008,1.1944693978875875
Mixed Mobility,26,AI,utility,24,"['Ping-Pong: 17 UEs oscillating', 'QoS Violation: Avg High Prio SINR = 4.10 dB (Threshold: 5.0 dB)', 'Unfairness: Jain Index = 0.03']",0.033363530009464064,34.96778106689453,-41.69097137451172,5.062104,-5.444035506248474,36.461555,4.964370083808899,1.0803879704326391
Mixed Mobility,27,AI,utility,24,"['Ping-Pong: 18 UEs oscillating', 'QoS Violation: Avg High Prio SINR = -1.49 dB (Threshold: 5.0 dB)', 'Unfairness: Jain Index = 0.04']",0.03522814555595352,40.83687210083008,-56.7940559387207,5.9117436,-9.204840993881225,40.081223,2.344895070791245,1.3784613693132997
Mixed Mobility,28,AI,utility,24,"['Ping-Pong: 20 UEs oscillating', 'Unfairness: Jain Index = 0.03']",0.03337062867775526,41.30558776855469,-47.95732116699219,5.9795966,-5.671433305740356,40.156372,4.73280508518219,1.2011616490781307
Mixed Mobility,29,AI,utility,25,"['Ping-Pong: 20 UEs oscillating', 'QoS Violation: Avg High Prio SINR = 0.67 dB (Threshold: 5.0 dB)', 'Unfairness: Jain Index = 0.07']",0.06692923447188433,18.011695861816406,-81.53306579589844,2.6074603,-9.488678884506225,27.024725,2.4128481388092045,1.8973439000546932
Mixed Mobility,30,AI,utility,25,"['Ping-Pong: 21 UEs oscillating', 'QoS Violation: Avg High Prio SINR = -1.85 dB (Threshold: 5.0 dB)', 'Unfairness: Jain Index = 0.10']",0.10146059374359524,6.473905563354492,-106.32717895507812,0.93719405,-10.637165164947508,23.639832,2.1418820381164556,2.4092034436762333
Mixed Mobility,31,AI,utility,23,"['Ping-Pong: 20 UEs oscillating', 'QoS Violation: Avg High Prio SINR = 0.18 dB (Threshold: 5.0 dB)', 'Unfairness: Jain Index = 0.04']",0.0367900100224781,33.19352340698242,-88.64483642578125,4.805255,-10.451848316192624,36.31563,2.6433890938758857,2.028028480708599
Mixed Mobility,32,AI,utility,26,"['Ping-Pong: 20 UEs oscillating', 'Unfairness: Jain Index = 0.05']",0.0452236843896191,69.87129974365234,-29.460369110107422,10.114905,-4.394801926612854,55.995426,6.12673864364624,0.8114142110571265
Mixed Mobility,33,AI,utility,26,"['Ping-Pong: 18 UEs oscillating', 'Unfairness: Jain Index = 0.07']",0.06667063530209559,55.448875427246094,-83.02954864501953,8.027048,-5.011389827728271,49.38188,5.418978548049927,1.9081910140812397
Mixed Mobility,34,AI,utility,24,"['Ping-Pong: 20 UEs oscillating', 'QoS Violation: Avg High Prio SINR = -1.29 dB (Threshold: 5.0 dB)', 'Unfairness: Jain Index = 0.06']",0.05984753757296547,3.5871944427490234,-5947.19970703125,0.51929945,-18.83978395462036,23.629528,0.8887933619320396,120.77813595533371
Mixed Mobility,35,AI,utility,22,"['Ping-Pong: 19 UEs oscillating', 'QoS Violation: Avg High Prio SINR = 1.63 dB (Threshold: 5.0 dB)', 'Unfairness: Jain Index = 0.03']",0.03438162206838041,12.651385307312012,-5563.07568359375,1.8314756,-12.0984224319458,31.35615,1.222152477502823,112.98129707574844
Mixed Mobility,36,AI,utility,24,"['Ping-Pong: 18 UEs oscillating', 'QoS Violation: Avg High Prio SINR = -1.55 dB (Threshold: 5.0 dB)', 'Unfairness: Jain Index = 0.06']",0.05715453886264065,30.815326690673828,-5511.82177734375,4.460975,-9.626236939430235,37.314568,2.19774426817894,111.94883286952972
Mixed Mobility,37,AI,utility,22,"['Ping-Pong: 15 UEs oscillating', 'QoS Violation: Avg High Prio SINR = -0.79 dB (Threshold: 5.0 dB)', 'Unfairness: Jain Index = 0.04']",0.03799273033416274,36.596435546875,-5572.2255859375,5.2978764,-11.297610187530516,41.81687,2.0261634111404425,113.17025870084763
Mixed Mobility,38,AI,utility,23,"['Ping-Pong: 17 UEs oscillating', 'Unfairness: Jain Index = 0.03']",0.033424385807810146,34.08317184448242,-5558.70654296875,4.9340444,-13.639863777160643,41.586136,1.0176522493362428,112.86275088787079
Mixed Mobility,39,AI,utility,26,"['Ping-Pong: 19 UEs oscillating', 'Unfairness: Jain Index = 0.04']",0.043652419472235526,54.10403060913086,-5525.65087890625,7.8323607,-11.35509009361267,53.57023,1.4015342354774476,112.19196766614914
Mixed Mobility,40,AI,utility,25,"['Ping-Pong: 20 UEs oscillating', 'QoS Violation: Avg High Prio SINR = 4.45 dB (Threshold: 5.0 dB)', 'Unfairness: Jain Index = 0.04']",0.04373232009376909,26.592920303344727,-6413.060546875,3.849719,-20.672161865234372,41.538223,0.8905030388385061,130.22789359092712
Mixed Mobility,41,AI,utility,26,"['Ping-Pong: 22 UEs oscillating', 'Unfairness: Jain Index = 0.08']",0.0819212523814854,79.96540069580078,-785.9459228515625,11.576177,-13.043440675735473,68.16433,1.1219430148601535,16.132930293679237
Mixed Mobility,42,AI,utility,27,"['Ping-Pong: 22 UEs oscillating', 'Unfairness: Jain Index = 0.10']",0.10114549805646178,48.10983657836914,-5594.81640625,6.964612,-10.978864908218384,52.032005,1.570899420976639,113.60111832618713
Mixed Mobility,43,AI,utility,26,"['Ping-Pong: 23 UEs oscillating', 'QoS Violation: Avg High Prio SINR = 2.10 dB (Threshold: 5.0 dB)', 'Unfairness: Jain Index = 0.03']",0.03395798441523613,24.067886352539062,-12384.5078125,3.484184,-34.670809268951416,42.670887,0.008491583866998555,251.2434422969818
Mixed Mobility,44,AI,utility,25,"['Ping-Pong: 22 UEs oscillating', 'QoS Violation: Avg High Prio SINR = -3.66 dB (Threshold: 5.0 dB)', 'Unfairness: Jain Index = 0.03']",0.03375143782429364,7.492266654968262,-11717.7587890625,1.0846161,-33.277883529663086,35.089596,0.015251421555876736,237.73279786109924
Mixed Mobility,45,AI,utility,27,"['Ping-Pong: 23 UEs oscillating', 'QoS Violation: Avg High Prio SINR = 3.46 dB (Threshold: 5.0 dB)', 'Unfairness: Jain Index = 0.04']",0.043154298468397224,23.095844268798828,-11044.080078125,3.3434663,-24.861086082458492,38.81857,0.9344070588238541,224.0462601184845
Mixed Mobility,46,AI,utility,24,"['Ping-Pong: 22 UEs oscillating', 'Unfairness: Jain Index = 0.07']",0.06976610272501908,46.416961669921875,-1906.2518310546875,6.7195435,-16.1988073348999,49.5413,1.2898932039737707,38.86258229613304
Mixed Mobility,47,AI,utility,24,"['Ping-Pong: 21 UEs oscillating', 'QoS Violation: Avg High Prio SINR = -5.44 dB (Threshold: 5.0 dB)', 'Unfairness: Jain Index = 0.04']",0.044641546830911295,8.220352172851562,-19835.5078125,1.1900179,-37.38125,37.71232,0.0036059240694157777,402.33802795410156
Mixed Mobility,48,AI,utility,25,"['Ping-Pong: 19 UEs oscillating', 'QoS Violation: Avg High Prio SINR = -6.23 dB (Threshold: 5.0 dB)', 'Unfairness: Jain Index = 0.09']",0.08618667245669381,-15.586379051208496,-21948.322265625,-2.25636,-37.38083972930908,25.258253,0.003607217827811837,445.0990855693817
Mixed Mobility,49,AI,utility,26,"['Ping-Pong: 21 UEs oscillating', 'QoS Violation: Avg High Prio SINR = -0.75 dB (Threshold: 5.0 dB)', 'Unfairness: Jain Index = 0.04']",0.03558045771248504,-10.795816421508789,-17024.00390625,-1.5628544,-37.38151550292969,28.307575,0.0036061592982150614,345.3042209148407
Mixed Mobility,50,AI,utility,27,"['Ping-Pong: 23 UEs oscillating', 'QoS Violation: Avg High Prio SINR = -1.34 dB (Threshold: 5.0 dB)', 'Unfairness: Jain Index = 0.03']",0.03480041222434842,4.119641304016113,-11111.1103515625,0.5963796,-27.93841047286987,30.863857,0.20320773110724993,225.37659108638763
Mixed Mobility,51,AI,utility,22,"['Ping-Pong: 19 UEs oscillating', 'QoS Violation: Avg High Prio SINR = -5.90 dB (Threshold: 5.0 dB)', 'Unfairness: Jain Index = 0.03']",0.03368406254385335,-10.0357666015625,-11105.890625,-1.4528259,-28.791333961486814,24.921547,0.1323885671794415,225.35161674022675
Mixed Mobility,52,AI,utility,24,"['Ping-Pong: 18 UEs oscillating', 'Unfairness: Jain Index = 0.07']",0.06672250449719087,37.6590690612793,-8404.9892578125,5.451709,-24.34526453018188,48.296364,0.571824621036649,170.5862134695053
Mixed Mobility,53,AI,utility,27,"['Ping-Pong: 18 UEs oscillating', 'QoS Violation: Avg High Prio SINR = 2.58 dB (Threshold: 5.0 dB)', 'Unfairness: Jain Index = 0.03']",0.03493889156638318,14.08510684967041,-11045.2353515625,2.039028,-27.887934207916256,38.690598,0.20813636258244522,224.10568594932556
Mixed Mobility,54,AI,utility,26,"['Ping-Pong: 20 UEs oscillating', 'QoS Violation: Avg High Prio SINR = -2.46 dB (Threshold: 5.0 dB)', 'Unfairness: Jain Index = 0.03']",0.034762883828474346,-8.386614799499512,-22130.578125,-1.2140868,-37.37552337646484,30.502405,0.003611098974943161,448.8181173801422
Mixed Mobility,55,AI,utility,25,"['Ping-Pong: 21 UEs oscillating', 'QoS Violation: Avg High Prio SINR = -0.95 dB (Threshold: 5.0 dB)', 'Unfairness: Jain Index = 0.06']",0.05937537179416358,11.54294490814209,-11015.9873046875,1.6710125,-27.754054641723627,35.01149,0.2225735805928708,223.5403209924698
Mixed Mobility,56,AI,utility,22,"['Ping-Pong: 18 UEs oscillating', 'QoS Violation: Avg High Prio SINR = -1.28 dB (Threshold: 5.0 dB)', 'Unfairness: Jain Index = 0.05']",0.05248877962074193,8.223526954650879,-16529.267578125,1.1904773,-37.377041244506835,37.81127,0.0036098052165471016,335.25195717811584
Mixed Mobility,57,AI,utility,22,"['Ping-Pong: 18 UEs oscillating', 'QoS Violation: Avg High Prio SINR = -3.81 dB (Threshold: 5.0 dB)', 'Unfairness: Jain Index = 0.04']",0.04320925465767848,-5.609382629394531,-16442.91015625,-0.81204146,-37.37519073486328,28.679665,0.003611098974943161,333.55459570884705
Mixed Mobility,58,AI,utility,24,"['Ping-Pong: 17 UEs oscillating', 'QoS Violation: Avg High Prio SINR = -6.46 dB (Threshold: 5.0 dB)', 'Unfairness: Jain Index = 0.04']",0.035334442182877616,11.721854209899902,-16510.23828125,1.6969113,-37.37519073486328,38.985584,0.003611098974943161,334.8585069179535
Mixed Mobility,59,AI,utility,27,"['Ping-Pong: 18 UEs oscillating', 'Unfairness: Jain Index = 0.10']",0.09859553949702388,48.054237365722656,-16553.078125,6.9565635,-37.37519073486328,58.859516,0.003611098974943161,335.7105255126953
Mixed Mobility,60,AI,utility,25,"['Ping-Pong: 19 UEs oscillating', 'QoS Violation: Avg High Prio SINR = 1.20 dB (Threshold: 5.0 dB)', 'Unfairness: Jain Index = 0.03']",0.03374975161533909,-0.12054061889648438,-22128.0859375,-0.017449824,-37.37519073486328,34.48026,0.003611098974943161,448.7966001033783
Mixed Mobility,61,AI,utility,27,"['Ping-Pong: 23 UEs oscillating', 'QoS Violation: Avg High Prio SINR = 1.62 dB (Threshold: 5.0 dB)', 'Unfairness: Jain Index = 0.07']",0.06670724987833938,25.42261505126953,-11007.0791015625,3.6803,-27.531838130950923,42.29634,0.2487709842622281,223.32628071308136
Mixed Mobility,62,AI,utility,26,"['Ping-Pong: 23 UEs oscillating', 'QoS Violation: Avg High Prio SINR = 0.53 dB (Threshold: 5.0 dB)', 'Unfairness: Jain Index = 0.03']",0.03336813962850922,-6.5424041748046875,-16546.341796875,-0.9471101,-37.37519073486328,28.706732,0.003611098974943161,335.61262488365173
Mixed Mobility,63,AI,utility,22,"['Ping-Pong: 20 UEs oscillating', 'QoS Violation: Avg High Prio SINR = -1.66 dB (Threshold: 5.0 dB)', 'Unfairness: Jain Index = 0.08']",0.08074685111267496,41.439674377441406,-10954.4296875,5.9990063,-22.44101314544677,49.330723,2.87039536163211,222.28311002254486
Mixed Mobility,64,AI,utility,28,"['Ping-Pong: 20 UEs oscillating', 'QoS Violation: Avg High Prio SINR = -0.21 dB (Threshold: 5.0 dB)', 'Unfairness: Jain Index = 0.07']",0.06615422708801187,15.160263061523438,-21941.94140625,2.194673,-37.37519073486328,42.585537,0.003611098974943161,445.0085759162903
Mixed Mobility,65,AI,utility,23,"['Ping-Pong: 17 UEs oscillating', 'QoS Violation: Avg High Prio SINR = -7.50 dB (Threshold: 5.0 dB)', 'Unfairness: Jain Index = 0.06']",0.05810534976721158,6.215545654296875,-21940.46484375,0.8997926,-37.37644233703613,38.870304,0.0036098052165471016,444.97090578079224
Mixed Mobility,66,AI,utility,26,"['Ping-Pong: 21 UEs oscillating', 'QoS Violation: Avg High Prio SINR = -0.34 dB (Threshold: 5.0 dB)', 'Unfairness: Jain Index = 0.12']",0.11640060652474973,59.84628677368164,-8820.294921875,8.663637,-21.583902263641352,59.06262,2.490932007972152,179.00528013706207
Mixed Mobility,67,AI,utility,25,"['Ping-Pong: 20 UEs oscillating', 'Unfairness: Jain Index = 0.08']",0.08391879522174402,56.939292907714844,-11036.5625,8.242808,-24.761520481109613,58.42224,0.9789659373462204,223.89467060565948
Mixed Mobility,68,AI,utility,25,"['Ping-Pong: 22 UEs oscillating', 'QoS Violation: Avg High Prio SINR = 1.28 dB (Threshold: 5.0 dB)', 'Unfairness: Jain Index = 0.04']",0.035435191184930506,11.629972457885742,-16485.921875,1.6836108,-37.37519073486328,37.743702,0.003611098974943161,334.4135880470276
Mixed Mobility,69,AI,utility,21,"['Ping-Pong: 16 UEs oscillating', 'QoS Violation: Avg High Prio SINR = 3.69 dB (Threshold: 5.0 dB)', 'Unfairness: Jain Index = 0.03']",0.03409076023608161,6.137577056884766,-16500.6484375,0.8885054,-37.37519073486328,32.419918,0.003611098974943161,334.70696210861206
Mixed Mobility,70,AI,utility,28,"['Ping-Pong: 18 UEs oscillating', 'QoS Violation: Avg High Prio SINR = -5.26 dB (Threshold: 5.0 dB)', 'Unfairness: Jain Index = 0.03']",0.034021084311478274,-5.981121063232422,-27356.44921875,-0.8658564,-37.37542991638183,32.811913,0.003611098974943161,554.7541975975037
Mixed Mobility,71,AI,utility,26,"['Ping-Pong: 19 UEs oscillating', 'QoS Violation: Avg High Prio SINR = -0.47 dB (Threshold: 5.0 dB)', 'Unfairness: Jain Index = 0.03']",0.033408261571163576,-10.366044998168945,-21892.57421875,-1.5006384,-37.37519073486328,27.081718,0.003611098974943161,444.02363896369934
Mixed Mobility,72,AI,utility,26,"['Ping-Pong: 25 UEs oscillating', 'Unfairness: Jain Index = 0.07']",0.06912803074946001,59.764495849609375,-10951.267578125,8.651798,-22.782710266113277,58.53672,2.468215285986663,222.19541668891907
Mixed Mobility,73,AI,utility,24,"['Ping-Pong: 22 UEs oscillating', 'Unfairness: Jain Index = 0.04']",0.04485402017739409,39.998931884765625,-10963.8173828125,5.7904377,-24.74967412948608,48.80814,0.9845893494784835,222.4661260843277
Mixed Mobility,74,AI,utility,25,"['Ping-Pong: 21 UEs oscillating', 'Unfairness: Jain Index = 0.08']",0.0823674157020813,60.235618591308594,-8748.0341796875,8.719999,-22.115954589843746,60.010807,1.9087089031003424,177.52815783023834
Mixed Mobility,75,AI,utility,24,"['Ping-Pong: 19 UEs oscillating', 'Unfairness: Jain Index = 0.09']",0.09003982901176495,41.23030471801758,-10958.908203125,5.968698,-24.002247619628903,49.325928,1.4076980583369738,222.36992418766022
Mixed Mobility,76,AI,utility,24,"['Ping-Pong: 22 UEs oscillating', 'QoS Violation: Avg High Prio SINR = -2.64 dB (Threshold: 5.0 dB)', 'Unfairness: Jain Index = 0.03']",0.03335380998797257,17.83340072631836,-16416.865234375,2.5816493,-37.375490760803224,37.125263,0.003611098974943161,332.94910192489624
Mixed Mobility,77,AI,utility,23,"['Ping-Pong: 22 UEs oscillating', 'QoS Violation: Avg High Prio SINR = -1.51 dB (Threshold: 5.0 dB)', 'Unfairness: Jain Index = 0.05']",0.046555172700572384,20.168109893798828,-16478.798828125,2.919633,-37.3798210144043,41.9259,0.0036074529285542666,334.2548608779907
Mixed Mobility,78,AI,utility,25,"['Ping-Pong: 20 UEs oscillating', 'QoS Violation: Avg High Prio SINR = -6.87 dB (Threshold: 5.0 dB)', 'Unfairness: Jain Index = 0.05']",0.05082743250500569,31.52029800415039,-10970.5107421875,4.56303,-23.83079566955566,42.69569,1.5280233575496829,222.55142033100128
Mixed Mobility,79,AI,utility,26,"['Ping-Pong: 19 UEs oscillating', 'QoS Violation: Avg High Prio SINR = -6.00 dB (Threshold: 5.0 dB)', 'Unfairness: Jain Index = 0.06']",0.0594677200820966,-4.3586578369140625,-16438.92578125,-0.6309803,-37.37677688598633,26.677856,0.0036098052165471016,333.4433138370514
Mixed Mobility,80,AI,utility,28,"['Ping-Pong: 24 UEs oscillating', 'Unfairness: Jain Index = 0.03']",0.03439493944367667,2.686650276184082,-16448.869140625,0.38893217,-37.37519073486328,31.363468,0.003611098974943161,333.6581289768219
Mixed Mobility,81,AI,utility,24,"['Ping-Pong: 23 UEs oscillating', 'QoS Violation: Avg High Prio SINR = -2.43 dB (Threshold: 5.0 dB)', 'Unfairness: Jain Index = 0.04']",0.0381162118214168,2.068666934967041,-16480.63671875,0.29947004,-37.37519073486328,30.921352,0.003611098974943161,334.28940176963806
Mixed Mobility,82,AI,utility,23,"['Ping-Pong: 18 UEs oscillating', 'QoS Violation: Avg High Prio SINR = -3.23 dB (Threshold: 5.0 dB)', 'Unfairness: Jain Index = 0.03']",0.03337832540430139,20.108875274658203,-10984.1396484375,2.9110575,-26.834140777587887,37.09026,0.35263979658484473,222.82889485359192
Mixed Mobility,83,AI,utility,24,"['Ping-Pong: 17 UEs oscillating', 'QoS Violation: Avg High Prio SINR = -5.53 dB (Threshold: 5.0 dB)', 'Unfairness: Jain Index = 0.03']",0.03333617880101608,-1.5833334922790527,-16490.490234375,-0.22921075,-37.376627922058105,27.150917,0.0036098052165471016,334.50019359588623
Mixed Mobility,84,AI,utility,20,"['Ping-Pong: 16 UEs oscillating', 'QoS Violation: Avg High Prio SINR = -5.84 dB (Threshold: 5.0 dB)', 'Unfairness: Jain Index = 0.17']",0.17233120477862124,-32.04336166381836,-21912.58984375,-4.638753,-37.37519073486328,15.004489,0.003611098974943161,444.4299042224884
Mixed Mobility,85,AI,utility,24,"['Ping-Pong: 16 UEs oscillating', 'QoS Violation: Avg High Prio SINR = 1.39 dB (Threshold: 5.0 dB)', 'Unfairness: Jain Index = 0.03']",0.03373158316445318,5.246354103088379,-11992.5029296875,0.75948733,-34.129656028747554,29.216356,0.01053648637607694,243.3231621980667
Mixed Mobility,86,AI,utility,24,"['Ping-Pong: 15 UEs oscillating', 'QoS Violation: Avg High Prio SINR = -4.58 dB (Threshold: 5.0 dB)', 'Unfairness: Jain Index = 0.13']",0.13241994669576188,-1.9592013359069824,-12533.2255859375,-0.28362358,-34.942620277404785,24.945345,0.007627317635342481,254.30172681808472
Mixed Mobility,87,AI,utility,27,"['Ping-Pong: 20 UEs oscillating', 'QoS Violation: Avg High Prio SINR = -0.30 dB (Threshold: 5.0 dB)', 'Unfairness: Jain Index = 0.03']",0.033353050979621796,13.368009567260742,-11036.533203125,1.9352175,-27.142609691619867,33.358337,0.30224728509783755,223.9130586385727
Mixed Mobility,88,AI,utility,24,"['Ping-Pong: 20 UEs oscillating', 'QoS Violation: Avg High Prio SINR = -4.16 dB (Threshold: 5.0 dB)', 'Unfairness: Jain Index = 0.03']",0.03334542460752982,1.5099719762802124,-12602.1591796875,0.21859083,-34.980669021606445,30.096336,0.007518337387591602,255.67728281021118
Mixed Mobility,89,AI,utility,23,"['Ping-Pong: 19 UEs oscillating', 'QoS Violation: Avg High Prio SINR = 3.80 dB (Threshold: 5.0 dB)', 'Unfairness: Jain Index = 0.04']",0.03843999953037883,13.214434623718262,-10955.9296875,1.912985,-23.12246589660644,30.889654,2.117758285254241,222.32431173324585
Mixed Mobility,90,AI,utility,25,"['Ping-Pong: 17 UEs oscillating', 'QoS Violation: Avg High Prio SINR = 1.86 dB (Threshold: 5.0 dB)', 'Unfairness: Jain Index = 0.03']",0.034398930905500474,0.5974404811859131,-16448.193359375,0.0864886,-37.3756103515625,28.327185,0.003611098974943161,333.63252878189087
Mixed Mobility,91,AI,utility,27,"['Ping-Pong: 19 UEs oscillating', 'QoS Violation: Avg High Prio SINR = -5.25 dB (Threshold: 5.0 dB)', 'Unfairness: Jain Index = 0.03']",0.03488101858972514,-5.3200907707214355,-21995.84375,-0.7701623,-37.378014755249026,30.226103,0.0036085114581510423,446.0925757884979
Mixed Mobility,92,AI,utility,25,"['Ping-Pong: 22 UEs oscillating', 'QoS Violation: Avg High Prio SINR = 1.07 dB (Threshold: 5.0 dB)', 'Unfairness: Jain Index = 0.06']",0.060833841610538786,29.4330997467041,-10964.36328125,4.2608776,-23.95367002487182,41.402798,1.4403585664927965,222.49478101730347
Mixed Mobility,93,AI,utility,25,"['Ping-Pong: 21 UEs oscillating', 'QoS Violation: Avg High Prio SINR = 1.68 dB (Threshold: 5.0 dB)', 'Unfairness: Jain Index = 0.03']",0.03455197376421778,28.850399017333984,-5501.681640625,4.1765227,-6.7573268651962275,37.361927,3.8260192155838015,111.72616481781006
Mixed Mobility,94,AI,utility,27,"['Ping-Pong: 22 UEs oscillating', 'QoS Violation: Avg High Prio SINR = 4.66 dB (Threshold: 5.0 dB)', 'Unfairness: Jain Index = 0.06']",0.0631849731545466,23.715465545654297,-5537.30517578125,3.4331656,-11.525075197219847,36.191414,2.2681796908378606,112.48912662267685
Mixed Mobility,95,AI,utility,27,"['Ping-Pong: 23 UEs oscillating', 'QoS Violation: Avg High Prio SINR = -1.18 dB (Threshold: 5.0 dB)', 'Unfairness: Jain Index = 0.03']",0.034785725969359665,28.12997055053711,-5530.97998046875,4.07223,-8.364941453933715,38.25916,2.954346597194672,112.30091005563736
Mixed Mobility,96,AI,utility,26,"['Ping-Pong: 24 UEs oscillating', 'QoS Violation: Avg High Prio SINR = 3.67 dB (Threshold: 5.0 dB)', 'Unfairness: Jain Index = 0.03']",0.033713706057932745,21.912450790405273,-10964.380859375,3.172152,-25.268854522705073,36.852028,0.7648809723556045,222.4845588207245
Mixed Mobility,97,AI,utility,25,"['Ping-Pong: 22 UEs oscillating', 'QoS Violation: Avg High Prio SINR = 4.26 dB (Threshold: 5.0 dB)', 'Unfairness: Jain Index = 0.04']",0.038302829443653555,28.002029418945312,-5501.4384765625,4.0537095,-5.840648221969604,37.222694,4.570281434059143,111.75191402435303
Mixed Mobility,98,AI,utility,25,"['Ping-Pong: 20 UEs oscillating', 'QoS Violation: Avg High Prio SINR = 3.88 dB (Threshold: 5.0 dB)', 'Unfairness: Jain Index = 0.04']",0.03919861335448179,19.34400749206543,-10968.4951171875,2.8003316,-24.05965719223022,37.24868,1.369981693476439,222.5770503282547
Mixed Mobility,99,AI,utility,26,"['Ping-Pong: 20 UEs oscillating', 'QoS Violation: Avg High Prio SINR = -0.53 dB (Threshold: 5.0 dB)', 'Unfairness: Jain Index = 0.06']",0.05679720304112035,-7.54921293258667,-16445.025390625,-1.0928606,-37.379097366333006,23.983686,0.0036085114581510423,333.5084617137909
Mixed Mobility,100,AI,utility,25,"['Ping-Pong: 19 UEs oscillating', 'QoS Violation: Avg High Prio SINR = 1.80 dB (Threshold: 5.0 dB)', 'Unfairness: Jain Index = 0.04']",0.042697705519587625,40.17189407348633,-5499.24609375,5.8154764,-7.871108722686767,43.405228,3.024091708660126,111.69769614934921
Mixed Mobility,101,AI,utility,22,"['Ping-Pong: 17 UEs oscillating', 'QoS Violation: Avg High Prio SINR = -1.86 dB (Threshold: 5.0 dB)', 'Unfairness: Jain Index = 0.03']",0.03334775328223965,18.2858943939209,-9068.7607421875,2.6471543,-22.570572662353513,33.6385,1.6839371926151223,184.03011560440063
Mixed Mobility,102,AI,utility,24,"['Ping-Pong: 17 UEs oscillating', 'Unfairness: Jain Index = 0.03']",0.033348489840240664,15.62315559387207,-10984.2763671875,2.2616835,-25.67732963562011,34.80978,0.625914113968611,222.89259731769562
Mixed Mobility,103,AI,utility,26,"['Ping-Pong: 18 UEs oscillating', 'QoS Violation: Avg High Prio SINR = -3.59 dB (Threshold: 5.0 dB)', 'Unfairness: Jain Index = 0.13']",0.1312496235955906,-10.052312850952148,-10966.703125,-1.4552215,-23.844662475585935,18.065813,1.5162069313228137,222.52841293811798
Mixed Mobility,104,AI,utility,26,"['Ping-Pong: 19 UEs oscillating', 'QoS Violation: Avg High Prio SINR = -4.37 dB (Threshold: 5.0 dB)', 'Unfairness: Jain Index = 0.03']",0.033527706470753045,7.6213178634643555,-10973.033203125,1.103299,-23.244481849670404,29.417486,2.004723353544251,222.68524765968323
Mixed Mobility,105,AI,utility,27,"['Ping-Pong: 21 UEs oscillating', 'QoS Violation: Avg High Prio SINR = -2.29 dB (Threshold: 5.0 dB)', 'Unfairness: Jain Index = 0.07']",0.06642956488690195,22.763492584228516,-10974.90234375,3.295353,-23.613787651062005,38.01842,1.6895670048892504,222.63135015964508
Mixed Mobility,106,AI,utility,25,"['Ping-Pong: 21 UEs oscillating', 'QoS Violation: Avg High Prio SINR = 4.02 dB (Threshold: 5.0 dB)', 'Unfairness: Jain Index = 0.04']",0.040202988224475045,15.67582893371582,-5514.85107421875,2.2693083,-8.7322607755661,31.41543,2.7341426491737373,112.0387390255928
Mixed Mobility,107,AI,utility,27,"['Ping-Pong: 24 UEs oscillating', 'QoS Violation: Avg High Prio SINR = -2.00 dB (Threshold: 5.0 dB)', 'Unfairness: Jain Index = 0.03']",0.03336198993317464,18.220428466796875,-10960.6640625,2.6376767,-23.689233398437494,34.254616,1.6307081811130053,222.36673533916473
Mixed Mobility,108,AI,utility,26,"['Ping-Pong: 23 UEs oscillating', 'QoS Violation: Avg High Prio SINR = 4.73 dB (Threshold: 5.0 dB)', 'Unfairness: Jain Index = 0.03']",0.03336979963309283,22.711490631103516,-5506.7392578125,3.2878249,-8.365935897827146,33.85578,3.2660727977752693,111.86549812555313
Mixed Mobility,109,AI,utility,23,"['Ping-Pong: 20 UEs oscillating', 'QoS Violation: Avg High Prio SINR = -3.10 dB (Threshold: 5.0 dB)', 'Unfairness: Jain Index = 0.03']",0.03334050424457608,2.3108749389648438,-16432.2421875,0.33453372,-37.37624397277832,30.433966,0.003611098974943161,333.3039581775665
Mixed Mobility,110,AI,utility,24,"['Ping-Pong: 19 UEs oscillating', 'QoS Violation: Avg High Prio SINR = 0.69 dB (Threshold: 5.0 dB)', 'Unfairness: Jain Index = 0.20']",0.1984859315209239,4.7923760414123535,-6015.81005859375,0.6937674,-21.7062629699707,25.876047,0.25975047349929814,122.18508124351501
Mixed Mobility,111,AI,utility,25,"['Ping-Pong: 19 UEs oscillating', 'QoS Violation: Avg High Prio SINR = 0.09 dB (Threshold: 5.0 dB)', 'Unfairness: Jain Index = 0.05']",0.05329098588524347,-3.060668468475342,-16466.111328125,-0.44307673,-37.37965545654297,25.90257,0.003607217827811837,333.99611711502075
Mixed Mobility,112,AI,utility,23,"['Ping-Pong: 20 UEs oscillating', 'QoS Violation: Avg High Prio SINR = 4.97 dB (Threshold: 5.0 dB)', 'Unfairness: Jain Index = 0.03']",0.033353143721510936,6.349493980407715,-11033.060546875,0.9191834,-28.202297687530514,29.628508,0.17780678793787963,223.8505780696869
Mixed Mobility,113,AI,utility,24,"['Ping-Pong: 22 UEs oscillating', 'Unfairness: Jain Index = 0.06']",0.06388731619230327,30.914569854736328,-5544.36865234375,4.475342,-11.401942634582518,39.51213,1.9669636964797979,112.62087523937225
Mixed Mobility,114,AI,utility,25,"['Ping-Pong: 20 UEs oscillating', 'QoS Violation: Avg High Prio SINR = 1.68 dB (Threshold: 5.0 dB)', 'Unfairness: Jain Index = 0.22']",0.22391581800426685,8.309081077575684,-5560.826171875,1.2028625,-13.041928482055663,25.399231,1.8312453210353858,112.96491324901581
Mixed Mobility,115,AI,utility,24,"['Ping-Pong: 19 UEs oscillating', 'QoS Violation: Avg High Prio SINR = 0.20 dB (Threshold: 5.0 dB)', 'Unfairness: Jain Index = 0.22']",0.22293846724708735,-10.248468399047852,-16623.60546875,-1.4836177,-37.383734130859374,22.601246,0.0036046300549060105,337.1630609035492
Mixed Mobility,116,AI,utility,22,"['Ping-Pong: 17 UEs oscillating', 'QoS Violation: Avg High Prio SINR = -1.35 dB (Threshold: 5.0 dB)', 'Unfairness: Jain Index = 0.09']",0.0873110775793358,50.8974609375,-5489.34326171875,7.368162,-4.363459384441375,49.40712,6.207257175445557,111.49857193231583
Mixed Mobility,117,AI,utility,21,"['Ping-Pong: 16 UEs oscillating', 'QoS Violation: Avg High Prio SINR = -3.84 dB (Threshold: 5.0 dB)', 'Unfairness: Jain Index = 0.10']",0.1032420759674747,-13.247258186340332,-11576.1044921875,-1.9177371,-33.084775543212885,19.447409,0.01657499466091395,234.88464951515198
Mixed Mobility,118,AI,utility,24,"['Ping-Pong: 15 UEs oscillating', 'QoS Violation: Avg High Prio SINR = -0.19 dB (Threshold: 5.0 dB)', 'Unfairness: Jain Index = 0.03']",0.03333796250187556,4.072892665863037,-5568.03466796875,0.58961165,-12.68160614967346,25.336306,2.1224544465541846,113.12317103147507
Mixed Mobility,119,AI,utility,26,"['Ping-Pong: 17 UEs oscillating', 'QoS Violation: Avg High Prio SINR = -2.54 dB (Threshold: 5.0 dB)', 'Unfairness: Jain Index = 0.23']",0.2337834606997138,-20.809375762939453,-22093.498046875,-3.0124657,-37.417366409301756,19.668274,0.0035761672421358525,448.12455773353577
Mixed Mobility,120,AI,utility,25,"['Ping-Pong: 19 UEs oscillating', 'QoS Violation: Avg High Prio SINR = -2.14 dB (Threshold: 5.0 dB)', 'Unfairness: Jain Index = 0.13']",0.13383471480201123,-21.89712905883789,-17323.400390625,-3.1699345,-37.37519073486328,19.018244,0.003611098974943161,351.4023423194885
Mixed Mobility,121,AI,utility,24,"['Ping-Pong: 20 UEs oscillating', 'QoS Violation: Avg High Prio SINR = -3.25 dB (Threshold: 5.0 dB)', 'Unfairness: Jain Index = 0.05']",0.05414931322186489,22.67498779296875,-10977.7880859375,3.2825403,-24.257217979431147,39.22729,1.247236835211516,222.74784743785858
Mixed Mobility,122,AI,utility,22,"['Ping-Pong: 18 UEs oscillating', 'QoS Violation: Avg High Prio SINR = -2.30 dB (Threshold: 5.0 dB)', 'Unfairness: Jain Index = 0.03']",0.03334044977764521,5.358040809631348,-10998.2490234375,0.7756555,-27.290014457702632,29.93311,0.2807712398469449,223.18603098392487
Mixed Mobility,123,AI,utility,26,"['Ping-Pong: 20 UEs oscillating', 'QoS Violation: Avg High Prio SINR = -1.33 dB (Threshold: 5.0 dB)', 'Unfairness: Jain Index = 0.03']",0.03334083104709559,11.640851974487305,-10957.912109375,1.6851861,-22.727095413208,29.824123,2.530158435553313,222.3866730928421
Mixed Mobility,124,AI,utility,21,"['Ping-Pong: 16 UEs oscillating', 'QoS Violation: Avg High Prio SINR = -3.22 dB (Threshold: 5.0 dB)', 'Unfairness: Jain Index = 0.03']",0.033535723450527834,-8.886724472045898,-14280.798828125,-1.2864853,-36.40159606933594,22.906672,0.00466110019478947,289.7258996963501
Mixed Mobility,125,AI,utility,25,"['Ping-Pong: 17 UEs oscillating', 'Unfairness: Jain Index = 0.07']",0.06668206152106974,38.2985954284668,-5490.93017578125,5.544289,-6.036353492736816,41.167233,4.759924173355103,111.53794825077057
Mixed Mobility,126,AI,utility,24,"['Ping-Pong: 18 UEs oscillating', 'QoS Violation: Avg High Prio SINR = -2.48 dB (Threshold: 5.0 dB)', 'Unfairness: Jain Index = 0.03']",0.03333978256135271,4.697353363037109,-10974.1865234375,0.6800121,-23.6743649482727,27.573877,1.6420656196773058,222.66237437725067
Mixed Mobility,127,AI,utility,26,"['Ping-Pong: 21 UEs oscillating', 'QoS Violation: Avg High Prio SINR = 3.56 dB (Threshold: 5.0 dB)', 'Unfairness: Jain Index = 0.03']",0.033344471372331326,34.369117736816406,-5492.708984375,4.9754386,-7.378454160690308,38.20805,3.3170522332191466,111.56827956438065
Mixed Mobility,128,AI,utility,25,"['Ping-Pong: 20 UEs oscillating', 'QoS Violation: Avg High Prio SINR = -2.45 dB (Threshold: 5.0 dB)', 'Unfairness: Jain Index = 0.07']",0.06678693815245695,36.6580696105957,-5503.63037109375,5.3067994,-7.637929010391235,43.238247,3.2550367116928105,111.79670691490173
Mixed Mobility,129,AI,utility,25,"['Ping-Pong: 20 UEs oscillating', 'Unfairness: Jain Index = 0.07']",0.06668078154370728,42.43624496459961,-2700.039306640625,6.1432757,-6.478767275810242,44.30495,4.176407873630524,54.9548976123333
Mixed Mobility,130,AI,utility,24,"['Ping-Pong: 19 UEs oscillating', 'QoS Violation: Avg High Prio SINR = -5.56 dB (Threshold: 5.0 dB)', 'Unfairness: Jain Index = 0.03']",0.03333642388685589,5.9460344314575195,-5504.587890625,0.8607768,-6.3405441522598265,24.382845,4.2694986224174505,111.83883994817734
Mixed Mobility,131,AI,utility,24,"['Ping-Pong: 18 UEs oscillating', 'QoS Violation: Avg High Prio SINR = -0.45 dB (Threshold: 5.0 dB)', 'Unfairness: Jain Index = 0.03']",0.033361120579310205,12.370803833007812,-10971.5419921875,1.7908573,-23.544860172271726,32.4716,1.7440759293735033,222.61811792850494
Mixed Mobility,132,AI,utility,25,"['Ping-Pong: 16 UEs oscillating', 'QoS Violation: Avg High Prio SINR = -2.40 dB (Threshold: 5.0 dB)', 'Unfairness: Jain Index = 0.03']",0.033708207373047465,-8.530176162719727,-16431.708984375,-1.2348696,-37.37519073486328,24.216722,0.003611098974943161,333.2887589931488
Mixed Mobility,133,AI,utility,27,"['Ping-Pong: 19 UEs oscillating', 'QoS Violation: Avg High Prio SINR = -4.33 dB (Threshold: 5.0 dB)', 'Unfairness: Jain Index = 0.03']",0.03334852498575265,0.7750364542007446,-10983.2900390625,0.11219807,-25.266991138458245,27.631907,0.7655785076320174,222.88937866687775
Mixed Mobility,134,AI,utility,26,"['Ping-Pong: 20 UEs oscillating', 'Unfairness: Jain Index = 0.03']",0.03333649196641572,11.267961502075195,-5509.11865234375,1.6312045,-8.30124819278717,27.346596,2.7394052743911743,111.92348599433899
Mixed Mobility,135,AI,utility,27,"['Ping-Pong: 21 UEs oscillating', 'QoS Violation: Avg High Prio SINR = -2.86 dB (Threshold: 5.0 dB)', 'Unfairness: Jain Index = 0.03']",0.03333784903347855,0.2578752338886261,-10970.20703125,0.03733153,-24.17740058898925,25.840336,1.2955407373607164,222.60841727256775
Mixed Mobility,136,AI,utility,26,"['Ping-Pong: 21 UEs oscillating', 'Unfairness: Jain Index = 0.07']",0.06670472577029872,52.39321517944336,-5491.255859375,7.5846944,-5.839284658432007,49.586357,4.580287384986877,111.50572448968887
Mixed Mobility,137,AI,utility,24,"['Ping-Pong: 20 UEs oscillating', 'QoS Violation: Avg High Prio SINR = 1.18 dB (Threshold: 5.0 dB)', 'Unfairness: Jain Index = 0.09']",0.08597232433769318,-6.682612895965576,-10974.6904296875,-0.96740746,-24.140725135803216,21.486933,1.3183152668178086,222.71598875522614
Mixed Mobility,138,AI,utility,25,"['Ping-Pong: 19 UEs oscillating', 'QoS Violation: Avg High Prio SINR = -2.47 dB (Threshold: 5.0 dB)', 'Unfairness: Jain Index = 0.36']",0.3610888125234129,-24.878299713134766,-16430.115234375,-3.6015031,-37.37519073486328,14.308868,0.003611098974943161,333.3127200603485
Mixed Mobility,139,AI,utility,25,"['Ping-Pong: 18 UEs oscillating', 'QoS Violation: Avg High Prio SINR = -4.04 dB (Threshold: 5.0 dB)', 'Unfairness: Jain Index = 0.03']",0.03333575217225887,0.42513465881347656,-10982.4453125,0.061544213,-26.05273761749267,26.094446,0.5199846141040327,222.87258505821228
Mixed Mobility,140,AI,utility,28,"['Ping-Pong: 21 UEs oscillating', 'QoS Violation: Avg High Prio SINR = -1.47 dB (Threshold: 5.0 dB)', 'Unfairness: Jain Index = 0.03']",0.033340481291406134,5.716986179351807,-16422.291015625,0.82761836,-37.37519073486328,31.403048,0.003611098974943161,333.0972492694855
Mixed Mobility,141,AI,utility,23,"['Ping-Pong: 21 UEs oscillating', 'Unfairness: Jain Index = 0.03']",0.03334188408833139,5.961851119995117,-11012.1826171875,0.8630659,-28.278426074981688,29.430397,0.17115296497941024,223.46925735473633
Mixed Mobility,142,AI,utility,22,"['Ping-Pong: 19 UEs oscillating', 'QoS Violation: Avg High Prio SINR = 0.85 dB (Threshold: 5.0 dB)', 'Unfairness: Jain Index = 0.31']",0.31110658171016503,-15.533381462097168,-10976.666015625,-2.2486877,-24.581456279754633,16.004223,1.0678115360438827,222.76541590690613
Mixed Mobility,143,AI,utility,29,"['Ping-Pong: 19 UEs oscillating', 'QoS Violation: Avg High Prio SINR = -0.05 dB (Threshold: 5.0 dB)', 'Unfairness: Jain Index = 0.03']",0.033340644951020085,17.86005401611328,-10957.86328125,2.5855074,-23.96354656219482,33.740463,1.433661519736052,222.35843539237976
Mixed Mobility,144,AI,utility,25,"['Ping-Pong: 17 UEs oscillating', 'Unfairness: Jain Index = 0.13']",0.1329850110484017,66.69343566894531,-34.303428649902344,9.654864,-5.705278515815735,55.995365,4.714637970924378,0.9206653339788318
Mixed Mobility,145,AI,utility,24,"['Ping-Pong: 19 UEs oscillating', 'QoS Violation: Avg High Prio SINR = -3.87 dB (Threshold: 5.0 dB)', 'Unfairness: Jain Index = 0.04']",0.03969025419602124,22.14971160888672,-10959.2197265625,3.2064993,-23.367325401306147,37.345943,1.893246018141509,222.38703072071075
Mixed Mobility,146,AI,utility,27,"['Ping-Pong: 18 UEs oscillating', 'QoS Violation: Avg High Prio SINR = -0.83 dB (Threshold: 5.0 dB)', 'Unfairness: Jain Index = 0.14']",0.1424996964557912,-22.85341453552246,-16904.30078125,-3.3083708,-37.37519073486328,18.52783,0.003611098974943161,342.88889169692993
Mixed Mobility,147,AI,utility,24,"['Ping-Pong: 19 UEs oscillating', 'QoS Violation: Avg High Prio SINR = -3.12 dB (Threshold: 5.0 dB)', 'Unfairness: Jain Index = 0.12']",0.12273554172613127,-11.106721878051758,-16436.03515625,-1.6078628,-37.37519073486328,22.16903,0.003611098974943161,333.3701193332672
Mixed Mobility,148,AI,utility,28,"['Ping-Pong: 20 UEs oscillating', 'QoS Violation: Avg High Prio SINR = -0.85 dB (Threshold: 5.0 dB)', 'Unfairness: Jain Index = 0.13']",0.12835796966119925,-15.10999584197998,-16436.82421875,-2.1873963,-37.37519073486328,20.315973,0.003611098974943161,333.4368169307709
Mixed Mobility,149,AI,utility,25,"['Ping-Pong: 17 UEs oscillating', 'QoS Violation: Avg High Prio SINR = -1.15 dB (Threshold: 5.0 dB)', 'Unfairness: Jain Index = 0.17']",0.16979157056276328,3.6843342781066895,-5554.5771484375,0.53336173,-13.08327293395996,22.506628,1.5999166131019598,112.84332722425461
Mixed Mobility,150,AI,utility,26,"['Ping-Pong: 20 UEs oscillating', 'Unfairness: Jain Index = 0.07']",0.06667079632646992,42.32453536987305,-34.558815002441406,6.1271048,-4.670475101470947,39.58328,6.041228032112122,0.9371098130941391
Mixed Mobility,151,AI,utility,25,"['Ping-Pong: 20 UEs oscillating', 'QoS Violation: Avg High Prio SINR = -2.33 dB (Threshold: 5.0 dB)', 'Unfairness: Jain Index = 0.12']",0.12194431985250545,-18.417179107666016,-16464.98046875,-2.6661599,-37.37519073486328,19.54877,0.003611098974943161,334.0102732181549
Mixed Mobility,152,AI,utility,26,"['Ping-Pong: 21 UEs oscillating', 'QoS Violation: Avg High Prio SINR = -1.88 dB (Threshold: 5.0 dB)', 'Unfairness: Jain Index = 0.03']",0.03333943306976872,-1.4822415113449097,-16455.12890625,-0.21457627,-37.37626914978027,28.343475,0.003611098974943161,333.7589204311371
Mixed Mobility,153,AI,utility,24,"['Ping-Pong: 19 UEs oscillating', 'QoS Violation: Avg High Prio SINR = -1.41 dB (Threshold: 5.0 dB)', 'Unfairness: Jain Index = 0.03']",0.03333592463887454,8.382014274597168,-10956.84375,1.2134209,-24.3307783126831,27.727427,1.2042119495570665,222.34953939914703
Mixed Mobility,154,AI,utility,27,"['Ping-Pong: 20 UEs oscillating', 'Unfairness: Jain Index = 0.10']",0.10000737192820174,38.737945556640625,-714.5462036132812,5.6078925,-5.332901096343994,43.59643,5.088907456398011,14.723929576575756
Mixed Mobility,155,AI,utility,19,"['Ping-Pong: 14 UEs oscillating', 'Unfairness: Jain Index = 0.03']",0.033337363390921235,-3.5225656032562256,-16494.2265625,-0.5099437,-37.37519073486328,26.849062,0.003611098974943161,334.56844091415405
Mixed Mobility,156,AI,utility,26,"['Ping-Pong: 18 UEs oscillating', 'Unfairness: Jain Index = 0.03']",0.03335726596262963,-1.8300045728683472,-16461.4140625,-0.2649205,-37.37519073486328,28.729364,0.003611098974943161,333.89273285865784
Mixed Mobility,157,AI,utility,25,"['Ping-Pong: 17 UEs oscillating', 'QoS Violation: Avg High Prio SINR = 0.10 dB (Threshold: 5.0 dB)', 'Unfairness: Jain Index = 0.14']",0.14011439762646646,-14.398750305175781,-21887.84765625,-2.0844328,-37.37519283294678,23.818394,0.003611098974943161,443.94007325172424
Mixed Mobility,158,AI,utility,20,"['Ping-Pong: 16 UEs oscillating', 'QoS Violation: Avg High Prio SINR = 0.53 dB (Threshold: 5.0 dB)', 'Unfairness: Jain Index = 0.03']",0.033340431622011474,19.731691360473633,-5551.49462890625,2.8564553,-6.190913486480713,31.097593,4.2569927215576175,112.7902939915657
Mixed Mobility,159,AI,utility,28,"['Ping-Pong: 16 UEs oscillating', 'Unfairness: Jain Index = 0.07']",0.06666871767981954,16.389144897460938,-10968.228515625,2.3725715,-22.880651664733882,34.25762,2.3623266093432913,222.530335187912
Mixed Mobility,160,AI,utility,29,"['Ping-Pong: 18 UEs oscillating', 'QoS Violation: Avg High Prio SINR = -3.44 dB (Threshold: 5.0 dB)', 'Unfairness: Jain Index = 0.03']",0.03333523023653478,-8.482963562011719,-16439.578125,-1.2280346,-37.37521171569824,24.335827,0.003611098974943161,333.48315954208374
Mixed Mobility,161,AI,utility,28,"['Ping-Pong: 25 UEs oscillating', 'QoS Violation: Avg High Prio SINR = -1.40 dB (Threshold: 5.0 dB)', 'Unfairness: Jain Index = 0.13']",0.13012475853705666,-17.612869262695312,-21727.681640625,-2.5497243,-37.37519073486328,21.055384,0.003611098974943161,440.6377971172333
Mixed Mobility,162,AI,utility,27,"['Ping-Pong: 24 UEs oscillating', 'QoS Violation: Avg High Prio SINR = -2.02 dB (Threshold: 5.0 dB)', 'Unfairness: Jain Index = 0.05']",0.050767486581978126,17.508939743041992,-10958.1669921875,2.5346785,-23.381328678131098,34.155407,1.8810752265155324,222.372904419899
Mixed Mobility,163,AI,utility,28,"['Ping-Pong: 23 UEs oscillating', 'QoS Violation: Avg High Prio SINR = -3.27 dB (Threshold: 5.0 dB)', 'Unfairness: Jain Index = 0.03']",0.033384016782122605,-6.362939834594727,-16428.921875,-0.9211301,-37.37519073486328,25.5715,0.003611098974943161,333.27385783195496
Mixed Mobility,164,AI,utility,27,"['Ping-Pong: 24 UEs oscillating', 'Unfairness: Jain Index = 0.03']",0.0333417796912594,3.9581425189971924,-11035.4599609375,0.5729997,-28.88879299163818,29.461329,0.12608902379870418,223.94180297851562
Mixed Mobility,165,AI,utility,21,"['Ping-Pong: 20 UEs oscillating', 'QoS Violation: Avg High Prio SINR = -3.36 dB (Threshold: 5.0 dB)', 'Unfairness: Jain Index = 0.03']",0.033340168365877804,3.659287452697754,-10998.037109375,0.5297357,-27.60102024078369,27.975323,0.24030166789889346,223.1854349374771
Mixed Mobility,166,AI,utility,20,"['Ping-Pong: 15 UEs oscillating', 'QoS Violation: Avg High Prio SINR = 3.76 dB (Threshold: 5.0 dB)', 'Unfairness: Jain Index = 0.08']",0.07728075482654286,37.396995544433594,-5498.8984375,5.4137692,-5.2559754133224486,43.231182,5.15204086303711,111.70408874750137
Mixed Mobility,167,AI,utility,24,"['Ping-Pong: 14 UEs oscillating', 'QoS Violation: Avg High Prio SINR = -1.01 dB (Threshold: 5.0 dB)', 'Unfairness: Jain Index = 0.07']",0.06990882762101423,-21.5859375,-21891.63671875,-3.1248848,-37.37519073486328,19.978397,0.003611098974943161,444.02092695236206
Mixed Mobility,168,AI,utility,25,"['Ping-Pong: 16 UEs oscillating', 'QoS Violation: Avg High Prio SINR = -1.99 dB (Threshold: 5.0 dB)', 'Unfairness: Jain Index = 0.07']",0.06667247560616073,30.243669509887695,-10952.5068359375,4.378219,-23.09889593124389,40.83354,2.1405712239444266,222.2459316253662
Mixed Mobility,169,AI,utility,26,"['Ping-Pong: 20 UEs oscillating', 'QoS Violation: Avg High Prio SINR = 3.26 dB (Threshold: 5.0 dB)', 'Unfairness: Jain Index = 0.03']",0.033513332233704965,2.5792393684387207,-10968.275390625,0.37338278,-24.045779228210442,27.040983,1.3790120474994187,222.5821018218994
Mixed Mobility,170,AI,utility,24,"['Ping-Pong: 19 UEs oscillating', 'Unfairness: Jain Index = 0.10']",0.10002187779369272,48.97325897216797,-5556.3662109375,7.089606,-6.843985652923584,49.358807,3.7102327585220336,112.80714720487595
Mixed Mobility,171,AI,utility,24,"['Ping-Pong: 20 UEs oscillating', 'QoS Violation: Avg High Prio SINR = -2.19 dB (Threshold: 5.0 dB)', 'Unfairness: Jain Index = 0.03']",0.03334632792393403,2.3955464363098145,-16456.244140625,0.34679082,-37.37519073486328,31.226439,0.003611098974943161,333.82412791252136
Mixed Mobility,172,AI,utility,24,"['Ping-Pong: 19 UEs oscillating', 'QoS Violation: Avg High Prio SINR = -2.58 dB (Threshold: 5.0 dB)', 'Unfairness: Jain Index = 0.03']",0.03335199084666455,4.047331809997559,-16418.697265625,0.585911,-37.37519073486328,30.077393,0.003611098974943161,333.05874466896057
Mixed Mobility,173,AI,utility,23,"['Ping-Pong: 20 UEs oscillating', 'Unfairness: Jain Index = 0.03']",0.03334728572504324,8.49537181854248,-10969.650390625,1.2298306,-23.55546884536743,29.923182,1.7355075590312488,222.58369624614716
Mixed Mobility,174,AI,utility,26,"['Ping-Pong: 20 UEs oscillating', 'QoS Violation: Avg High Prio SINR = -4.27 dB (Threshold: 5.0 dB)', 'Unfairness: Jain Index = 0.03']",0.0333365827392703,-10.358262062072754,-16439.353515625,-1.4995118,-37.37519073486328,24.453218,0.003611098974943161,333.4388732910156
Mixed Mobility,175,AI,utility,24,"['Ping-Pong: 20 UEs oscillating', 'QoS Violation: Avg High Prio SINR = -5.04 dB (Threshold: 5.0 dB)']",0.4822298834610496,-34.83993911743164,-21895.056640625,-5.0435987,-37.37519073486328,13.358666,0.003611098974943161,444.06941533088684
Mixed Mobility,176,AI,utility,24,"['Ping-Pong: 19 UEs oscillating', 'Unfairness: Jain Index = 0.06']",0.06465175979377133,25.586088180541992,-6847.3994140625,3.7039657,-20.29562606811523,38.482742,1.6822466541081673,139.03501629829407
Mixed Mobility,177,AI,utility,27,"['Ping-Pong: 18 UEs oscillating', 'QoS Violation: Avg High Prio SINR = -3.82 dB (Threshold: 5.0 dB)', 'Unfairness: Jain Index = 0.06']",0.06338836200126258,12.546791076660156,-10966.0673828125,1.816334,-24.023543930053705,33.04099,1.393595647066832,222.53738343715668
Mixed Mobility,178,AI,utility,25,"['Ping-Pong: 19 UEs oscillating', 'QoS Violation: Avg High Prio SINR = 4.17 dB (Threshold: 5.0 dB)', 'Unfairness: Jain Index = 0.03']",0.03333516215826331,-0.35964059829711914,-10969.2919921875,-0.05206305,-24.360296344757074,24.971514,1.1873406402766709,222.6083129644394
Mixed Mobility,179,AI,utility,25,"['Ping-Pong: 22 UEs oscillating', 'QoS Violation: Avg High Prio SINR = -4.74 dB (Threshold: 5.0 dB)', 'Unfairness: Jain Index = 0.03']",0.03333706383746281,0.14989614486694336,-6463.76318359375,0.021699587,-19.389124774932856,25.267155,1.748443732783199,131.276473402977
Mixed Mobility,180,AI,utility,24,"['Ping-Pong: 19 UEs oscillating', 'QoS Violation: Avg High Prio SINR = -1.82 dB (Threshold: 5.0 dB)', 'Unfairness: Jain Index = 0.03']",0.03333844814879662,2.6469929218292236,-11658.1376953125,0.3831912,-33.35373115539551,28.969185,0.014700757525861268,236.56149208545685
Mixed Mobility,181,AI,utility,24,"['Ping-Pong: 17 UEs oscillating', 'QoS Violation: Avg High Prio SINR = -0.26 dB (Threshold: 5.0 dB)', 'Unfairness: Jain Index = 0.10']",0.10141171444717233,-7.1877264976501465,-16468.341796875,-1.0405301,-37.37519073486328,23.988134,0.003611098974943161,334.01671051979065
Mixed Mobility,182,AI,utility,23,"['Ping-Pong: 17 UEs oscillating', 'QoS Violation: Avg High Prio SINR = -1.85 dB (Threshold: 5.0 dB)', 'Unfairness: Jain Index = 0.03']",0.03334088097539934,-0.49740326404571533,-11489.494140625,-0.07200686,-32.803634548187254,27.72238,0.01883032005280257,233.14693570137024
Mixed Mobility,183,AI,utility,22,"['Ping-Pong: 15 UEs oscillating', 'QoS Violation: Avg High Prio SINR = -1.87 dB (Threshold: 5.0 dB)', 'Unfairness: Jain Index = 0.03']",0.03334135756563482,-1.4711403846740723,-16268.7705078125,-0.21296932,-37.31508178710938,29.580278,0.0036619082908146082,330.0193250179291
Mixed Mobility,184,AI,utility,24,"['Ping-Pong: 15 UEs oscillating', 'QoS Violation: Avg High Prio SINR = 5.00 dB (Threshold: 5.0 dB)', 'Unfairness: Jain Index = 0.03']",0.033335321007671545,2.7482240200042725,-10975.923828125,0.3978462,-22.796257781982415,25.314669,2.4533260218799122,222.7550894021988
Mixed Mobility,185,AI,utility,22,"['Ping-Pong: 18 UEs oscillating', 'QoS Violation: Avg High Prio SINR = -2.89 dB (Threshold: 5.0 dB)', 'Unfairness: Jain Index = 0.03']",0.033371221220331156,-1.331692099571228,-16421.802734375,-0.19278248,-37.37519073486328,27.248627,0.003611098974943161,333.12639594078064
Mixed Mobility,186,AI,utility,24,"['Ping-Pong: 18 UEs oscillating', 'QoS Violation: Avg High Prio SINR = -3.43 dB (Threshold: 5.0 dB)', 'Unfairness: Jain Index = 0.04']",0.0374635051847707,-24.567840576171875,-17972.2421875,-3.5565593,-37.37519073486328,19.533546,0.003611098974943161,364.5592927932739
Mixed Mobility,187,AI,utility,29,"['Ping-Pong: 19 UEs oscillating', 'QoS Violation: Avg High Prio SINR = 3.19 dB (Threshold: 5.0 dB)', 'Unfairness: Jain Index = 0.03']",0.03333688682923361,8.946532249450684,-632.0808715820312,1.295143,-5.674503564834595,24.691698,4.735108661651611,13.068582862615585
Mixed Mobility,188,AI,utility,28,"['Ping-Pong: 23 UEs oscillating', 'QoS Violation: Avg High Prio SINR = -4.20 dB (Threshold: 5.0 dB)', 'Unfairness: Jain Index = 0.03']",0.03333627865069392,1.1083455085754395,-10987.5400390625,0.1604497,-23.969800186157222,26.135506,1.429436074942351,222.9812741279602
Mixed Mobility,189,AI,utility,26,"['Ping-Pong: 23 UEs oscillating', 'QoS Violation: Avg High Prio SINR = -2.40 dB (Threshold: 5.0 dB)', 'Unfairness: Jain Index = 0.03']",0.03335406491402384,7.403045177459717,-10958.4423828125,1.0716999,-23.24584236145019,27.998056,2.0018284909427173,222.3816215991974
Mixed Mobility,190,AI,utility,23,"['Ping-Pong: 20 UEs oscillating', 'QoS Violation: Avg High Prio SINR = -4.94 dB (Threshold: 5.0 dB)', 'Unfairness: Jain Index = 0.11']",0.11314797561671344,-27.146453857421875,-20308.9375,-3.9298518,-37.37519073486328,18.02714,0.003611098974943161,411.91306710243225
Mixed Mobility,191,AI,utility,23,"['Ping-Pong: 17 UEs oscillating', 'QoS Violation: Avg High Prio SINR = -2.01 dB (Threshold: 5.0 dB)', 'Unfairness: Jain Index = 0.03']",0.033378479165999966,1.0892255306243896,-16509.966796875,0.15768138,-37.37519073486328,30.416277,0.003611098974943161,334.88723635673523
Mixed Mobility,192,AI,utility,26,"['Ping-Pong: 17 UEs oscillating', 'QoS Violation: Avg High Prio SINR = -3.21 dB (Threshold: 5.0 dB)', 'Unfairness: Jain Index = 0.07']",0.0666693076854006,18.34941864013672,-10956.328125,2.6563504,-23.129845619201653,34.819946,2.1106596581637866,222.33639657497406
Mixed Mobility,193,AI,utility,24,"['Ping-Pong: 18 UEs oscillating', 'QoS Violation: Avg High Prio SINR = -5.65 dB (Threshold: 5.0 dB)', 'Unfairness: Jain Index = 0.03']",0.03334186409237044,-2.112969398498535,-10970.65625,-0.30588394,-23.932755661010738,24.332405,1.4546341411769397,222.63620793819427
Mixed Mobility,194,AI,utility,26,"['Ping-Pong: 21 UEs oscillating', 'QoS Violation: Avg High Prio SINR = -1.89 dB (Threshold: 5.0 dB)', 'Unfairness: Jain Index = 0.03']",0.033335738556492425,-0.7766155004501343,-16485.701171875,-0.112426676,-37.37519073486328,27.002693,0.003611098974943161,334.3723714351654
Mixed Mobility,195,AI,utility,27,"['Ping-Pong: 21 UEs oscillating', 'QoS Violation: Avg High Prio SINR = -3.38 dB (Threshold: 5.0 dB)', 'Unfairness: Jain Index = 0.03']",0.03333534823903667,1.936583399772644,-11133.482421875,0.28034934,-23.717776393890375,25.403095,1.6091060988605028,225.89269280433655
Mixed Mobility,196,AI,utility,26,"['Ping-Pong: 20 UEs oscillating', 'QoS Violation: Avg High Prio SINR = -3.08 dB (Threshold: 5.0 dB)', 'Unfairness: Jain Index = 0.03']",0.033380016155548,-0.175838440656662,-16475.107421875,-0.025455188,-37.37519073486328,28.544704,0.003611098974943161,334.17585492134094
Mixed Mobility,197,AI,utility,25,"['Ping-Pong: 21 UEs oscillating', 'QoS Violation: Avg High Prio SINR = -2.00 dB (Threshold: 5.0 dB)', 'Unfairness: Jain Index = 0.04']",0.04053200232399123,-3.965053081512451,-11938.0654296875,-0.57400066,-34.02528247833252,23.284023,0.011005038954317573,242.23658442497253
Mixed Mobility,198,AI,utility,26,"['Ping-Pong: 20 UEs oscillating', 'QoS Violation: Avg High Prio SINR = -0.90 dB (Threshold: 5.0 dB)', 'Unfairness: Jain Index = 0.03']",0.03336079367738059,9.5697660446167,-12593.55078125,1.3853656,-35.02053565979004,33.1314,0.007407239871099593,255.51265478134155
Mixed Mobility,199,AI,utility,27,"['Ping-Pong: 22 UEs oscillating', 'QoS Violation: Avg High Prio SINR = -2.06 dB (Threshold: 5.0 dB)', 'Unfairness: Jain Index = 0.03']",0.034885649605527036,-10.427370071411133,-10994.73828125,-1.5095165,-27.105084514617914,19.832577,0.3079690270125867,223.1270968914032
Mixed Mobility,0,Random,baseline,16,"['QoS Violation: Avg High Prio SINR = 1.84 dB (Threshold: 5.0 dB)', 'Unfairness: Jain Index = 0.09']",0.08928019474851752,20.996437072753906,-132.4778289794922,3.0395455,-7.054216742515564,29.359571,3.576697051525116,2.925443695858121
Mixed Mobility,1,Random,baseline,19,"['QoS Violation: Avg High Prio SINR = 4.17 dB (Threshold: 5.0 dB)', 'Unfairness: Jain Index = 0.06']",0.05864791776624288,29.45853614807129,-37.6715087890625,4.26456,-7.473943710327148,31.120245,3.3255011916160586,0.9998566238209605
Mixed Mobility,2,Random,baseline,22,"['QoS Violation: Avg High Prio SINR = 2.66 dB (Threshold: 5.0 dB)', 'Unfairness: Jain Index = 0.16']",0.15596934102611312,11.009018898010254,-66.95640563964844,1.5937183,-5.217305088043213,21.662966,5.190196228027344,1.6093614976853132
Mixed Mobility,3,Random,baseline,19,"['Ping-Pong: 12 UEs oscillating', 'QoS Violation: Avg High Prio SINR = 1.54 dB (Threshold: 5.0 dB)', 'Unfairness: Jain Index = 0.18']",0.1766019072709644,11.004233360290527,-190.1442413330078,1.5930258,-5.708551478385925,22.423767,4.799106323719025,4.104840569198132
Mixed Mobility,4,Random,baseline,20,"['Ping-Pong: 12 UEs oscillating', 'QoS Violation: Avg High Prio SINR = 0.10 dB (Threshold: 5.0 dB)', 'Unfairness: Jain Index = 0.10']",0.09944848894831518,29.489381790161133,-291.99993896484375,4.269025,-6.151321625709533,32.83975,4.637346231937409,6.149680353701115
Mixed Mobility,5,Random,baseline,21,"['Ping-Pong: 12 UEs oscillating', 'QoS Violation: Avg High Prio SINR = -0.86 dB (Threshold: 5.0 dB)', 'Unfairness: Jain Index = 0.06']",0.05632877619160641,9.374689102172852,-416.56903076171875,1.357125,-20.184110832214355,26.043219,0.19132417514920236,8.689754642546177
Mixed Mobility,6,Random,baseline,16,"['Ping-Pong: 10 UEs oscillating', 'QoS Violation: Avg High Prio SINR = -0.43 dB (Threshold: 5.0 dB)', 'Unfairness: Jain Index = 0.28']",0.27996244116647595,17.194135665893555,-112.94781494140625,2.4891062,-5.368948459625244,25.814537,5.039051938056946,2.532592276111245
Mixed Mobility,7,Random,baseline,23,"['Ping-Pong: 10 UEs oscillating', 'QoS Violation: Avg High Prio SINR = 0.56 dB (Threshold: 5.0 dB)', 'Unfairness: Jain Index = 0.04']",0.04211574439572846,19.068500518798828,-163.53887939453125,2.760448,-5.847348308563232,27.747782,4.568837356567383,3.5575616639107466
Mixed Mobility,8,Random,baseline,21,"['Ping-Pong: 11 UEs oscillating', 'QoS Violation: Avg High Prio SINR = 4.45 dB (Threshold: 5.0 dB)', 'Unfairness: Jain Index = 0.07']",0.0694026728535619,31.32052230834961,-492.3475341796875,4.5341105,-21.217689514160156,39.1866,0.1526085838675499,10.20397711545229
Mixed Mobility,9,Random,baseline,20,"['Ping-Pong: 12 UEs oscillating', 'QoS Violation: Avg High Prio SINR = -0.65 dB (Threshold: 5.0 dB)', 'Unfairness: Jain Index = 0.05']",0.054122960212224264,19.52989959716797,-480.62188720703125,2.8272421,-14.15187835693359,29.625711,1.863903850317002,9.979248046875
Mixed Mobility,10,Random,baseline,19,"['Ping-Pong: 11 UEs oscillating', 'Unfairness: Jain Index = 0.04']",0.0442072348509539,31.490407943725586,-155.3362579345703,4.5587034,-10.355876731872558,36.278427,2.5278923273086553,3.3828141167759895
Mixed Mobility,11,Random,baseline,21,"['Ping-Pong: 10 UEs oscillating', 'Unfairness: Jain Index = 0.09']",0.09425135668398256,46.02682876586914,-29.70354461669922,6.663066,-3.9613544225692747,41.110435,6.713598036766053,0.8270454127341509
Mixed Mobility,12,Random,baseline,19,"['Ping-Pong: 10 UEs oscillating', 'QoS Violation: Avg High Prio SINR = -0.65 dB (Threshold: 5.0 dB)', 'Unfairness: Jain Index = 0.10']",0.10190349103267633,11.04475212097168,-2304.530517578125,1.5988917,-16.37633199691772,27.098932,2.8131652921438226,46.95449396967888
Mixed Mobility,13,Random,baseline,26,"['Ping-Pong: 16 UEs oscillating', 'QoS Violation: Avg High Prio SINR = -3.81 dB (Threshold: 5.0 dB)', 'Unfairness: Jain Index = 0.16']",0.15611685407437786,6.360398769378662,-5162.31005859375,0.9207623,-13.223300743103025,22.691519,2.1850944578647624,104.88229244947433
Mixed Mobility,14,Random,baseline,21,"['Ping-Pong: 15 UEs oscillating', 'QoS Violation: Avg High Prio SINR = 2.67 dB (Threshold: 5.0 dB)', 'Unfairness: Jain Index = 0.04']",0.044412027905674674,31.29026222229004,-860.2206420898438,4.52973,-12.127704811096189,37.05646,2.564823770523072,17.66953431069851
Mixed Mobility,15,Random,baseline,23,"['Ping-Pong: 17 UEs oscillating', 'QoS Violation: Avg High Prio SINR = 2.96 dB (Threshold: 5.0 dB)', 'Unfairness: Jain Index = 0.04']",0.04497120915397477,35.2438850402832,-157.01783752441406,5.102074,-8.868233227729796,37.880325,2.830459952354432,3.4134776797145605
Mixed Mobility,16,Random,baseline,18,"['Ping-Pong: 12 UEs oscillating', 'QoS Violation: Avg High Prio SINR = 1.06 dB (Threshold: 5.0 dB)', 'Unfairness: Jain Index = 0.03']",0.03459537203850055,17.277578353881836,-316.45294189453125,2.5011861,-16.79760308265686,31.08752,0.6052231669425966,6.653527729213238
Mixed Mobility,17,Random,baseline,19,"['Ping-Pong: 13 UEs oscillating', 'QoS Violation: Avg High Prio SINR = 3.84 dB (Threshold: 5.0 dB)', 'Unfairness: Jain Index = 0.04']",0.04442630531925835,28.399194717407227,-73.62542724609375,4.111204,-6.070838451385498,35.71153,4.3608955383300785,1.7364246305078268
Mixed Mobility,18,Random,baseline,21,"['Ping-Pong: 10 UEs oscillating', 'Unfairness: Jain Index = 0.06']",0.05822196513954987,35.12412643432617,-32.66295623779297,5.084738,-5.233740329742432,35.13222,5.241666340827942,0.8963672444224358
Mixed Mobility,19,Random,baseline,18,"['Ping-Pong: 10 UEs oscillating', 'QoS Violation: Avg High Prio SINR = -0.70 dB (Threshold: 5.0 dB)', 'Unfairness: Jain Index = 0.05']",0.04750609418307391,7.536986351013184,-3537.724853515625,1.0910907,-19.89630842208862,26.903141,1.451466348394752,71.94612175226212
Mixed Mobility,20,Random,baseline,20,"['Ping-Pong: 12 UEs oscillating', 'QoS Violation: Avg High Prio SINR = 3.66 dB (Threshold: 5.0 dB)', 'Unfairness: Jain Index = 0.04']",0.03849186758998903,39.653446197509766,-590.7914428710938,5.7404237,-17.93294744491577,44.444164,0.8421354055404666,12.198984622955322
Mixed Mobility,21,Random,baseline,20,"['Ping-Pong: 11 UEs oscillating', 'Unfairness: Jain Index = 0.03']",0.03389285588723778,26.70769500732422,-6100.05908203125,3.8663347,-23.196688079833983,38.365902,0.09640714339911938,123.83969873189926
Mixed Mobility,22,Random,baseline,23,"['Ping-Pong: 12 UEs oscillating', 'Unfairness: Jain Index = 0.05']",0.04672586440582173,86.27857208251953,-18.173276901245117,12.490102,-2.4117981076240538,64.533714,8.951228857040405,0.571994693018496
Mixed Mobility,23,Random,baseline,18,"['Ping-Pong: 12 UEs oscillating', 'Unfairness: Jain Index = 0.06']",0.06012757519957247,36.15329360961914,-1222.2886962890625,5.2337246,-11.116675662994382,41.392498,2.9894113779068,25.007503107190132
Mixed Mobility,24,Random,baseline,22,"['Ping-Pong: 12 UEs oscillating', 'QoS Violation: Avg High Prio SINR = -4.09 dB (Threshold: 5.0 dB)', 'Unfairness: Jain Index = 0.03']",0.03428730250695338,11.599814414978027,-5767.166015625,1.679245,-19.784145736694335,30.219158,0.28478951454162604,117.11348593235016
Mixed Mobility,25,Random,baseline,18,"['Ping-Pong: 9 UEs oscillating', 'QoS Violation: Avg High Prio SINR = -0.05 dB (Threshold: 5.0 dB)', 'Unfairness: Jain Index = 0.05']",0.0479844212781726,27.52801513671875,-6756.01904296875,3.985088,-20.627706813812253,39.068245,1.855536285974086,137.1760070323944
Mixed Mobility,26,Random,baseline,24,"['Ping-Pong: 14 UEs oscillating', 'QoS Violation: Avg High Prio SINR = 3.36 dB (Threshold: 5.0 dB)', 'Unfairness: Jain Index = 0.03']",0.033959021651653494,35.47148513793945,-5496.19580078125,5.1350236,-5.1065291404724125,38.48559,5.30915379524231,111.62403225898743
Mixed Mobility,27,Random,baseline,23,"['Ping-Pong: 14 UEs oscillating', 'QoS Violation: Avg High Prio SINR = -0.78 dB (Threshold: 5.0 dB)', 'Unfairness: Jain Index = 0.05']",0.05056279016273082,29.848339080810547,-5498.603515625,4.32099,-6.664059638977051,36.914425,3.8535885334014894,111.68038100004196
Mixed Mobility,28,Random,baseline,21,"['Ping-Pong: 16 UEs oscillating', 'QoS Violation: Avg High Prio SINR = 2.80 dB (Threshold: 5.0 dB)', 'Unfairness: Jain Index = 0.05']",0.054915790833045305,37.953372955322266,-5653.17919921875,5.4943132,-14.47004060745239,43.642017,2.1672419279813773,114.77036774158478
Mixed Mobility,29,Random,baseline,18,"['Ping-Pong: 13 UEs oscillating', 'QoS Violation: Avg High Prio SINR = 0.45 dB (Threshold: 5.0 dB)', 'Unfairness: Jain Index = 0.04']",0.04498836731405563,40.0396728515625,-9848.79296875,5.7963357,-22.152625751495357,46.39857,2.571038799267263,199.79333877563477
Mixed Mobility,30,Random,baseline,18,"['Ping-Pong: 12 UEs oscillating', 'QoS Violation: Avg High Prio SINR = -3.48 dB (Threshold: 5.0 dB)', 'Unfairness: Jain Index = 0.03']",0.03334913427331332,7.880660057067871,-5972.33544921875,1.1408424,-18.025823020935057,27.652472,1.5100285835564142,121.30696326494217
Mixed Mobility,31,Random,baseline,19,"['Ping-Pong: 10 UEs oscillating', 'QoS Violation: Avg High Prio SINR = 0.10 dB (Threshold: 5.0 dB)', 'Unfairness: Jain Index = 0.04']",0.04106937128788243,27.72624397277832,-5497.7392578125,4.013785,-6.698624944686889,35.632515,3.919951105117798,111.66024208068848
Mixed Mobility,32,Random,baseline,22,"['Ping-Pong: 11 UEs oscillating', 'QoS Violation: Avg High Prio SINR = 2.38 dB (Threshold: 5.0 dB)', 'Unfairness: Jain Index = 0.06']",0.06425538871923804,37.94353103637695,-5489.794921875,5.4928885,-5.014511156082153,40.902847,5.478246808052063,111.50888353586197
Mixed Mobility,33,Random,baseline,23,"['Ping-Pong: 14 UEs oscillating', 'Unfairness: Jain Index = 0.07']",0.07376156932693931,55.90962219238281,-35.71823501586914,8.093747,-6.815592503547668,48.6417,3.7334475755691527,0.9485213086009026
Mixed Mobility,34,Random,baseline,20,"['Ping-Pong: 16 UEs oscillating', 'Unfairness: Jain Index = 0.03']",0.034134495134508405,28.68718719482422,-4905.89111328125,4.1528955,-7.133518648147582,35.87798,3.887085390090943,99.6396541595459
Mixed Mobility,35,Random,baseline,20,"['Ping-Pong: 14 UEs oscillating', 'QoS Violation: Avg High Prio SINR = 3.31 dB (Threshold: 5.0 dB)', 'Unfairness: Jain Index = 0.05']",0.0549589633964047,36.1802864074707,-5507.5263671875,5.237633,-9.292075014114378,41.95193,2.623143959045411,111.87107115983963
Mixed Mobility,36,Random,baseline,24,"['Ping-Pong: 13 UEs oscillating', 'QoS Violation: Avg High Prio SINR = 2.69 dB (Threshold: 5.0 dB)', 'Unfairness: Jain Index = 0.04']",0.03524794892270124,10.140268325805664,-1062.427490234375,1.4679544,-5.043477320671082,26.305021,5.3756091594696045,21.785885095596313
Mixed Mobility,37,Random,baseline,18,"['Ping-Pong: 13 UEs oscillating', 'QoS Violation: Avg High Prio SINR = 0.80 dB (Threshold: 5.0 dB)', 'Unfairness: Jain Index = 0.04']",0.04369032209679561,-0.37598130106925964,-13428.4384765625,-0.054429166,-25.569716835021968,24.361341,0.6599560134112837,272.42517471313477
Mixed Mobility,38,Random,baseline,22,"['Ping-Pong: 14 UEs oscillating', 'QoS Violation: Avg High Prio SINR = -2.57 dB (Threshold: 5.0 dB)', 'Unfairness: Jain Index = 0.03']",0.03333926605699997,8.075995445251465,-5612.265625,1.1691201,-14.508006000518797,25.883549,1.7320171892642982,114.01528865098953
Mixed Mobility,39,Random,baseline,22,"['Ping-Pong: 12 UEs oscillating', 'Unfairness: Jain Index = 0.08']",0.0751893218979113,52.19097900390625,-5501.44775390625,7.5554175,-9.317632031440734,50.13056,2.80994143486023,111.73932254314423
Mixed Mobility,40,Random,baseline,22,"['Ping-Pong: 14 UEs oscillating', 'QoS Violation: Avg High Prio SINR = 0.60 dB (Threshold: 5.0 dB)', 'Unfairness: Jain Index = 0.03']",0.03348222939014583,29.959131240844727,-5487.453125,4.337029,-5.494441699981689,34.546703,5.140825331211091,111.46367341279984
Mixed Mobility,41,Random,baseline,19,"['Ping-Pong: 11 UEs oscillating', 'QoS Violation: Avg High Prio SINR = 4.16 dB (Threshold: 5.0 dB)', 'Unfairness: Jain Index = 0.05']",0.04749441220450623,31.335315704345703,-48.05012893676758,4.5362515,-5.899318647384644,35.53342,4.530694532394409,1.2179453624412417
Mixed Mobility,42,Random,baseline,20,"['Ping-Pong: 12 UEs oscillating', 'QoS Violation: Avg High Prio SINR = 4.59 dB (Threshold: 5.0 dB)', 'Unfairness: Jain Index = 0.07']",0.06546781279511925,48.95876693725586,-5549.9794921875,7.087507,-12.565207862854002,51.446144,1.94674700498581,112.7249151468277
Mixed Mobility,43,Random,baseline,20,"['Ping-Pong: 14 UEs oscillating', 'QoS Violation: Avg High Prio SINR = 2.65 dB (Threshold: 5.0 dB)', 'Unfairness: Jain Index = 0.04']",0.038171499555655394,41.0198974609375,-5757.560546875,5.9382396,-15.330856895446773,45.424725,2.8282639116048824,116.93208664655685
Mixed Mobility,44,Random,baseline,20,"['Ping-Pong: 12 UEs oscillating', 'Unfairness: Jain Index = 0.08']",0.07579162165428874,55.3175163269043,-5563.87353515625,8.00803,-13.85274314880371,54.952106,1.3841999113559726,113.00168186426163
Mixed Mobility,45,Random,baseline,21,"['Ping-Pong: 11 UEs oscillating', 'QoS Violation: Avg High Prio SINR = -0.85 dB (Threshold: 5.0 dB)', 'Unfairness: Jain Index = 0.04']",0.044130554162860186,21.25017738342285,-6856.15966796875,3.076278,-20.648298931121822,36.776855,1.4320364456623798,139.21551406383514
Mixed Mobility,46,Random,baseline,23,"['Ping-Pong: 12 UEs oscillating', 'Unfairness: Jain Index = 0.07']",0.07100707608126722,61.145957946777344,-334.2900390625,8.851786,-6.143933653831482,55.08632,4.338641095161439,6.997541058808565
Mixed Mobility,47,Random,baseline,17,"['Ping-Pong: 11 UEs oscillating', 'QoS Violation: Avg High Prio SINR = -2.75 dB (Threshold: 5.0 dB)', 'Unfairness: Jain Index = 0.05']",0.05364521425490502,31.82175636291504,-5678.85986328125,4.606672,-16.289563226699826,43.39045,1.1383419156074528,115.34592509269714
Mixed Mobility,48,Random,baseline,22,"['Ping-Pong: 11 UEs oscillating', 'QoS Violation: Avg High Prio SINR = 2.82 dB (Threshold: 5.0 dB)', 'Unfairness: Jain Index = 0.08']",0.07991419058320261,45.64799880981445,-6580.83984375,6.6082253,-18.52769107818603,50.035923,2.967690267786385,133.6197853088379
Mixed Mobility,49,Random,baseline,21,"['Ping-Pong: 9 UEs oscillating', 'Unfairness: Jain Index = 0.08']",0.0820683091647794,46.40929412841797,-5605.55712890625,6.718434,-16.739340114593503,50.14634,0.4847184568643571,113.85522782802582
Mixed Mobility,50,Random,baseline,23,"['Ping-Pong: 13 UEs oscillating', 'Unfairness: Jain Index = 0.05']",0.047066009932907694,31.067909240722656,-5557.482421875,4.497542,-8.605893301963805,40.289043,2.775346446037293,112.89644241333008
Mixed Mobility,51,Random,baseline,16,"['Ping-Pong: 12 UEs oscillating', 'QoS Violation: Avg High Prio SINR = 1.60 dB (Threshold: 5.0 dB)', 'Unfairness: Jain Index = 0.04']",0.037814826936269114,3.259249210357666,-11024.6806640625,0.47182474,-26.936836624145503,28.27767,0.3349685721099378,223.7040400505066
Mixed Mobility,52,Random,baseline,18,"['Ping-Pong: 13 UEs oscillating', 'QoS Violation: Avg High Prio SINR = 0.41 dB (Threshold: 5.0 dB)', 'Unfairness: Jain Index = 0.04']",0.037100324289504494,12.238656997680664,-12390.3896484375,1.7717273,-34.69830446243286,37.510796,0.00838355775922537,251.36274099349976
Mixed Mobility,53,Random,baseline,15,"['Ping-Pong: 7 UEs oscillating', 'QoS Violation: Avg High Prio SINR = -2.99 dB (Threshold: 5.0 dB)', 'Unfairness: Jain Index = 0.04']",0.035430749644174024,1.836922526359558,-11233.5712890625,0.2659218,-30.601533222198483,28.940123,0.05385901927948,227.9517948627472
Mixed Mobility,54,Random,baseline,18,"['Ping-Pong: 6 UEs oscillating', 'QoS Violation: Avg High Prio SINR = 4.89 dB (Threshold: 5.0 dB)', 'Unfairness: Jain Index = 0.04']",0.04163370706623362,43.069244384765625,-5617.083984375,6.234912,-13.675776672363279,46.101734,2.5538579255342495,114.08380419015884
Mixed Mobility,55,Random,baseline,21,"['Ping-Pong: 10 UEs oscillating', 'QoS Violation: Avg High Prio SINR = 3.94 dB (Threshold: 5.0 dB)', 'Unfairness: Jain Index = 0.03']",0.033393210757032,15.445121765136719,-142.2913818359375,2.2359095,-12.276136589050292,29.603619,1.4353202402591707,3.130547469481826
Mixed Mobility,56,Random,baseline,20,"['Ping-Pong: 10 UEs oscillating', 'QoS Violation: Avg High Prio SINR = 4.15 dB (Threshold: 5.0 dB)', 'Unfairness: Jain Index = 0.03']",0.03334740349858802,6.513036251068115,-10160.7431640625,0.9428583,-30.837848472595212,30.214184,0.03793804431334139,206.18793368339539
Mixed Mobility,57,Random,baseline,26,"['Ping-Pong: 16 UEs oscillating', 'Unfairness: Jain Index = 0.08']",0.0847584842785811,68.74711608886719,-5487.24560546875,9.952164,-5.412873411178588,59.874813,5.23164473772049,111.44252866506577
Mixed Mobility,58,Random,baseline,20,"['Ping-Pong: 13 UEs oscillating', 'Unfairness: Jain Index = 0.10']",0.10430972161298964,59.83528518676758,-7076.72998046875,8.6620455,-27.089674568176267,62.11604,0.06893122959882023,143.63929629325867
Mixed Mobility,59,Random,baseline,25,"['Ping-Pong: 15 UEs oscillating', 'QoS Violation: Avg High Prio SINR = -3.74 dB (Threshold: 5.0 dB)', 'Unfairness: Jain Index = 0.03']",0.034408158727123356,20.977476119995117,-5501.552734375,3.0368004,-5.539231204986572,33.068127,4.87457332611084,111.76469177007675
Mixed Mobility,60,Random,baseline,25,"['Ping-Pong: 16 UEs oscillating', 'QoS Violation: Avg High Prio SINR = 0.19 dB (Threshold: 5.0 dB)', 'Unfairness: Jain Index = 0.06']",0.06350829828659663,24.758045196533203,-6197.029296875,3.5840945,-19.072568607330318,36.923897,1.410866285860539,125.85151195526123
Mixed Mobility,61,Random,baseline,19,"['Ping-Pong: 16 UEs oscillating', 'QoS Violation: Avg High Prio SINR = -3.95 dB (Threshold: 5.0 dB)', 'Unfairness: Jain Index = 0.03']",0.033420352426830155,-11.298830032348633,-17201.578125,-1.6356735,-37.51002140045166,24.448786,0.003502422501333058,348.9323556423187
Mixed Mobility,62,Random,baseline,18,"['Ping-Pong: 11 UEs oscillating', 'QoS Violation: Avg High Prio SINR = 1.28 dB (Threshold: 5.0 dB)', 'Unfairness: Jain Index = 0.04']",0.03805882074938774,16.868976593017578,-6205.20458984375,2.4420345,-25.382758140563965,35.270687,0.06101158391684294,126.02300941944122
Mixed Mobility,63,Random,baseline,20,"['Ping-Pong: 11 UEs oscillating', 'QoS Violation: Avg High Prio SINR = -5.15 dB (Threshold: 5.0 dB)', 'Unfairness: Jain Index = 0.05']",0.047992385531630814,47.07762145996094,-5811.07275390625,6.815183,-21.96297836303711,53.55836,0.12878098897635937,118.01355332136154
Mixed Mobility,64,Random,baseline,22,"['Ping-Pong: 14 UEs oscillating', 'QoS Violation: Avg High Prio SINR = 3.52 dB (Threshold: 5.0 dB)', 'Unfairness: Jain Index = 0.07']",0.07044774570078345,43.02109909057617,-5746.89013671875,6.2279425,-14.819259643554684,48.196087,2.37386156320572,116.69047921895981
Mixed Mobility,65,Random,baseline,20,"['Ping-Pong: 13 UEs oscillating', 'QoS Violation: Avg High Prio SINR = -6.68 dB (Threshold: 5.0 dB)', 'Unfairness: Jain Index = 0.03']",0.03333903819187145,0.49557235836982727,-11889.0107421875,0.07174123,-33.86354312896729,27.828117,0.011782377492636446,241.22078716754913
Mixed Mobility,66,Random,baseline,23,"['Ping-Pong: 13 UEs oscillating', 'QoS Violation: Avg High Prio SINR = 0.20 dB (Threshold: 5.0 dB)', 'Unfairness: Jain Index = 0.04']",0.03915369957870813,49.96685028076172,-5491.5224609375,7.2334433,-5.228137183189392,49.195557,5.188702130317688,111.541748046875
Mixed Mobility,67,Random,baseline,21,"['Ping-Pong: 15 UEs oscillating', 'QoS Violation: Avg High Prio SINR = -7.92 dB (Threshold: 5.0 dB)', 'Unfairness: Jain Index = 0.03']",0.034261977976555134,-10.896885871887207,-17455.599609375,-1.5774857,-36.47758674621582,27.376343,0.004559492459520698,354.0381193161011
Mixed Mobility,68,Random,baseline,21,"['Ping-Pong: 16 UEs oscillating', 'QoS Violation: Avg High Prio SINR = -3.44 dB (Threshold: 5.0 dB)', 'Unfairness: Jain Index = 0.03']",0.03341516245034012,15.353151321411133,-6803.599609375,2.2225964,-27.684564113616943,34.47963,0.040145225822925575,138.14911246299744
Mixed Mobility,69,Random,baseline,20,"['Ping-Pong: 15 UEs oscillating', 'QoS Violation: Avg High Prio SINR = -1.23 dB (Threshold: 5.0 dB)', 'Unfairness: Jain Index = 0.04']",0.04122140180481874,4.8701581954956055,-19116.935546875,0.7050276,-37.38573360443115,35.167637,0.003602042538113892,387.6959979534149
Mixed Mobility,70,Random,baseline,18,"['Ping-Pong: 12 UEs oscillating', 'QoS Violation: Avg High Prio SINR = -0.50 dB (Threshold: 5.0 dB)', 'Unfairness: Jain Index = 0.07']",0.06848081442541004,40.53770446777344,-12732.15234375,5.8684344,-35.07752380371094,52.713516,0.007251700665801765,258.27711820602417
Mixed Mobility,71,Random,baseline,18,"['Ping-Pong: 11 UEs oscillating', 'Unfairness: Jain Index = 0.13']",0.13305810981939128,65.31900787353516,-1667.45361328125,9.455895,-10.39882640838623,59.634644,2.383447694778443,34.016866236925125
Mixed Mobility,72,Random,baseline,22,"['Ping-Pong: 13 UEs oscillating', 'QoS Violation: Avg High Prio SINR = 4.72 dB (Threshold: 5.0 dB)', 'Unfairness: Jain Index = 0.06']",0.05771400679816582,37.39598846435547,-11064.568359375,5.4136243,-22.650663185119623,45.181763,2.617941128462554,224.49706494808197
Mixed Mobility,73,Random,baseline,21,"['Ping-Pong: 14 UEs oscillating', 'QoS Violation: Avg High Prio SINR = 2.97 dB (Threshold: 5.0 dB)', 'Unfairness: Jain Index = 0.03']",0.0339057409686751,15.507758140563965,-11085.4619140625,2.244979,-29.216570472717283,35.18477,0.053199553489685074,224.9821573495865
Mixed Mobility,74,Random,baseline,21,"['Ping-Pong: 15 UEs oscillating', 'Unfairness: Jain Index = 0.07']",0.06745753644363711,37.79676818847656,-7378.22021484375,5.4716425,-27.729579257965085,49.289482,0.06137458216398956,149.7848778963089
Mixed Mobility,75,Random,baseline,22,"['Ping-Pong: 15 UEs oscillating', 'QoS Violation: Avg High Prio SINR = -6.74 dB (Threshold: 5.0 dB)', 'Unfairness: Jain Index = 0.03']",0.03337911562753381,-1.5576545000076294,-22659.228515625,-0.22549358,-37.41292057037354,31.958704,0.0035800486453808843,459.55243706703186
Mixed Mobility,76,Random,baseline,19,"['Ping-Pong: 14 UEs oscillating', 'QoS Violation: Avg High Prio SINR = 2.13 dB (Threshold: 5.0 dB)', 'Unfairness: Jain Index = 0.03']",0.033372126563809314,3.4482486248016357,-15961.6875,0.49918517,-36.4839900970459,33.970287,0.004549966636113823,323.7614333629608
Mixed Mobility,77,Random,baseline,20,"['Ping-Pong: 15 UEs oscillating', 'QoS Violation: Avg High Prio SINR = 3.52 dB (Threshold: 5.0 dB)', 'Unfairness: Jain Index = 0.05']",0.05330717239226908,30.97983741760254,-11290.095703125,4.4847903,-29.536824989318845,45.538715,0.09124083220958713,229.0850579738617
Mixed Mobility,78,Random,baseline,20,"['Ping-Pong: 11 UEs oscillating', 'Unfairness: Jain Index = 0.07']",0.06672573595223065,28.035377502441406,-16471.5703125,4.058537,-37.3850643157959,44.9856,0.0036033362965099515,334.0529203414917
Mixed Mobility,79,Random,baseline,21,"['Ping-Pong: 12 UEs oscillating', 'QoS Violation: Avg High Prio SINR = -6.85 dB (Threshold: 5.0 dB)', 'Unfairness: Jain Index = 0.03']",0.03335045882318937,-0.4980980157852173,-16765.48828125,-0.07210727,-37.37536067962647,30.553827,0.003611098974943161,340.06741642951965
Mixed Mobility,80,Random,baseline,23,"['Ping-Pong: 12 UEs oscillating', 'QoS Violation: Avg High Prio SINR = 0.40 dB (Threshold: 5.0 dB)', 'Unfairness: Jain Index = 0.10']",0.1000097501644642,46.976219177246094,-5496.33642578125,6.800504,-4.821200561523438,48.53694,5.621704030036926,111.64389550685883
Mixed Mobility,81,Random,baseline,25,"['Ping-Pong: 15 UEs oscillating', 'Unfairness: Jain Index = 0.07']",0.06813898120525713,40.03639602661133,-10999.6884765625,5.795862,-23.609160327911372,48.426548,1.692903887480498,223.15627336502075
Mixed Mobility,82,Random,baseline,19,"['Ping-Pong: 15 UEs oscillating', 'QoS Violation: Avg High Prio SINR = -2.80 dB (Threshold: 5.0 dB)', 'Unfairness: Jain Index = 0.05']",0.04600846685731477,21.886375427246094,-12140.1259765625,3.168377,-34.382487487792964,41.389843,0.009498815983533863,246.32038176059723
Mixed Mobility,83,Random,baseline,20,"['Ping-Pong: 14 UEs oscillating', 'Unfairness: Jain Index = 0.10']",0.09570138686099049,47.29585647583008,-5558.52685546875,6.8467774,-14.474163246154784,50.996624,0.8683191359043123,112.86299675703049
Mixed Mobility,84,Random,baseline,16,"['Ping-Pong: 8 UEs oscillating', 'QoS Violation: Avg High Prio SINR = 1.41 dB (Threshold: 5.0 dB)', 'Unfairness: Jain Index = 0.07']",0.06600578821279783,24.868934631347656,-10968.0244140625,3.6001472,-24.010678768157952,40.601894,1.4020993225276475,222.5169539451599
Mixed Mobility,85,Random,baseline,18,"['Ping-Pong: 8 UEs oscillating', 'QoS Violation: Avg High Prio SINR = -8.23 dB (Threshold: 5.0 dB)', 'Unfairness: Jain Index = 0.18']",0.18168078771899193,-22.30035400390625,-16496.30859375,-3.2283072,-37.37519073486328,17.249735,0.003611098974943161,334.6259891986847
Mixed Mobility,86,Random,baseline,21,"['Ping-Pong: 10 UEs oscillating', 'QoS Violation: Avg High Prio SINR = -4.12 dB (Threshold: 5.0 dB)', 'Unfairness: Jain Index = 0.04']",0.03735086777467696,16.55010414123535,-17123.98046875,2.3958728,-37.37519073486328,40.6834,0.003611098974943161,347.336083650589
Mixed Mobility,87,Random,baseline,21,"['Ping-Pong: 11 UEs oscillating', 'QoS Violation: Avg High Prio SINR = -5.81 dB (Threshold: 5.0 dB)', 'Unfairness: Jain Index = 0.04']",0.038296523691036276,5.931933403015137,-16501.501953125,0.8587353,-37.37614116668701,33.111073,0.003611098974943161,334.663987159729
Mixed Mobility,88,Random,baseline,24,"['Ping-Pong: 14 UEs oscillating', 'QoS Violation: Avg High Prio SINR = -9.01 dB (Threshold: 5.0 dB)', 'Unfairness: Jain Index = 0.03']",0.03360228691381929,-3.3056135177612305,-16854.724609375,-0.47853675,-37.37519073486328,29.47802,0.003611098974943161,341.8794870376587
Mixed Mobility,89,Random,baseline,22,"['Ping-Pong: 16 UEs oscillating', 'QoS Violation: Avg High Prio SINR = 1.38 dB (Threshold: 5.0 dB)', 'Unfairness: Jain Index = 0.06']",0.06396337390101689,22.912227630615234,-13598.8154296875,3.3168843,-35.91924476623535,42.36457,0.005409362120553852,275.8568227291107
Mixed Mobility,90,Random,baseline,23,"['Ping-Pong: 18 UEs oscillating', 'QoS Violation: Avg High Prio SINR = -8.40 dB (Threshold: 5.0 dB)', 'Unfairness: Jain Index = 0.03']",0.03476238333007165,8.33112621307373,-16500.318359375,1.2060542,-37.37519073486328,36.25306,0.003611098974943161,334.70627665519714
Mixed Mobility,91,Random,baseline,25,"['Ping-Pong: 17 UEs oscillating', 'Unfairness: Jain Index = 0.09']",0.09305906212786215,39.80311584472656,-5569.4453125,5.7620907,-13.2426305770874,45.068104,2.034997799992562,113.12177777290344
Mixed Mobility,92,Random,baseline,21,"['Ping-Pong: 15 UEs oscillating', 'QoS Violation: Avg High Prio SINR = -1.76 dB (Threshold: 5.0 dB)', 'Unfairness: Jain Index = 0.03']",0.03334021829368536,2.1917214393615723,-16426.39453125,0.31728396,-37.37519073486328,30.22561,0.003611098974943161,333.2133889198303
Mixed Mobility,93,Random,baseline,20,"['Ping-Pong: 13 UEs oscillating', 'Unfairness: Jain Index = 0.07']",0.06667010646634708,24.397293090820312,-5555.798828125,3.5318701,-11.322135925292965,35.644447,3.518148797750474,112.84086108207703
Mixed Mobility,94,Random,baseline,17,"['Ping-Pong: 9 UEs oscillating', 'QoS Violation: Avg High Prio SINR = 2.34 dB (Threshold: 5.0 dB)', 'Unfairness: Jain Index = 0.05']",0.05292382429866764,32.72685623168945,-10992.314453125,4.737696,-26.41737899780273,45.91056,0.43392296060919777,223.00772368907928
Mixed Mobility,95,Random,baseline,19,"['Ping-Pong: 9 UEs oscillating', 'QoS Violation: Avg High Prio SINR = -8.25 dB (Threshold: 5.0 dB)', 'Unfairness: Jain Index = 0.04']",0.04000179468856293,16.360837936401367,-7207.1748046875,2.3684735,-25.69105062484741,36.17091,0.14993258286267525,146.32846415042877
Mixed Mobility,96,Random,baseline,24,"['Ping-Pong: 11 UEs oscillating', 'QoS Violation: Avg High Prio SINR = -0.36 dB (Threshold: 5.0 dB)', 'Unfairness: Jain Index = 0.05']",0.0497952565496114,24.13764190673828,-11293.4423828125,3.4942815,-31.88882532119751,43.29496,0.02886981498450042,229.15810346603394
Mixed Mobility,97,Random,baseline,18,"['Ping-Pong: 10 UEs oscillating', 'Unfairness: Jain Index = 0.07']",0.06667293854644278,16.418481826782227,-11490.4658203125,2.3768191,-32.72817735671997,38.746284,0.019492859207093722,233.109250664711
Mixed Mobility,98,Random,baseline,20,"['Ping-Pong: 11 UEs oscillating', 'QoS Violation: Avg High Prio SINR = 2.02 dB (Threshold: 5.0 dB)', 'Unfairness: Jain Index = 0.06']",0.062347535263502535,13.514416694641113,-12939.1962890625,1.9564127,-34.42593154907227,41.160976,0.009333793912082913,262.4952495098114
Mixed Mobility,99,Random,baseline,25,"['Ping-Pong: 10 UEs oscillating', 'QoS Violation: Avg High Prio SINR = 1.08 dB (Threshold: 5.0 dB)', 'Unfairness: Jain Index = 0.04']",0.03537255111049846,2.041144847869873,-16785.46484375,0.29548553,-37.37519073486328,35.942635,0.003611098974943161,340.50843119621277
Mixed Mobility,100,Random,baseline,24,"['Ping-Pong: 15 UEs oscillating', 'Unfairness: Jain Index = 0.08']",0.0815129174075625,72.53108978271484,-7273.53662109375,10.499951,-20.233626937866205,66.498146,2.3451386177912363,147.64131605625153
Mixed Mobility,101,Random,baseline,24,"['Ping-Pong: 17 UEs oscillating', 'QoS Violation: Avg High Prio SINR = -3.00 dB (Threshold: 5.0 dB)', 'Unfairness: Jain Index = 0.05']",0.04506860071491987,16.061534881591797,-5623.28564453125,2.3251452,-15.598046016693113,31.934885,1.1048138797283178,114.23042416572571
Mixed Mobility,102,Random,baseline,22,"['Ping-Pong: 15 UEs oscillating', 'QoS Violation: Avg High Prio SINR = -6.03 dB (Threshold: 5.0 dB)', 'Unfairness: Jain Index = 0.03']",0.033850143461462784,-12.360093116760254,-23569.73828125,-1.789307,-37.37519073486328,30.530657,0.003611098974943161,478.02385687828064
Mixed Mobility,103,Random,baseline,20,"['Ping-Pong: 15 UEs oscillating', 'QoS Violation: Avg High Prio SINR = -1.43 dB (Threshold: 5.0 dB)', 'Unfairness: Jain Index = 0.03']",0.03333820305551583,-5.185239791870117,-11551.3212890625,-0.7506405,-32.90479373931885,26.124792,0.017980676703155046,234.40338671207428
Mixed Mobility,104,Random,baseline,23,"['Ping-Pong: 15 UEs oscillating', 'Unfairness: Jain Index = 0.04']",0.035311772940277576,36.50282669067383,-10963.509765625,5.2843246,-24.631051826477048,46.03497,1.0426079981029037,222.4167436361313
Mixed Mobility,105,Random,baseline,22,"['Ping-Pong: 13 UEs oscillating', 'Unfairness: Jain Index = 0.11']",0.1060966420998157,61.16402053833008,-15741.9521484375,8.8544,-37.12000923156738,64.13911,0.0038376220036298037,319.2909359931946
Mixed Mobility,106,Random,baseline,20,"['Ping-Pong: 14 UEs oscillating', 'Unfairness: Jain Index = 0.10']",0.10000546572871274,31.450536727905273,-11262.6396484375,4.552932,-31.399748325347897,46.256165,0.03649903833866121,228.53723168373108
Mixed Mobility,107,Random,baseline,21,"['Ping-Pong: 15 UEs oscillating', 'QoS Violation: Avg High Prio SINR = -5.72 dB (Threshold: 5.0 dB)', 'Unfairness: Jain Index = 0.03']",0.03441970830708451,11.53852653503418,-22030.775390625,1.6703727,-37.37562503814697,41.32615,0.003611098974943161,446.7504620552063
Mixed Mobility,108,Random,baseline,19,"['Ping-Pong: 11 UEs oscillating', 'QoS Violation: Avg High Prio SINR = -2.02 dB (Threshold: 5.0 dB)', 'Unfairness: Jain Index = 0.04']",0.043105681792130965,22.19917106628418,-13765.5263671875,3.2136583,-36.016568183898926,43.54662,0.005243204510770739,279.2512774467468
Mixed Mobility,109,Random,baseline,20,"['Ping-Pong: 13 UEs oscillating', 'QoS Violation: Avg High Prio SINR = -2.73 dB (Threshold: 5.0 dB)', 'Unfairness: Jain Index = 0.06']",0.06390954015424843,13.655830383300781,-17811.2734375,1.9768838,-37.37519073486328,42.65604,0.003611098974943161,361.2445592880249
Mixed Mobility,110,Random,baseline,19,"['Ping-Pong: 11 UEs oscillating', 'Unfairness: Jain Index = 0.07']",0.06694268988811289,32.87903594970703,-17055.451171875,4.759727,-37.37519073486328,48.15771,0.003611098974943161,345.90670466423035
Mixed Mobility,111,Random,baseline,16,"['Ping-Pong: 10 UEs oscillating', 'QoS Violation: Avg High Prio SINR = 0.24 dB (Threshold: 5.0 dB)', 'Unfairness: Jain Index = 0.04']",0.03555299971797534,-4.401844501495361,-22307.51953125,-0.6372321,-37.37519073486328,36.26923,0.003611098974943161,452.43731141090393
Mixed Mobility,112,Random,baseline,21,"['Ping-Pong: 12 UEs oscillating', 'QoS Violation: Avg High Prio SINR = -2.37 dB (Threshold: 5.0 dB)', 'Unfairness: Jain Index = 0.06']",0.05744932571398517,23.37224769592285,-14865.4384765625,3.3834794,-35.97209415435791,48.130024,0.005318346177227796,301.52326822280884
Mixed Mobility,113,Random,baseline,24,"['Ping-Pong: 12 UEs oscillating', 'Unfairness: Jain Index = 0.10']",0.09792537322917393,50.389835357666016,-6302.2353515625,7.294675,-19.263351821899413,53.936302,1.5375112980604178,127.96817719936371
Mixed Mobility,114,Random,baseline,22,"['Ping-Pong: 14 UEs oscillating', 'QoS Violation: Avg High Prio SINR = 1.45 dB (Threshold: 5.0 dB)', 'Unfairness: Jain Index = 0.10']",0.0992008169764302,47.25697708129883,-11880.56640625,6.841147,-33.37095823287964,58.503666,0.014588693995028738,241.0328984260559
Mixed Mobility,115,Random,baseline,16,"['Ping-Pong: 11 UEs oscillating', 'Unfairness: Jain Index = 0.07']",0.07316203029374826,46.84718322753906,-11268.0576171875,6.781824,-31.793004798889157,55.70506,0.030218674428761017,228.62888872623444
Mixed Mobility,116,Random,baseline,23,"['Ping-Pong: 12 UEs oscillating', 'Unfairness: Jain Index = 0.14']",0.13989892382447333,58.02187728881836,-5653.89501953125,8.399527,-17.70182647705078,60.271328,0.437733167409897,114.83170837163925
Mixed Mobility,117,Random,baseline,19,"['Ping-Pong: 10 UEs oscillating', 'Unfairness: Jain Index = 0.11']",0.11160777770499035,83.09159088134766,-5620.12548828125,12.028741,-13.880187416076657,71.957466,2.6152368664741528,114.1265332698822
Mixed Mobility,118,Random,baseline,22,"['Ping-Pong: 13 UEs oscillating', 'Unfairness: Jain Index = 0.16']",0.16069113930549783,82.78001403808594,-5980.68896484375,11.983632,-17.044251346588133,74.24698,2.4678874239325532,121.4429959654808
Mixed Mobility,119,Random,baseline,23,"['Ping-Pong: 11 UEs oscillating', 'QoS Violation: Avg High Prio SINR = 2.40 dB (Threshold: 5.0 dB)', 'Unfairness: Jain Index = 0.06']",0.058839685212563046,34.625389099121094,-11011.6904296875,5.012538,-28.139543437957762,48.170177,0.18348578885197647,223.44112396240234
Mixed Mobility,120,Random,baseline,18,"['Ping-Pong: 11 UEs oscillating', 'QoS Violation: Avg High Prio SINR = -6.29 dB (Threshold: 5.0 dB)', 'Unfairness: Jain Index = 0.06']",0.06476414437588929,18.67414665222168,-13332.9921875,2.7033591,-35.46510944366455,42.453995,0.0063046528957784185,270.452082157135
Mixed Mobility,121,Random,baseline,18,"['Ping-Pong: 11 UEs oscillating', 'QoS Violation: Avg High Prio SINR = -5.05 dB (Threshold: 5.0 dB)', 'Unfairness: Jain Index = 0.03']",0.034157798758727695,-10.509180068969727,-17633.369140625,-1.5213603,-37.37519073486328,31.20564,0.003611098974943161,357.68234729766846
Mixed Mobility,122,Random,baseline,22,"['Ping-Pong: 12 UEs oscillating', 'QoS Violation: Avg High Prio SINR = -9.12 dB (Threshold: 5.0 dB)', 'Unfairness: Jain Index = 0.03']",0.03378095920701566,-15.276596069335938,-17392.873046875,-2.2115142,-37.37519073486328,25.018763,0.003611098974943161,352.8091609477997
Mixed Mobility,123,Random,baseline,20,"['Ping-Pong: 12 UEs oscillating', 'QoS Violation: Avg High Prio SINR = 0.18 dB (Threshold: 5.0 dB)', 'Unfairness: Jain Index = 0.10']",0.0967342824750583,47.55403137207031,-14157.8271484375,6.88415,-36.33129386901855,57.908215,0.004758472973480821,287.2009575366974
Mixed Mobility,124,Random,baseline,19,"['Ping-Pong: 12 UEs oscillating', 'QoS Violation: Avg High Prio SINR = -0.96 dB (Threshold: 5.0 dB)', 'Unfairness: Jain Index = 0.05']",0.04807281466221708,27.16301155090332,-10971.9892578125,3.9322484,-26.750512790679927,40.028423,0.36760121211409585,222.64310717582703
Mixed Mobility,125,Random,baseline,24,"['Ping-Pong: 15 UEs oscillating', 'Unfairness: Jain Index = 0.11']",0.10583130437431483,79.67399597167969,-3336.74951171875,11.533994,-8.4853942155838,67.28742,3.245590782165528,67.83656030893326
Mixed Mobility,126,Random,baseline,20,"['Ping-Pong: 14 UEs oscillating', 'QoS Violation: Avg High Prio SINR = -4.99 dB (Threshold: 5.0 dB)', 'Unfairness: Jain Index = 0.06']",0.06429926809542533,3.4223623275756836,-14403.0390625,0.49543744,-35.88890190124512,37.934265,0.005462277494370938,292.1992838382721
Mixed Mobility,127,Random,baseline,19,"['Ping-Pong: 14 UEs oscillating', 'QoS Violation: Avg High Prio SINR = -4.14 dB (Threshold: 5.0 dB)', 'Unfairness: Jain Index = 0.03']",0.03349316775762257,-3.4083023071289062,-11977.00390625,-0.4934024,-33.831805515289304,31.064827,0.011943123955279591,243.02834272384644
Mixed Mobility,128,Random,baseline,17,"['Ping-Pong: 11 UEs oscillating', 'Unfairness: Jain Index = 0.15']",0.15275044105815522,62.2864875793457,-8371.7421875,9.016894,-31.509324073791504,65.366066,0.014640441117808226,169.90666091442108
Mixed Mobility,129,Random,baseline,21,"['Ping-Pong: 11 UEs oscillating', 'Unfairness: Jain Index = 0.12']",0.1196948295031745,56.08222961425781,-5542.0888671875,8.118733,-12.104891872406004,56.116447,2.0160707592964178,112.5643327832222
Mixed Mobility,130,Random,baseline,19,"['Ping-Pong: 7 UEs oscillating', 'QoS Violation: Avg High Prio SINR = -8.16 dB (Threshold: 5.0 dB)', 'Unfairness: Jain Index = 0.03']",0.03360641574504231,-4.879863262176514,-23808.703125,-0.70643306,-37.37519073486328,34.022785,0.003611098974943161,482.8196167945862
Mixed Mobility,131,Random,baseline,21,"['Ping-Pong: 11 UEs oscillating', 'QoS Violation: Avg High Prio SINR = 0.03 dB (Threshold: 5.0 dB)', 'Unfairness: Jain Index = 0.07']",0.06666877214176381,-12.058731079101562,-22463.7421875,-1.74568,-37.37519073486328,31.38482,0.003611098974943161,455.5577337741852
Mixed Mobility,132,Random,baseline,16,"['Ping-Pong: 9 UEs oscillating', 'QoS Violation: Avg High Prio SINR = -11.73 dB (Threshold: 5.0 dB)', 'Unfairness: Jain Index = 0.09']",0.08817706418460394,-22.29659080505371,-16877.4375,-3.2277615,-37.37519073486328,23.347315,0.003611098974943161,342.3651456832886
Mixed Mobility,133,Random,baseline,20,"['Ping-Pong: 12 UEs oscillating', 'QoS Violation: Avg High Prio SINR = 1.34 dB (Threshold: 5.0 dB)', 'Unfairness: Jain Index = 0.06']",0.05847033630840086,23.401371002197266,-12056.4375,3.3876948,-34.00337505340576,44.73922,0.011106572300195697,244.63653564453125
Mixed Mobility,134,Random,baseline,21,"['Ping-Pong: 13 UEs oscillating', 'QoS Violation: Avg High Prio SINR = -2.76 dB (Threshold: 5.0 dB)', 'Unfairness: Jain Index = 0.07']",0.06669824320804812,-7.145712852478027,-24239.822265625,-1.0344481,-37.37519073486328,37.64092,0.003611098974943161,491.6108250617981
Mixed Mobility,135,Random,baseline,24,"['Ping-Pong: 16 UEs oscillating', 'Unfairness: Jain Index = 0.14']",0.13886031744246677,86.24964141845703,-180.8170623779297,12.485913,-4.512745201587677,69.554886,6.034652876853944,3.8768015801906586
Mixed Mobility,136,Random,baseline,19,"['Ping-Pong: 13 UEs oscillating', 'QoS Violation: Avg High Prio SINR = 2.05 dB (Threshold: 5.0 dB)', 'Unfairness: Jain Index = 0.08']",0.07910811875390711,36.00663375854492,-21879.666015625,5.2124944,-37.37519073486328,54.46748,0.003611098974943161,443.7285363674164
Mixed Mobility,137,Random,baseline,17,"['Ping-Pong: 10 UEs oscillating', 'QoS Violation: Avg High Prio SINR = 4.63 dB (Threshold: 5.0 dB)', 'Unfairness: Jain Index = 0.07']",0.06633909339567316,6.072816371917725,-19222.634765625,0.87912965,-37.37519073486328,41.117905,0.003611098974943161,389.87988233566284
Mixed Mobility,138,Random,baseline,20,"['Ping-Pong: 7 UEs oscillating', 'Unfairness: Jain Index = 0.10']",0.09957547688162054,47.9561882019043,-11353.6064453125,6.9423695,-23.185200405120845,55.12989,2.0580842845141896,230.32227158546448
Mixed Mobility,139,Random,baseline,20,"['Ping-Pong: 7 UEs oscillating', 'QoS Violation: Avg High Prio SINR = -4.23 dB (Threshold: 5.0 dB)', 'Unfairness: Jain Index = 0.05']",0.049115830118159134,25.33812141418457,-9068.32421875,3.6680691,-31.714000320434568,43.702503,0.017409883998334413,184.04041230678558
Mixed Mobility,140,Random,baseline,16,"['Ping-Pong: 9 UEs oscillating', 'QoS Violation: Avg High Prio SINR = 2.09 dB (Threshold: 5.0 dB)', 'Unfairness: Jain Index = 0.10']",0.10000900582793731,26.51201629638672,-14417.2451171875,3.8380072,-36.40887451171875,47.87675,0.0046505159465596085,292.4628555774689
Mixed Mobility,141,Random,baseline,18,"['Ping-Pong: 11 UEs oscillating', 'Unfairness: Jain Index = 0.07']",0.06667462693050273,21.43405532836914,-6735.40185546875,3.102897,-23.448301029205318,37.794796,0.3246968507766725,136.7681920528412
Mixed Mobility,142,Random,baseline,19,"['Ping-Pong: 9 UEs oscillating', 'Unfairness: Jain Index = 0.08']",0.0759229035679891,18.86036491394043,-13739.4453125,2.7303164,-35.83824634552002,43.373886,0.005554350186139346,278.7178158760071
Mixed Mobility,143,Random,baseline,16,"['Ping-Pong: 9 UEs oscillating', 'QoS Violation: Avg High Prio SINR = 0.93 dB (Threshold: 5.0 dB)', 'Unfairness: Jain Index = 0.03']",0.03476173499507881,4.654344081878662,-22964.08203125,0.67378503,-37.37519073486328,39.756573,0.003611098974943161,465.74971079826355
Mixed Mobility,144,Random,baseline,19,"['Ping-Pong: 11 UEs oscillating', 'QoS Violation: Avg High Prio SINR = -1.66 dB (Threshold: 5.0 dB)', 'Unfairness: Jain Index = 0.07']",0.06667366473051525,8.636443138122559,-15071.8818359375,1.2502532,-36.791246795654295,36.095562,0.004177395231090487,305.7401478290558
Mixed Mobility,145,Random,baseline,19,"['Ping-Pong: 10 UEs oscillating', 'QoS Violation: Avg High Prio SINR = -10.05 dB (Threshold: 5.0 dB)', 'Unfairness: Jain Index = 0.03']",0.03337738940083643,1.802222728729248,-18442.4296875,0.26089823,-37.37519073486328,35.889446,0.003611098974943161,374.0674555301666
Mixed Mobility,146,Random,baseline,15,"['Ping-Pong: 10 UEs oscillating', 'QoS Violation: Avg High Prio SINR = -7.55 dB (Threshold: 5.0 dB)', 'Unfairness: Jain Index = 0.07']",0.0657271923545375,14.846251487731934,-17776.6640625,2.149215,-37.37519073486328,43.88299,0.003611098974943161,360.5647087097168
Mixed Mobility,147,Random,baseline,22,"['Ping-Pong: 12 UEs oscillating', 'Unfairness: Jain Index = 0.16']",0.15881449903501416,62.674442291259766,-11784.9912109375,9.073055,-33.70905475616455,65.08982,0.01258820025250316,239.10114169120789
Mixed Mobility,148,Random,baseline,18,"['Ping-Pong: 12 UEs oscillating', 'QoS Violation: Avg High Prio SINR = -5.55 dB (Threshold: 5.0 dB)', 'Unfairness: Jain Index = 0.03']",0.03334768973058358,-2.6238808631896973,-13048.0185546875,-0.3798459,-34.90970420837402,31.884907,0.007723600137978794,264.7252678871155
Mixed Mobility,149,Random,baseline,22,"['Ping-Pong: 16 UEs oscillating', 'Unfairness: Jain Index = 0.11']",0.11283155718347253,45.04151916503906,-10973.1796875,6.5204263,-26.033314132690425,52.96532,0.5250088207423689,222.677543759346
Mixed Mobility,150,Random,baseline,23,"['Ping-Pong: 14 UEs oscillating', 'Unfairness: Jain Index = 0.08']",0.08057002274595547,50.05010986328125,-12035.8486328125,7.2454953,-10.478666830062865,51.651405,2.295308923721314,244.17778849601746
Mixed Mobility,151,Random,baseline,17,"['Ping-Pong: 11 UEs oscillating', 'QoS Violation: Avg High Prio SINR = -5.10 dB (Threshold: 5.0 dB)', 'Unfairness: Jain Index = 0.04']",0.037097031819643286,-10.963397026062012,-11897.1337890625,-1.5871143,-30.11773624420166,21.20159,0.06852306928485634,241.4025366306305
Mixed Mobility,152,Random,baseline,21,"['Ping-Pong: 10 UEs oscillating', 'QoS Violation: Avg High Prio SINR = -2.63 dB (Threshold: 5.0 dB)', 'Unfairness: Jain Index = 0.04']",0.04483985871707502,13.713215827941895,-12141.7236328125,1.985191,-34.368754577636714,37.638317,0.009551707468926909,246.3603913784027
Mixed Mobility,153,Random,baseline,18,"['Ping-Pong: 12 UEs oscillating', 'QoS Violation: Avg High Prio SINR = 1.24 dB (Threshold: 5.0 dB)', 'Unfairness: Jain Index = 0.07']",0.06733884365997385,20.833526611328125,-26296.38671875,3.0159614,-37.377718925476074,47.190834,0.0036098052165471016,533.1084132194519
Mixed Mobility,154,Random,baseline,17,"['Ping-Pong: 12 UEs oscillating', 'QoS Violation: Avg High Prio SINR = 0.58 dB (Threshold: 5.0 dB)', 'Unfairness: Jain Index = 0.04']",0.03934790108158002,35.092735290527344,-16789.62109375,5.0801935,-37.37519073486328,52.90317,0.003611098974943161,340.4943346977234
Mixed Mobility,155,Random,baseline,16,"['Ping-Pong: 11 UEs oscillating', 'QoS Violation: Avg High Prio SINR = -3.59 dB (Threshold: 5.0 dB)', 'Unfairness: Jain Index = 0.03']",0.03333762161699391,-14.1019926071167,-12593.3212890625,-2.0414727,-32.8972466468811,25.21623,0.018043029680848127,255.49960136413574
Mixed Mobility,156,Random,baseline,13,"['Ping-Pong: 7 UEs oscillating', 'QoS Violation: Avg High Prio SINR = 2.13 dB (Threshold: 5.0 dB)', 'Unfairness: Jain Index = 0.07']",0.0667559994308105,19.102628707885742,-19168.912109375,2.7653887,-37.37519073486328,46.39355,0.003611098974943161,388.759970664978
Mixed Mobility,157,Random,baseline,18,"['Ping-Pong: 7 UEs oscillating', 'QoS Violation: Avg High Prio SINR = -5.49 dB (Threshold: 5.0 dB)', 'Unfairness: Jain Index = 0.08']",0.07580176637470773,-11.79863452911377,-12168.029296875,-1.7080274,-34.38926124572754,21.419912,0.009473428037017586,246.9017505645752
Mixed Mobility,158,Random,baseline,18,"['Ping-Pong: 8 UEs oscillating', 'Unfairness: Jain Index = 0.09']",0.09445177228639846,-1.4515705108642578,-18282.91796875,-0.21013619,-36.81869125366211,41.716553,0.004151990998070687,370.75334787368774
Mixed Mobility,159,Random,baseline,19,"['Ping-Pong: 11 UEs oscillating', 'Unfairness: Jain Index = 0.10']",0.10010017264603803,36.384552001953125,-16467.16015625,5.2672033,-37.38524055480957,51.092827,0.0036033362965099515,333.9909017086029
Mixed Mobility,160,Random,baseline,18,"['Ping-Pong: 12 UEs oscillating', 'QoS Violation: Avg High Prio SINR = 0.69 dB (Threshold: 5.0 dB)', 'Unfairness: Jain Index = 0.03']",0.03368010232228903,11.436373710632324,-15472.1279296875,1.6555847,-36.31069965362549,39.28998,0.0047881080303341155,313.845157623291
Mixed Mobility,161,Random,baseline,20,"['Ping-Pong: 10 UEs oscillating', 'QoS Violation: Avg High Prio SINR = 1.68 dB (Threshold: 5.0 dB)', 'Unfairness: Jain Index = 0.07']",0.06667052401283717,-2.8121089935302734,-17709.853515625,-0.40709475,-37.383098411560056,34.072735,0.0036046300549060105,359.1814339160919
Mixed Mobility,162,Random,baseline,18,"['Ping-Pong: 9 UEs oscillating', 'QoS Violation: Avg High Prio SINR = 0.94 dB (Threshold: 5.0 dB)', 'Unfairness: Jain Index = 0.06']",0.06286612536217318,-7.21640157699585,-20810.27734375,-1.0446813,-37.37519073486328,33.303917,0.003611098974943161,422.069251537323
Mixed Mobility,163,Random,baseline,23,"['Ping-Pong: 14 UEs oscillating', 'QoS Violation: Avg High Prio SINR = 0.30 dB (Threshold: 5.0 dB)', 'Unfairness: Jain Index = 0.07']",0.06666925322323759,12.000377655029297,-11430.291015625,1.7372326,-30.27856693267822,35.008484,0.06314825341105464,231.89644515514374
Mixed Mobility,164,Random,baseline,23,"['Ping-Pong: 16 UEs oscillating', 'Unfairness: Jain Index = 0.09']",0.08703817110663968,40.499603271484375,-12350.01171875,5.862918,-33.72944297790527,56.265614,0.012478223815560345,250.55444240570068
Mixed Mobility,165,Random,baseline,18,"['Ping-Pong: 13 UEs oscillating', 'QoS Violation: Avg High Prio SINR = -10.76 dB (Threshold: 5.0 dB)', 'Unfairness: Jain Index = 0.03']",0.03333694583192446,-9.952415466308594,-22495.126953125,-1.4407603,-37.37519073486328,29.086267,0.003611098974943161,456.20012283325195
Mixed Mobility,166,Random,baseline,20,"['Ping-Pong: 13 UEs oscillating', 'Unfairness: Jain Index = 0.08']",0.084307595649132,21.49323081970215,-8285.41796875,3.1114645,-31.4030517578125,41.861523,0.01478247200138867,168.18253695964813
Mixed Mobility,167,Random,baseline,22,"['Ping-Pong: 13 UEs oscillating', 'QoS Violation: Avg High Prio SINR = 4.07 dB (Threshold: 5.0 dB)', 'Unfairness: Jain Index = 0.07']",0.06667271161473115,8.77825927734375,-12626.7509765625,1.2707833,-34.99515037536621,35.251595,0.007478131074458362,256.1699450016022
Mixed Mobility,168,Random,baseline,21,"['Ping-Pong: 15 UEs oscillating', 'QoS Violation: Avg High Prio SINR = 2.97 dB (Threshold: 5.0 dB)', 'Unfairness: Jain Index = 0.05']",0.051384109997062784,22.20209312438965,-11042.9892578125,3.2140822,-28.945072174072262,41.18423,0.12258976027369504,224.09695386886597
Mixed Mobility,169,Random,baseline,22,"['Ping-Pong: 15 UEs oscillating', 'QoS Violation: Avg High Prio SINR = -8.26 dB (Threshold: 5.0 dB)', 'Unfairness: Jain Index = 0.03']",0.033717879284424844,8.160520553588867,-12534.1455078125,1.1813562,-34.946058654785155,32.8762,0.0076177949551492945,254.31230664253235
Mixed Mobility,170,Random,baseline,21,"['Ping-Pong: 15 UEs oscillating', 'Unfairness: Jain Index = 0.08']",0.07592016707745942,16.48954963684082,-13709.8125,2.387107,-35.96675548553467,41.23817,0.005326812528073788,278.12618017196655
Mixed Mobility,171,Random,baseline,16,"['Ping-Pong: 13 UEs oscillating', 'QoS Violation: Avg High Prio SINR = 2.84 dB (Threshold: 5.0 dB)', 'Unfairness: Jain Index = 0.08']",0.08139148876409961,39.75018310546875,-11545.9892578125,5.7544293,-32.995358848571776,52.427406,0.017257782816886908,234.26589369773865
Mixed Mobility,172,Random,baseline,22,"['Ping-Pong: 11 UEs oscillating', 'QoS Violation: Avg High Prio SINR = -1.68 dB (Threshold: 5.0 dB)', 'Unfairness: Jain Index = 0.03']",0.03408838052980764,10.153483390808105,-11033.326171875,1.4698675,-28.929001235961913,33.143757,0.12357879802584652,223.8975465297699
Mixed Mobility,173,Random,baseline,22,"['Ping-Pong: 10 UEs oscillating', 'QoS Violation: Avg High Prio SINR = 1.38 dB (Threshold: 5.0 dB)', 'Unfairness: Jain Index = 0.07']",0.06678201805035172,37.58396911621094,-9264.001953125,5.4408364,-26.26706781387329,47.449444,0.29908374780789027,188.00801038742065
Mixed Mobility,174,Random,baseline,21,"['Ping-Pong: 14 UEs oscillating', 'QoS Violation: Avg High Prio SINR = -6.41 dB (Threshold: 5.0 dB)', 'Unfairness: Jain Index = 0.03']",0.034063187704983594,-21.48513412475586,-23502.255859375,-3.1102917,-37.37605514526367,23.896729,0.003611098974943161,476.5982925891876
Mixed Mobility,175,Random,baseline,24,"['Ping-Pong: 14 UEs oscillating', 'Unfairness: Jain Index = 0.07']",0.06821199174513326,48.046897888183594,-5506.00830078125,6.955502,-8.631989717483519,49.44365,3.413431477546693,111.83661967515945
Mixed Mobility,176,Random,baseline,17,"['Ping-Pong: 11 UEs oscillating', 'QoS Violation: Avg High Prio SINR = -3.82 dB (Threshold: 5.0 dB)', 'Unfairness: Jain Index = 0.03']",0.03334045431655442,-3.9506278038024902,-16668.140625,-0.5719119,-37.37519073486328,30.028996,0.003611098974943161,338.11599016189575
Mixed Mobility,177,Random,baseline,18,"['Ping-Pong: 9 UEs oscillating', 'QoS Violation: Avg High Prio SINR = -8.08 dB (Threshold: 5.0 dB)', 'Unfairness: Jain Index = 0.06']",0.05682687711095566,-4.288324356079102,-16724.201171875,-0.62079865,-37.37891693115235,27.646994,0.0036085114581510423,339.24564719200134
Mixed Mobility,178,Random,baseline,19,"['Ping-Pong: 9 UEs oscillating', 'QoS Violation: Avg High Prio SINR = 0.33 dB (Threshold: 5.0 dB)', 'Unfairness: Jain Index = 0.04']",0.035245689287379305,-0.44673672318458557,-22172.25,-0.064671375,-37.37565021514892,36.592857,0.003611098974943161,449.6561586856842
Mixed Mobility,179,Random,baseline,23,"['Ping-Pong: 11 UEs oscillating', 'QoS Violation: Avg High Prio SINR = 4.19 dB (Threshold: 5.0 dB)', 'Unfairness: Jain Index = 0.10']",0.10140424274278292,50.234954833984375,-7836.0927734375,7.272255,-20.991144943237302,53.236355,2.233615529537202,159.06193852424622
Mixed Mobility,180,Random,baseline,21,"['Ping-Pong: 14 UEs oscillating', 'QoS Violation: Avg High Prio SINR = 1.01 dB (Threshold: 5.0 dB)', 'Unfairness: Jain Index = 0.07']",0.06677855552732095,13.63350772857666,-12774.3623046875,1.9736525,-35.22173652648926,37.105843,0.006877126824110747,259.18105244636536
Mixed Mobility,181,Random,baseline,20,"['Ping-Pong: 14 UEs oscillating', 'QoS Violation: Avg High Prio SINR = -12.42 dB (Threshold: 5.0 dB)', 'Unfairness: Jain Index = 0.26']",0.25786058005229634,-35.84329605102539,-21155.244140625,-5.1888494,-37.37519073486328,15.628596,0.003611098974943161,429.0746748447418
Mixed Mobility,182,Random,baseline,20,"['Ping-Pong: 15 UEs oscillating', 'QoS Violation: Avg High Prio SINR = -6.67 dB (Threshold: 5.0 dB)', 'Unfairness: Jain Index = 0.14']",0.14035729135482536,-17.583560943603516,-11130.2392578125,-2.545481,-30.588991641998287,16.16482,0.05419267266988756,225.87850689888
Mixed Mobility,183,Random,baseline,23,"['Ping-Pong: 16 UEs oscillating', 'QoS Violation: Avg High Prio SINR = -0.08 dB (Threshold: 5.0 dB)', 'Unfairness: Jain Index = 0.05']",0.05312788051518804,33.99790573120117,-11022.5458984375,4.921701,-28.649394035339352,46.70253,0.14213488325476653,223.66003692150116
Mixed Mobility,184,Random,baseline,22,"['Ping-Pong: 15 UEs oscillating', 'QoS Violation: Avg High Prio SINR = -8.97 dB (Threshold: 5.0 dB)', 'Unfairness: Jain Index = 0.07']",0.06741070472011941,-20.370485305786133,-22041.822265625,-2.94893,-37.37519073486328,21.125769,0.003611098974943161,447.0053017139435
Mixed Mobility,185,Random,baseline,23,"['Ping-Pong: 16 UEs oscillating', 'QoS Violation: Avg High Prio SINR = -1.95 dB (Threshold: 5.0 dB)', 'Unfairness: Jain Index = 0.07']",0.06674441660603068,43.9270133972168,-10962.38671875,6.359086,-24.89343280792236,50.566063,0.9183745138347152,222.43234515190125
Mixed Mobility,186,Random,baseline,17,"['Ping-Pong: 14 UEs oscillating', 'QoS Violation: Avg High Prio SINR = -6.89 dB (Threshold: 5.0 dB)', 'Unfairness: Jain Index = 0.25']",0.24607402706063003,-18.285573959350586,-14612.3818359375,-2.6471074,-36.53575115203857,19.97523,0.004483286081813276,296.44203186035156
Mixed Mobility,187,Random,baseline,24,"['Ping-Pong: 14 UEs oscillating', 'Unfairness: Jain Index = 0.10']",0.10000325092926621,39.18692398071289,-5534.3740234375,5.6728888,-12.928773975372312,45.10301,1.2320432484149935,112.4209463596344
Mixed Mobility,188,Random,baseline,22,"['Ping-Pong: 10 UEs oscillating', 'Unfairness: Jain Index = 0.07']",0.06667132280107016,29.915210723876953,-5656.2197265625,4.330671,-6.141258597373962,37.760025,4.32120897769928,114.89353328943253
Mixed Mobility,189,Random,baseline,25,"['Ping-Pong: 15 UEs oscillating', 'QoS Violation: Avg High Prio SINR = -0.96 dB (Threshold: 5.0 dB)', 'Unfairness: Jain Index = 0.07']",0.06668139883622075,20.524112701416016,-10962.2822265625,2.9711692,-23.29024171829223,37.52373,1.9615142457187182,222.45341539382935
Mixed Mobility,190,Random,baseline,18,"['Ping-Pong: 13 UEs oscillating', 'QoS Violation: Avg High Prio SINR = -4.29 dB (Threshold: 5.0 dB)', 'Unfairness: Jain Index = 0.07']",0.06667515342022716,11.127132415771484,-16441.755859375,1.6108174,-37.37519073486328,38.070744,0.003611098974943161,333.52312445640564
Mixed Mobility,191,Random,baseline,22,"['Ping-Pong: 13 UEs oscillating', 'Unfairness: Jain Index = 0.10']",0.1000383638339753,39.65595626831055,-11582.533203125,5.7407866,-32.740605640411374,54.161644,0.019381911307573326,235.00309884548187
Mixed Mobility,192,Random,baseline,21,"['Ping-Pong: 13 UEs oscillating', 'QoS Violation: Avg High Prio SINR = -6.18 dB (Threshold: 5.0 dB)', 'Unfairness: Jain Index = 0.03']",0.03334126678627973,-7.655277252197266,-18135.89453125,-1.1082152,-37.37519073486328,29.093851,0.003611098974943161,367.8635358810425
Mixed Mobility,193,Random,baseline,20,"['Ping-Pong: 12 UEs oscillating', 'QoS Violation: Avg High Prio SINR = -5.15 dB (Threshold: 5.0 dB)', 'Unfairness: Jain Index = 0.03']",0.03338304352556651,1.0605499744415283,-19645.669921875,0.15353023,-37.37519073486328,33.93096,0.003611098974943161,398.46572279930115
Mixed Mobility,194,Random,baseline,25,"['Ping-Pong: 14 UEs oscillating', 'Unfairness: Jain Index = 0.10']",0.10229407583297019,69.17176818847656,-5495.81591796875,10.013641,-6.958276391029358,61.87654,3.672080767154694,111.616350710392
Mixed Mobility,195,Random,baseline,22,"['Ping-Pong: 14 UEs oscillating', 'QoS Violation: Avg High Prio SINR = -0.88 dB (Threshold: 5.0 dB)', 'Unfairness: Jain Index = 0.03']",0.03334162990444158,-2.902287006378174,-11531.7900390625,-0.42014912,-31.656702232360836,28.330309,0.032254241406917586,234.00327563285828
Mixed Mobility,196,Random,baseline,20,"['Ping-Pong: 14 UEs oscillating', 'Unfairness: Jain Index = 0.07']",0.07404242595157175,40.94704818725586,-5500.35498046875,5.927694,-6.323389363288879,45.432457,4.20676840543747,111.72851175069809
Mixed Mobility,197,Random,baseline,21,"['Ping-Pong: 13 UEs oscillating', 'Unfairness: Jain Index = 0.07']",0.06671347344991055,21.23149299621582,-18118.236328125,3.0735738,-37.37519073486328,45.101097,0.003611098974943161,367.5025403499603
Mixed Mobility,198,Random,baseline,21,"['Ping-Pong: 13 UEs oscillating', 'QoS Violation: Avg High Prio SINR = -0.10 dB (Threshold: 5.0 dB)', 'Unfairness: Jain Index = 0.03']",0.03335612641896014,6.350032806396484,-17321.37109375,0.9192616,-37.37519073486328,32.319515,0.003611098974943161,351.3517379760742
Mixed Mobility,199,Random,baseline,22,"['Ping-Pong: 16 UEs oscillating', 'Unfairness: Jain Index = 0.15']",0.1535270099576676,86.8294906616211,-31.094215393066406,12.569857,-5.036094498634339,68.25106,5.411709809303284,0.8417423814535141
Mixed Mobility,0,Random,utility,25,['Unfairness: Jain Index = 0.16'],0.1558846561957195,23.82761001586914,-30.452613830566406,3.4493997,-4.567518711090088,27.606731,5.915986514091491,0.8582075242884457
Mixed Mobility,1,Random,utility,24,"['QoS Violation: Avg High Prio SINR = 1.01 dB (Threshold: 5.0 dB)', 'Unfairness: Jain Index = 0.13']",0.12757311640546004,3.0426442623138428,-53.65312194824219,0.44046786,-7.035168075561524,18.835531,3.5688918232917786,1.3460899936035275
Mixed Mobility,2,Random,utility,28,"['QoS Violation: Avg High Prio SINR = 0.35 dB (Threshold: 5.0 dB)', 'Unfairness: Jain Index = 0.34']",0.3384814908818954,-5.392019271850586,-48.48914337158203,-0.7805747,-5.522292566299439,13.721369,4.88205099105835,1.2523435289040208
Mixed Mobility,3,Random,utility,28,"['Ping-Pong: 22 UEs oscillating', 'Unfairness: Jain Index = 0.07']",0.06879271462571007,29.41737937927246,-34.82170867919922,4.258601,-5.1310019254684445,32.17828,5.335032653808594,0.9432521183043718
Mixed Mobility,4,Random,utility,26,"['Ping-Pong: 23 UEs oscillating', 'QoS Violation: Avg High Prio SINR = 4.10 dB (Threshold: 5.0 dB)', 'Unfairness: Jain Index = 0.11']",0.1072909752329545,16.806875228881836,-32.79823684692383,2.4330442,-4.305004906654358,23.805769,6.23437991142273,0.912999443244189
Mixed Mobility,5,Random,utility,25,"['Ping-Pong: 22 UEs oscillating', 'QoS Violation: Avg High Prio SINR = 1.18 dB (Threshold: 5.0 dB)', 'Unfairness: Jain Index = 0.07']",0.06513947371295246,23.32253074645996,-43.19451141357422,3.376282,-6.178043246269226,29.92722,4.268038821220398,1.1196221457794309
Mixed Mobility,6,Random,utility,22,"['Ping-Pong: 19 UEs oscillating', 'QoS Violation: Avg High Prio SINR = 1.22 dB (Threshold: 5.0 dB)', 'Unfairness: Jain Index = 0.05']",0.05181307977961057,21.237579345703125,-41.10051727294922,3.0744545,-5.7759463548660275,28.212147,4.647660493850708,1.0770501103252172
Mixed Mobility,7,Random,utility,21,"['Ping-Pong: 16 UEs oscillating', 'Unfairness: Jain Index = 0.14']",0.13652212484406231,46.66134262084961,-21.153722763061523,6.7549224,-3.670225143432617,39.400745,7.080340337753296,0.6488999351859093
Mixed Mobility,8,Random,utility,27,"['Ping-Pong: 16 UEs oscillating', 'Unfairness: Jain Index = 0.04']",0.037008937432707084,30.54952049255371,-27.75969886779785,4.422496,-3.446842575073242,30.999105,7.3635512590408325,0.7987025310285389
Mixed Mobility,9,Random,utility,26,"['Ping-Pong: 17 UEs oscillating', 'QoS Violation: Avg High Prio SINR = -1.04 dB (Threshold: 5.0 dB)', 'Unfairness: Jain Index = 0.03']",0.03362941670897831,24.726890563964844,-34.76263427734375,3.5795836,-4.333795666694641,29.601677,6.200406432151794,0.9503524634055793
Mixed Mobility,10,Random,utility,22,"['Ping-Pong: 19 UEs oscillating', 'QoS Violation: Avg High Prio SINR = 2.92 dB (Threshold: 5.0 dB)', 'Unfairness: Jain Index = 0.03']",0.033656742593977926,39.042510986328125,-33.296104431152344,5.651983,-4.692525744438171,37.3769,5.769892787933349,0.9063926408998668
Mixed Mobility,11,Random,utility,25,"['Ping-Pong: 19 UEs oscillating', 'QoS Violation: Avg High Prio SINR = 3.73 dB (Threshold: 5.0 dB)', 'Unfairness: Jain Index = 0.13']",0.13010705505610154,22.83614158630371,-34.69347381591797,3.3058705,-3.8232194781303406,27.344954,6.86757664680481,0.9458753047510982
Mixed Mobility,12,Random,utility,27,"['Ping-Pong: 19 UEs oscillating', 'Unfairness: Jain Index = 0.04']",0.03887549591325091,41.46205139160156,-38.54543685913086,6.002246,-5.540764427185058,38.99076,4.874260020256043,1.0068492265418172
Mixed Mobility,13,Random,utility,25,"['Ping-Pong: 22 UEs oscillating', 'Unfairness: Jain Index = 0.05']",0.0521844306039795,37.73168182373047,-31.764129638671875,5.4622207,-4.790699434280396,36.735897,5.656290721893311,0.8743325597606599
Mixed Mobility,14,Random,utility,24,"['Ping-Pong: 23 UEs oscillating', 'Unfairness: Jain Index = 0.05']",0.048928679311358976,69.1219482421875,-29.623750686645508,10.006428,-6.500866889953613,55.462273,4.0173699975013735,0.8092641364783049
Mixed Mobility,15,Random,utility,23,"['Ping-Pong: 19 UEs oscillating', 'QoS Violation: Avg High Prio SINR = 2.06 dB (Threshold: 5.0 dB)', 'Unfairness: Jain Index = 0.10']",0.10015440761963738,11.934284210205078,-47.4466667175293,1.7276646,-5.68727707862854,22.388323,4.73106427192688,1.2129310052841902
Mixed Mobility,16,Random,utility,26,"['Ping-Pong: 18 UEs oscillating', 'QoS Violation: Avg High Prio SINR = 4.88 dB (Threshold: 5.0 dB)', 'Unfairness: Jain Index = 0.03']",0.03349107573629902,21.82514190673828,-43.199180603027344,3.1595128,-6.402517771720886,29.036798,4.125185906887054,1.1222142493352294
Mixed Mobility,17,Random,utility,28,"['Ping-Pong: 18 UEs oscillating', 'Unfairness: Jain Index = 0.03']",0.03414704177906953,31.79713249206543,-34.25839614868164,4.603106,-4.4570087671279905,33.881905,6.056473875045777,0.9335816721431911
Mixed Mobility,18,Random,utility,21,"['Ping-Pong: 19 UEs oscillating', 'Unfairness: Jain Index = 0.03']",0.03338140515867318,29.305702209472656,-29.773893356323242,4.242435,-3.9559069633483883,31.42407,6.697179174423218,0.8477683877572417
Mixed Mobility,19,Random,utility,26,"['Ping-Pong: 17 UEs oscillating', 'QoS Violation: Avg High Prio SINR = 3.20 dB (Threshold: 5.0 dB)', 'Unfairness: Jain Index = 0.09']",0.09352434800817085,14.660019874572754,-40.988277435302734,2.122255,-5.49992344379425,24.262526,4.90315465927124,1.0803180048242211
Mixed Mobility,20,Random,utility,25,"['Ping-Pong: 17 UEs oscillating', 'Unfairness: Jain Index = 0.22']",0.21905340480060773,18.49512481689453,-41.27094268798828,2.6774437,-7.1019395828247065,24.8352,3.807917737960816,1.0813628323376179
Mixed Mobility,21,Random,utility,26,"['Ping-Pong: 19 UEs oscillating', 'Unfairness: Jain Index = 0.07']",0.0672001883307344,37.182804107666016,-27.152284622192383,5.3827624,-4.447570371627807,35.267475,6.062326693534851,0.7844606298021972
Mixed Mobility,22,Random,utility,25,"['Ping-Pong: 19 UEs oscillating', 'Unfairness: Jain Index = 0.05']",0.04992123653587668,62.994205474853516,-24.741260528564453,9.119345,-4.327926850318908,50.810772,6.2818028926849365,0.7143780821934342
Mixed Mobility,23,Random,utility,23,"['Ping-Pong: 18 UEs oscillating', 'QoS Violation: Avg High Prio SINR = 2.83 dB (Threshold: 5.0 dB)', 'Unfairness: Jain Index = 0.08']",0.0829044688521819,14.797523498535156,-43.56721878051758,2.142161,-6.093543624877929,23.223833,4.34963538646698,1.1327487882226706
Mixed Mobility,24,Random,utility,26,"['Ping-Pong: 18 UEs oscillating', 'Unfairness: Jain Index = 0.05']",0.047271257348254124,26.413055419921875,-42.91420364379883,3.8236818,-5.634466934204101,32.59032,4.7678416728973385,1.1172157246619463
Mixed Mobility,25,Random,utility,24,"['Ping-Pong: 17 UEs oscillating', 'Unfairness: Jain Index = 0.06']",0.05734790996876716,56.95497131347656,-35.17988586425781,8.245077,-5.015900778770447,50.104652,5.412369203567505,0.9381117997691035
Mixed Mobility,26,Random,utility,28,"['Ping-Pong: 21 UEs oscillating', 'Unfairness: Jain Index = 0.06']",0.06329714182359814,46.227516174316406,-33.72515869140625,6.6921186,-5.348829698562621,42.65652,5.11916561126709,0.9183108923025429
Mixed Mobility,27,Random,utility,26,"['Ping-Pong: 21 UEs oscillating', 'Unfairness: Jain Index = 0.04']",0.03527287458757002,28.251136779785156,-38.389625549316406,4.0897703,-5.48443820476532,31.83587,4.916929483413696,1.016448950394988
Mixed Mobility,28,Random,utility,23,"['Ping-Pong: 20 UEs oscillating', 'QoS Violation: Avg High Prio SINR = 4.73 dB (Threshold: 5.0 dB)', 'Unfairness: Jain Index = 0.03']",0.033739602146790726,29.026243209838867,-46.931087493896484,4.201979,-5.643720269203186,32.52661,4.767749619483948,1.194461015984416
Mixed Mobility,29,Random,utility,25,"['Ping-Pong: 19 UEs oscillating', 'Unfairness: Jain Index = 0.03']",0.033352910931376344,29.84069061279297,-41.06792068481445,4.319881,-4.638111841678619,32.572617,5.86809470653534,1.0724549647420645
Mixed Mobility,30,Random,utility,25,"['Ping-Pong: 19 UEs oscillating', 'Unfairness: Jain Index = 0.09']",0.0938626118597509,79.74443817138672,-35.488101959228516,11.54419,-7.080230426788329,63.770767,3.6624405264854434,0.9311407920904458
Mixed Mobility,31,Random,utility,24,"['Ping-Pong: 19 UEs oscillating', 'Unfairness: Jain Index = 0.06']",0.061018450491119314,33.73693084716797,-80.07384490966797,4.8839192,-7.822037935256958,36.957436,3.0264133095741275,1.85791973490268
Mixed Mobility,32,Random,utility,25,"['Ping-Pong: 20 UEs oscillating', 'Unfairness: Jain Index = 0.04']",0.040872682424569394,29.906808853149414,-64.12799072265625,4.3294535,-8.585299205780029,35.615986,2.980772304534913,1.5418956754729152
Mixed Mobility,33,Random,utility,25,"['Ping-Pong: 20 UEs oscillating', 'Unfairness: Jain Index = 0.09']",0.0881898027585253,58.3261604309082,-31.361854553222656,8.443577,-4.480564427375794,50.56989,6.017572140693664,0.8661190513521433
Mixed Mobility,34,Random,utility,27,"['Ping-Pong: 22 UEs oscillating', 'Unfairness: Jain Index = 0.04']",0.04036228350499285,48.057533264160156,-56.787841796875,6.95704,-9.728503561019897,45.072952,2.091460591554642,1.3773146783933043
Mixed Mobility,35,Random,utility,23,"['Ping-Pong: 19 UEs oscillating', 'Unfairness: Jain Index = 0.07']",0.06579148312451148,29.461336135864258,-2664.683837890625,4.2649646,-19.995069313049314,40.37484,1.7934575363993652,54.23703417181969
Mixed Mobility,36,Random,utility,26,"['Ping-Pong: 20 UEs oscillating', 'QoS Violation: Avg High Prio SINR = 3.85 dB (Threshold: 5.0 dB)', 'Unfairness: Jain Index = 0.06']",0.056329237999392594,41.90581512451172,-70.45086669921875,6.0664883,-8.125156211853026,43.451294,3.1879894733428964,1.6641459660604596
Mixed Mobility,37,Random,utility,27,"['Ping-Pong: 21 UEs oscillating', 'QoS Violation: Avg High Prio SINR = 2.12 dB (Threshold: 5.0 dB)', 'Unfairness: Jain Index = 0.03']",0.033355177570756345,28.791730880737305,-49.190433502197266,4.1680303,-6.279309344291687,32.367012,4.175026440620423,1.2391990749165416
Mixed Mobility,38,Random,utility,27,"['Ping-Pong: 22 UEs oscillating', 'QoS Violation: Avg High Prio SINR = 0.48 dB (Threshold: 5.0 dB)', 'Unfairness: Jain Index = 0.03']",0.033336791517304835,23.201141357421875,-44.484336853027344,3.3587096,-6.752264881134034,29.272116,3.7830446481704714,1.1486659059301019
Mixed Mobility,39,Random,utility,30,"['Ping-Pong: 24 UEs oscillating', 'Unfairness: Jain Index = 0.07']",0.0662126606637692,44.91681671142578,-5617.08544921875,6.502376,-5.785398054122925,47.309166,4.661075520515443,114.10955339670181
Mixed Mobility,40,Random,utility,25,"['Ping-Pong: 23 UEs oscillating', 'Unfairness: Jain Index = 0.05']",0.049043179803233056,29.91486167907715,-135.07830810546875,4.3306203,-9.884658861160277,37.254993,2.0457131922245027,2.9796527232974768
Mixed Mobility,41,Random,utility,24,"['Ping-Pong: 21 UEs oscillating', 'QoS Violation: Avg High Prio SINR = 0.81 dB (Threshold: 5.0 dB)', 'Unfairness: Jain Index = 0.04']",0.04195037952101545,0.38147711753845215,-3940.076171875,0.055224452,-10.731376028060911,23.1569,2.187875354290009,80.11206984519958
Mixed Mobility,42,Random,utility,25,"['Ping-Pong: 20 UEs oscillating', 'Unfairness: Jain Index = 0.06']",0.06288790743523916,42.37114715576172,-37.01900863647461,6.1338515,-5.044122958183289,41.411568,5.374933838844299,0.9859340498223901
Mixed Mobility,43,Random,utility,24,"['Ping-Pong: 21 UEs oscillating', 'Unfairness: Jain Index = 0.05']",0.04737781862347812,50.31015396118164,-5510.95849609375,7.2831407,-8.42391595840454,51.49987,2.678653740882874,111.95428669452667
Mixed Mobility,44,Random,utility,24,"['Ping-Pong: 21 UEs oscillating', 'Unfairness: Jain Index = 0.05']",0.046205082338808566,47.42192459106445,-5543.52880859375,6.8650274,-9.656862354278562,48.186337,2.8413400888443,112.56694048643112
Mixed Mobility,45,Random,utility,25,"['Ping-Pong: 19 UEs oscillating', 'Unfairness: Jain Index = 0.04']",0.036815626822315956,40.477108001708984,-5728.18408203125,5.859662,-15.774555397033689,46.65064,1.5858217328786857,116.35240167379379
Mixed Mobility,46,Random,utility,23,"['Ping-Pong: 17 UEs oscillating', 'Unfairness: Jain Index = 0.05']",0.04684793529454617,36.70043182373047,-4920.55810546875,5.3129325,-8.934075832366943,43.11143,2.5021220147609715,99.9322161078453
Mixed Mobility,47,Random,utility,28,"['Ping-Pong: 20 UEs oscillating', 'QoS Violation: Avg High Prio SINR = -0.75 dB (Threshold: 5.0 dB)', 'Unfairness: Jain Index = 0.03']",0.03336939995174693,23.4736328125,-5569.54736328125,3.3981562,-13.218172073364258,35.23995,0.9904793113470078,113.11724781990051
Mixed Mobility,48,Random,utility,22,"['Ping-Pong: 17 UEs oscillating', 'Unfairness: Jain Index = 0.11']",0.10638765101086366,68.51753997802734,-22.67144012451172,9.91893,-3.0168262720108032,54.832176,7.992431545257569,0.6836397224105895
Mixed Mobility,49,Random,utility,26,"['Ping-Pong: 20 UEs oscillating', 'QoS Violation: Avg High Prio SINR = 4.46 dB (Threshold: 5.0 dB)', 'Unfairness: Jain Index = 0.06']",0.06376845549077256,36.10261917114258,-5507.9296875,5.2263885,-8.126329135894775,40.929077,3.324437761306763,111.89214885234833
Mixed Mobility,50,Random,utility,25,"['Ping-Pong: 17 UEs oscillating', 'Unfairness: Jain Index = 0.07']",0.06582753207923894,50.43492889404297,-637.19677734375,7.3012033,-9.501320314407348,47.91505,2.310919547080994,13.136951252818108
Mixed Mobility,51,Random,utility,25,"['Ping-Pong: 19 UEs oscillating', 'Unfairness: Jain Index = 0.06']",0.0645448468200067,37.57032775878906,-5569.54638671875,5.438863,-11.20505871772766,45.676514,1.7708044052124028,113.1218820810318
Mixed Mobility,52,Random,utility,23,"['Ping-Pong: 17 UEs oscillating', 'QoS Violation: Avg High Prio SINR = -1.28 dB (Threshold: 5.0 dB)', 'Unfairness: Jain Index = 0.04']",0.04083713971474467,21.222389221191406,-8753.11328125,3.0722554,-32.096853256225586,40.219063,0.012464012671262027,177.66767740249634
Mixed Mobility,53,Random,utility,27,"['Ping-Pong: 21 UEs oscillating', 'Unfairness: Jain Index = 0.05']",0.04833782412157551,21.252717971801758,-11117.9794921875,3.076646,-23.962105178833003,40.22839,1.447647083131597,225.5953997373581
Mixed Mobility,54,Random,utility,27,"['Ping-Pong: 22 UEs oscillating', 'Unfairness: Jain Index = 0.05']",0.051231752557917135,40.79147720336914,-5505.3271484375,5.905171,-5.264742517471314,44.079105,5.141704988479614,111.84121668338776
Mixed Mobility,55,Random,utility,24,"['Ping-Pong: 21 UEs oscillating', 'QoS Violation: Avg High Prio SINR = 0.21 dB (Threshold: 5.0 dB)', 'Unfairness: Jain Index = 0.03']",0.03333860887494502,4.232638835906982,-6210.89892578125,0.61273754,-19.272476577758788,27.498304,1.09954479187727,126.12693011760712
Mixed Mobility,56,Random,utility,23,"['Ping-Pong: 17 UEs oscillating', 'Unfairness: Jain Index = 0.05']",0.054764497608295964,31.357887268066406,-5543.8251953125,4.5395184,-9.706343674659728,38.399662,2.772368514537812,112.59706318378448
Mixed Mobility,57,Random,utility,28,"['Ping-Pong: 19 UEs oscillating', 'Unfairness: Jain Index = 0.07']",0.07315074267344301,58.000911712646484,-11003.28515625,8.396493,-22.58837985992431,56.46215,2.7038913923315713,223.2077568769455
Mixed Mobility,58,Random,utility,28,"['Ping-Pong: 21 UEs oscillating', 'QoS Violation: Avg High Prio SINR = 0.43 dB (Threshold: 5.0 dB)', 'Unfairness: Jain Index = 0.04']",0.03729254690814119,12.951700210571289,-11057.6513671875,1.8749505,-28.788011169433588,34.60891,0.13281685160472995,224.3793159723282
Mixed Mobility,59,Random,utility,29,"['Ping-Pong: 26 UEs oscillating', 'Unfairness: Jain Index = 0.08']",0.08454899952914018,52.92469024658203,-5572.4130859375,7.6616335,-9.44996519088745,52.160847,2.1360886812210085,113.15955221652985
Mixed Mobility,60,Random,utility,28,"['Ping-Pong: 26 UEs oscillating', 'QoS Violation: Avg High Prio SINR = 4.61 dB (Threshold: 5.0 dB)', 'Unfairness: Jain Index = 0.09']",0.08914155694066371,35.364646911621094,-10091.5703125,5.1195574,-23.048328781127925,45.519917,1.8125795527361341,204.72456514835358
Mixed Mobility,61,Random,utility,27,"['Ping-Pong: 25 UEs oscillating', 'QoS Violation: Avg High Prio SINR = 4.56 dB (Threshold: 5.0 dB)', 'Unfairness: Jain Index = 0.04']",0.044819751078613544,41.6412239074707,-8282.1435546875,6.0281844,-22.666001319885247,48.257004,1.2336448502726858,168.1043654680252
Mixed Mobility,62,Random,utility,22,"['Ping-Pong: 20 UEs oscillating', 'QoS Violation: Avg High Prio SINR = 1.08 dB (Threshold: 5.0 dB)', 'Unfairness: Jain Index = 0.07']",0.06579670371625221,20.88604736328125,-10162.337890625,3.0235655,-23.038551425933832,37.509884,1.8506332372315235,206.21666312217712
Mixed Mobility,63,Random,utility,25,"['Ping-Pong: 18 UEs oscillating', 'QoS Violation: Avg High Prio SINR = 4.19 dB (Threshold: 5.0 dB)', 'Unfairness: Jain Index = 0.05']",0.05320851413839372,44.90066146850586,-10981.904296875,6.5000367,-27.169839477539057,50.871403,0.2981614492833615,222.84051775932312
Mixed Mobility,64,Random,utility,26,"['Ping-Pong: 17 UEs oscillating', 'Unfairness: Jain Index = 0.04']",0.03671729988847653,15.705766677856445,-10997.123046875,2.2736428,-25.638444042205805,36.996967,0.6383804394397887,223.19145500659943
Mixed Mobility,65,Random,utility,26,"['Ping-Pong: 21 UEs oscillating', 'Unfairness: Jain Index = 0.10']",0.10111887549662557,65.9953384399414,-30.799243927001953,9.553803,-5.236821484565735,54.783245,5.172855734825134,0.847608142066747
Mixed Mobility,66,Random,utility,25,"['Ping-Pong: 22 UEs oscillating', 'Unfairness: Jain Index = 0.03']",0.03334881097226331,25.709495544433594,-197.28915405273438,3.7218306,-10.425047349929809,34.43733,1.7152993381023407,4.237619694322348
Mixed Mobility,67,Random,utility,28,"['Ping-Pong: 22 UEs oscillating', 'QoS Violation: Avg High Prio SINR = -5.70 dB (Threshold: 5.0 dB)', 'Unfairness: Jain Index = 0.03']",0.033894999993706404,5.027195453643799,-10994.8212890625,0.72776127,-26.42370471954345,29.738472,0.43255940601229687,223.0861783027649
Mixed Mobility,68,Random,utility,24,"['Ping-Pong: 20 UEs oscillating', 'Unfairness: Jain Index = 0.07']",0.07081850265113344,55.03004455566406,-6154.79541015625,7.966415,-22.047444438934324,56.14012,0.31475717648863805,124.97749924659729
Mixed Mobility,69,Random,utility,25,"['Ping-Pong: 20 UEs oscillating', 'QoS Violation: Avg High Prio SINR = -1.95 dB (Threshold: 5.0 dB)', 'Unfairness: Jain Index = 0.05']",0.045798673440920125,4.139098644256592,-10977.3994140625,0.5991958,-25.973409461975095,28.037388,0.5408049397170546,222.73880243301392
Mixed Mobility,70,Random,utility,26,"['Ping-Pong: 18 UEs oscillating', 'QoS Violation: Avg High Prio SINR = -10.80 dB (Threshold: 5.0 dB)', 'Unfairness: Jain Index = 0.14']",0.14016658711455796,-32.354103088378906,-12997.5556640625,-4.683737,-34.86469030380249,13.953429,0.007856912631541493,263.7079358100891
Mixed Mobility,71,Random,utility,25,"['Ping-Pong: 20 UEs oscillating', 'Unfairness: Jain Index = 0.07']",0.0666964364996332,33.461181640625,-5532.21484375,4.8440022,-12.35601806640625,42.626766,1.178107550740242,112.37496882677078
Mixed Mobility,72,Random,utility,23,"['Ping-Pong: 20 UEs oscillating', 'QoS Violation: Avg High Prio SINR = -7.67 dB (Threshold: 5.0 dB)', 'Unfairness: Jain Index = 0.03']",0.033525425931531405,-6.997332572937012,-11073.2763671875,-1.0129678,-28.337590026855466,24.938234,0.16615411862730986,224.71299767494202
Mixed Mobility,73,Random,utility,24,"['Ping-Pong: 16 UEs oscillating', 'QoS Violation: Avg High Prio SINR = 2.69 dB (Threshold: 5.0 dB)', 'Unfairness: Jain Index = 0.06']",0.06135251202871728,35.34162139892578,-977.794189453125,5.116224,-8.561686134338379,42.799805,2.6269651651382446,20.05462907254696
Mixed Mobility,74,Random,utility,26,"['Ping-Pong: 17 UEs oscillating', 'QoS Violation: Avg High Prio SINR = 1.33 dB (Threshold: 5.0 dB)', 'Unfairness: Jain Index = 0.04']",0.03896610722523327,15.56008529663086,-11101.35546875,2.2525535,-27.39079942703247,35.104324,0.26696588322520265,225.24462640285492
Mixed Mobility,75,Random,utility,24,"['Ping-Pong: 18 UEs oscillating', 'Unfairness: Jain Index = 0.07']",0.07247473264393765,29.530269622802734,-11055.8427734375,4.274944,-25.31603393554687,46.104958,0.7474269263446334,224.29601848125458
Mixed Mobility,76,Random,utility,23,"['Ping-Pong: 20 UEs oscillating', 'QoS Violation: Avg High Prio SINR = 1.36 dB (Threshold: 5.0 dB)', 'Unfairness: Jain Index = 0.03']",0.03334130309800693,6.457509994506836,-7387.97802734375,0.93482006,-23.13188514709472,29.344696,0.6259112885221841,149.99693632125854
Mixed Mobility,77,Random,utility,23,"['Ping-Pong: 18 UEs oscillating', 'QoS Violation: Avg High Prio SINR = 4.68 dB (Threshold: 5.0 dB)', 'Unfairness: Jain Index = 0.03']",0.03370784556276101,7.729021072387695,-2398.6708984375,1.1188904,-18.04169268608093,28.681917,0.9974903739988807,48.86059835553169
Mixed Mobility,78,Random,utility,24,"['Ping-Pong: 19 UEs oscillating', 'QoS Violation: Avg High Prio SINR = 2.55 dB (Threshold: 5.0 dB)', 'Unfairness: Jain Index = 0.03']",0.03339087730138713,8.545974731445312,-10992.171875,1.2371566,-25.476545047760006,30.785435,0.6908685795962813,223.05533289909363
Mixed Mobility,79,Random,utility,26,"['Ping-Pong: 20 UEs oscillating', 'QoS Violation: Avg High Prio SINR = 2.52 dB (Threshold: 5.0 dB)', 'Unfairness: Jain Index = 0.07']",0.06913507217585609,32.26613998413086,-11022.099609375,4.671002,-28.41524791717529,46.071426,0.1598150528967381,223.64377975463867
Mixed Mobility,80,Random,utility,26,"['Ping-Pong: 22 UEs oscillating', 'Unfairness: Jain Index = 0.15']",0.1519540806384414,83.39862060546875,-5497.1962890625,12.073184,-6.981519770622254,71.41509,3.606059396266937,111.64065450429916
Mixed Mobility,81,Random,utility,27,"['Ping-Pong: 24 UEs oscillating', 'QoS Violation: Avg High Prio SINR = 4.96 dB (Threshold: 5.0 dB)', 'Unfairness: Jain Index = 0.05']",0.04508425398724262,19.510581970214844,-145.8753662109375,2.824446,-13.719089078903197,34.30884,0.9064498156309129,3.2065354753285646
Mixed Mobility,82,Random,utility,24,"['Ping-Pong: 21 UEs oscillating', 'Unfairness: Jain Index = 0.07']",0.06730841444801634,20.02469825744629,-11056.28125,2.8988721,-28.62781600952148,40.58158,0.14392564939334995,224.35502707958221
Mixed Mobility,83,Random,utility,24,"['Ping-Pong: 20 UEs oscillating', 'Unfairness: Jain Index = 0.13']",0.1306924705211512,47.35158920288086,-5570.76220703125,6.854845,-14.140557193756102,53.072987,0.7996670365333558,113.12012374401093
Mixed Mobility,84,Random,utility,23,"['Ping-Pong: 18 UEs oscillating', 'Unfairness: Jain Index = 0.09']",0.09126620409142472,42.20457458496094,-6192.56298828125,6.109738,-21.54761161804199,51.001102,0.42077497765421884,125.77551603317261
Mixed Mobility,85,Random,utility,27,"['Ping-Pong: 20 UEs oscillating', 'Unfairness: Jain Index = 0.08']",0.0776774338627113,52.30356216430664,-11197.853515625,7.5717163,-24.223069381713863,55.936577,1.2752955954521898,227.1539270877838
Mixed Mobility,86,Random,utility,23,"['Ping-Pong: 19 UEs oscillating', 'QoS Violation: Avg High Prio SINR = -10.63 dB (Threshold: 5.0 dB)', 'Unfairness: Jain Index = 0.03']",0.03335353514667285,-26.822673797607422,-22336.041015625,-3.8829796,-37.44273376464844,21.299185,0.003555937437340617,452.9561996459961
Mixed Mobility,87,Random,utility,26,"['Ping-Pong: 20 UEs oscillating', 'Unfairness: Jain Index = 0.07']",0.07072734946997952,36.581687927246094,-593.1646728515625,5.295741,-8.862180495262145,42.11022,2.525877529382706,12.264052405953407
Mixed Mobility,88,Random,utility,27,"['Ping-Pong: 20 UEs oscillating', 'QoS Violation: Avg High Prio SINR = -1.24 dB (Threshold: 5.0 dB)', 'Unfairness: Jain Index = 0.03']",0.033337989734319576,1.8049629926681519,-11006.603515625,0.2612952,-26.90828247070312,27.423748,0.33977747783064854,223.3738899230957
Mixed Mobility,89,Random,utility,26,"['Ping-Pong: 24 UEs oscillating', 'QoS Violation: Avg High Prio SINR = 0.64 dB (Threshold: 5.0 dB)', 'Unfairness: Jain Index = 0.08']",0.07993014911228673,32.16361999511719,-11022.564453125,4.656161,-27.877343559265135,46.400753,0.20924316272139556,223.63421320915222
Mixed Mobility,90,Random,utility,22,"['Ping-Pong: 22 UEs oscillating', 'Unfairness: Jain Index = 0.07']",0.06749849386646757,36.87825012207031,-5496.4619140625,5.338674,-5.948195934295654,41.7759,4.515036082267762,111.64731532335281
Mixed Mobility,91,Random,utility,23,"['Ping-Pong: 17 UEs oscillating', 'QoS Violation: Avg High Prio SINR = -6.26 dB (Threshold: 5.0 dB)', 'Unfairness: Jain Index = 0.04']",0.035111575876031885,-15.221722602844238,-23475.388671875,-2.2035704,-37.379512786865234,27.452951,0.003607217827811837,476.0761857032776
Mixed Mobility,92,Random,utility,27,"['Ping-Pong: 16 UEs oscillating', 'QoS Violation: Avg High Prio SINR = 1.69 dB (Threshold: 5.0 dB)', 'Unfairness: Jain Index = 0.07']",0.06579410586970208,13.856474876403809,-11084.7802734375,2.0059302,-28.928000450134274,34.77317,0.12364145442843442,224.92976486682892
Mixed Mobility,93,Random,utility,27,"['Ping-Pong: 19 UEs oscillating', 'QoS Violation: Avg High Prio SINR = -0.82 dB (Threshold: 5.0 dB)', 'Unfairness: Jain Index = 0.03']",0.03334605150875047,-0.8861597776412964,-11007.287109375,-0.12828489,-26.70024948120117,26.43627,0.3769274942576887,223.3562469482422
Mixed Mobility,94,Random,utility,24,"['Ping-Pong: 21 UEs oscillating', 'Unfairness: Jain Index = 0.10']",0.10033200082246613,46.888946533203125,-11133.0048828125,6.787871,-27.296342468261713,54.45208,0.2806175468489529,225.82551836967468
Mixed Mobility,95,Random,utility,27,"['Ping-Pong: 22 UEs oscillating', 'Unfairness: Jain Index = 0.07']",0.0666731654785406,18.12458038330078,-7519.013671875,2.6238012,-26.173788738250728,37.149475,0.14743835590779786,152.6503562927246
Mixed Mobility,96,Random,utility,29,"['Ping-Pong: 23 UEs oscillating', 'QoS Violation: Avg High Prio SINR = 0.35 dB (Threshold: 5.0 dB)', 'Unfairness: Jain Index = 0.03']",0.03333772595001641,-10.453068733215332,-16674.716796875,-1.5132364,-37.377041244506835,25.350048,0.0036098052165471016,338.2682204246521
Mixed Mobility,97,Random,utility,23,"['Ping-Pong: 21 UEs oscillating', 'QoS Violation: Avg High Prio SINR = -8.20 dB (Threshold: 5.0 dB)', 'Unfairness: Jain Index = 0.07']",0.071306653196279,-28.250106811523438,-17315.353515625,-4.089622,-37.37519073486328,17.386627,0.003611098974943161,351.2563705444336
Mixed Mobility,98,Random,utility,25,"['Ping-Pong: 22 UEs oscillating', 'Unfairness: Jain Index = 0.07']",0.06668531534105301,15.377209663391113,-12094.2216796875,2.226079,-34.2973331451416,38.28089,0.009833083767443898,245.3952431678772
Mixed Mobility,99,Random,utility,28,"['Ping-Pong: 22 UEs oscillating', 'Unfairness: Jain Index = 0.09']",0.08934911400728733,40.87215042114258,-5513.62744140625,5.916849,-9.25990104675293,46.382534,2.512970519065857,111.99856549501419
Mixed Mobility,100,Random,utility,22,"['Ping-Pong: 18 UEs oscillating', 'Unfairness: Jain Index = 0.13']",0.13253416708049406,63.7345085144043,-5496.2529296875,9.226516,-5.3349847316741945,59.231102,5.071171689033508,111.63493990898132
Mixed Mobility,101,Random,utility,26,"['Ping-Pong: 18 UEs oscillating', 'Unfairness: Jain Index = 0.16']",0.1584694919265341,69.77022552490234,-3149.4013671875,10.100276,-6.615237021446228,63.23137,3.892474389076233,64.0513002872467
Mixed Mobility,102,Random,utility,22,"['Ping-Pong: 15 UEs oscillating', 'Unfairness: Jain Index = 0.10']",0.10102561324252796,47.938053131103516,-5512.5205078125,6.939744,-9.38333179950714,50.43441,2.8098755598068244,111.97314411401749
Mixed Mobility,103,Random,utility,27,"['Ping-Pong: 19 UEs oscillating', 'QoS Violation: Avg High Prio SINR = -0.41 dB (Threshold: 5.0 dB)', 'Unfairness: Jain Index = 0.07']",0.06642329951340002,11.246175765991211,-11047.4404296875,1.6280512,-27.099025726318356,35.442207,0.3089028649032117,224.13784265518188
Mixed Mobility,104,Random,utility,28,"['Ping-Pong: 20 UEs oscillating', 'QoS Violation: Avg High Prio SINR = 0.97 dB (Threshold: 5.0 dB)', 'Unfairness: Jain Index = 0.08']",0.07845757632204291,24.558609008789062,-5537.99560546875,3.5552227,-11.794254255294799,39.804825,1.3560242414474488,112.504743039608
Mixed Mobility,105,Random,utility,26,"['Ping-Pong: 23 UEs oscillating', 'Unfairness: Jain Index = 0.11']",0.11197309793183076,75.48580169677734,-41.22551727294922,10.92769,-5.808368730545043,62.427235,4.805995512008668,1.0530076688155532
Mixed Mobility,106,Random,utility,24,"['Ping-Pong: 22 UEs oscillating', 'QoS Violation: Avg High Prio SINR = 0.06 dB (Threshold: 5.0 dB)', 'Unfairness: Jain Index = 0.04']",0.039338923002523625,14.02121353149414,-16446.611328125,2.0297782,-37.37519073486328,37.64405,0.003611098974943161,333.6218595504761
Mixed Mobility,107,Random,utility,24,"['Ping-Pong: 19 UEs oscillating', 'Unfairness: Jain Index = 0.07']",0.06666882660373032,31.471773147583008,-50.01890563964844,4.556006,-3.77044563293457,34.635593,6.968339157104492,1.26147479750216
Mixed Mobility,108,Random,utility,27,"['Ping-Pong: 19 UEs oscillating', 'QoS Violation: Avg High Prio SINR = -2.39 dB (Threshold: 5.0 dB)', 'Unfairness: Jain Index = 0.03']",0.033421905417165165,2.7462942600250244,-10983.9814453125,0.39756677,-26.07512226104736,29.095556,0.5142519824206832,222.90296852588654
Mixed Mobility,109,Random,utility,26,"['Ping-Pong: 20 UEs oscillating', 'Unfairness: Jain Index = 0.13']",0.12682411514052783,55.65133285522461,-5574.556640625,8.056356,-14.938364791870116,56.769077,0.9057861149311068,113.22189122438431
Mixed Mobility,110,Random,utility,27,"['Ping-Pong: 22 UEs oscillating', 'Unfairness: Jain Index = 0.10']",0.10017142487571835,43.35296630859375,-5596.9736328125,6.2759852,-15.587937784194946,50.850624,0.8075061708688738,113.68595063686371
Mixed Mobility,111,Random,utility,24,"['Ping-Pong: 21 UEs oscillating', 'Unfairness: Jain Index = 0.11']",0.10592181573251286,50.24811553955078,-5528.1611328125,7.27416,-11.426048612594604,53.51299,1.559952533245087,112.28679120540619
Mixed Mobility,112,Random,utility,28,"['Ping-Pong: 23 UEs oscillating', 'Unfairness: Jain Index = 0.09']",0.09333079989987815,43.06735610961914,-6567.75,6.2346387,-19.97480792999267,51.19908,1.495561126247049,133.35469365119934
Mixed Mobility,113,Random,utility,29,"['Ping-Pong: 24 UEs oscillating', 'QoS Violation: Avg High Prio SINR = -1.78 dB (Threshold: 5.0 dB)', 'Unfairness: Jain Index = 0.03']",0.034512522958747294,0.043027281761169434,-14810.302734375,0.0062287888,-36.669518280029294,32.688644,0.004318169923499227,300.4439175128937
Mixed Mobility,114,Random,utility,27,"['Ping-Pong: 25 UEs oscillating', 'Unfairness: Jain Index = 0.07']",0.07193114611459851,42.406307220458984,-5517.77001953125,6.1389422,-9.8447594165802,46.544876,3.150010609626771,112.07935959100723
Mixed Mobility,115,Random,utility,27,"['Ping-Pong: 24 UEs oscillating', 'QoS Violation: Avg High Prio SINR = 1.54 dB (Threshold: 5.0 dB)', 'Unfairness: Jain Index = 0.06']",0.06052953270306243,11.829046249389648,-11101.4658203125,1.7124299,-26.434905624389643,35.112617,0.430157568305731,225.26000440120697
Mixed Mobility,116,Random,utility,25,"['Ping-Pong: 21 UEs oscillating', 'QoS Violation: Avg High Prio SINR = 1.22 dB (Threshold: 5.0 dB)', 'Unfairness: Jain Index = 0.07']",0.06652649837272318,16.5054988861084,-15751.681640625,2.389415,-37.10947093963623,40.07062,0.0038482066709548237,319.50855255126953
Mixed Mobility,117,Random,utility,23,"['Ping-Pong: 20 UEs oscillating', 'QoS Violation: Avg High Prio SINR = 4.18 dB (Threshold: 5.0 dB)', 'Unfairness: Jain Index = 0.07']",0.06845684755937599,41.14332962036133,-10957.193359375,5.956107,-23.32331914901733,49.058994,1.9319535128772267,222.3350703716278
Mixed Mobility,118,Random,utility,27,"['Ping-Pong: 20 UEs oscillating', 'QoS Violation: Avg High Prio SINR = 2.78 dB (Threshold: 5.0 dB)', 'Unfairness: Jain Index = 0.03']",0.033340772040966644,1.4703936576843262,-5827.4169921875,0.21286176,-18.354417133331296,26.420511,0.813301154971123,118.37860196828842
Mixed Mobility,119,Random,utility,22,"['Ping-Pong: 17 UEs oscillating', 'QoS Violation: Avg High Prio SINR = 2.40 dB (Threshold: 5.0 dB)', 'Unfairness: Jain Index = 0.05']",0.050495511183343014,8.581945419311523,-11253.0947265625,1.2423637,-27.8381043434143,34.459995,0.21339697912335404,228.34153473377228
Mixed Mobility,120,Random,utility,26,"['Ping-Pong: 19 UEs oscillating', 'QoS Violation: Avg High Prio SINR = -0.02 dB (Threshold: 5.0 dB)', 'Unfairness: Jain Index = 0.03']",0.03334307675792462,1.3496954441070557,-11029.6904296875,0.19538838,-28.619106960296627,27.663036,0.14430643990635877,223.82603585720062
Mixed Mobility,121,Random,utility,27,"['Ping-Pong: 20 UEs oscillating', 'Unfairness: Jain Index = 0.06']",0.0628748491335337,22.87807846069336,-6216.3798828125,3.3119407,-22.135307216644286,38.450058,0.32507610954344285,126.24597549438477
Mixed Mobility,122,Random,utility,24,"['Ping-Pong: 21 UEs oscillating', 'QoS Violation: Avg High Prio SINR = 2.88 dB (Threshold: 5.0 dB)', 'Unfairness: Jain Index = 0.07']",0.0684345557027727,42.766380310058594,-5533.33642578125,6.191068,-12.988426876068115,46.999073,1.1521086096763613,112.3918667435646
Mixed Mobility,123,Random,utility,25,"['Ping-Pong: 19 UEs oscillating', 'QoS Violation: Avg High Prio SINR = -0.63 dB (Threshold: 5.0 dB)', 'Unfairness: Jain Index = 0.03']",0.03333604718121468,-1.2524867057800293,-10982.5859375,-0.18131596,-25.474298000335686,25.947266,0.6916317753493788,222.8761464357376
Mixed Mobility,124,Random,utility,25,"['Ping-Pong: 17 UEs oscillating', 'Unfairness: Jain Index = 0.10']",0.09725345710811245,30.094030380249023,-5547.96875,4.3565574,-13.765682268142701,42.500534,0.8128365099430084,112.70228773355484
Mixed Mobility,125,Random,utility,26,"['Ping-Pong: 21 UEs oscillating', 'QoS Violation: Avg High Prio SINR = -2.63 dB (Threshold: 5.0 dB)', 'Unfairness: Jain Index = 0.08']",0.07955165960615158,-22.73903465270996,-11524.3857421875,-3.2918127,-32.85260953903198,16.974066,0.01841396242380143,233.86739194393158
Mixed Mobility,126,Random,utility,25,"['Ping-Pong: 19 UEs oscillating', 'QoS Violation: Avg High Prio SINR = 1.54 dB (Threshold: 5.0 dB)', 'Unfairness: Jain Index = 0.04']",0.037601737629815724,21.933473587036133,-92.99076843261719,3.1751955,-9.523465538024901,33.138615,2.5276479005813606,2.132964553311467
Mixed Mobility,127,Random,utility,23,"['Ping-Pong: 15 UEs oscillating', 'QoS Violation: Avg High Prio SINR = 4.10 dB (Threshold: 5.0 dB)', 'Unfairness: Jain Index = 0.06']",0.05929299687662731,42.534934997558594,-5520.048828125,6.157562,-12.670602655410766,45.28569,1.087190866470337,112.11982369422913
Mixed Mobility,128,Random,utility,25,"['Ping-Pong: 17 UEs oscillating', 'Unfairness: Jain Index = 0.13']",0.13413037845795092,72.47234344482422,-2157.296142578125,10.4914465,-4.884309077262878,62.97748,5.5627614021301275,43.94299536943436
Mixed Mobility,129,Random,utility,26,"['Ping-Pong: 19 UEs oscillating', 'Unfairness: Jain Index = 0.06']",0.06084364256342575,27.43193244934082,-10998.82421875,3.9711795,-24.59063243865966,43.27988,1.0631058685481551,223.14395010471344
Mixed Mobility,130,Random,utility,25,"['Ping-Pong: 21 UEs oscillating', 'Unfairness: Jain Index = 0.10']",0.10000807994978177,36.551963806152344,-5613.2861328125,5.2914386,-13.410711479187011,45.684227,1.3614502012729648,113.98113518953323
Mixed Mobility,131,Random,utility,25,"['Ping-Pong: 22 UEs oscillating', 'Unfairness: Jain Index = 0.07']",0.06930770157647383,22.8685359954834,-11070.7001953125,3.3105593,-26.32787990570068,42.474316,0.4536568574607374,224.63513910770416
Mixed Mobility,132,Random,utility,20,"['Ping-Pong: 18 UEs oscillating', 'Unfairness: Jain Index = 0.08']",0.07936017246569792,38.25889587402344,-10983.400390625,5.5385423,-26.69456405639648,50.544212,0.377997186034918,222.8735387325287
Mixed Mobility,133,Random,utility,24,"['Ping-Pong: 16 UEs oscillating', 'QoS Violation: Avg High Prio SINR = 4.68 dB (Threshold: 5.0 dB)', 'Unfairness: Jain Index = 0.07']",0.06667230313862343,11.93692684173584,-11190.3662109375,1.7280468,-28.668374633789057,35.344,0.14079039916396147,227.03991830348969
Mixed Mobility,134,Random,utility,25,"['Ping-Pong: 15 UEs oscillating', 'Unfairness: Jain Index = 0.10']",0.09894121551869228,52.46554946899414,-82.4051742553711,7.595167,-8.585584425926207,49.74152,3.01068640947342,1.9000351894646883
Mixed Mobility,135,Random,utility,24,"['Ping-Pong: 19 UEs oscillating', 'Unfairness: Jain Index = 0.04']",0.03770064914622805,21.16111946105957,-11008.0712890625,3.0633855,-27.83003711700439,38.90123,0.21426122710108766,223.3743816614151
Mixed Mobility,136,Random,utility,23,"['Ping-Pong: 17 UEs oscillating', 'QoS Violation: Avg High Prio SINR = 3.90 dB (Threshold: 5.0 dB)', 'Unfairness: Jain Index = 0.07']",0.06667446353756264,29.97226333618164,-5580.98974609375,4.3389287,-16.379445266723632,40.092354,0.4642144590616227,113.365039229393
Mixed Mobility,137,Random,utility,26,"['Ping-Pong: 19 UEs oscillating', 'QoS Violation: Avg High Prio SINR = -0.61 dB (Threshold: 5.0 dB)', 'Unfairness: Jain Index = 0.03']",0.03343013248196036,-3.387014865875244,-16544.666015625,-0.4903209,-37.37519073486328,29.923548,0.003611098974943161,335.5829417705536
Mixed Mobility,138,Random,utility,24,"['Ping-Pong: 19 UEs oscillating', 'Unfairness: Jain Index = 0.07']",0.07004231593784077,50.398414611816406,-71.51539611816406,7.295918,-8.913540863990784,49.97185,2.431402599811554,1.6802940517663956
Mixed Mobility,139,Random,utility,23,"['Ping-Pong: 17 UEs oscillating', 'QoS Violation: Avg High Prio SINR = -9.16 dB (Threshold: 5.0 dB)', 'Unfairness: Jain Index = 0.14']",0.13902190640410897,-25.41225242614746,-21559.708984375,-3.6788008,-37.37519073486328,20.786308,0.003611098974943161,437.23100423812866
Mixed Mobility,140,Random,utility,22,"['Ping-Pong: 15 UEs oscillating', 'QoS Violation: Avg High Prio SINR = 2.23 dB (Threshold: 5.0 dB)', 'Unfairness: Jain Index = 0.09']",0.09310371232368032,39.291664123535156,-5531.05859375,5.688051,-12.666442346572875,46.263737,1.100679135322571,112.35371232032776
Mixed Mobility,141,Random,utility,25,"['Ping-Pong: 18 UEs oscillating', 'QoS Violation: Avg High Prio SINR = -1.33 dB (Threshold: 5.0 dB)', 'Unfairness: Jain Index = 0.03']",0.033336800594625515,-7.94294548034668,-18564.654296875,-1.1498591,-37.37519073486328,27.731363,0.003611098974943161,376.5621483325958
Mixed Mobility,142,Random,utility,25,"['Ping-Pong: 18 UEs oscillating', 'Unfairness: Jain Index = 0.08']",0.07699455229682159,59.0970573425293,-5493.63525390625,8.555175,-5.925338935852051,55.276794,4.493409633636475,111.57936602830887
Mixed Mobility,143,Random,utility,24,"['Ping-Pong: 20 UEs oscillating', 'QoS Violation: Avg High Prio SINR = 1.49 dB (Threshold: 5.0 dB)', 'Unfairness: Jain Index = 0.07']",0.06667233037032501,17.081462860107422,-11079.4345703125,2.472795,-26.33710327148437,37.420597,0.4515827856957914,224.83816742897034
Mixed Mobility,144,Random,utility,25,"['Ping-Pong: 19 UEs oscillating', 'QoS Violation: Avg High Prio SINR = -7.12 dB (Threshold: 5.0 dB)', 'Unfairness: Jain Index = 0.03']",0.033766775290359916,-12.139764785766602,-16518.26171875,-1.7574109,-37.37519073486328,24.985786,0.003611098974943161,335.07391810417175
Mixed Mobility,145,Random,utility,27,"['Ping-Pong: 21 UEs oscillating', 'Unfairness: Jain Index = 0.07']",0.0658527224023197,3.552863836288452,-16475.970703125,0.5143295,-37.38058490753174,34.200947,0.003607217827811837,334.19671654701233
Mixed Mobility,146,Random,utility,25,"['Ping-Pong: 20 UEs oscillating', 'Unfairness: Jain Index = 0.07']",0.06667240298822309,20.449798583984375,-5549.02294921875,2.9604118,-12.229930734634399,35.855022,1.1532787621021272,112.72912472486496
Mixed Mobility,147,Random,utility,25,"['Ping-Pong: 19 UEs oscillating', 'QoS Violation: Avg High Prio SINR = 4.08 dB (Threshold: 5.0 dB)', 'Unfairness: Jain Index = 0.04']",0.043755752575019236,19.404272079467773,-16538.853515625,2.809056,-37.37519073486328,41.86831,0.003611098974943161,335.43646335601807
Mixed Mobility,148,Random,utility,27,"['Ping-Pong: 18 UEs oscillating', 'Unfairness: Jain Index = 0.09']",0.08820730418480759,45.52490234375,-10974.84375,6.590404,-23.146638393402093,52.911064,2.0945852868258963,222.6615846157074
Mixed Mobility,149,Random,utility,28,"['Ping-Pong: 20 UEs oscillating', 'QoS Violation: Avg High Prio SINR = 4.10 dB (Threshold: 5.0 dB)', 'Unfairness: Jain Index = 0.03']",0.03334713592585808,1.202677607536316,-16479.482421875,0.17410548,-37.37646217346192,30.534393,0.0036098052165471016,334.27318930625916
Mixed Mobility,150,Random,utility,28,"['Ping-Pong: 24 UEs oscillating', 'QoS Violation: Avg High Prio SINR = 3.23 dB (Threshold: 5.0 dB)', 'Unfairness: Jain Index = 0.07']",0.06892825196885934,31.263633728027344,-11001.08203125,4.525874,-26.78065910339355,46.058273,0.36211601421237005,223.23116660118103
Mixed Mobility,151,Random,utility,23,"['Ping-Pong: 21 UEs oscillating', 'QoS Violation: Avg High Prio SINR = 2.11 dB (Threshold: 5.0 dB)', 'Unfairness: Jain Index = 0.07']",0.06820064491628837,29.46822738647461,-7136.505859375,4.2659626,-20.32520885467529,41.795418,2.0415171550586826,144.90394294261932
Mixed Mobility,152,Random,utility,27,"['Ping-Pong: 21 UEs oscillating', 'QoS Violation: Avg High Prio SINR = -6.01 dB (Threshold: 5.0 dB)', 'Unfairness: Jain Index = 0.04']",0.035103007593599585,-24.073802947998047,-21911.734375,-3.48504,-37.37659225463867,19.274311,0.0036098052165471016,444.4238841533661
Mixed Mobility,153,Random,utility,26,"['Ping-Pong: 20 UEs oscillating', 'QoS Violation: Avg High Prio SINR = 1.12 dB (Threshold: 5.0 dB)', 'Unfairness: Jain Index = 0.07']",0.06608950436583198,6.227458953857422,-21825.216796875,0.901517,-37.37519073486328,37.455948,0.003611098974943161,442.63777136802673
Mixed Mobility,154,Random,utility,25,"['Ping-Pong: 20 UEs oscillating', 'Unfairness: Jain Index = 0.07']",0.07202148323811994,22.455642700195312,-13457.318359375,3.2507873,-35.8446870803833,42.89994,0.005542708979919554,273.0104625225067
Mixed Mobility,155,Random,utility,28,"['Ping-Pong: 21 UEs oscillating', 'Unfairness: Jain Index = 0.08']",0.08270338428458943,35.172828674316406,-6540.32470703125,5.091789,-19.835911750793453,46.42889,1.5531133916229016,132.80855119228363
Mixed Mobility,156,Random,utility,25,"['Ping-Pong: 21 UEs oscillating', 'Unfairness: Jain Index = 0.13']",0.1341701485953227,78.44444274902344,-5493.978515625,11.355998,-4.734630608558655,68.29871,5.72272219657898,111.57157272100449
Mixed Mobility,157,Random,utility,26,"['Ping-Pong: 24 UEs oscillating', 'QoS Violation: Avg High Prio SINR = 0.09 dB (Threshold: 5.0 dB)', 'Unfairness: Jain Index = 0.03']",0.03334073119060026,8.185436248779297,-11026.7666015625,1.1849631,-23.283915138244623,29.087868,1.967214261740447,223.74843060970306
Mixed Mobility,158,Random,utility,21,"['Ping-Pong: 18 UEs oscillating', 'Unfairness: Jain Index = 0.10']",0.10001154747627754,23.149829864501953,-16456.69140625,3.3512807,-37.37519073486328,44.026615,0.003611098974943161,333.8012397289276
Mixed Mobility,159,Random,utility,24,"['Ping-Pong: 17 UEs oscillating', 'QoS Violation: Avg High Prio SINR = -8.83 dB (Threshold: 5.0 dB)', 'Unfairness: Jain Index = 0.06']",0.0607668022246414,-26.022140502929688,-27362.931640625,-3.767091,-37.37519073486328,20.75337,0.003611098974943161,554.9030900001526
Mixed Mobility,160,Random,utility,25,"['Ping-Pong: 16 UEs oscillating', 'QoS Violation: Avg High Prio SINR = 1.61 dB (Threshold: 5.0 dB)', 'Unfairness: Jain Index = 0.07']",0.07111175960437928,33.86457824707031,-10963.970703125,4.9024,-23.804409599304194,46.607437,1.545131658762694,222.48072922229767
Mixed Mobility,161,Random,utility,26,"['Ping-Pong: 19 UEs oscillating', 'Unfairness: Jain Index = 0.06']",0.05596963350752708,13.183032035827637,-11022.6142578125,1.9084393,-27.774884033203122,36.22036,0.22026301845908172,223.697230219841
Mixed Mobility,162,Random,utility,25,"['Ping-Pong: 22 UEs oscillating', 'Unfairness: Jain Index = 0.07']",0.06669149768291556,16.421024322509766,-11002.892578125,2.377187,-27.481427192687985,37.281883,0.25516215190291414,223.2462465763092
Mixed Mobility,163,Random,utility,21,"['Ping-Pong: 19 UEs oscillating', 'Unfairness: Jain Index = 0.10']",0.10000299677352135,27.361230850219727,-16510.263671875,3.9609425,-37.37663631439209,45.55941,0.0036098052165471016,334.9241316318512
Mixed Mobility,164,Random,utility,22,"['Ping-Pong: 15 UEs oscillating', 'QoS Violation: Avg High Prio SINR = -2.60 dB (Threshold: 5.0 dB)', 'Unfairness: Jain Index = 0.03']",0.03386284933346154,9.350071907043457,-16425.349609375,1.3535609,-37.37519073486328,34.784412,0.003611098974943161,333.1908583641052
Mixed Mobility,165,Random,utility,25,"['Ping-Pong: 15 UEs oscillating', 'Unfairness: Jain Index = 0.06']",0.0585768036555194,34.492130279541016,-5542.87255859375,4.993247,-11.893228816986081,41.4613,2.305621951818467,112.58885264396667
Mixed Mobility,166,Random,utility,27,"['Ping-Pong: 19 UEs oscillating', 'QoS Violation: Avg High Prio SINR = -5.93 dB (Threshold: 5.0 dB)', 'Unfairness: Jain Index = 0.04']",0.03763966113558002,9.452348709106445,-16429.806640625,1.3683674,-37.37519073486328,36.39508,0.003611098974943161,333.28279852867126
Mixed Mobility,167,Random,utility,23,"['Ping-Pong: 20 UEs oscillating', 'QoS Violation: Avg High Prio SINR = 2.27 dB (Threshold: 5.0 dB)', 'Unfairness: Jain Index = 0.07']",0.06672345148580681,13.106574058532715,-10975.5458984375,1.8973709,-24.63872337341308,35.499737,1.03876031562686,222.72925078868866
Mixed Mobility,168,Random,utility,26,"['Ping-Pong: 21 UEs oscillating', 'Unfairness: Jain Index = 0.10']",0.09799687805914763,63.75126266479492,-60.912811279296875,9.228939,-4.020525252819061,54.937443,6.592983961105347,1.4552709180861712
Mixed Mobility,169,Random,utility,24,"['Ping-Pong: 19 UEs oscillating', 'QoS Violation: Avg High Prio SINR = 0.44 dB (Threshold: 5.0 dB)', 'Unfairness: Jain Index = 0.03']",0.033338121357955774,0.6202241778373718,-10995.349609375,0.08978669,-26.638075447082514,27.597055,0.3887874983251096,223.13185036182404
Mixed Mobility,170,Random,utility,23,"['Ping-Pong: 20 UEs oscillating', 'QoS Violation: Avg High Prio SINR = -0.28 dB (Threshold: 5.0 dB)', 'Unfairness: Jain Index = 0.07']",0.06667090525207874,8.06775188446045,-16497.25,1.1679263,-37.37519073486328,36.038692,0.003611098974943161,334.65078473091125
Mixed Mobility,171,Random,utility,25,"['Ping-Pong: 21 UEs oscillating', 'Unfairness: Jain Index = 0.07']",0.06987605118057158,32.86013412475586,-16417.671875,4.756992,-37.37519073486328,48.040855,0.003611098974943161,333.02024006843567
Mixed Mobility,172,Random,utility,26,"['Ping-Pong: 23 UEs oscillating', 'QoS Violation: Avg High Prio SINR = 1.35 dB (Threshold: 5.0 dB)', 'Unfairness: Jain Index = 0.07']",0.06667637887849774,15.795476913452148,-10972.171875,2.2866294,-24.307075309753415,35.8304,1.2179227583110337,222.65706956386566
Mixed Mobility,173,Random,utility,25,"['Ping-Pong: 23 UEs oscillating', 'Unfairness: Jain Index = 0.10']",0.10002280373571637,37.341033935546875,-10995.9384765625,5.4056687,-27.650627803802486,49.28255,0.23440622612833986,223.1229841709137
Mixed Mobility,174,Random,utility,22,"['Ping-Pong: 20 UEs oscillating', 'QoS Violation: Avg High Prio SINR = 0.79 dB (Threshold: 5.0 dB)', 'Unfairness: Jain Index = 0.07']",0.06681860192364349,24.126583099365234,-16425.478515625,3.4926808,-37.37519073486328,43.93414,0.003611098974943161,333.1725299358368
Mixed Mobility,175,Random,utility,22,"['Ping-Pong: 19 UEs oscillating', 'Unfairness: Jain Index = 0.09']",0.09061472746848571,64.36258697509766,-29.54865837097168,9.31744,-4.040561485290527,53.794876,6.564981055259705,0.8232873515225947
Mixed Mobility,176,Random,utility,24,"['Ping-Pong: 19 UEs oscillating', 'Unfairness: Jain Index = 0.06']",0.05649821700717804,26.80398941040039,-10961.9130859375,3.8802748,-23.930905151367185,40.77808,1.4559034697711473,222.43814170360565
Mixed Mobility,177,Random,utility,24,"['Ping-Pong: 19 UEs oscillating', 'QoS Violation: Avg High Prio SINR = -5.69 dB (Threshold: 5.0 dB)', 'Unfairness: Jain Index = 0.03']",0.03433046181415331,-25.1571044921875,-21950.87109375,-3.6418643,-37.37519073486328,20.970846,0.003611098974943161,445.2120363712311
Mixed Mobility,178,Random,utility,23,"['Ping-Pong: 20 UEs oscillating', 'Unfairness: Jain Index = 0.11']",0.10541804792012528,54.966896057128906,-10955.4453125,7.957273,-23.333891773223872,57.780136,1.9225902430713184,222.29275107383728
Mixed Mobility,179,Random,utility,22,"['Ping-Pong: 17 UEs oscillating', 'Unfairness: Jain Index = 0.06']",0.05887759162702502,32.02853012084961,-5504.97216796875,4.636605,-8.441563773155211,39.273655,3.354768729209901,111.82773113250732
Mixed Mobility,180,Random,utility,23,"['Ping-Pong: 16 UEs oscillating', 'QoS Violation: Avg High Prio SINR = 1.75 dB (Threshold: 5.0 dB)', 'Unfairness: Jain Index = 0.03']",0.03336801054007896,5.5619306564331055,-16428.947265625,0.80517083,-37.37519073486328,32.393593,0.003611098974943161,333.2657217979431
Mixed Mobility,181,Random,utility,26,"['Ping-Pong: 18 UEs oscillating', 'QoS Violation: Avg High Prio SINR = -5.18 dB (Threshold: 5.0 dB)', 'Unfairness: Jain Index = 0.03']",0.03343421484206114,7.129528999328613,-16438.2265625,1.032105,-37.37519073486328,33.226788,0.003611098974943161,333.45210552215576
Mixed Mobility,182,Random,utility,26,"['Ping-Pong: 20 UEs oscillating', 'Unfairness: Jain Index = 0.06']",0.06387732094960831,19.228900909423828,-11677.0498046875,2.7836688,-33.391111278533934,40.401405,0.014459709916263823,236.9363158941269
Mixed Mobility,183,Random,utility,22,"['Ping-Pong: 20 UEs oscillating', 'QoS Violation: Avg High Prio SINR = 3.59 dB (Threshold: 5.0 dB)', 'Unfairness: Jain Index = 0.07']",0.06681367672869057,10.603830337524414,-16503.20703125,1.5350616,-37.37519073486328,37.642628,0.003611098974943161,334.738552570343
Mixed Mobility,184,Random,utility,27,"['Ping-Pong: 21 UEs oscillating', 'QoS Violation: Avg High Prio SINR = -0.29 dB (Threshold: 5.0 dB)', 'Unfairness: Jain Index = 0.07']",0.0667737681105429,15.770880699157715,-18604.126953125,2.2830687,-37.37519073486328,42.238483,0.003611098974943161,377.3428499698639
Mixed Mobility,185,Random,utility,23,"['Ping-Pong: 20 UEs oscillating', 'Unfairness: Jain Index = 0.10']",0.10001040373052773,37.7396125793457,-16475.861328125,5.4633684,-37.37519073486328,50.86062,0.003611098974943161,334.1544568538666
Mixed Mobility,186,Random,utility,23,"['Ping-Pong: 19 UEs oscillating', 'QoS Violation: Avg High Prio SINR = 0.51 dB (Threshold: 5.0 dB)', 'Unfairness: Jain Index = 0.03']",0.03334376780271022,-12.172870635986328,-21930.46875,-1.7622039,-37.37519073486328,27.936579,0.003611098974943161,444.790780544281
Mixed Mobility,187,Random,utility,21,"['Ping-Pong: 12 UEs oscillating', 'QoS Violation: Avg High Prio SINR = -2.02 dB (Threshold: 5.0 dB)', 'Unfairness: Jain Index = 0.03']",0.033339324137701416,-7.886260032653809,-16501.548828125,-1.1416531,-37.37519073486328,28.07745,0.003611098974943161,334.7441256046295
Mixed Mobility,188,Random,utility,26,"['Ping-Pong: 16 UEs oscillating', 'Unfairness: Jain Index = 0.07']",0.0666721397485307,14.230859756469727,-11028.638671875,2.0601285,-28.424821472167963,37.053936,0.15905056968331344,223.79860281944275
Mixed Mobility,189,Random,utility,26,"['Ping-Pong: 20 UEs oscillating', 'QoS Violation: Avg High Prio SINR = 1.97 dB (Threshold: 5.0 dB)', 'Unfairness: Jain Index = 0.03']",0.03336001729171686,2.136155605316162,-16490.6484375,0.30923986,-37.37519073486328,31.021172,0.003611098974943161,334.51732993125916
Mixed Mobility,190,Random,utility,26,"['Ping-Pong: 22 UEs oscillating', 'QoS Violation: Avg High Prio SINR = -5.13 dB (Threshold: 5.0 dB)', 'Unfairness: Jain Index = 0.03']",0.033336528275542725,4.52413272857666,-10985.375,0.6549352,-27.269754981994623,27.369394,0.283631306141615,222.92925417423248
Mixed Mobility,191,Random,utility,27,"['Ping-Pong: 23 UEs oscillating', 'QoS Violation: Avg High Prio SINR = -3.61 dB (Threshold: 5.0 dB)', 'Unfairness: Jain Index = 0.04']",0.03983281998759434,18.08049774169922,-16422.236328125,2.61742,-37.37519073486328,39.86334,0.003611098974943161,333.12466740608215
Mixed Mobility,192,Random,utility,23,"['Ping-Pong: 21 UEs oscillating', 'QoS Violation: Avg High Prio SINR = 4.28 dB (Threshold: 5.0 dB)', 'Unfairness: Jain Index = 0.03']",0.03341077116489731,2.106268882751465,-17904.533203125,0.30491325,-37.37519073486328,34.048214,0.003611098974943161,363.16874623298645
Mixed Mobility,193,Random,utility,27,"['Ping-Pong: 22 UEs oscillating', 'QoS Violation: Avg High Prio SINR = -9.39 dB (Threshold: 5.0 dB)', 'Unfairness: Jain Index = 0.04']",0.041889120649194055,7.080885410308838,-21883.736328125,1.0250629,-37.37519073486328,37.357357,0.003611098974943161,443.8321888446808
Mixed Mobility,194,Random,utility,24,"['Ping-Pong: 18 UEs oscillating', 'QoS Violation: Avg High Prio SINR = -3.46 dB (Threshold: 5.0 dB)', 'Unfairness: Jain Index = 0.07']",0.066675643602184,9.185564041137695,-21978.107421875,1.3297465,-37.375509643554686,39.735336,0.003611098974943161,445.71182131767273
Mixed Mobility,195,Random,utility,27,"['Ping-Pong: 22 UEs oscillating', 'QoS Violation: Avg High Prio SINR = -0.87 dB (Threshold: 5.0 dB)', 'Unfairness: Jain Index = 0.04']",0.039548184546429624,3.487311363220215,-10982.857421875,0.5048398,-24.37029132843017,30.057577,1.181678389757872,222.8822410106659
Mixed Mobility,196,Random,utility,27,"['Ping-Pong: 21 UEs oscillating', 'QoS Violation: Avg High Prio SINR = -0.83 dB (Threshold: 5.0 dB)', 'Unfairness: Jain Index = 0.03']",0.03334021871458041,-11.346272468566895,-21913.748046875,-1.6425415,-37.37519073486328,27.04767,0.003611098974943161,444.4023370742798
Mixed Mobility,197,Random,utility,25,"['Ping-Pong: 20 UEs oscillating', 'QoS Violation: Avg High Prio SINR = -3.82 dB (Threshold: 5.0 dB)', 'Unfairness: Jain Index = 0.05']",0.05149350347471723,-15.57472038269043,-10981.8701171875,-2.254672,-26.236081409454343,16.27837,0.4748107425868513,222.87173569202423
Mixed Mobility,198,Random,utility,25,"['Ping-Pong: 21 UEs oscillating', 'QoS Violation: Avg High Prio SINR = -7.84 dB (Threshold: 5.0 dB)', 'Unfairness: Jain Index = 0.03']",0.033335212082322256,-20.722667694091797,-21905.7890625,-2.9999137,-37.37519073486328,22.792227,0.003611098974943161,444.2552328109741
Mixed Mobility,199,Random,utility,24,"['Ping-Pong: 21 UEs oscillating', 'QoS Violation: Avg High Prio SINR = 0.26 dB (Threshold: 5.0 dB)', 'Unfairness: Jain Index = 0.03']",0.03341460873816301,-8.731945037841797,-21990.583984375,-1.2640785,-37.37519073486328,29.92858,0.003611098974943161,445.9694027900696
