scenario,iteration,fuzzer_type,algorithm,handover_count,handover_rate,vulnerability_count,vulnerabilities_list,jain_fairness_index,avg_sinr_db,sinr_5th_percentile_db,avg_throughput_mbps,throughput_5th_percentile_mbps,avg_transmission_time_ms,load_std,has_ping_pong,has_qoe_violation,has_unfairness,is_critical_failure
Stable Mobility,0,Random-Fuzzer,Baseline,6,0.4,0,[],0.2686948444685713,11.893286,-4.193639802932739,60.552425,6.503634071350098,0.55223924,0.09035079029052512,False,False,False,False
Stable Mobility,1,Random-Fuzzer,Baseline,8,0.5333333333333333,0,[],0.2290360793168979,13.770529,-3.7271245241165163,66.79667,6.978377723693848,0.39968023,0.06598288790738581,False,False,False,False
Stable Mobility,2,Random-Fuzzer,Baseline,8,0.5333333333333333,0,[],0.24434510256274272,13.033386,1.6820844650268556,62.835014,18.048100185394286,0.31998,0.10942024088643863,False,False,False,False
Stable Mobility,3,Random-Fuzzer,Baseline,6,0.4,1,['Ping-Pong: 2 UEs oscillating'],0.2996458083907183,13.44273,-3.8897764682769775,67.41221,6.779963541030884,0.51952255,0.07499055118106487,True,False,False,False
Stable Mobility,4,Random-Fuzzer,Baseline,4,0.26666666666666666,1,['Ping-Pong: 2 UEs oscillating'],0.3150316846658914,14.394567,-0.6745403707027435,70.045334,12.208374500274658,0.37144792,0.042591770999996004,True,False,False,False
Stable Mobility,5,Random-Fuzzer,Baseline,3,0.2,0,[],0.22615127192784332,10.839797,-0.09839803278446191,55.151268,13.477258777618408,0.44067392,0.06598288790738581,True,False,False,False
Stable Mobility,6,Random-Fuzzer,Baseline,6,0.4,0,[],0.2823086435333458,13.1667795,0.06894858479499821,64.18518,13.845186805725097,0.35843372,0.08302664654363189,True,False,False,False
Stable Mobility,7,Random-Fuzzer,Baseline,5,0.3333333333333333,0,[],0.2613401847271724,12.0141535,0.47424817085266124,59.3066,14.888475322723389,0.3781947,0.042591770999996004,True,False,False,False
Stable Mobility,8,Random-Fuzzer,Baseline,6,0.4,0,[],0.35030501935366926,14.584417,-0.9960802584886548,70.89657,11.92024531364441,0.38656965,0.07499055118106489,True,False,False,False
Stable Mobility,9,Random-Fuzzer,Baseline,7,0.4666666666666667,1,['Unfairness: Jain Index = 0.16'],0.1602616347204778,9.21504,0.6083863735198975,46.706886,15.15194206237793,0.3924375,0.09035079029052512,True,False,True,False
Stable Mobility,10,Random-Fuzzer,Baseline,7,0.4666666666666667,1,['Ping-Pong: 3 UEs oscillating'],0.22012056987358405,11.435236,0.11191954612731969,56.81081,14.927373504638673,0.41226512,0.0659828879073858,True,False,False,False
Stable Mobility,11,Random-Fuzzer,Baseline,6,0.4,2,"['Ping-Pong: 2 UEs oscillating', 'Unfairness: Jain Index = 0.17']",0.17016849618116459,9.942539,-1.1427581787109373,51.07127,11.39770793914795,0.45825958,0.08302664654363189,True,False,True,False
Stable Mobility,12,Random-Fuzzer,Baseline,6,0.4,1,['Ping-Pong: 2 UEs oscillating'],0.29642403489612484,13.262626,-4.261941313743591,67.15051,6.378824710845947,0.5885152,0.07499055118106486,True,False,False,False
Stable Mobility,13,Random-Fuzzer,Baseline,7,0.4666666666666667,2,"['Ping-Pong: 3 UEs oscillating', 'Unfairness: Jain Index = 0.15']",0.15171917466541698,9.790849,-0.9717186808586119,50.676456,11.709120941162109,0.47241676,0.055532875189002864,True,False,True,False
Stable Mobility,14,Random-Fuzzer,Baseline,5,0.3333333333333333,1,['Ping-Pong: 2 UEs oscillating'],0.26777025148195355,13.707498,0.23719946146011361,66.40431,14.29272747039795,0.34664455,0.09035079029052512,True,False,False,False
Stable Mobility,15,Random-Fuzzer,Baseline,9,0.6,1,['Ping-Pong: 3 UEs oscillating'],0.2256461874461676,13.646193,-0.279164886474609,65.77494,13.48867211341858,0.34478334,0.07499055118106486,True,False,False,False
Stable Mobility,16,Random-Fuzzer,Baseline,6,0.4,2,"['Ping-Pong: 3 UEs oscillating', 'Unfairness: Jain Index = 0.17']",0.16825466855214438,7.637778,-5.099365472793579,44.969376,5.3154338836669925,0.7810272,0.12046772038736682,True,False,True,False
Stable Mobility,17,Random-Fuzzer,Baseline,10,0.6666666666666666,1,['Ping-Pong: 4 UEs oscillating'],0.3559179589991514,15.953121,-1.6589163005352017,76.60359,10.652794694900514,0.36997792,0.09035079029052512,True,False,False,False
Stable Mobility,18,Random-Fuzzer,Baseline,6,0.4,2,"['Ping-Pong: 2 UEs oscillating', 'Unfairness: Jain Index = 0.09']",0.0913965355326736,7.327835,-1.9298529148101804,40.178562,10.148511266708374,0.5360367,0.12046772038736685,True,False,True,False
Stable Mobility,19,Random-Fuzzer,Baseline,7,0.4666666666666667,1,['Ping-Pong: 6 UEs oscillating'],0.25670382565039424,11.732143,-3.5713640689849853,60.49568,7.403564691543579,0.57785416,0.055532875189002864,True,False,False,False
Stable Mobility,20,Random-Fuzzer,Baseline,10,0.6666666666666666,1,['Ping-Pong: 5 UEs oscillating'],0.29570050231049466,15.258139,-2.5370511293411253,73.42149,8.794759559631348,0.36731672,0.06598288790738581,True,False,False,False
Stable Mobility,21,Random-Fuzzer,Baseline,9,0.6,1,['Ping-Pong: 4 UEs oscillating'],0.3714647079380429,15.962832,1.156897521018982,75.88415,16.483260726928712,0.29571936,0.09035079029052513,True,False,False,False
Stable Mobility,22,Random-Fuzzer,Baseline,6,0.4,2,"['Ping-Pong: 4 UEs oscillating', 'Unfairness: Jain Index = 0.16']",0.15985368657269766,8.713092,-0.7470475375652312,46.588623,12.12985439300537,0.5076841,0.07499055118106486,True,False,True,False
Stable Mobility,23,Random-Fuzzer,Baseline,6,0.4,1,['Ping-Pong: 3 UEs oscillating'],0.3204803407441702,12.7111025,-2.259787678718567,64.3129,9.2499436378479,0.49476418,0.06598288790738581,True,False,False,False
Stable Mobility,24,Random-Fuzzer,Baseline,10,0.6666666666666666,2,"['Ping-Pong: 3 UEs oscillating', 'Unfairness: Jain Index = 0.16']",0.15565835895676888,8.486087,-2.065989303588867,45.996944,9.790175580978394,0.56088907,0.08302664654363189,True,False,True,False
Stable Mobility,25,Random-Fuzzer,Baseline,7,0.4666666666666667,2,"['Ping-Pong: 2 UEs oscillating', 'Unfairness: Jain Index = 0.09']",0.0906212902869899,8.481834,-4.551878881454467,45.63017,7.059341764450074,0.77253306,0.1305838971504961,True,False,True,False
Stable Mobility,26,Random-Fuzzer,Baseline,5,0.3333333333333333,1,['Unfairness: Jain Index = 0.15'],0.14821481210517048,8.999542,-2.0647151589393613,47.219887,9.573575687408447,0.48900965,0.055532875189002864,True,False,True,False
Stable Mobility,27,Random-Fuzzer,Baseline,5,0.3333333333333333,0,[],0.26618371547206304,9.086033,-1.6422858238220215,47.30355,10.299538898468018,0.47301656,0.042591770999996004,True,False,False,False
Stable Mobility,28,Random-Fuzzer,Baseline,7,0.4666666666666667,0,[],0.2142943056551967,4.50131,-4.1791452884674065,30.02145,6.877234554290772,0.7759383,0.09712418121129116,False,False,False,False
Stable Mobility,29,Random-Fuzzer,Baseline,7,0.4666666666666667,1,['Unfairness: Jain Index = 0.20'],0.19845160788771368,10.92238,-3.334112501144409,56.271122,8.660199451446534,0.63356847,0.042591770999996004,True,False,True,False
Stable Mobility,30,Random-Fuzzer,Baseline,8,0.5333333333333333,1,['Ping-Pong: 2 UEs oscillating'],0.23812402134039504,11.131482,-1.905580961704254,57.059105,9.882683181762696,0.49565303,0.10942024088643863,True,False,False,False
Stable Mobility,31,Random-Fuzzer,Baseline,6,0.4,1,['Ping-Pong: 4 UEs oscillating'],0.29565545200508875,5.2825866,-3.867602586746216,33.95951,6.9669379711151125,0.7617885,0.0659828879073858,True,False,False,False
Stable Mobility,32,Random-Fuzzer,Baseline,9,0.6,2,"['Ping-Pong: 5 UEs oscillating', 'Unfairness: Jain Index = 0.15']",0.15219908572646834,8.171289,-2.387428879737854,44.353172,9.320605230331422,0.55789363,0.055532875189002864,True,False,True,False
Stable Mobility,33,Random-Fuzzer,Baseline,8,0.5333333333333333,2,"['Ping-Pong: 3 UEs oscillating', 'Unfairness: Jain Index = 0.07']",0.07392292286934649,5.2180567,-3.2958361864089967,32.786755,7.633370208740234,0.6663483,0.05553287518900286,True,False,True,False
Stable Mobility,34,Random-Fuzzer,Baseline,9,0.6,2,"['Ping-Pong: 5 UEs oscillating', 'Unfairness: Jain Index = 0.16']",0.1597621249239394,8.536493,-2.4511854887008666,47.002438,8.90596079826355,0.59609264,0.1305838971504961,True,False,True,False
Stable Mobility,35,Random-Fuzzer,Baseline,4,0.26666666666666666,2,"['Ping-Pong: 2 UEs oscillating', 'Unfairness: Jain Index = 0.17']",0.17387652403648998,8.090027,-4.00579948425293,44.989525,6.63335428237915,0.6284754,0.08302664654363189,True,False,True,False
Stable Mobility,36,Random-Fuzzer,Baseline,6,0.4,2,"['Ping-Pong: 3 UEs oscillating', 'Unfairness: Jain Index = 0.11']",0.114508930643874,6.783756,-2.4488239526748656,39.49642,9.00127444267273,0.62867314,0.06598288790738581,True,False,True,False
Stable Mobility,37,Random-Fuzzer,Baseline,7,0.4666666666666667,2,"['Ping-Pong: 2 UEs oscillating', 'Unfairness: Jain Index = 0.17']",0.17038572245237504,7.8148923,-3.3895282745361324,44.41278,9.283561038970948,0.8522855,0.08302664654363189,True,False,True,False
Stable Mobility,38,Random-Fuzzer,Baseline,7,0.4666666666666667,2,"['Ping-Pong: 3 UEs oscillating', 'Unfairness: Jain Index = 0.16']",0.15594901511001744,7.736933,-2.90794038772583,43.769543,8.160045862197876,0.6156581,0.0659828879073858,True,False,True,False
Stable Mobility,39,Random-Fuzzer,Baseline,9,0.6,1,['Ping-Pong: 5 UEs oscillating'],0.20480228191303249,10.266185,-1.8935995221138,53.076122,9.846716403961182,0.48444182,0.12046772038736682,True,False,False,False
Stable Mobility,40,Random-Fuzzer,Baseline,9,0.6,2,"['Ping-Pong: 4 UEs oscillating', 'Unfairness: Jain Index = 0.08']",0.0771152377707256,5.660626,-2.295338785648346,34.668716,9.17900562286377,0.6496717,0.09035079029052513,True,False,True,False
Stable Mobility,41,Random-Fuzzer,Baseline,6,0.4,1,['Ping-Pong: 3 UEs oscillating'],0.5517422287021178,4.306628,-4.8616667747497555,28.740675,5.579545974731445,0.7174435,0.0659828879073858,True,False,False,False
Stable Mobility,42,Random-Fuzzer,Baseline,6,0.4,2,"['Ping-Pong: 3 UEs oscillating', 'Unfairness: Jain Index = 0.10']",0.10048367877012954,4.8082824,-6.682357931137084,33.666622,3.9161782503128055,0.98925173,0.042591770999996004,True,False,True,False
Stable Mobility,43,Random-Fuzzer,Baseline,10,0.6666666666666666,1,['Ping-Pong: 4 UEs oscillating'],0.2613093649542384,13.387674,-3.155470323562622,66.03983,8.270192623138428,0.47871387,0.0659828879073858,True,False,False,False
Stable Mobility,44,Random-Fuzzer,Baseline,8,0.5333333333333333,2,"['Ping-Pong: 3 UEs oscillating', 'Unfairness: Jain Index = 0.12']",0.12185302461733405,5.959226,-5.122443914413452,37.603832,5.853081798553467,0.9135364,0.05553287518900287,True,False,True,False
Stable Mobility,45,Random-Fuzzer,Baseline,11,0.7333333333333333,2,"['Ping-Pong: 6 UEs oscillating', 'Unfairness: Jain Index = 0.14']",0.14072972904077163,6.9612756,-3.9156232357025145,40.049717,6.737910413742066,0.62885076,0.09712418121129114,True,False,True,False
Stable Mobility,46,Random-Fuzzer,Baseline,9,0.6,2,"['Ping-Pong: 4 UEs oscillating', 'Unfairness: Jain Index = 0.08']",0.08144118455253736,7.1419797,-1.0106194496154783,38.85887,11.566067028045655,0.48630497,0.08302664654363189,True,False,True,False
Stable Mobility,47,Random-Fuzzer,Baseline,7,0.4666666666666667,1,['Ping-Pong: 2 UEs oscillating'],0.33793646533777044,11.873519,-1.6406983852386474,60.979206,10.3546932220459,0.51510715,0.05553287518900287,True,False,False,False
Stable Mobility,48,Random-Fuzzer,Baseline,9,0.6,1,['Unfairness: Jain Index = 0.09'],0.09075924509447655,6.772371,-1.9328644037246703,38.681126,9.902081155776978,0.580466,0.08302664654363189,True,False,True,False
Stable Mobility,49,Random-Fuzzer,Baseline,8,0.5333333333333333,2,"['Ping-Pong: 2 UEs oscillating', 'Unfairness: Jain Index = 0.15']",0.1466442564027977,7.6087217,-2.655323719978332,43.314533,8.717865037918092,0.6479845,0.06598288790738581,True,False,True,False
Stable Mobility,50,Random-Fuzzer,Baseline,9,0.6,1,['Ping-Pong: 5 UEs oscillating'],0.21375248456296012,9.731409,-2.783632755279541,51.758244,8.473921012878417,0.5755329,0.07499055118106486,True,False,False,False
Stable Mobility,51,Random-Fuzzer,Baseline,11,0.7333333333333333,2,"['Ping-Pong: 4 UEs oscillating', 'Unfairness: Jain Index = 0.07']",0.07393829156039608,5.1124086,-1.097008317708969,32.035892,11.578151416778566,0.6213462,0.10345505229714491,True,False,True,False
Stable Mobility,52,Random-Fuzzer,Baseline,7,0.4666666666666667,2,"['Ping-Pong: 4 UEs oscillating', 'Unfairness: Jain Index = 0.08']",0.08123017970289334,6.3151083,-2.7988892793655396,37.447803,8.704687118530273,0.65974253,0.09712418121129114,True,False,True,False
Stable Mobility,53,Random-Fuzzer,Baseline,7,0.4666666666666667,2,"['Ping-Pong: 4 UEs oscillating', 'Unfairness: Jain Index = 0.10']",0.10134969800542136,4.467715,-4.978250789642334,32.62358,5.70152931213379,0.94008446,0.11507662831994829,True,False,True,False
Stable Mobility,54,Random-Fuzzer,Baseline,10,0.6666666666666666,2,"['Ping-Pong: 3 UEs oscillating', 'Unfairness: Jain Index = 0.09']",0.09198174839212314,5.943097,-4.049211931228638,36.79029,6.651792716979981,0.73596555,0.042591770999996004,True,False,True,False
Stable Mobility,55,Random-Fuzzer,Baseline,8,0.5333333333333333,2,"['Ping-Pong: 3 UEs oscillating', 'Unfairness: Jain Index = 0.14']",0.14436812163998433,4.52564,-5.449667072296142,34.365623,5.031320309638977,1.0474101,0.042591770999996004,True,False,True,False
Stable Mobility,56,Random-Fuzzer,Baseline,9,0.6,2,"['Ping-Pong: 4 UEs oscillating', 'Unfairness: Jain Index = 0.14']",0.13623851821922378,4.756211,-3.316709470748901,33.066696,7.791079187393189,0.81386065,0.07499055118106487,True,False,True,False
Stable Mobility,57,Random-Fuzzer,Baseline,8,0.5333333333333333,1,['Ping-Pong: 2 UEs oscillating'],0.22166464396093347,8.390145,-4.531929159164429,48.758316,5.956072044372559,0.8053717,0.042591770999996004,True,False,False,False
Stable Mobility,58,Random-Fuzzer,Baseline,7,0.4666666666666667,2,"['Ping-Pong: 2 UEs oscillating', 'Unfairness: Jain Index = 0.15']",0.1522698294803759,6.4201365,-3.8427844047546387,39.580402,6.9440224170684814,0.7623006,0.05553287518900287,True,False,True,False
Stable Mobility,59,Random-Fuzzer,Baseline,10,0.6666666666666666,2,"['Ping-Pong: 3 UEs oscillating', 'Unfairness: Jain Index = 0.16']",0.16142048539209888,9.49593,-2.9842732768505806,50.73212,10.176095485687256,0.78381574,0.042591770999996004,True,False,True,False
Stable Mobility,60,Random-Fuzzer,Baseline,8,0.5333333333333333,2,"['Ping-Pong: 3 UEs oscillating', 'Unfairness: Jain Index = 0.15']",0.14889584329780425,9.439258,-1.4925578303635116,49.000965,11.167982292175294,0.4978012,0.13535876574811329,True,False,True,False
Stable Mobility,61,Random-Fuzzer,Baseline,12,0.8,2,"['Ping-Pong: 5 UEs oscillating', 'Unfairness: Jain Index = 0.14']",0.1388864526113387,5.2779946,-3.6443883657455443,35.344517,7.129836845397949,0.80855304,0.09035079029052513,True,False,True,False
Stable Mobility,62,Random-Fuzzer,Baseline,8,0.5333333333333333,2,"['Ping-Pong: 4 UEs oscillating', 'Unfairness: Jain Index = 0.14']",0.13602555066844166,4.161581,-4.715436410903931,32.029823,5.742865180969238,0.9567794,0.05553287518900286,True,False,True,False
Stable Mobility,63,Random-Fuzzer,Baseline,9,0.6,2,"['Ping-Pong: 4 UEs oscillating', 'Unfairness: Jain Index = 0.08']",0.08011799928120947,4.105559,-6.741541576385497,32.01813,4.10446105003357,1.1673211,0.09035079029052512,True,False,True,False
Stable Mobility,64,Random-Fuzzer,Baseline,12,0.8,1,['Ping-Pong: 3 UEs oscillating'],0.3549513121181924,3.6530876,-4.992568635940551,26.954157,6.341765928268433,0.9519062,0.0659828879073858,True,False,False,False
Stable Mobility,65,Random-Fuzzer,Baseline,11,0.7333333333333333,1,['Ping-Pong: 5 UEs oscillating'],0.20284158301968613,6.1773777,-4.564195442199707,40.12189,6.005977010726929,0.8802086,0.09712418121129114,True,False,False,False
Stable Mobility,66,Random-Fuzzer,Baseline,8,0.5333333333333333,1,['Ping-Pong: 6 UEs oscillating'],0.2313131163101583,1.3935935,-5.88838005065918,22.291075,4.8650157213211065,1.3118397,0.07499055118106487,True,False,False,False
Stable Mobility,67,Random-Fuzzer,Baseline,9,0.6,1,['Ping-Pong: 6 UEs oscillating'],0.2096778401277804,8.864012,-3.1782214641571045,48.24241,7.757755327224731,0.58927554,0.08302664654363189,True,False,False,False
Stable Mobility,68,Random-Fuzzer,Baseline,10,0.6666666666666666,2,"['Ping-Pong: 5 UEs oscillating', 'Unfairness: Jain Index = 0.07']",0.07285755894289224,4.0723343,-5.595858716964721,30.194124,5.4646357059478765,1.0384451,0.08302664654363189,True,False,True,False
Stable Mobility,69,Random-Fuzzer,Baseline,8,0.5333333333333333,2,"['Ping-Pong: 6 UEs oscillating', 'Unfairness: Jain Index = 0.08']",0.08480694472631167,2.332287,-8.392147445678711,27.015074,2.729869878292084,1.4319763,0.08302664654363189,True,False,True,False
Stable Mobility,70,Random-Fuzzer,Baseline,11,0.7333333333333333,2,"['Ping-Pong: 5 UEs oscillating', 'Unfairness: Jain Index = 0.15']",0.14900690517490625,6.8962684,-5.644953966140747,41.775803,5.398386859893799,0.9711104,0.0659828879073858,True,False,True,False
Stable Mobility,71,Random-Fuzzer,Baseline,12,0.8,1,['Ping-Pong: 6 UEs oscillating'],0.2687594492643247,8.345945,-4.405028200149536,48.112072,6.139152526855469,0.74031144,0.09712418121129114,True,False,False,False
Stable Mobility,72,Random-Fuzzer,Baseline,9,0.6,2,"['Ping-Pong: 5 UEs oscillating', 'Unfairness: Jain Index = 0.15']",0.15046935033117081,7.823694,-4.758148050308227,44.69923,6.715161657333375,0.87625396,0.11507662831994829,True,False,True,False
Stable Mobility,73,Random-Fuzzer,Baseline,11,0.7333333333333333,1,['Ping-Pong: 4 UEs oscillating'],0.21167846733042459,8.359829,-2.8225630521774288,47.13397,9.441597652435304,0.73716295,0.07499055118106486,True,False,False,False
Stable Mobility,74,Random-Fuzzer,Baseline,7,0.4666666666666667,2,"['Ping-Pong: 3 UEs oscillating', 'Unfairness: Jain Index = 0.14']",0.1372869406685128,5.1376367,-4.28931736946106,34.719738,6.289917755126953,0.82228446,0.08302664654363187,True,False,True,False
Stable Mobility,75,Random-Fuzzer,Baseline,10,0.6666666666666666,2,"['Ping-Pong: 5 UEs oscillating', 'Unfairness: Jain Index = 0.09']",0.09396212812022331,5.196267,-6.282005023956298,35.524612,4.604900407791138,1.0686085,0.12046772038736683,True,False,True,False
Stable Mobility,76,Random-Fuzzer,Baseline,9,0.6,1,['Ping-Pong: 5 UEs oscillating'],0.20351255370044263,6.669381,-5.488453817367553,42.14072,5.612202835083008,1.0493301,0.10942024088643863,True,False,False,False
Stable Mobility,77,Random-Fuzzer,Baseline,9,0.6,2,"['Ping-Pong: 5 UEs oscillating', 'Unfairness: Jain Index = 0.07']",0.0710168470866341,2.3206294,-5.205301713943482,24.69195,5.20551290512085,1.022906,0.12046772038736685,True,False,True,False
Stable Mobility,78,Random-Fuzzer,Baseline,8,0.5333333333333333,2,"['Ping-Pong: 4 UEs oscillating', 'Unfairness: Jain Index = 0.08']",0.0764456953435722,5.6142955,-5.508409070968628,35.237617,5.029106092453003,0.81676644,0.08302664654363189,True,False,True,False
Stable Mobility,79,Random-Fuzzer,Baseline,6,0.4,1,['Ping-Pong: 3 UEs oscillating'],0.2677138134112385,3.633148,-5.8959144115447994,29.255669,5.071351337432862,1.1359781,0.08302664654363189,True,False,False,False
Stable Mobility,80,Random-Fuzzer,Baseline,8,0.5333333333333333,2,"['Ping-Pong: 2 UEs oscillating', 'Unfairness: Jain Index = 0.08']",0.07522409392178366,4.8989034,-6.720584154129028,33.473503,4.126048660278321,1.0429894,0.05553287518900286,True,False,True,False
Stable Mobility,81,Random-Fuzzer,Baseline,4,0.26666666666666666,0,[],0.2365393616514663,10.029486,-5.150629615783691,54.953682,5.260579013824463,0.7358185,0.05553287518900286,True,False,False,False
Stable Mobility,82,Random-Fuzzer,Baseline,8,0.5333333333333333,1,['Ping-Pong: 3 UEs oscillating'],0.20481493782288504,7.8900347,-1.823616337776184,44.741096,9.971553325653076,0.629844,0.09035079029052513,True,False,False,False
Stable Mobility,83,Random-Fuzzer,Baseline,11,0.7333333333333333,2,"['Ping-Pong: 3 UEs oscillating', 'Unfairness: Jain Index = 0.19']",0.19247923140962203,7.4557886,-4.044520044326782,44.694332,7.317802143096924,0.8745641,0.07499055118106487,True,False,True,False
Stable Mobility,84,Random-Fuzzer,Baseline,7,0.4666666666666667,2,"['Ping-Pong: 2 UEs oscillating', 'Unfairness: Jain Index = 0.07']",0.07219183224198591,2.9589794,-9.332150268554688,27.645151,2.1862130761146545,1.3351573,0.07499055118106487,True,False,True,False
Stable Mobility,85,Random-Fuzzer,Baseline,5,0.3333333333333333,1,['Ping-Pong: 2 UEs oscillating'],0.2435275801160896,7.588377,-6.3623459815979,47.075466,4.513224744796753,1.1201702,0.11507662831994829,True,False,False,False
Stable Mobility,86,Random-Fuzzer,Baseline,10,0.6666666666666666,3,"['Ping-Pong: 3 UEs oscillating', 'QoS Violation: 5th Percentile Throughput = 1.88 Mbps', 'Unfairness: Jain Index = 0.13']",0.12565350802624634,3.7793562,-10.0,32.11109,1.8810487985610962,1.458713,0.1034550522971449,True,True,True,False
Stable Mobility,87,Random-Fuzzer,Baseline,13,0.8666666666666667,2,"['Ping-Pong: 5 UEs oscillating', 'Unfairness: Jain Index = 0.18']",0.1771689151292797,6.7498083,-4.7031749248504635,39.77688,6.8054481029510505,0.8837961,0.05553287518900287,True,False,True,False
Stable Mobility,88,Random-Fuzzer,Baseline,4,0.26666666666666666,1,['Ping-Pong: 2 UEs oscillating'],0.21923822477080285,7.6945252,-6.59769549369812,47.03016,4.254958486557007,1.09404,0.06598288790738581,True,False,False,False
Stable Mobility,89,Random-Fuzzer,Baseline,6,0.4,1,['Unfairness: Jain Index = 0.16'],0.1556540271598473,7.490748,-4.363508176803589,43.282986,6.1624866962432865,0.708936,0.08302664654363187,True,False,True,False
Stable Mobility,90,Random-Fuzzer,Baseline,8,0.5333333333333333,1,['Ping-Pong: 2 UEs oscillating'],0.33895070652975084,12.787389,-0.5229979962110518,63.516617,12.558794212341308,0.41609275,0.09712418121129114,True,False,False,False
Stable Mobility,91,Random-Fuzzer,Baseline,7,0.4666666666666667,1,['Ping-Pong: 3 UEs oscillating'],0.277725345894245,10.901219,-6.0731240749359126,57.90257,4.8518536567687995,0.84633625,0.10345505229714491,True,False,False,False
Stable Mobility,92,Random-Fuzzer,Baseline,8,0.5333333333333333,1,['Ping-Pong: 5 UEs oscillating'],0.20231972196577494,7.0096126,-4.73733582496643,42.32503,6.749221181869507,0.94496197,0.042591770999996004,True,False,False,False
Stable Mobility,93,Random-Fuzzer,Baseline,7,0.4666666666666667,2,"['Ping-Pong: 2 UEs oscillating', 'Unfairness: Jain Index = 0.18']",0.1776740484475201,6.2010927,-6.526785278320312,40.632374,4.159970784187317,1.0535125,0.0659828879073858,True,False,True,False
Stable Mobility,94,Random-Fuzzer,Baseline,6,0.4,1,['Ping-Pong: 3 UEs oscillating'],0.2322783748814133,9.975023,-3.9294370412826534,53.688503,8.189238262176515,0.8305048,0.09035079029052513,True,False,False,False
Stable Mobility,95,Random-Fuzzer,Baseline,4,0.26666666666666666,1,['Ping-Pong: 2 UEs oscillating'],0.24277441240907885,7.7654448,-5.845946979522704,47.458298,5.134935903549195,1.0709519,0.07499055118106487,True,False,False,False
Stable Mobility,96,Random-Fuzzer,Baseline,7,0.4666666666666667,2,"['Ping-Pong: 2 UEs oscillating', 'Unfairness: Jain Index = 0.16']",0.1634243641306624,6.3264337,-7.675577640533447,41.395756,3.2526243329048157,1.1783384,0.09712418121129114,True,False,True,False
Stable Mobility,97,Random-Fuzzer,Baseline,7,0.4666666666666667,1,['Unfairness: Jain Index = 0.09'],0.09421904194635582,5.4531846,-3.5620439291000365,35.234573,7.246443462371826,0.753063,0.12046772038736682,True,False,True,False
Stable Mobility,98,Random-Fuzzer,Baseline,10,0.6666666666666666,1,['Ping-Pong: 3 UEs oscillating'],0.2041253783271137,7.354213,-4.197799348831177,43.162563,6.369612836837769,0.70625496,0.07499055118106486,True,False,False,False
Stable Mobility,99,Random-Fuzzer,Baseline,9,0.6,2,"['Ping-Pong: 3 UEs oscillating', 'Unfairness: Jain Index = 0.15']",0.15203035453545286,8.239925,-4.032990789413452,46.177025,6.584534311294556,0.66815275,0.07499055118106487,True,False,True,False
Stable Mobility,100,Random-Fuzzer,Baseline,10,0.6666666666666666,2,"['Ping-Pong: 4 UEs oscillating', 'Unfairness: Jain Index = 0.15']",0.15225116419936358,6.4437394,-5.175974607467651,40.776157,6.06253457069397,1.024342,0.08302664654363189,True,False,True,False
Stable Mobility,101,Random-Fuzzer,Baseline,9,0.6,2,"['Ping-Pong: 6 UEs oscillating', 'Unfairness: Jain Index = 0.14']",0.1382142940914535,6.0458093,-3.775428414344787,37.579597,8.490438079833986,0.92416024,0.1034550522971449,True,False,True,False
Stable Mobility,102,Random-Fuzzer,Baseline,8,0.5333333333333333,1,['Ping-Pong: 3 UEs oscillating'],0.2587935989254515,2.7843592,-6.210535097122192,26.210783,4.687986755371094,1.197684,0.09712418121129114,True,False,False,False
Stable Mobility,103,Random-Fuzzer,Baseline,9,0.6,2,"['Ping-Pong: 2 UEs oscillating', 'Unfairness: Jain Index = 0.12']",0.12311677509123577,7.1607084,-5.920630598068237,42.403732,5.040177392959595,0.9380529,0.042591770999996004,True,False,True,False
Stable Mobility,104,Random-Fuzzer,Baseline,7,0.4666666666666667,2,"['Ping-Pong: 4 UEs oscillating', 'Unfairness: Jain Index = 0.10']",0.09738880030362518,5.082547,-5.977629899978638,35.56066,4.9689785003662115,1.1207153,0.10345505229714491,True,False,True,False
Stable Mobility,105,Random-Fuzzer,Baseline,9,0.6,2,"['Ping-Pong: 5 UEs oscillating', 'Unfairness: Jain Index = 0.19']",0.18661830170976662,6.1326766,-4.7783702373504635,40.178772,6.682212305068971,1.0569047,0.12046772038736682,True,False,True,False
Stable Mobility,106,Random-Fuzzer,Baseline,9,0.6,2,"['Ping-Pong: 3 UEs oscillating', 'Unfairness: Jain Index = 0.07']",0.07215212565455915,2.9564462,-7.016340255737305,27.766207,3.8318820476531985,1.2703694,0.09712418121129114,True,False,True,False
Stable Mobility,107,Random-Fuzzer,Baseline,8,0.5333333333333333,2,"['Ping-Pong: 3 UEs oscillating', 'Unfairness: Jain Index = 0.09']",0.0891226066138631,6.610345,-5.169647121429443,39.690475,6.071982049942017,0.9139244,0.09712418121129114,True,False,True,False
Stable Mobility,108,Random-Fuzzer,Baseline,11,0.7333333333333333,2,"['Ping-Pong: 5 UEs oscillating', 'Unfairness: Jain Index = 0.14']",0.14416067986071293,7.35496,-4.875753211975097,43.08623,6.525497102737427,0.9129486,0.10942024088643865,True,False,True,False
Stable Mobility,109,Random-Fuzzer,Baseline,9,0.6,2,"['Ping-Pong: 5 UEs oscillating', 'Unfairness: Jain Index = 0.18']",0.17664779238352915,5.598704,-6.259148359298706,39.758736,4.631314563751221,1.235369,0.09035079029052512,True,False,True,False
Stable Mobility,110,Random-Fuzzer,Baseline,9,0.6,1,['Ping-Pong: 3 UEs oscillating'],0.22121572473312148,9.421749,-5.020786714553833,51.7932,5.475155210494995,0.71168864,0.10942024088643863,True,False,False,False
Stable Mobility,111,Random-Fuzzer,Baseline,11,0.7333333333333333,1,['Ping-Pong: 4 UEs oscillating'],0.20823958648710353,8.52505,-3.6845582485198975,47.478703,7.059320402145386,0.65606487,0.09712418121129114,True,False,False,False
Stable Mobility,112,Random-Fuzzer,Baseline,10,0.6666666666666666,2,"['Ping-Pong: 4 UEs oscillating', 'Unfairness: Jain Index = 0.14']",0.1434047633809495,6.989173,-2.8300043821334837,41.141987,8.34015703201294,0.68224233,0.09035079029052512,True,False,True,False
Stable Mobility,113,Random-Fuzzer,Baseline,11,0.7333333333333333,2,"['Ping-Pong: 6 UEs oscillating', 'Unfairness: Jain Index = 0.10']",0.10420547658842791,4.2527127,-6.03290753364563,32.67545,4.900853109359741,1.1420001,0.0659828879073858,True,False,True,False
Stable Mobility,114,Random-Fuzzer,Baseline,8,0.5333333333333333,4,"['Ping-Pong: 7 UEs oscillating', 'QoS Violation: 5th Percentile Throughput = 1.88 Mbps', 'Unfairness: Jain Index = 0.14', 'CRITICAL FAILURE: Low QoE, High Unfairness, and System Instability Co-occurred']",0.13800782420433325,4.779676,-10.0,35.65718,1.8810487985610962,1.4217473,0.0830266465436319,True,True,True,True
Stable Mobility,115,Random-Fuzzer,Baseline,11,0.7333333333333333,4,"['Ping-Pong: 6 UEs oscillating', 'QoS Violation: 5th Percentile Throughput = 1.88 Mbps', 'Unfairness: Jain Index = 0.07', 'CRITICAL FAILURE: Low QoE, High Unfairness, and System Instability Co-occurred']",0.07117296730114883,2.4704013,-10.0,26.429104,1.8810487985610962,1.497374,0.07499055118106487,True,True,True,True
Stable Mobility,116,Random-Fuzzer,Baseline,13,0.8666666666666667,1,['Ping-Pong: 6 UEs oscillating'],0.24353788728576553,9.272725,-3.06404013633728,50.44618,7.975943613052368,0.607781,0.042591770999996004,True,False,False,False
Stable Mobility,117,Random-Fuzzer,Baseline,10,0.6666666666666666,2,"['Ping-Pong: 7 UEs oscillating', 'Unfairness: Jain Index = 0.12']",0.12113434152341931,5.3942733,-4.788140726089477,35.51183,6.666342115402222,0.9904519,0.13058389715049606,True,False,True,False
Stable Mobility,118,Random-Fuzzer,Baseline,10,0.6666666666666666,2,"['Ping-Pong: 6 UEs oscillating', 'Unfairness: Jain Index = 0.08']",0.08091902939080912,4.898712,-5.780829668045044,33.785152,5.218932485580445,1.0452306,0.07499055118106486,True,False,True,False
Stable Mobility,119,Random-Fuzzer,Baseline,9,0.6,2,"['Ping-Pong: 4 UEs oscillating', 'Unfairness: Jain Index = 0.19']",0.18866113777000884,7.9595814,-6.104539680480957,45.99376,4.813907527923584,0.93171394,0.055532875189002864,True,False,True,False
Stable Mobility,120,Random-Fuzzer,Baseline,11,0.7333333333333333,2,"['Ping-Pong: 4 UEs oscillating', 'Unfairness: Jain Index = 0.14']",0.1377981238856281,5.506219,-5.801119184494018,36.27418,5.192622804641724,1.0094429,0.09712418121129113,True,False,True,False
Stable Mobility,121,Random-Fuzzer,Baseline,8,0.5333333333333333,1,['Ping-Pong: 4 UEs oscillating'],0.21017507600182092,7.897755,-6.2888199329376215,46.880543,4.59705309867859,1.0166789,0.042591770999996004,True,False,False,False
Stable Mobility,122,Random-Fuzzer,Baseline,9,0.6,3,"['Ping-Pong: 5 UEs oscillating', 'QoS Violation: 5th Percentile Throughput = 1.88 Mbps', 'Unfairness: Jain Index = 0.08']",0.07648275318100646,2.3827922,-10.0,26.776468,1.8810487985610962,1.5258706,0.09035079029052513,True,True,True,False
Stable Mobility,123,Random-Fuzzer,Baseline,9,0.6,2,"['Ping-Pong: 4 UEs oscillating', 'Unfairness: Jain Index = 0.14']",0.14155870605495469,5.3329673,-7.735368728637695,37.850582,3.204964363574982,1.2676033,0.05553287518900287,True,False,True,False
Stable Mobility,124,Random-Fuzzer,Baseline,11,0.7333333333333333,3,"['Ping-Pong: 5 UEs oscillating', 'QoS Violation: 5th Percentile Throughput = 1.88 Mbps', 'Unfairness: Jain Index = 0.14']",0.13884463030789046,5.2973313,-10.0,37.069633,1.8810487985610962,1.3434128,0.10345505229714491,True,True,True,False
Stable Mobility,125,Random-Fuzzer,Baseline,8,0.5333333333333333,1,['Ping-Pong: 6 UEs oscillating'],0.2737569659164103,9.526501,-3.4526082992553713,52.097538,7.3548712730407715,0.6322577,0.042591770999996004,True,False,False,False
Stable Mobility,126,Random-Fuzzer,Baseline,6,0.4,3,"['Ping-Pong: 3 UEs oscillating', 'QoS Violation: 5th Percentile Throughput = 1.88 Mbps', 'Unfairness: Jain Index = 0.07']",0.06932449052565402,1.2465574,-10.0,22.863792,1.8810487985610962,1.6196219,0.05553287518900287,True,True,True,False
Stable Mobility,127,Random-Fuzzer,Baseline,9,0.6,2,"['Ping-Pong: 2 UEs oscillating', 'Unfairness: Jain Index = 0.07']",0.07076616218513684,2.5562449,-8.409264326095581,26.0804,2.718611443042755,1.2971121,0.042591770999996004,True,False,True,False
Stable Mobility,128,Random-Fuzzer,Baseline,6,0.4,3,"['Ping-Pong: 3 UEs oscillating', 'QoS Violation: 5th Percentile Throughput = 1.88 Mbps', 'Unfairness: Jain Index = 0.14']",0.13579538033552324,3.183902,-10.0,31.023844,1.8810487985610962,1.6023154,0.1034550522971449,True,True,True,False
Stable Mobility,129,Random-Fuzzer,Baseline,11,0.7333333333333333,1,['Ping-Pong: 3 UEs oscillating'],0.4134212696863267,14.930211,-3.610144853591919,73.958885,7.165965366363525,0.50328994,0.10942024088643863,True,False,False,False
Stable Mobility,130,Random-Fuzzer,Baseline,10,0.6666666666666666,3,"['Ping-Pong: 3 UEs oscillating', 'QoS Violation: 5th Percentile Throughput = 1.88 Mbps', 'Unfairness: Jain Index = 0.08']",0.0837706009140652,4.611344,-10.0,34.6663,1.8810487985610962,1.4047786,0.10942024088643863,True,True,True,False
Stable Mobility,131,Random-Fuzzer,Baseline,7,0.4666666666666667,3,"['Ping-Pong: 4 UEs oscillating', 'QoS Violation: 5th Percentile Throughput = 1.88 Mbps', 'Unfairness: Jain Index = 0.16']",0.15518587689450664,6.809192,-10.0,42.180614,1.8810487985610962,1.2245661,0.055532875189002864,True,True,True,False
Stable Mobility,132,Random-Fuzzer,Baseline,8,0.5333333333333333,2,"['Ping-Pong: 3 UEs oscillating', 'Unfairness: Jain Index = 0.14']",0.14073285637025493,5.1403537,-6.9517810344696045,36.42178,3.8941968917846683,1.1879098,0.09035079029052513,True,False,True,False
Stable Mobility,133,Random-Fuzzer,Baseline,11,0.7333333333333333,3,"['Ping-Pong: 2 UEs oscillating', 'QoS Violation: 5th Percentile Throughput = 1.88 Mbps', 'Unfairness: Jain Index = 0.13']",0.13329699563880326,6.342438,-10.0,41.559483,1.8810487985610962,1.3444203,0.09035079029052512,True,True,True,False
Stable Mobility,134,Random-Fuzzer,Baseline,11,0.7333333333333333,3,"['Ping-Pong: 5 UEs oscillating', 'QoS Violation: 5th Percentile Throughput = 1.88 Mbps', 'Unfairness: Jain Index = 0.14']",0.13967348582388237,5.0306983,-10.0,36.770374,1.8810487985610962,1.4292911,0.05553287518900287,True,True,True,False
Stable Mobility,135,Random-Fuzzer,Baseline,7,0.4666666666666667,2,"['Ping-Pong: 3 UEs oscillating', 'QoS Violation: 5th Percentile Throughput = 1.88 Mbps']",0.20385528268084813,6.890252,-10.0,43.404682,1.8810487985610962,1.2756819,0.10942024088643863,True,True,False,False
Stable Mobility,136,Random-Fuzzer,Baseline,10,0.6666666666666666,2,"['Ping-Pong: 6 UEs oscillating', 'QoS Violation: 5th Percentile Throughput = 1.88 Mbps']",0.25180635783820576,2.378924,-10.0,27.050663,1.8810487985610962,1.7891539,0.0659828879073858,True,True,False,False
Stable Mobility,137,Random-Fuzzer,Baseline,5,0.3333333333333333,3,"['Ping-Pong: 2 UEs oscillating', 'QoS Violation: 5th Percentile Throughput = 1.88 Mbps', 'Unfairness: Jain Index = 0.07']",0.06969937702583189,1.3391945,-10.0,23.070295,1.8810487985610962,1.5736291,0.05553287518900287,True,True,True,False
Stable Mobility,138,Random-Fuzzer,Baseline,11,0.7333333333333333,1,['Ping-Pong: 4 UEs oscillating'],0.20438027628857786,7.7646747,-4.26984748840332,45.020683,7.554109573364258,0.9081061,0.08302664654363189,True,False,False,False
Stable Mobility,139,Random-Fuzzer,Baseline,8,0.5333333333333333,1,['Ping-Pong: 3 UEs oscillating'],0.2115201008150816,9.111052,-3.1562946319580076,49.359234,7.783749341964722,0.58723736,0.0659828879073858,True,False,False,False
Stable Mobility,140,Random-Fuzzer,Baseline,8,0.5333333333333333,3,"['Ping-Pong: 4 UEs oscillating', 'QoS Violation: 5th Percentile Throughput = 1.88 Mbps', 'Unfairness: Jain Index = 0.07']",0.06960903916419064,0.1739539,-10.0,21.517952,1.8810487985610962,2.0709167,0.08302664654363189,True,True,True,False
Stable Mobility,141,Random-Fuzzer,Baseline,12,0.8,2,"['Ping-Pong: 4 UEs oscillating', 'QoS Violation: 5th Percentile Throughput = 1.88 Mbps']",0.28927018631400475,0.96054906,-10.0,21.259491,1.8810487985610962,1.7614037,0.06598288790738581,True,True,False,False
Stable Mobility,142,Random-Fuzzer,Baseline,11,0.7333333333333333,3,"['Ping-Pong: 5 UEs oscillating', 'QoS Violation: 5th Percentile Throughput = 1.88 Mbps', 'Unfairness: Jain Index = 0.17']",0.1662782533375861,6.1674223,-10.0,42.022293,1.8810487985610962,1.4396623,0.07499055118106486,True,True,True,False
Stable Mobility,143,Random-Fuzzer,Baseline,9,0.6,3,"['Ping-Pong: 3 UEs oscillating', 'QoS Violation: 5th Percentile Throughput = 1.88 Mbps', 'Unfairness: Jain Index = 0.08']",0.08194230977947446,2.2802498,-10.0,29.646442,1.8810487985610962,2.1809404,0.10942024088643863,True,True,True,False
Stable Mobility,144,Random-Fuzzer,Baseline,10,0.6666666666666666,2,"['Ping-Pong: 5 UEs oscillating', 'QoS Violation: 5th Percentile Throughput = 1.88 Mbps']",0.20445986124709312,5.3647227,-10.0,40.408237,1.8810487985610962,1.5758493,0.0659828879073858,True,True,False,False
Stable Mobility,145,Random-Fuzzer,Baseline,11,0.7333333333333333,3,"['Ping-Pong: 5 UEs oscillating', 'QoS Violation: 5th Percentile Throughput = 1.88 Mbps', 'Unfairness: Jain Index = 0.09']",0.09283842490516916,2.5579424,-10.0,28.768158,1.8810487985610962,1.80429,0.12046772038736682,True,True,True,False
Stable Mobility,146,Random-Fuzzer,Baseline,10,0.6666666666666666,3,"['Ping-Pong: 5 UEs oscillating', 'QoS Violation: 5th Percentile Throughput = 1.88 Mbps', 'Unfairness: Jain Index = 0.10']",0.0991842746669309,5.863176,-10.0,38.916904,1.8810487985610962,1.3065187,0.042591770999996004,True,True,True,False
Stable Mobility,147,Random-Fuzzer,Baseline,10,0.6666666666666666,4,"['Ping-Pong: 7 UEs oscillating', 'QoS Violation: 5th Percentile Throughput = 1.88 Mbps', 'Unfairness: Jain Index = 0.08', 'CRITICAL FAILURE: Low QoE, High Unfairness, and System Instability Co-occurred']",0.08274372357909014,4.080046,-10.0,32.97395,1.8810487985610962,1.652646,0.0659828879073858,True,True,True,True
Stable Mobility,148,Random-Fuzzer,Baseline,8,0.5333333333333333,3,"['Ping-Pong: 5 UEs oscillating', 'QoS Violation: 5th Percentile Throughput = 1.88 Mbps', 'Unfairness: Jain Index = 0.11']",0.10853395665722441,5.205567,-10.0,37.18826,1.8810487985610962,1.4439635,0.08302664654363189,True,True,True,False
Stable Mobility,149,Random-Fuzzer,Baseline,7,0.4666666666666667,3,"['Ping-Pong: 2 UEs oscillating', 'QoS Violation: 5th Percentile Throughput = 1.88 Mbps', 'Unfairness: Jain Index = 0.10']",0.10328571095206496,3.0417473,-10.0,30.493341,1.8810487985610962,1.7026659,0.0659828879073858,True,True,True,False
Stable Mobility,150,Random-Fuzzer,Baseline,9,0.6,3,"['Ping-Pong: 3 UEs oscillating', 'QoS Violation: 5th Percentile Throughput = 1.88 Mbps', 'Unfairness: Jain Index = 0.15']",0.1505196609773346,7.213743,-10.0,44.749496,1.8810487985610962,1.3069164,0.14443572274383906,True,True,True,False
Stable Mobility,151,Random-Fuzzer,Baseline,6,0.4,1,['Ping-Pong: 3 UEs oscillating'],0.22335011469650287,8.785275,-4.563801193237304,49.80699,6.063867473602295,0.77620035,0.09712418121129113,True,False,False,False
Stable Mobility,152,Random-Fuzzer,Baseline,8,0.5333333333333333,3,"['Ping-Pong: 2 UEs oscillating', 'QoS Violation: 5th Percentile Throughput = 1.88 Mbps', 'Unfairness: Jain Index = 0.14']",0.143644856352255,5.7751303,-10.0,41.131092,1.8810487985610962,1.7362118,0.1034550522971449,True,True,True,False
Stable Mobility,153,Random-Fuzzer,Baseline,10,0.6666666666666666,3,"['Ping-Pong: 3 UEs oscillating', 'QoS Violation: 5th Percentile Throughput = 1.88 Mbps', 'Unfairness: Jain Index = 0.14']",0.1427646166867562,4.0027866,-10.0,35.524906,1.8810487985610962,1.9695691,0.13058389715049606,True,True,True,False
Stable Mobility,154,Random-Fuzzer,Baseline,11,0.7333333333333333,1,['Ping-Pong: 5 UEs oscillating'],0.27822906863894653,10.287726,-7.306819200515747,56.160767,3.5641322612762454,0.93683934,0.09035079029052513,True,False,False,False
Stable Mobility,155,Random-Fuzzer,Baseline,9,0.6,2,"['Ping-Pong: 4 UEs oscillating', 'QoS Violation: 5th Percentile Throughput = 1.88 Mbps']",0.22038578835884534,1.0494554,-10.0,21.874487,1.8810487985610962,1.8138813,0.042591770999996004,True,True,False,False
Stable Mobility,156,Random-Fuzzer,Baseline,10,0.6666666666666666,4,"['Ping-Pong: 6 UEs oscillating', 'QoS Violation: 5th Percentile Throughput = 1.88 Mbps', 'Unfairness: Jain Index = 0.14', 'CRITICAL FAILURE: Low QoE, High Unfairness, and System Instability Co-occurred']",0.13755410122746603,4.628938,-10.0,34.903996,1.8810487985610962,1.3888108,0.07499055118106487,True,True,True,True
Stable Mobility,157,Random-Fuzzer,Baseline,10,0.6666666666666666,4,"['Ping-Pong: 6 UEs oscillating', 'QoS Violation: 5th Percentile Throughput = 1.88 Mbps', 'Unfairness: Jain Index = 0.07', 'CRITICAL FAILURE: Low QoE, High Unfairness, and System Instability Co-occurred']",0.06885462337865468,0.21896823,-10.0,20.965057,1.8810487985610962,1.928114,0.07499055118106486,True,True,True,True
Stable Mobility,158,Random-Fuzzer,Baseline,8,0.5333333333333333,3,"['Ping-Pong: 4 UEs oscillating', 'QoS Violation: 5th Percentile Throughput = 1.88 Mbps', 'Unfairness: Jain Index = 0.16']",0.16143490879044037,-2.7950664,-10.0,11.946692,1.8810487985610962,2.5727034,0.08302664654363189,True,True,True,False
Stable Mobility,159,Random-Fuzzer,Baseline,7,0.4666666666666667,3,"['Ping-Pong: 2 UEs oscillating', 'QoS Violation: 5th Percentile Throughput = 1.88 Mbps', 'Unfairness: Jain Index = 0.07']",0.07236344062528052,2.6746948,-10.0,28.24986,1.8810487985610962,1.7573308,0.055532875189002864,True,True,True,False
Stable Mobility,160,Random-Fuzzer,Baseline,11,0.7333333333333333,3,"['Ping-Pong: 2 UEs oscillating', 'QoS Violation: 5th Percentile Throughput = 1.88 Mbps', 'Unfairness: Jain Index = 0.08']",0.08269933086076456,2.875345,-10.0,27.897818,1.8810487985610962,1.4431616,0.09035079029052512,True,True,True,False
Stable Mobility,161,Random-Fuzzer,Baseline,11,0.7333333333333333,1,['Ping-Pong: 3 UEs oscillating'],0.3297228208813287,12.026185,-2.611227691173553,61.83375,10.517666816711426,0.68804365,0.08302664654363189,True,False,False,False
Stable Mobility,162,Random-Fuzzer,Baseline,8,0.5333333333333333,1,['Ping-Pong: 4 UEs oscillating'],0.21226238690389776,7.6642923,-9.667672634124756,47.831387,2.0253711104393006,1.3128097,0.09035079029052513,True,False,False,False
Stable Mobility,163,Random-Fuzzer,Baseline,10,0.6666666666666666,1,['Ping-Pong: 5 UEs oscillating'],0.20352423052572607,5.895479,-8.096878337860108,40.859146,2.932815945148468,1.2738209,0.08302664654363189,True,False,False,False
Stable Mobility,164,Random-Fuzzer,Baseline,8,0.5333333333333333,2,"['Ping-Pong: 4 UEs oscillating', 'QoS Violation: 5th Percentile Throughput = 1.88 Mbps']",0.22132249911594454,-0.74298584,-10.0,16.825558,1.8810487985610962,2.0895665,0.09035079029052513,True,True,False,False
Stable Mobility,165,Random-Fuzzer,Baseline,6,0.4,2,"['Ping-Pong: 2 UEs oscillating', 'Unfairness: Jain Index = 0.14']",0.1404781741136026,4.3037515,-8.623883724212646,35.16188,2.5819724678993223,1.4490507,0.0659828879073858,True,False,True,False
Stable Mobility,166,Random-Fuzzer,Baseline,9,0.6,3,"['Ping-Pong: 2 UEs oscillating', 'QoS Violation: 5th Percentile Throughput = 1.93 Mbps', 'Unfairness: Jain Index = 0.14']",0.13705047759152733,4.572586,-9.874392986297607,34.55224,1.9339252591133118,1.3723227,0.09035079029052512,True,True,True,False
Stable Mobility,167,Random-Fuzzer,Baseline,7,0.4666666666666667,2,"['Ping-Pong: 3 UEs oscillating', 'Unfairness: Jain Index = 0.07']",0.0703496212750054,2.9296753,-5.992753410339355,26.425257,4.950250768661499,1.1284355,0.09035079029052513,True,False,True,False
Stable Mobility,168,Random-Fuzzer,Baseline,8,0.5333333333333333,2,"['Ping-Pong: 2 UEs oscillating', 'QoS Violation: 5th Percentile Throughput = 1.88 Mbps']",0.20611237556086556,7.3460846,-10.0,45.975185,1.8810487985610962,1.3982844,0.08302664654363189,True,True,False,False
Stable Mobility,169,Random-Fuzzer,Baseline,12,0.8,2,"['Ping-Pong: 4 UEs oscillating', 'QoS Violation: 5th Percentile Throughput = 1.88 Mbps']",0.6065167621104299,-1.1376687,-10.0,14.746512,1.8810487985610962,2.0685048,0.08302664654363189,True,True,False,False
Stable Mobility,170,Random-Fuzzer,Baseline,8,0.5333333333333333,1,['Ping-Pong: 4 UEs oscillating'],0.20389924036395157,5.9773593,-7.863592290878295,41.541286,3.1053357481956483,1.3056843,0.07499055118106486,True,False,False,False
Stable Mobility,171,Random-Fuzzer,Baseline,6,0.4,2,"['Ping-Pong: 2 UEs oscillating', 'Unfairness: Jain Index = 0.14']",0.13797729440196504,4.9705863,-5.371525478363037,35.150196,5.070496034622193,0.95527256,0.09035079029052513,True,False,True,False
Stable Mobility,172,Random-Fuzzer,Baseline,7,0.4666666666666667,3,"['Ping-Pong: 2 UEs oscillating', 'QoS Violation: 5th Percentile Throughput = 1.88 Mbps', 'Unfairness: Jain Index = 0.14']",0.13851704287922878,4.2145457,-10.0,34.431156,1.8810487985610962,1.5563184,0.0659828879073858,True,True,True,False
Stable Mobility,173,Random-Fuzzer,Baseline,8,0.5333333333333333,0,[],0.22328587234153974,7.924035,-7.52777795791626,47.815918,3.21127028465271,1.0170801,0.09035079029052513,True,False,False,False
Stable Mobility,174,Random-Fuzzer,Baseline,7,0.4666666666666667,1,['Unfairness: Jain Index = 0.19'],0.18828638853621474,4.5746226,-5.379052639007568,33.080883,5.457281494140625,1.0144109,0.07499055118106489,False,False,True,False
Stable Mobility,175,Random-Fuzzer,Baseline,8,0.5333333333333333,2,"['Ping-Pong: 2 UEs oscillating', 'Unfairness: Jain Index = 0.09']",0.0935530971507748,6.0150366,-6.32315649986267,37.849777,4.557716751098633,0.9842263,0.08302664654363189,True,False,True,False
Stable Mobility,176,Random-Fuzzer,Baseline,10,0.6666666666666666,2,"['Ping-Pong: 4 UEs oscillating', 'Unfairness: Jain Index = 0.17']",0.17227502622554122,7.281125,-9.393147659301757,45.38252,2.1557799696922304,1.2796798,0.07499055118106487,True,False,True,False
Stable Mobility,177,Random-Fuzzer,Baseline,8,0.5333333333333333,2,"['Ping-Pong: 4 UEs oscillating', 'Unfairness: Jain Index = 0.07']",0.07158894902086298,2.5749133,-6.701690864562988,26.854422,4.145606851577759,1.3299454,0.1034550522971449,True,False,True,False
Stable Mobility,178,Random-Fuzzer,Baseline,8,0.5333333333333333,3,"['Ping-Pong: 5 UEs oscillating', 'QoS Violation: 5th Percentile Throughput = 1.95 Mbps', 'Unfairness: Jain Index = 0.14']",0.14128660089725745,5.130382,-9.837926197052003,37.031563,1.949651336669922,1.3675827,0.07499055118106487,True,True,True,False
Stable Mobility,179,Random-Fuzzer,Baseline,11,0.7333333333333333,2,"['Ping-Pong: 6 UEs oscillating', 'QoS Violation: 5th Percentile Throughput = 1.88 Mbps']",0.4034693903218011,-0.5824108,-10.0,15.141261,1.8810487985610962,1.6483673,0.08302664654363189,True,True,False,False
Stable Mobility,180,Random-Fuzzer,Baseline,11,0.7333333333333333,3,"['Ping-Pong: 5 UEs oscillating', 'QoS Violation: 5th Percentile Throughput = 1.88 Mbps', 'Unfairness: Jain Index = 0.14']",0.13651147165451974,4.0813174,-10.0,33.377937,1.8810487985610962,1.5110124,0.0659828879073858,True,True,True,False
Stable Mobility,181,Random-Fuzzer,Baseline,13,0.8666666666666667,2,"['Ping-Pong: 7 UEs oscillating', 'Unfairness: Jain Index = 0.15']",0.14718486075495163,5.3708353,-8.592159175872803,38.76684,2.5629268646240235,1.3306543,0.09712418121129114,True,False,True,False
Stable Mobility,182,Random-Fuzzer,Baseline,11,0.7333333333333333,4,"['Ping-Pong: 7 UEs oscillating', 'QoS Violation: 5th Percentile Throughput = 1.88 Mbps', 'Unfairness: Jain Index = 0.07', 'CRITICAL FAILURE: Low QoE, High Unfairness, and System Instability Co-occurred']",0.07372189326257898,1.6326193,-10.0,25.75393,1.8810487985610962,1.8591217,0.09035079029052513,True,True,True,True
Stable Mobility,183,Random-Fuzzer,Baseline,8,0.5333333333333333,3,"['Ping-Pong: 4 UEs oscillating', 'QoS Violation: 5th Percentile Throughput = 1.88 Mbps', 'Unfairness: Jain Index = 0.08']",0.07526137013937763,4.388748,-10.0,32.172398,1.8810487985610962,1.2958184,0.08302664654363189,True,True,True,False
Stable Mobility,184,Random-Fuzzer,Baseline,9,0.6,2,"['Ping-Pong: 4 UEs oscillating', 'Unfairness: Jain Index = 0.14']",0.1378651195076963,6.1546264,-6.838883256912231,39.531796,4.005697774887085,1.0820007,0.07499055118106487,True,False,True,False
Stable Mobility,185,Random-Fuzzer,Baseline,10,0.6666666666666666,2,"['Ping-Pong: 3 UEs oscillating', 'Unfairness: Jain Index = 0.07']",0.07475307411412382,3.7972612,-7.050107717514038,30.064972,3.7997014045715334,1.1273216,0.07499055118106487,True,False,True,False
Stable Mobility,186,Random-Fuzzer,Baseline,10,0.6666666666666666,3,"['Ping-Pong: 5 UEs oscillating', 'QoS Violation: 5th Percentile Throughput = 1.88 Mbps', 'Unfairness: Jain Index = 0.07']",0.07183584811412859,2.3484066,-10.0,26.493917,1.8810487985610962,1.5212417,0.0659828879073858,True,True,True,False
Stable Mobility,187,Random-Fuzzer,Baseline,6,0.4,2,"['Ping-Pong: 5 UEs oscillating', 'Unfairness: Jain Index = 0.15']",0.14523719239077332,5.4571776,-5.241124486923217,38.17653,5.966025352478027,1.1512533,0.07499055118106486,True,False,True,False
Stable Mobility,188,Random-Fuzzer,Baseline,6,0.4,2,"['Ping-Pong: 3 UEs oscillating', 'Unfairness: Jain Index = 0.19']",0.19364705115101466,8.786953,-3.949406790733337,48.263874,8.150819492340089,0.82182634,0.09712418121129114,True,False,True,False
Stable Mobility,189,Random-Fuzzer,Baseline,7,0.4666666666666667,2,"['QoS Violation: 5th Percentile Throughput = 1.88 Mbps', 'Unfairness: Jain Index = 0.11']",0.11464573136779761,4.5348186,-10.0,35.40769,1.8810487985610962,1.478802,0.1034550522971449,True,True,True,False
Stable Mobility,190,Random-Fuzzer,Baseline,7,0.4666666666666667,2,"['Ping-Pong: 2 UEs oscillating', 'QoS Violation: 5th Percentile Throughput = 1.88 Mbps']",0.5216668595717187,-0.096355714,-10.0,16.831785,1.8810487985610962,1.6360104,0.08302664654363189,True,True,False,False
Stable Mobility,191,Random-Fuzzer,Baseline,8,0.5333333333333333,2,"['Ping-Pong: 2 UEs oscillating', 'Unfairness: Jain Index = 0.07']",0.07184645678464037,3.2062962,-5.7016589641571045,27.640602,5.322803354263306,1.1186333,0.09712418121129114,True,False,True,False
Stable Mobility,192,Random-Fuzzer,Baseline,7,0.4666666666666667,2,"['Ping-Pong: 3 UEs oscillating', 'QoS Violation: 5th Percentile Throughput = 1.88 Mbps']",0.3784013240510049,0.69964904,-10.0,18.902052,1.8810487985610962,1.5080537,0.0659828879073858,True,True,False,False
Stable Mobility,193,Random-Fuzzer,Baseline,7,0.4666666666666667,2,"['Ping-Pong: 3 UEs oscillating', 'Unfairness: Jain Index = 0.08']",0.07982263383976992,5.3961644,-6.469969940185546,35.33597,4.393238687515259,1.0046909,0.09712418121129114,True,False,True,False
Stable Mobility,194,Random-Fuzzer,Baseline,6,0.4,1,['Unfairness: Jain Index = 0.08'],0.07700051300414966,3.1913755,-7.232564163208007,30.334574,3.630646800994873,1.4275444,0.10942024088643863,True,False,True,False
Stable Mobility,195,Random-Fuzzer,Baseline,10,0.6666666666666666,1,['Ping-Pong: 2 UEs oscillating'],0.2365841518868934,9.659303,-5.324641752243041,53.454777,5.844338655471802,0.909233,0.09035079029052513,True,False,False,False
Stable Mobility,196,Random-Fuzzer,Baseline,7,0.4666666666666667,3,"['Ping-Pong: 3 UEs oscillating', 'QoS Violation: 5th Percentile Throughput = 1.88 Mbps', 'Unfairness: Jain Index = 0.07']",0.06932870453247714,0.813303,-10.0,22.269129,1.8810487985610962,1.7575412,0.08302664654363189,True,True,True,False
Stable Mobility,197,Random-Fuzzer,Baseline,6,0.4,3,"['Ping-Pong: 2 UEs oscillating', 'QoS Violation: 5th Percentile Throughput = 1.88 Mbps', 'Unfairness: Jain Index = 0.14']",0.14018953204007642,5.323177,-10.0,37.51986,1.8810487985610962,1.3583617,0.08302664654363189,True,True,True,False
Stable Mobility,198,Random-Fuzzer,Baseline,8,0.5333333333333333,1,['QoS Violation: 5th Percentile Throughput = 1.88 Mbps'],0.4346331424815529,-0.934802,-10.0,14.971629,1.8810487985610962,1.785886,0.08302664654363189,True,True,False,False
Stable Mobility,199,Random-Fuzzer,Baseline,10,0.6666666666666666,2,"['Ping-Pong: 2 UEs oscillating', 'QoS Violation: 5th Percentile Throughput = 1.88 Mbps']",0.593427439448753,1.0681646,-10.0,19.410902,1.8810487985610962,1.4243027,0.09035079029052512,True,True,False,False
Stable Mobility,200,Random-Fuzzer,Baseline,8,0.5333333333333333,3,"['Ping-Pong: 3 UEs oscillating', 'QoS Violation: 5th Percentile Throughput = 1.88 Mbps', 'Unfairness: Jain Index = 0.15']",0.14631891812520445,5.6636605,-10.0,39.26565,1.8810487985610962,1.3649174,0.12046772038736682,True,True,True,False
Stable Mobility,201,Random-Fuzzer,Baseline,4,0.26666666666666666,3,"['Ping-Pong: 2 UEs oscillating', 'QoS Violation: 5th Percentile Throughput = 1.88 Mbps', 'Unfairness: Jain Index = 0.18']",0.18008898316909525,3.6701882,-10.0,30.571003,1.8810487985610962,1.4777458,0.12046772038736682,True,True,True,False
Stable Mobility,202,Random-Fuzzer,Baseline,7,0.4666666666666667,1,['Unfairness: Jain Index = 0.09'],0.09243542402396276,4.613493,-6.07601466178894,33.224194,4.84835057258606,1.0794116,0.09035079029052513,True,False,True,False
Stable Mobility,203,Random-Fuzzer,Baseline,6,0.4,3,"['Ping-Pong: 2 UEs oscillating', 'QoS Violation: 5th Percentile Throughput = 1.88 Mbps', 'Unfairness: Jain Index = 0.08']",0.08074804392497258,2.4533184,-10.0,27.62038,1.8810487985610962,1.5702217,0.09035079029052513,True,True,True,False
Stable Mobility,204,Random-Fuzzer,Baseline,7,0.4666666666666667,2,"['Ping-Pong: 2 UEs oscillating', 'Unfairness: Jain Index = 0.18']",0.1755022668575023,8.05276,-5.420630693435669,46.219124,5.02332706451416,0.7700632,0.0659828879073858,True,False,True,False
Stable Mobility,205,Random-Fuzzer,Baseline,9,0.6,2,"['Ping-Pong: 3 UEs oscillating', 'QoS Violation: 5th Percentile Throughput = 1.88 Mbps']",0.3577082228707045,0.79687256,-10.0,20.615389,1.8810487985610962,1.6628742,0.042591770999996004,True,True,False,False
Stable Mobility,206,Random-Fuzzer,Baseline,10,0.6666666666666666,2,"['Ping-Pong: 5 UEs oscillating', 'QoS Violation: 5th Percentile Throughput = 1.88 Mbps']",0.22889198111193046,1.7468147,-10.0,23.182253,1.8810487985610962,1.4855045,0.0659828879073858,True,True,False,False
Stable Mobility,207,Random-Fuzzer,Baseline,9,0.6,4,"['Ping-Pong: 6 UEs oscillating', 'QoS Violation: 5th Percentile Throughput = 1.88 Mbps', 'Unfairness: Jain Index = 0.07', 'CRITICAL FAILURE: Low QoE, High Unfairness, and System Instability Co-occurred']",0.07247070294873145,3.1306734,-10.0,28.706371,1.8810487985610962,1.4410739,0.1256276757930754,True,True,True,True
Stable Mobility,208,Random-Fuzzer,Baseline,7,0.4666666666666667,2,"['Ping-Pong: 6 UEs oscillating', 'Unfairness: Jain Index = 0.13']",0.13053932433872,3.2347956,-6.688934564590454,27.847872,4.158866500854493,1.1745238,0.0659828879073858,True,False,True,False
Stable Mobility,209,Random-Fuzzer,Baseline,8,0.5333333333333333,4,"['Ping-Pong: 6 UEs oscillating', 'QoS Violation: 5th Percentile Throughput = 1.88 Mbps', 'Unfairness: Jain Index = 0.07', 'CRITICAL FAILURE: Low QoE, High Unfairness, and System Instability Co-occurred']",0.06928011240240961,0.61070836,-10.0,21.970211,1.8810487985610962,1.7942088,0.07499055118106487,True,True,True,True
Stable Mobility,210,Random-Fuzzer,Baseline,7,0.4666666666666667,2,"['Ping-Pong: 5 UEs oscillating', 'Unfairness: Jain Index = 0.14']",0.14195352069095296,6.7656755,-4.577221250534057,40.74428,7.016256666183472,0.92942435,0.12046772038736682,True,False,True,False
Stable Mobility,211,Random-Fuzzer,Baseline,8,0.5333333333333333,2,"['Ping-Pong: 3 UEs oscillating', 'Unfairness: Jain Index = 0.12']",0.11756027749232541,4.566759,-5.767728567123413,33.655163,5.235987949371339,1.1145362,0.0830266465436319,True,False,True,False
Stable Mobility,212,Random-Fuzzer,Baseline,7,0.4666666666666667,3,"['Ping-Pong: 2 UEs oscillating', 'QoS Violation: 5th Percentile Throughput = 1.88 Mbps', 'Unfairness: Jain Index = 0.12']",0.11547632850150144,4.0527563,-10.0,32.524784,1.8810487985610962,1.415114,0.07499055118106486,True,True,True,False
Stable Mobility,213,Random-Fuzzer,Baseline,7,0.4666666666666667,2,"['Ping-Pong: 3 UEs oscillating', 'Unfairness: Jain Index = 0.16']",0.16238959076229534,7.2212143,-6.700433826446533,45.32289,4.146911954879761,1.140404,0.11507662831994829,True,False,True,False
Stable Mobility,214,Random-Fuzzer,Baseline,9,0.6,2,"['Ping-Pong: 4 UEs oscillating', 'Unfairness: Jain Index = 0.11']",0.10771020720582887,4.407228,-8.336851119995117,33.98901,2.766612541675568,1.299059,0.07499055118106486,True,False,True,False
Stable Mobility,215,Random-Fuzzer,Baseline,8,0.5333333333333333,3,"['Ping-Pong: 4 UEs oscillating', 'QoS Violation: 5th Percentile Throughput = 1.88 Mbps', 'Unfairness: Jain Index = 0.19']",0.19259649987458566,2.8909261,-10.0,25.881237,1.8810487985610962,1.3273484,0.08302664654363187,True,True,True,False
Stable Mobility,216,Random-Fuzzer,Baseline,8,0.5333333333333333,2,"['Ping-Pong: 4 UEs oscillating', 'Unfairness: Jain Index = 0.07']",0.07060777667761847,1.8727956,-7.098726987838745,24.318968,3.7538625717163088,1.3325788,0.11507662831994829,True,False,True,False
Stable Mobility,217,Random-Fuzzer,Baseline,9,0.6,3,"['Ping-Pong: 4 UEs oscillating', 'QoS Violation: 5th Percentile Throughput = 1.88 Mbps', 'Unfairness: Jain Index = 0.17']",0.16775654486887764,-0.85175526,-10.0,16.169024,1.8810487985610962,1.9312588,0.09035079029052512,True,True,True,False
Stable Mobility,218,Random-Fuzzer,Baseline,7,0.4666666666666667,2,"['Ping-Pong: 5 UEs oscillating', 'Unfairness: Jain Index = 0.14']",0.13885921023752237,5.7130227,-6.150641012191772,37.227592,4.294863605499268,0.8904186,0.12046772038736682,True,False,True,False
Stable Mobility,219,Random-Fuzzer,Baseline,9,0.6,2,"['Ping-Pong: 4 UEs oscillating', 'Unfairness: Jain Index = 0.14']",0.14219147366075008,4.972154,-6.869503784179687,36.497578,3.9751359939575197,1.216616,0.05553287518900287,True,False,True,False
Stable Mobility,220,Random-Fuzzer,Baseline,7,0.4666666666666667,2,"['QoS Violation: 5th Percentile Throughput = 1.88 Mbps', 'Unfairness: Jain Index = 0.14']",0.13771673043860996,3.3372731,-10.0,32.54797,1.8810487985610962,1.7391814,0.09035079029052513,True,True,True,False
Stable Mobility,221,Random-Fuzzer,Baseline,10,0.6666666666666666,2,"['Ping-Pong: 3 UEs oscillating', 'Unfairness: Jain Index = 0.11']",0.10765448083853038,5.0381465,-6.844514226913452,34.390434,4.0000594615936285,1.0451076,0.08302664654363189,True,False,True,False
Stable Mobility,222,Random-Fuzzer,Baseline,8,0.5333333333333333,1,['QoS Violation: 5th Percentile Throughput = 1.88 Mbps'],0.2016146469338271,5.2348514,-10.0,39.805676,1.8810487985610962,1.5475453,0.08302664654363189,True,True,False,False
Stable Mobility,223,Random-Fuzzer,Baseline,8,0.5333333333333333,3,"['Ping-Pong: 2 UEs oscillating', 'QoS Violation: 5th Percentile Throughput = 1.88 Mbps', 'Unfairness: Jain Index = 0.07']",0.07179116403380914,3.0440364,-10.0,28.00387,1.8810487985610962,1.4056325,0.09712418121129114,True,True,True,False
Stable Mobility,224,Random-Fuzzer,Baseline,9,0.6,1,['Ping-Pong: 3 UEs oscillating'],0.22331266970721675,10.736105,-0.6096630901098251,54.540398,12.347213745117188,0.43641478,0.042591770999996004,True,False,False,False
Stable Mobility,225,Random-Fuzzer,Baseline,9,0.6,3,"['Ping-Pong: 4 UEs oscillating', 'QoS Violation: 5th Percentile Throughput = 1.88 Mbps', 'Unfairness: Jain Index = 0.07']",0.0712415413726047,1.8445523,-10.0,24.318392,1.8810487985610962,1.4915259,0.07499055118106487,True,True,True,False
Stable Mobility,226,Random-Fuzzer,Baseline,5,0.3333333333333333,3,"['Ping-Pong: 3 UEs oscillating', 'QoS Violation: 5th Percentile Throughput = 1.88 Mbps', 'Unfairness: Jain Index = 0.07']",0.07406486808301221,2.6310074,-10.0,27.990715,1.8810487985610962,1.6636187,0.1034550522971449,True,True,True,False
Stable Mobility,227,Random-Fuzzer,Baseline,8,0.5333333333333333,2,"['Ping-Pong: 3 UEs oscillating', 'QoS Violation: 5th Percentile Throughput = 1.88 Mbps']",0.24696673060421387,1.5921007,-10.0,22.71578,1.8810487985610962,1.5637206,0.09035079029052513,True,True,False,False
Stable Mobility,228,Random-Fuzzer,Baseline,9,0.6,2,"['QoS Violation: 5th Percentile Throughput = 1.88 Mbps', 'Unfairness: Jain Index = 0.10']",0.09964989272115528,4.399135,-10.0,34.70355,1.8810487985610962,1.4555738,0.07499055118106487,False,True,True,False
Stable Mobility,229,Random-Fuzzer,Baseline,12,0.8,2,"['Ping-Pong: 4 UEs oscillating', 'Unfairness: Jain Index = 0.08']",0.07990354615743045,4.3711686,-7.271644830703735,32.840256,3.5954774379730225,1.1797835,0.0659828879073858,True,False,True,False
Stable Mobility,230,Random-Fuzzer,Baseline,8,0.5333333333333333,3,"['Ping-Pong: 4 UEs oscillating', 'QoS Violation: 5th Percentile Throughput = 1.88 Mbps', 'Unfairness: Jain Index = 0.13']",0.13468816798911065,2.9723768,-10.0,30.471325,1.8810487985610962,1.812212,0.12046772038736682,True,True,True,False
Stable Mobility,231,Random-Fuzzer,Baseline,9,0.6,3,"['Ping-Pong: 5 UEs oscillating', 'QoS Violation: 5th Percentile Throughput = 1.88 Mbps', 'Unfairness: Jain Index = 0.08']",0.07761746935047413,3.4711237,-10.0,31.543804,1.8810487985610962,1.7343829,0.10345505229714491,True,True,True,False
Stable Mobility,232,Random-Fuzzer,Baseline,10,0.6666666666666666,3,"['Ping-Pong: 5 UEs oscillating', 'QoS Violation: 5th Percentile Throughput = 1.88 Mbps', 'Unfairness: Jain Index = 0.07']",0.07120811367169166,2.7948935,-10.0,27.863623,1.8810487985610962,1.6891365,0.07499055118106486,True,True,True,False
Stable Mobility,233,Random-Fuzzer,Baseline,7,0.4666666666666667,2,"['Ping-Pong: 3 UEs oscillating', 'QoS Violation: 5th Percentile Throughput = 1.88 Mbps']",0.21593836166245328,1.5496137,-10.0,23.30907,1.8810487985610962,1.7995052,0.09035079029052513,True,True,False,False
Stable Mobility,234,Random-Fuzzer,Baseline,7,0.4666666666666667,3,"['Ping-Pong: 2 UEs oscillating', 'QoS Violation: 5th Percentile Throughput = 1.88 Mbps', 'Unfairness: Jain Index = 0.16']",0.15914081193036972,7.586161,-10.0,46.04384,1.8810487985610962,1.2620767,0.07499055118106486,True,True,True,False
Stable Mobility,235,Random-Fuzzer,Baseline,5,0.3333333333333333,2,"['Ping-Pong: 2 UEs oscillating', 'Unfairness: Jain Index = 0.14']",0.13656023965327213,3.856694,-6.326626205444335,32.26888,4.553760719299317,1.2645781,0.0659828879073858,True,False,True,False
Stable Mobility,236,Random-Fuzzer,Baseline,6,0.4,2,"['Ping-Pong: 2 UEs oscillating', 'QoS Violation: 5th Percentile Throughput = 1.88 Mbps']",0.25345623120786076,0.8796891,-10.0,21.5491,1.8810487985610962,1.899985,0.055532875189002864,True,True,False,False
Stable Mobility,237,Random-Fuzzer,Baseline,7,0.4666666666666667,2,"['QoS Violation: 5th Percentile Throughput = 1.88 Mbps', 'Unfairness: Jain Index = 0.07']",0.06964500038185163,0.68711036,-10.0,23.013042,1.8810487985610962,2.0923934,0.09035079029052513,True,True,True,False
Stable Mobility,238,Random-Fuzzer,Baseline,10,0.6666666666666666,1,['Unfairness: Jain Index = 0.14'],0.1403012888368626,7.002143,-4.517580556869506,40.887745,7.118009996414186,0.87168944,0.10345505229714491,True,False,True,False
Stable Mobility,239,Random-Fuzzer,Baseline,9,0.6,1,['Ping-Pong: 3 UEs oscillating'],0.273471596318555,11.11826,-2.5690160989761353,57.1656,8.763458490371704,0.517581,0.05553287518900287,True,False,False,False
Stable Mobility,240,Random-Fuzzer,Baseline,9,0.6,4,"['Ping-Pong: 6 UEs oscillating', 'QoS Violation: 5th Percentile Throughput = 1.88 Mbps', 'Unfairness: Jain Index = 0.07', 'CRITICAL FAILURE: Low QoE, High Unfairness, and System Instability Co-occurred']",0.07212469519813282,2.4335582,-10.0,27.568085,1.8810487985610962,1.7157856,0.042591770999996004,True,True,True,True
Stable Mobility,241,Random-Fuzzer,Baseline,5,0.3333333333333333,2,"['Ping-Pong: 3 UEs oscillating', 'QoS Violation: 5th Percentile Throughput = 1.88 Mbps']",0.34223141254152634,-0.8495254,-10.0,16.45965,1.8810487985610962,2.2086768,0.06598288790738581,True,True,False,False
Stable Mobility,242,Random-Fuzzer,Baseline,11,0.7333333333333333,3,"['Ping-Pong: 3 UEs oscillating', 'QoS Violation: 5th Percentile Throughput = 1.88 Mbps', 'Unfairness: Jain Index = 0.08']",0.07602857951976452,2.8614583,-10.0,29.40173,1.8810487985610962,1.7657801,0.09712418121129114,True,True,True,False
Stable Mobility,243,Random-Fuzzer,Baseline,11,0.7333333333333333,3,"['Ping-Pong: 3 UEs oscillating', 'QoS Violation: 5th Percentile Throughput = 1.88 Mbps', 'Unfairness: Jain Index = 0.08']",0.08374989721394578,3.3734782,-10.0,31.240698,1.8810487985610962,1.7476877,0.055532875189002864,True,True,True,False
Stable Mobility,244,Random-Fuzzer,Baseline,10,0.6666666666666666,2,"['Ping-Pong: 7 UEs oscillating', 'QoS Violation: 5th Percentile Throughput = 1.88 Mbps']",0.33121953337103155,0.955773,-10.0,21.93519,1.8810487985610962,1.9176594,0.09035079029052513,True,True,False,False
Stable Mobility,245,Random-Fuzzer,Baseline,10,0.6666666666666666,4,"['Ping-Pong: 7 UEs oscillating', 'QoS Violation: 5th Percentile Throughput = 1.88 Mbps', 'Unfairness: Jain Index = 0.08', 'CRITICAL FAILURE: Low QoE, High Unfairness, and System Instability Co-occurred']",0.08163435090933674,4.0991297,-10.0,34.255802,1.8810487985610962,1.7447726,0.10942024088643863,True,True,True,True
Stable Mobility,246,Random-Fuzzer,Baseline,9,0.6,3,"['Ping-Pong: 5 UEs oscillating', 'QoS Violation: 5th Percentile Throughput = 1.88 Mbps', 'Unfairness: Jain Index = 0.16']",0.1584622907274279,5.7024045,-10.0,40.387268,1.8810487985610962,1.4691674,0.09035079029052513,True,True,True,False
Stable Mobility,247,Random-Fuzzer,Baseline,8,0.5333333333333333,3,"['Ping-Pong: 5 UEs oscillating', 'QoS Violation: 5th Percentile Throughput = 1.88 Mbps', 'Unfairness: Jain Index = 0.08']",0.07549212184924711,2.9376266,-10.0,30.023338,1.8810487985610962,1.8058478,0.05553287518900287,True,True,True,False
Stable Mobility,248,Random-Fuzzer,Baseline,8,0.5333333333333333,3,"['Ping-Pong: 5 UEs oscillating', 'QoS Violation: 5th Percentile Throughput = 1.88 Mbps', 'Unfairness: Jain Index = 0.16']",0.1551291882345496,0.15604617,-10.0,20.761343,1.8810487985610962,2.2432091,0.10345505229714491,True,True,True,False
Stable Mobility,249,Random-Fuzzer,Baseline,10,0.6666666666666666,3,"['Ping-Pong: 5 UEs oscillating', 'QoS Violation: 5th Percentile Throughput = 1.88 Mbps', 'Unfairness: Jain Index = 0.14']",0.1367446673927683,4.249044,-10.0,34.190086,1.8810487985610962,1.6680825,0.10942024088643863,True,True,True,False
Stable Mobility,250,Random-Fuzzer,Baseline,10,0.6666666666666666,2,"['Ping-Pong: 6 UEs oscillating', 'QoS Violation: 5th Percentile Throughput = 1.88 Mbps']",0.2628724847138911,0.3975148,-10.0,20.406616,1.8810487985610962,2.1207576,0.11507662831994829,True,True,False,False
Stable Mobility,251,Random-Fuzzer,Baseline,10,0.6666666666666666,4,"['Ping-Pong: 7 UEs oscillating', 'QoS Violation: 5th Percentile Throughput = 1.88 Mbps', 'Unfairness: Jain Index = 0.15', 'CRITICAL FAILURE: Low QoE, High Unfairness, and System Instability Co-occurred']",0.15315044378276127,6.7455187,-10.0,42.578804,1.8810487985610962,1.2764367,0.05553287518900287,True,True,True,True
Stable Mobility,252,Random-Fuzzer,Baseline,9,0.6,3,"['Ping-Pong: 4 UEs oscillating', 'QoS Violation: 5th Percentile Throughput = 1.88 Mbps', 'Unfairness: Jain Index = 0.08']",0.07980168222925375,4.139427,-10.0,33.515823,1.8810487985610962,1.667277,0.042591770999996004,True,True,True,False
Stable Mobility,253,Random-Fuzzer,Baseline,8,0.5333333333333333,3,"['Ping-Pong: 3 UEs oscillating', 'QoS Violation: 5th Percentile Throughput = 1.88 Mbps', 'Unfairness: Jain Index = 0.08']",0.08487491630292417,4.79625,-10.0,36.126106,1.8810487985610962,1.6547962,0.09035079029052513,True,True,True,False
Stable Mobility,254,Random-Fuzzer,Baseline,10,0.6666666666666666,3,"['Ping-Pong: 5 UEs oscillating', 'QoS Violation: 5th Percentile Throughput = 1.88 Mbps', 'Unfairness: Jain Index = 0.10']",0.0980691642632978,3.398903,-10.0,31.493433,1.8810487985610962,1.5912881,0.09712418121129114,True,True,True,False
Stable Mobility,255,Random-Fuzzer,Baseline,13,0.8666666666666667,4,"['Ping-Pong: 6 UEs oscillating', 'QoS Violation: 5th Percentile Throughput = 1.97 Mbps', 'Unfairness: Jain Index = 0.14', 'CRITICAL FAILURE: Low QoE, High Unfairness, and System Instability Co-occurred']",0.13731890402154262,4.5429697,-9.795140838623047,34.75238,1.9683219075202942,1.4105476,0.055532875189002864,True,True,True,True
Stable Mobility,256,Random-Fuzzer,Baseline,11,0.7333333333333333,4,"['Ping-Pong: 7 UEs oscillating', 'QoS Violation: 5th Percentile Throughput = 1.88 Mbps', 'Unfairness: Jain Index = 0.15', 'CRITICAL FAILURE: Low QoE, High Unfairness, and System Instability Co-occurred']",0.14569664440169222,5.899154,-10.0,40.61694,1.8810487985610962,1.5264844,0.10942024088643863,True,True,True,True
Stable Mobility,257,Random-Fuzzer,Baseline,8,0.5333333333333333,4,"['Ping-Pong: 6 UEs oscillating', 'QoS Violation: 5th Percentile Throughput = 1.88 Mbps', 'Unfairness: Jain Index = 0.13', 'CRITICAL FAILURE: Low QoE, High Unfairness, and System Instability Co-occurred']",0.12874231246465734,3.554248,-10.0,32.23229,1.8810487985610962,1.7966245,0.07499055118106487,True,True,True,True
Stable Mobility,258,Random-Fuzzer,Baseline,8,0.5333333333333333,3,"['Ping-Pong: 4 UEs oscillating', 'QoS Violation: 5th Percentile Throughput = 1.88 Mbps', 'Unfairness: Jain Index = 0.14']",0.14020677420349364,3.6798537,-10.0,34.969883,1.8810487985610962,2.1156337,0.042591770999996004,True,True,True,False
Stable Mobility,259,Random-Fuzzer,Baseline,7,0.4666666666666667,3,"['Ping-Pong: 2 UEs oscillating', 'QoS Violation: 5th Percentile Throughput = 1.88 Mbps', 'Unfairness: Jain Index = 0.14']",0.14347169848042413,3.82457,-10.0,33.773525,1.8810487985610962,1.5795271,0.07499055118106486,True,True,True,False
Stable Mobility,260,Random-Fuzzer,Baseline,7,0.4666666666666667,2,"['QoS Violation: 5th Percentile Throughput = 1.88 Mbps', 'Unfairness: Jain Index = 0.07']",0.07080782581419028,0.87561595,-10.0,24.07117,1.8810487985610962,2.0904346,0.10345505229714491,True,True,True,False
Stable Mobility,261,Random-Fuzzer,Baseline,6,0.4,3,"['Ping-Pong: 2 UEs oscillating', 'QoS Violation: 5th Percentile Throughput = 1.88 Mbps', 'Unfairness: Jain Index = 0.07']",0.07343399930841957,2.1886723,-10.0,27.821074,1.8810487985610962,1.9226424,0.08302664654363189,True,True,True,False
Stable Mobility,262,Random-Fuzzer,Baseline,6,0.4,1,['Ping-Pong: 2 UEs oscillating'],0.28133084984114265,10.029895,-5.258291387557984,54.933025,5.147229766845703,0.7241759,0.14443572274383906,True,False,False,False
Stable Mobility,263,Random-Fuzzer,Baseline,7,0.4666666666666667,2,"['QoS Violation: 5th Percentile Throughput = 1.88 Mbps', 'Unfairness: Jain Index = 0.14']",0.13715986653694245,3.389588,-10.0,33.121086,1.8810487985610962,1.942146,0.10942024088643863,True,True,True,False
Stable Mobility,264,Random-Fuzzer,Baseline,7,0.4666666666666667,1,['QoS Violation: 5th Percentile Throughput = 1.88 Mbps'],0.2899857105054112,-1.3437374,-10.0,15.333478,1.8810487985610962,2.313107,0.10942024088643863,True,True,False,False
Stable Mobility,265,Random-Fuzzer,Baseline,4,0.26666666666666666,2,"['QoS Violation: 5th Percentile Throughput = 1.88 Mbps', 'Unfairness: Jain Index = 0.14']",0.14025970746315744,4.4644327,-10.0,35.89054,1.8810487985610962,1.5545338,0.0659828879073858,True,True,True,False
Stable Mobility,266,Random-Fuzzer,Baseline,8,0.5333333333333333,2,"['QoS Violation: 5th Percentile Throughput = 1.88 Mbps', 'Unfairness: Jain Index = 0.09']",0.08513665381037003,-1.3273519,-10.0,17.050037,1.8810487985610962,2.4857109,0.07499055118106486,True,True,True,False
Stable Mobility,267,Random-Fuzzer,Baseline,10,0.6666666666666666,2,"['QoS Violation: 5th Percentile Throughput = 1.88 Mbps', 'Unfairness: Jain Index = 0.07']",0.07452261215307492,1.0692796,-10.0,26.588928,1.8810487985610962,2.436482,0.0659828879073858,False,True,True,False
Stable Mobility,268,Random-Fuzzer,Baseline,8,0.5333333333333333,3,"['Ping-Pong: 4 UEs oscillating', 'QoS Violation: 5th Percentile Throughput = 1.88 Mbps', 'Unfairness: Jain Index = 0.14']",0.13836850539542622,-0.59230834,-10.0,18.264212,1.8810487985610962,2.3094444,0.11507662831994829,True,True,True,False
Stable Mobility,269,Random-Fuzzer,Baseline,11,0.7333333333333333,3,"['Ping-Pong: 4 UEs oscillating', 'QoS Violation: 5th Percentile Throughput = 1.88 Mbps', 'Unfairness: Jain Index = 0.08']",0.07668628884376148,2.9322374,-10.0,29.359564,1.8810487985610962,1.6445669,0.07499055118106487,True,True,True,False
Stable Mobility,270,Random-Fuzzer,Baseline,8,0.5333333333333333,3,"['Ping-Pong: 3 UEs oscillating', 'QoS Violation: 5th Percentile Throughput = 1.88 Mbps', 'Unfairness: Jain Index = 0.08']",0.08272707134314865,3.3968394,-10.0,31.945658,1.8810487985610962,1.6936076,0.07499055118106487,True,True,True,False
Stable Mobility,271,Random-Fuzzer,Baseline,10,0.6666666666666666,3,"['Ping-Pong: 4 UEs oscillating', 'QoS Violation: 5th Percentile Throughput = 1.88 Mbps', 'Unfairness: Jain Index = 0.14']",0.1361015120384364,3.7386599,-10.0,32.59636,1.8810487985610962,1.7019198,0.12046772038736682,True,True,True,False
Stable Mobility,272,Random-Fuzzer,Baseline,10,0.6666666666666666,2,"['Ping-Pong: 7 UEs oscillating', 'QoS Violation: 5th Percentile Throughput = 1.88 Mbps']",0.2108482295189888,7.5576396,-10.0,47.98234,1.8810487985610962,1.4204808,0.08302664654363187,True,True,False,False
Stable Mobility,273,Random-Fuzzer,Baseline,8,0.5333333333333333,3,"['Ping-Pong: 5 UEs oscillating', 'QoS Violation: 5th Percentile Throughput = 1.88 Mbps', 'Unfairness: Jain Index = 0.07']",0.06992327290787863,0.4047099,-10.0,22.751047,1.8810487985610962,2.2144852,0.07499055118106487,True,True,True,False
Stable Mobility,274,Random-Fuzzer,Baseline,8,0.5333333333333333,3,"['Ping-Pong: 4 UEs oscillating', 'QoS Violation: 5th Percentile Throughput = 1.88 Mbps', 'Unfairness: Jain Index = 0.07']",0.06975991231893455,0.7792908,-10.0,22.625154,1.8810487985610962,1.8608687,0.10345505229714491,True,True,True,False
Stable Mobility,275,Random-Fuzzer,Baseline,10,0.6666666666666666,3,"['Ping-Pong: 3 UEs oscillating', 'QoS Violation: 5th Percentile Throughput = 1.88 Mbps', 'Unfairness: Jain Index = 0.07']",0.07126828369127357,2.0364304,-10.0,26.172174,1.8810487985610962,1.6512649,0.08302664654363189,True,True,True,False
Stable Mobility,276,Random-Fuzzer,Baseline,12,0.8,4,"['Ping-Pong: 6 UEs oscillating', 'QoS Violation: 5th Percentile Throughput = 1.88 Mbps', 'Unfairness: Jain Index = 0.14', 'CRITICAL FAILURE: Low QoE, High Unfairness, and System Instability Co-occurred']",0.14027339202685316,5.1933236,-10.0,37.429058,1.8810487985610962,1.4666953,0.09712418121129114,True,True,True,True
Stable Mobility,277,Random-Fuzzer,Baseline,9,0.6,4,"['Ping-Pong: 6 UEs oscillating', 'QoS Violation: 5th Percentile Throughput = 1.88 Mbps', 'Unfairness: Jain Index = 0.07', 'CRITICAL FAILURE: Low QoE, High Unfairness, and System Instability Co-occurred']",0.06867980711378228,0.3849258,-10.0,20.85943,1.8810487985610962,1.8589605,0.0659828879073858,True,True,True,True
Stable Mobility,278,Random-Fuzzer,Baseline,7,0.4666666666666667,2,"['Ping-Pong: 4 UEs oscillating', 'QoS Violation: 5th Percentile Throughput = 1.88 Mbps']",0.3239990659061767,0.55790657,-10.0,22.446959,1.8810487985610962,2.2945812,0.13997084244475305,True,True,False,False
Stable Mobility,279,Random-Fuzzer,Baseline,4,0.26666666666666666,2,"['QoS Violation: 5th Percentile Throughput = 1.88 Mbps', 'Unfairness: Jain Index = 0.07']",0.07033110696336357,2.040932,-10.0,25.873688,1.8810487985610962,1.8002894,0.10942024088643863,True,True,True,False
Stable Mobility,280,Random-Fuzzer,Baseline,8,0.5333333333333333,1,['Ping-Pong: 2 UEs oscillating'],0.20352934262654268,7.023538,-4.844045543670654,42.875854,6.5761671543121345,0.984585,0.11507662831994829,True,False,False,False
Stable Mobility,281,Random-Fuzzer,Baseline,8,0.5333333333333333,2,"['QoS Violation: 5th Percentile Throughput = 1.88 Mbps', 'Unfairness: Jain Index = 0.07']",0.06951548298278593,0.4784415,-10.0,21.7358,1.8810487985610962,1.8069793,0.09035079029052513,True,True,True,False
Stable Mobility,282,Random-Fuzzer,Baseline,10,0.6666666666666666,3,"['Ping-Pong: 2 UEs oscillating', 'QoS Violation: 5th Percentile Throughput = 1.88 Mbps', 'Unfairness: Jain Index = 0.08']",0.07766669275659885,1.7307447,-10.0,26.88974,1.8810487985610962,1.9828871,0.08302664654363189,True,True,True,False
Stable Mobility,283,Random-Fuzzer,Baseline,9,0.6,3,"['Ping-Pong: 4 UEs oscillating', 'QoS Violation: 5th Percentile Throughput = 1.88 Mbps', 'Unfairness: Jain Index = 0.14']",0.14141953476400584,5.1546674,-10.0,38.69563,1.8810487985610962,1.6864535,0.11507662831994829,True,True,True,False
Stable Mobility,284,Random-Fuzzer,Baseline,7,0.4666666666666667,3,"['Ping-Pong: 3 UEs oscillating', 'QoS Violation: 5th Percentile Throughput = 1.88 Mbps', 'Unfairness: Jain Index = 0.07']",0.07137273826989103,1.7060548,-10.0,25.482662,1.8810487985610962,1.7528213,0.1687623347301843,True,True,True,False
Stable Mobility,285,Random-Fuzzer,Baseline,7,0.4666666666666667,2,"['Ping-Pong: 3 UEs oscillating', 'Unfairness: Jain Index = 0.14']",0.1394866328092903,4.0867057,-8.175539684295654,33.89446,2.87710622549057,1.3563869,0.10942024088643863,True,False,True,False
Stable Mobility,286,Random-Fuzzer,Baseline,9,0.6,3,"['Ping-Pong: 3 UEs oscillating', 'QoS Violation: 5th Percentile Throughput = 1.88 Mbps', 'Unfairness: Jain Index = 0.07']",0.06930696166866421,0.31851062,-10.0,21.917896,1.8810487985610962,2.1169238,0.13997084244475305,True,True,True,False
Stable Mobility,287,Random-Fuzzer,Baseline,8,0.5333333333333333,3,"['Ping-Pong: 4 UEs oscillating', 'QoS Violation: 5th Percentile Throughput = 1.88 Mbps', 'Unfairness: Jain Index = 0.07']",0.07045142921984991,1.5725896,-10.0,24.604424,1.8810487985610962,1.6651138,0.11507662831994829,True,True,True,False
Stable Mobility,288,Random-Fuzzer,Baseline,8,0.5333333333333333,3,"['Ping-Pong: 3 UEs oscillating', 'QoS Violation: 5th Percentile Throughput = 1.88 Mbps', 'Unfairness: Jain Index = 0.14']",0.1377869582328469,4.0988607,-10.0,33.95584,1.8810487985610962,1.5194863,0.09035079029052513,True,True,True,False
Stable Mobility,289,Random-Fuzzer,Baseline,7,0.4666666666666667,2,"['Ping-Pong: 3 UEs oscillating', 'QoS Violation: 5th Percentile Throughput = 1.88 Mbps']",0.3918354613918487,0.14339043,-10.0,18.892778,1.8810487985610962,1.9281694,0.11507662831994829,True,True,False,False
Stable Mobility,290,Random-Fuzzer,Baseline,10,0.6666666666666666,3,"['Ping-Pong: 2 UEs oscillating', 'QoS Violation: 5th Percentile Throughput = 1.88 Mbps', 'Unfairness: Jain Index = 0.07']",0.07021822897262048,1.6193707,-10.0,24.259718,1.8810487985610962,1.6156602,0.13058389715049606,True,True,True,False
Stable Mobility,291,Random-Fuzzer,Baseline,10,0.6666666666666666,1,['Ping-Pong: 2 UEs oscillating'],0.20388273826646527,6.163014,-5.648041009902954,41.004204,5.394245576858521,1.1236722,0.10345505229714491,True,False,False,False
Stable Mobility,292,Random-Fuzzer,Baseline,8,0.5333333333333333,2,"['Ping-Pong: 4 UEs oscillating', 'Unfairness: Jain Index = 0.14']",0.14136591926929354,5.40587,-7.857057762145996,37.460613,3.1103291869163514,1.2149557,0.10345505229714491,True,False,True,False
Stable Mobility,293,Random-Fuzzer,Baseline,9,0.6,3,"['Ping-Pong: 5 UEs oscillating', 'QoS Violation: 5th Percentile Throughput = 1.88 Mbps', 'Unfairness: Jain Index = 0.08']",0.0765311681979267,4.4901266,-10.0,33.012806,1.8810487985610962,1.3273274,0.1034550522971449,True,True,True,False
Stable Mobility,294,Random-Fuzzer,Baseline,8,0.5333333333333333,3,"['Ping-Pong: 3 UEs oscillating', 'QoS Violation: 5th Percentile Throughput = 1.88 Mbps', 'Unfairness: Jain Index = 0.14']",0.1370781923935704,3.3807821,-10.0,31.710087,1.8810487985610962,1.5597491,0.08302664654363189,True,True,True,False
Stable Mobility,295,Random-Fuzzer,Baseline,11,0.7333333333333333,3,"['Ping-Pong: 4 UEs oscillating', 'QoS Violation: 5th Percentile Throughput = 1.88 Mbps', 'Unfairness: Jain Index = 0.11']",0.11239539670922333,6.8944936,-10.0,41.448753,1.8810487985610962,1.1711221,0.11507662831994829,True,True,True,False
Stable Mobility,296,Random-Fuzzer,Baseline,11,0.7333333333333333,2,"['Ping-Pong: 5 UEs oscillating', 'QoS Violation: 5th Percentile Throughput = 1.88 Mbps']",0.2604484013658725,-0.53828704,-10.0,16.355568,1.8810487985610962,1.802719,0.09712418121129114,True,True,False,False
Stable Mobility,297,Random-Fuzzer,Baseline,12,0.8,4,"['Ping-Pong: 8 UEs oscillating', 'QoS Violation: 5th Percentile Throughput = 1.88 Mbps', 'Unfairness: Jain Index = 0.07', 'CRITICAL FAILURE: Low QoE, High Unfairness, and System Instability Co-occurred']",0.07095211112474953,1.7150372,-10.0,25.942541,1.8810487985610962,1.9960022,0.09035079029052512,True,True,True,True
Stable Mobility,298,Random-Fuzzer,Baseline,10,0.6666666666666666,4,"['Ping-Pong: 8 UEs oscillating', 'QoS Violation: 5th Percentile Throughput = 1.88 Mbps', 'Unfairness: Jain Index = 0.07', 'CRITICAL FAILURE: Low QoE, High Unfairness, and System Instability Co-occurred']",0.07190459816144386,2.4259024,-10.0,27.002619,1.8810487985610962,1.5384922,0.042591770999996004,True,True,True,True
Stable Mobility,299,Random-Fuzzer,Baseline,7,0.4666666666666667,4,"['Ping-Pong: 6 UEs oscillating', 'QoS Violation: 5th Percentile Throughput = 1.88 Mbps', 'Unfairness: Jain Index = 0.14', 'CRITICAL FAILURE: Low QoE, High Unfairness, and System Instability Co-occurred']",0.1382308910308096,4.219294,-10.0,34.911057,1.8810487985610962,1.5963612,0.07499055118106487,True,True,True,True
Stable Mobility,0,Random-Fuzzer,Utility,11,0.7333333333333333,0,[],0.2962424711026454,14.69667,1.686178207397461,69.62558,17.99079236984253,0.2780813,0.08302664654363189,False,False,False,False
Stable Mobility,1,Random-Fuzzer,Utility,7,0.4666666666666667,0,[],0.2803503041395723,14.041511,0.8398013830184938,67.14721,16.0055495262146,0.31014907,0.055532875189002864,False,False,False,False
Stable Mobility,2,Random-Fuzzer,Utility,10,0.6666666666666666,0,[],0.27161915436697076,12.5053835,-0.939400541782379,62.187992,11.73423080444336,0.4227996,0.07499055118106486,False,False,False,False
Stable Mobility,3,Random-Fuzzer,Utility,11,0.7333333333333333,1,['Ping-Pong: 5 UEs oscillating'],0.3719707962570815,14.318439,-0.14192316681146622,69.50827,13.36022481918335,0.35882065,0.0659828879073858,True,False,False,False
Stable Mobility,4,Random-Fuzzer,Utility,6,0.4,1,['Ping-Pong: 6 UEs oscillating'],0.30055926238744074,12.137297,-0.5436653792858122,60.8062,12.78620080947876,0.4375361,0.09035079029052513,True,False,False,False
Stable Mobility,5,Random-Fuzzer,Utility,6,0.4,1,['Ping-Pong: 4 UEs oscillating'],0.2455534879251966,13.322351,1.5734668970108034,64.27925,17.772718620300292,0.32478744,0.042591770999996004,True,False,False,False
Stable Mobility,6,Random-Fuzzer,Utility,7,0.4666666666666667,1,['Ping-Pong: 2 UEs oscillating'],0.2660458782503911,15.222758,1.8395873546600345,72.22336,19.411157512664797,0.29888162,0.042591770999996004,True,False,False,False
Stable Mobility,7,Random-Fuzzer,Utility,9,0.6,1,['Ping-Pong: 3 UEs oscillating'],0.21434503696262086,9.286655,-2.2036274194717405,50.130836,9.66952691078186,0.5958106,0.055532875189002864,True,False,False,False
Stable Mobility,8,Random-Fuzzer,Utility,10,0.6666666666666666,2,"['Ping-Pong: 5 UEs oscillating', 'Unfairness: Jain Index = 0.17']",0.1659531343454679,10.913318,-2.516060781478882,54.710995,8.792010498046874,0.42825893,0.13997084244475305,True,False,True,False
Stable Mobility,9,Random-Fuzzer,Utility,10,0.6666666666666666,1,['Ping-Pong: 6 UEs oscillating'],0.42357146724480726,16.084414,0.5317471981048587,77.315605,15.714487266540528,0.35478798,0.042591770999996004,True,False,False,False
Stable Mobility,10,Random-Fuzzer,Utility,10,0.6666666666666666,1,['Ping-Pong: 8 UEs oscillating'],0.3947571958395768,13.805375,-1.1646530270576476,68.7454,11.241432571411133,0.45133334,0.07499055118106487,True,False,False,False
Stable Mobility,11,Random-Fuzzer,Utility,10,0.6666666666666666,1,['Ping-Pong: 7 UEs oscillating'],0.524227615467114,20.122871,-0.04787538051605211,94.17749,13.746784019470216,0.2614896,0.09712418121129114,True,False,False,False
Stable Mobility,12,Random-Fuzzer,Utility,8,0.5333333333333333,1,['Ping-Pong: 5 UEs oscillating'],0.27240969112542956,11.044875,-0.3837309837341307,56.03615,13.187740325927734,0.44876632,0.055532875189002864,True,False,False,False
Stable Mobility,13,Random-Fuzzer,Utility,6,0.4,1,['Ping-Pong: 3 UEs oscillating'],0.3448287737425528,14.654709,-0.5243570923805236,70.30701,12.524505424499512,0.32596958,0.05553287518900286,True,False,False,False
Stable Mobility,14,Random-Fuzzer,Utility,8,0.5333333333333333,0,[],0.2374405713662904,11.989136,-0.8307781122624872,59.72393,12.10825023651123,0.4174983,0.1034550522971449,True,False,False,False
Stable Mobility,15,Random-Fuzzer,Utility,8,0.5333333333333333,1,['Ping-Pong: 2 UEs oscillating'],0.29956450279264046,15.764577,3.9936472415924076,73.97411,25.609169006347656,0.25175533,0.06598288790738581,True,False,False,False
Stable Mobility,16,Random-Fuzzer,Utility,6,0.4,1,['Ping-Pong: 2 UEs oscillating'],0.31786511418348157,13.433292,1.252906632423401,65.17446,16.99306869506836,0.34532052,0.0659828879073858,True,False,False,False
Stable Mobility,17,Random-Fuzzer,Utility,8,0.5333333333333333,1,['Ping-Pong: 2 UEs oscillating'],0.30917762654028697,15.24382,-0.2017321646213531,72.65264,13.235776901245117,0.30689472,0.05553287518900286,True,False,False,False
Stable Mobility,18,Random-Fuzzer,Utility,7,0.4666666666666667,0,[],0.2613996628219723,12.909469,-2.0300623297691343,64.39347,10.103611993789674,0.472524,0.06598288790738581,True,False,False,False
Stable Mobility,19,Random-Fuzzer,Utility,9,0.6,1,['Ping-Pong: 4 UEs oscillating'],0.40626999548416737,15.449869,0.3481701850891116,73.83313,14.747176265716554,0.31993333,0.08302664654363187,True,False,False,False
Stable Mobility,20,Random-Fuzzer,Utility,6,0.4,1,['Ping-Pong: 3 UEs oscillating'],0.2779565749379585,13.965559,1.8898144483566286,66.68727,18.502110862731932,0.29736662,0.0659828879073858,True,False,False,False
Stable Mobility,21,Random-Fuzzer,Utility,9,0.6,1,['Ping-Pong: 4 UEs oscillating'],0.20795135333899167,12.685121,1.7177491545677186,60.931705,18.01383180618286,0.30520436,0.06598288790738581,True,False,False,False
Stable Mobility,22,Random-Fuzzer,Utility,8,0.5333333333333333,2,"['Ping-Pong: 3 UEs oscillating', 'Unfairness: Jain Index = 0.17']",0.1661792001178509,10.199271,0.25255389213562024,51.68095,14.3277193069458,0.41563997,0.05553287518900287,True,False,True,False
Stable Mobility,23,Random-Fuzzer,Utility,9,0.6,1,['Ping-Pong: 4 UEs oscillating'],0.2402681753497525,10.122546,-1.5562558770179746,53.353474,10.665067434310913,0.5409857,0.09712418121129114,True,False,False,False
Stable Mobility,24,Random-Fuzzer,Utility,10,0.6666666666666666,1,['Ping-Pong: 5 UEs oscillating'],0.3618445137380055,15.164907,0.7031702280044558,72.279976,15.629423713684083,0.30759612,0.13535876574811329,True,False,False,False
Stable Mobility,25,Random-Fuzzer,Utility,10,0.6666666666666666,1,['Ping-Pong: 8 UEs oscillating'],0.3395404453673377,11.862512,-3.148418593406677,61.853024,7.799404764175415,0.5964892,0.08302664654363187,True,False,False,False
Stable Mobility,26,Random-Fuzzer,Utility,9,0.6,1,['Ping-Pong: 9 UEs oscillating'],0.31278893247773704,13.853459,0.8188198745250703,67.28269,15.654243755340577,0.3527486,0.0659828879073858,True,False,False,False
Stable Mobility,27,Random-Fuzzer,Utility,5,0.3333333333333333,1,['Ping-Pong: 4 UEs oscillating'],0.2227713717608517,11.10342,-0.16291198581457136,55.42152,13.316381645202636,0.39457506,0.07499055118106487,True,False,False,False
Stable Mobility,28,Random-Fuzzer,Utility,5,0.3333333333333333,1,['Ping-Pong: 2 UEs oscillating'],0.39012590766103483,14.380252,-3.5532412767410277,70.98355,7.217657947540284,0.45660493,0.06598288790738581,True,False,False,False
Stable Mobility,29,Random-Fuzzer,Utility,7,0.4666666666666667,1,['Ping-Pong: 2 UEs oscillating'],0.48525657756206947,17.703762,-1.6211252450942992,84.23134,10.3420578956604,0.32736567,0.12046772038736682,True,False,False,False
Stable Mobility,30,Random-Fuzzer,Utility,6,0.4,2,"['Ping-Pong: 3 UEs oscillating', 'Unfairness: Jain Index = 0.13']",0.1335182030066843,8.377608,-1.1757613897323607,44.70199,11.434201622009278,0.5048463,0.09712418121129113,True,False,True,False
Stable Mobility,31,Random-Fuzzer,Utility,10,0.6666666666666666,1,['Ping-Pong: 3 UEs oscillating'],0.2135469013845229,9.521879,-4.095813608169555,50.958416,6.634515476226807,0.6116904,0.09712418121129114,True,False,False,False
Stable Mobility,32,Random-Fuzzer,Utility,9,0.6,1,['Ping-Pong: 2 UEs oscillating'],0.2037684498091551,8.051866,-0.8807664334774017,44.413937,11.802148628234864,0.5519938,0.08302664654363189,True,False,False,False
Stable Mobility,33,Random-Fuzzer,Utility,8,0.5333333333333333,2,"['Ping-Pong: 4 UEs oscillating', 'Unfairness: Jain Index = 0.18']",0.18227567947655307,10.903628,-1.1613159537315367,55.492237,11.370692253112793,0.46231955,0.0659828879073858,True,False,True,False
Stable Mobility,34,Random-Fuzzer,Utility,6,0.4,1,['Ping-Pong: 2 UEs oscillating'],0.3477388123271546,13.894239,-0.1607437819242477,67.98231,13.320886421203614,0.38136786,0.07499055118106486,True,False,False,False
Stable Mobility,35,Random-Fuzzer,Utility,11,0.7333333333333333,1,['Ping-Pong: 2 UEs oscillating'],0.28194691869470845,11.975191,-0.6810791075229644,60.05782,12.214765262603759,0.42931303,0.042591770999996004,True,False,False,False
Stable Mobility,36,Random-Fuzzer,Utility,11,0.7333333333333333,1,['Ping-Pong: 5 UEs oscillating'],0.2155725505696824,10.257854,-4.2217587471008295,54.43899,6.7004820823669435,0.6511789,0.12046772038736683,True,False,False,False
Stable Mobility,37,Random-Fuzzer,Utility,9,0.6,2,"['Ping-Pong: 5 UEs oscillating', 'Unfairness: Jain Index = 0.14']",0.14427390653654754,6.398631,-4.990991926193237,39.87286,6.344215250015259,0.9719012,0.08302664654363189,True,False,True,False
Stable Mobility,38,Random-Fuzzer,Utility,11,0.7333333333333333,1,['Ping-Pong: 5 UEs oscillating'],0.21359158109616014,9.442465,-2.768285942077637,50.64742,8.382858896255494,0.56615794,0.055532875189002864,True,False,False,False
Stable Mobility,39,Random-Fuzzer,Utility,10,0.6666666666666666,1,['Ping-Pong: 5 UEs oscillating'],0.40267737112434315,12.702245,-5.314277696609496,66.35049,5.859316968917847,0.84562767,0.05553287518900287,True,False,False,False
Stable Mobility,40,Random-Fuzzer,Utility,9,0.6,1,['Ping-Pong: 5 UEs oscillating'],0.28925695757470465,10.252189,-4.004117536544799,56.567387,8.04630641937256,0.9168944,0.09035079029052513,True,False,False,False
Stable Mobility,41,Random-Fuzzer,Utility,9,0.6,1,['Ping-Pong: 3 UEs oscillating'],0.4046289672570825,13.891423,-2.024103248119354,68.9699,9.631689739227294,0.44525072,0.08302664654363189,True,False,False,False
Stable Mobility,42,Random-Fuzzer,Utility,10,0.6666666666666666,1,['Ping-Pong: 4 UEs oscillating'],0.21306108228834972,10.176892,-3.359312582015991,53.249672,7.646420574188233,0.5547465,0.05553287518900286,True,False,False,False
Stable Mobility,43,Random-Fuzzer,Utility,10,0.6666666666666666,1,['Ping-Pong: 6 UEs oscillating'],0.21078707937001978,8.38377,-5.161501741409301,48.476936,6.084163570404053,0.9587204,0.08302664654363189,True,False,False,False
Stable Mobility,44,Random-Fuzzer,Utility,7,0.4666666666666667,2,"['Ping-Pong: 4 UEs oscillating', 'Unfairness: Jain Index = 0.18']",0.17843798635293023,7.520932,-2.583517074584961,42.07173,8.699840688705445,0.5852139,0.05553287518900286,True,False,True,False
Stable Mobility,45,Random-Fuzzer,Utility,10,0.6666666666666666,1,['Ping-Pong: 5 UEs oscillating'],0.3314006281107608,12.196099,-4.066755628585815,63.67228,7.9279866218566895,0.8119392,0.042591770999996004,True,False,False,False
Stable Mobility,46,Random-Fuzzer,Utility,11,0.7333333333333333,1,['Ping-Pong: 6 UEs oscillating'],0.22527338862849158,10.939193,-0.10560184717178334,55.274944,13.570691871643067,0.4285549,0.07499055118106487,True,False,False,False
Stable Mobility,47,Random-Fuzzer,Utility,9,0.6,1,['Ping-Pong: 8 UEs oscillating'],0.27191742166927085,8.021609,-4.722671604156494,48.887398,6.773308515548706,1.0710653,0.0659828879073858,True,False,False,False
Stable Mobility,48,Random-Fuzzer,Utility,7,0.4666666666666667,1,['Ping-Pong: 6 UEs oscillating'],0.3629419678474371,13.56688,-3.628893268108367,68.60723,8.785115051269532,0.743101,0.055532875189002864,True,False,False,False
Stable Mobility,49,Random-Fuzzer,Utility,9,0.6,2,"['Ping-Pong: 5 UEs oscillating', 'Unfairness: Jain Index = 0.17']",0.16605597963678706,8.52783,-3.7804897069931025,47.185143,8.480400466918946,0.8298379,0.06598288790738581,True,False,True,False
Stable Mobility,50,Random-Fuzzer,Utility,7,0.4666666666666667,1,['Ping-Pong: 4 UEs oscillating'],0.24271194903059778,8.058272,-6.172969484329223,48.741467,4.732243776321411,1.0894306,0.08302664654363189,True,False,False,False
Stable Mobility,51,Random-Fuzzer,Utility,7,0.4666666666666667,1,['Ping-Pong: 5 UEs oscillating'],0.2920596399955634,11.873469,-4.151853227615356,61.811104,7.769517707824708,0.8008976,0.07499055118106487,True,False,False,False
Stable Mobility,52,Random-Fuzzer,Utility,6,0.4,2,"['Ping-Pong: 2 UEs oscillating', 'Unfairness: Jain Index = 0.10']",0.101499241221724,6.832143,-5.217353820800781,40.708427,6.001076555252076,0.92250466,0.0659828879073858,True,False,True,False
Stable Mobility,53,Random-Fuzzer,Utility,12,0.8,1,['Ping-Pong: 2 UEs oscillating'],0.23164722613896307,9.603167,-6.369375181198119,55.087994,4.50528998374939,1.0814239,0.09035079029052513,True,False,False,False
Stable Mobility,54,Random-Fuzzer,Utility,11,0.7333333333333333,1,['Ping-Pong: 6 UEs oscillating'],0.28512148732299936,10.547671,-5.5155298709869385,57.509827,5.574657249450684,0.9138964,0.12046772038736685,True,False,False,False
Stable Mobility,55,Random-Fuzzer,Utility,9,0.6,2,"['Ping-Pong: 7 UEs oscillating', 'QoS Violation: 5th Percentile Throughput = 1.88 Mbps']",0.3261095112043249,9.500783,-10.0,55.466778,1.8810487985610962,1.2928768,0.09035079029052513,True,True,False,False
Stable Mobility,56,Random-Fuzzer,Utility,10,0.6666666666666666,1,['Ping-Pong: 7 UEs oscillating'],0.24120754824723722,8.371893,-8.576945400238037,50.07701,2.6111512064933775,1.1814964,0.08302664654363187,True,False,False,False
Stable Mobility,57,Random-Fuzzer,Utility,8,0.5333333333333333,2,"['Ping-Pong: 6 UEs oscillating', 'QoS Violation: 5th Percentile Throughput = 1.88 Mbps']",0.3407064939277918,11.52629,-10.0,62.47904,1.8810487985610962,1.1569998,0.07499055118106486,True,True,False,False
Stable Mobility,58,Random-Fuzzer,Utility,11,0.7333333333333333,2,"['Ping-Pong: 6 UEs oscillating', 'Unfairness: Jain Index = 0.09']",0.09124563922444892,2.7101462,-9.103239822387696,29.258581,2.305376350879669,1.5650834,0.10942024088643863,True,False,True,False
Stable Mobility,59,Random-Fuzzer,Utility,11,0.7333333333333333,1,['Ping-Pong: 6 UEs oscillating'],0.22694724336595917,9.737452,-7.053727626800537,54.273575,3.796268749237061,0.98768014,0.07499055118106486,True,False,False,False
Stable Mobility,60,Random-Fuzzer,Utility,9,0.6,1,['Ping-Pong: 7 UEs oscillating'],0.21374331451141945,9.728054,-3.789284420013427,52.034954,8.46298418045044,0.7979577,0.05553287518900287,True,False,False,False
Stable Mobility,61,Random-Fuzzer,Utility,12,0.8,2,"['Ping-Pong: 8 UEs oscillating', 'QoS Violation: 5th Percentile Throughput = 1.88 Mbps']",0.2704766889913306,8.632048,-10.0,51.464348,1.8810487985610962,1.3083217,0.10345505229714491,True,True,False,False
Stable Mobility,62,Random-Fuzzer,Utility,8,0.5333333333333333,1,['Ping-Pong: 5 UEs oscillating'],0.29994855279481314,13.504672,-0.8082739830017089,65.69156,11.958578109741211,0.36113152,0.07499055118106487,True,False,False,False
Stable Mobility,63,Random-Fuzzer,Utility,7,0.4666666666666667,1,['Ping-Pong: 6 UEs oscillating'],0.21398543692436212,9.506359,-2.5249695301055906,50.734135,8.898196792602539,0.56251836,0.0659828879073858,True,False,False,False
Stable Mobility,64,Random-Fuzzer,Utility,6,0.4,1,['Ping-Pong: 4 UEs oscillating'],0.32566441775984484,12.14935,-3.120302295684814,62.072056,7.98236608505249,0.53765094,0.09035079029052513,True,False,False,False
Stable Mobility,65,Random-Fuzzer,Utility,9,0.6,1,['Ping-Pong: 4 UEs oscillating'],0.2691451878566967,8.3125515,-6.009038162231445,48.941204,4.930159854888917,1.0064828,0.08302664654363189,True,False,False,False
Stable Mobility,66,Random-Fuzzer,Utility,9,0.6,3,"['Ping-Pong: 4 UEs oscillating', 'QoS Violation: 5th Percentile Throughput = 1.88 Mbps', 'Unfairness: Jain Index = 0.13']",0.13435899535553475,5.7702475,-10.0,41.32489,1.8810487985610962,1.8114772,0.1256276757930754,True,True,True,False
Stable Mobility,67,Random-Fuzzer,Utility,8,0.5333333333333333,2,"['Ping-Pong: 4 UEs oscillating', 'QoS Violation: 5th Percentile Throughput = 1.88 Mbps']",0.2138997751072373,7.6823826,-10.0,46.746937,1.8810487985610962,1.2661897,0.08302664654363189,True,True,False,False
Stable Mobility,68,Random-Fuzzer,Utility,11,0.7333333333333333,2,"['Ping-Pong: 5 UEs oscillating', 'QoS Violation: 5th Percentile Throughput = 1.88 Mbps']",0.3493307283171787,11.934069,-10.0,65.66038,1.8810487985610962,1.2844298,0.0659828879073858,True,True,False,False
Stable Mobility,69,Random-Fuzzer,Utility,11,0.7333333333333333,1,['Ping-Pong: 5 UEs oscillating'],0.2054988654402561,5.9060864,-9.559400463104248,41.698753,2.0755486607551576,1.4628791,0.1034550522971449,True,False,False,False
Stable Mobility,70,Random-Fuzzer,Utility,10,0.6666666666666666,2,"['Ping-Pong: 6 UEs oscillating', 'QoS Violation: 5th Percentile Throughput = 1.88 Mbps']",0.21104746356037865,6.488542,-10.0,44.487015,1.8810487985610962,1.5468628,0.05553287518900286,True,True,False,False
Stable Mobility,71,Random-Fuzzer,Utility,9,0.6,2,"['Ping-Pong: 5 UEs oscillating', 'QoS Violation: 5th Percentile Throughput = 1.88 Mbps']",0.36233927814516176,11.215713,-10.0,63.27643,1.8810487985610962,1.299116,0.08302664654363189,True,True,False,False
Stable Mobility,72,Random-Fuzzer,Utility,9,0.6,1,['Ping-Pong: 4 UEs oscillating'],0.26902384050733913,7.8902874,-8.438592433929443,48.23014,2.699446952342987,1.1610838,0.08302664654363189,True,False,False,False
Stable Mobility,73,Random-Fuzzer,Utility,11,0.7333333333333333,2,"['Ping-Pong: 6 UEs oscillating', 'QoS Violation: 5th Percentile Throughput = 1.88 Mbps']",0.2707478817033288,7.987452,-10.0,50.259995,1.8810487985610962,1.4908998,0.08302664654363189,True,True,False,False
Stable Mobility,74,Random-Fuzzer,Utility,11,0.7333333333333333,1,['Ping-Pong: 6 UEs oscillating'],0.31603115171810336,12.853471,-4.178072237968444,66.45473,7.721219539642334,0.8113911,0.09035079029052513,True,False,False,False
Stable Mobility,75,Random-Fuzzer,Utility,9,0.6,1,['Ping-Pong: 4 UEs oscillating'],0.29555221267309717,10.869273,-6.228915023803711,58.455677,4.666479921340943,0.88759834,0.09712418121129114,True,False,False,False
Stable Mobility,76,Random-Fuzzer,Utility,13,0.8666666666666667,2,"['Ping-Pong: 7 UEs oscillating', 'QoS Violation: 5th Percentile Throughput = 1.88 Mbps']",0.2226786581252201,6.1643744,-10.0,43.911125,1.8810487985610962,1.7325877,0.08302664654363189,True,True,False,False
Stable Mobility,77,Random-Fuzzer,Utility,10,0.6666666666666666,1,['Ping-Pong: 7 UEs oscillating'],0.30786424561091424,10.169252,-6.210217666625976,57.099995,4.688358926773072,1.0058781,0.055532875189002864,True,False,False,False
Stable Mobility,78,Random-Fuzzer,Utility,7,0.4666666666666667,2,"['Ping-Pong: 5 UEs oscillating', 'QoS Violation: 5th Percentile Throughput = 1.88 Mbps']",0.2279731788992664,8.377116,-10.0,50.001663,1.8810487985610962,1.2959429,0.042591770999996004,True,True,False,False
Stable Mobility,79,Random-Fuzzer,Utility,10,0.6666666666666666,1,['Ping-Pong: 5 UEs oscillating'],0.4019182479296947,11.798057,-9.451277160644532,64.412155,2.127279818058014,1.1440719,0.08302664654363189,True,False,False,False
Stable Mobility,80,Random-Fuzzer,Utility,10,0.6666666666666666,1,['Ping-Pong: 6 UEs oscillating'],0.4022078552258836,11.844182,-7.0543698310852045,64.39253,3.7956602573394775,1.0108031,0.1034550522971449,True,False,False,False
Stable Mobility,81,Random-Fuzzer,Utility,11,0.7333333333333333,1,['Ping-Pong: 8 UEs oscillating'],0.20280126233248508,6.524184,-6.093689966201782,41.47408,4.826980257034302,1.0633513,0.07499055118106487,True,False,False,False
Stable Mobility,82,Random-Fuzzer,Utility,12,0.8,2,"['Ping-Pong: 8 UEs oscillating', 'QoS Violation: 5th Percentile Throughput = 1.88 Mbps']",0.3364023731686145,9.736282,-10.0,57.25511,1.8810487985610962,1.3776323,0.07499055118106487,True,True,False,False
Stable Mobility,83,Random-Fuzzer,Utility,11,0.7333333333333333,2,"['Ping-Pong: 7 UEs oscillating', 'QoS Violation: 5th Percentile Throughput = 1.88 Mbps']",0.2680807798887883,6.2643423,-10.0,45.036514,1.8810487985610962,1.776652,0.12046772038736683,True,True,False,False
Stable Mobility,84,Random-Fuzzer,Utility,12,0.8,1,['Ping-Pong: 9 UEs oscillating'],0.37352178244820833,12.129865,-4.6766027927398675,64.598915,6.849462461471559,0.8966906,0.055532875189002864,True,False,False,False
Stable Mobility,85,Random-Fuzzer,Utility,10,0.6666666666666666,1,['Ping-Pong: 9 UEs oscillating'],0.3367224115699219,10.407211,-8.22277274131775,58.346558,2.844236147403717,1.0901,0.08302664654363189,True,False,False,False
Stable Mobility,86,Random-Fuzzer,Utility,11,0.7333333333333333,1,['Ping-Pong: 9 UEs oscillating'],0.4021705417590604,12.667745,-3.6266349196434016,65.75697,8.789717960357667,0.8045725,0.13058389715049606,True,False,False,False
Stable Mobility,87,Random-Fuzzer,Utility,7,0.4666666666666667,1,['Ping-Pong: 5 UEs oscillating'],0.41287474786875605,14.9609375,-3.7779481172561646,74.00867,6.930306053161621,0.48686874,0.09712418121129114,True,False,False,False
Stable Mobility,88,Random-Fuzzer,Utility,11,0.7333333333333333,2,"['Ping-Pong: 4 UEs oscillating', 'QoS Violation: 5th Percentile Throughput = 1.88 Mbps']",0.26907523718037407,5.5724163,-10.0,45.076218,1.8810487985610962,2.223737,0.10942024088643863,True,True,False,False
Stable Mobility,89,Random-Fuzzer,Utility,12,0.8,2,"['Ping-Pong: 5 UEs oscillating', 'QoS Violation: 5th Percentile Throughput = 1.88 Mbps']",0.2076091294023684,7.331313,-10.0,45.855637,1.8810487985610962,1.3137223,0.07499055118106487,True,True,False,False
Stable Mobility,90,Random-Fuzzer,Utility,9,0.6,4,"['Ping-Pong: 8 UEs oscillating', 'QoS Violation: 5th Percentile Throughput = 1.88 Mbps', 'Unfairness: Jain Index = 0.14', 'CRITICAL FAILURE: Low QoE, High Unfairness, and System Instability Co-occurred']",0.13890293202378812,5.643027,-10.0,38.117508,1.8810487985610962,1.3134816,0.1034550522971449,True,True,True,True
Stable Mobility,91,Random-Fuzzer,Utility,10,0.6666666666666666,2,"['Ping-Pong: 7 UEs oscillating', 'QoS Violation: 5th Percentile Throughput = 1.88 Mbps']",0.33951861414268114,10.259156,-10.0,58.529263,1.8810487985610962,1.2639064,0.06598288790738581,True,True,False,False
Stable Mobility,92,Random-Fuzzer,Utility,13,0.8666666666666667,2,"['Ping-Pong: 7 UEs oscillating', 'QoS Violation: 5th Percentile Throughput = 1.88 Mbps']",0.23319530365732458,9.119729,-10.0,54.730663,1.8810487985610962,1.6173501,0.1256276757930754,True,True,False,False
Stable Mobility,93,Random-Fuzzer,Utility,10,0.6666666666666666,2,"['Ping-Pong: 8 UEs oscillating', 'QoS Violation: 5th Percentile Throughput = 1.88 Mbps']",0.20216621865218054,4.108883,-10.0,37.389847,1.8810487985610962,1.9581897,0.09712418121129114,True,True,False,False
Stable Mobility,94,Random-Fuzzer,Utility,11,0.7333333333333333,4,"['Ping-Pong: 8 UEs oscillating', 'QoS Violation: 5th Percentile Throughput = 1.88 Mbps', 'Unfairness: Jain Index = 0.07', 'CRITICAL FAILURE: Low QoE, High Unfairness, and System Instability Co-occurred']",0.0709956478222606,1.0402669,-10.0,23.54562,1.8810487985610962,1.9217428,0.09035079029052513,True,True,True,True
Stable Mobility,95,Random-Fuzzer,Utility,11,0.7333333333333333,4,"['Ping-Pong: 7 UEs oscillating', 'QoS Violation: 5th Percentile Throughput = 1.88 Mbps', 'Unfairness: Jain Index = 0.07', 'CRITICAL FAILURE: Low QoE, High Unfairness, and System Instability Co-occurred']",0.07416787509995093,0.5077039,-10.0,25.781565,1.8810487985610962,2.887671,0.15707069049972042,True,True,True,True
Stable Mobility,96,Random-Fuzzer,Utility,11,0.7333333333333333,4,"['Ping-Pong: 9 UEs oscillating', 'QoS Violation: 5th Percentile Throughput = 1.88 Mbps', 'Unfairness: Jain Index = 0.14', 'CRITICAL FAILURE: Low QoE, High Unfairness, and System Instability Co-occurred']",0.1447179346110015,3.6990235,-10.0,34.903023,1.8810487985610962,2.0949984,0.19977311393717173,True,True,True,True
Stable Mobility,97,Random-Fuzzer,Utility,11,0.7333333333333333,4,"['Ping-Pong: 9 UEs oscillating', 'QoS Violation: 5th Percentile Throughput = 1.88 Mbps', 'Unfairness: Jain Index = 0.18', 'CRITICAL FAILURE: Low QoE, High Unfairness, and System Instability Co-occurred']",0.1754581903519783,3.0418177,-10.0,35.343166,1.8810487985610962,2.5307493,0.09712418121129114,True,True,True,True
Stable Mobility,98,Random-Fuzzer,Utility,13,0.8666666666666667,2,"['Ping-Pong: 9 UEs oscillating', 'QoS Violation: 5th Percentile Throughput = 1.88 Mbps']",0.22994773987680925,5.958487,-10.0,43.82583,1.8810487985610962,1.8058082,0.08302664654363189,True,True,False,False
Stable Mobility,99,Random-Fuzzer,Utility,13,0.8666666666666667,4,"['Ping-Pong: 10 UEs oscillating', 'QoS Violation: 5th Percentile Throughput = 1.88 Mbps', 'Unfairness: Jain Index = 0.14', 'CRITICAL FAILURE: Low QoE, High Unfairness, and System Instability Co-occurred']",0.1406294632892687,2.6208985,-10.0,32.735847,1.8810487985610962,2.4866652,0.12046772038736683,True,True,True,True
Stable Mobility,100,Random-Fuzzer,Utility,11,0.7333333333333333,2,"['Ping-Pong: 11 UEs oscillating', 'QoS Violation: 5th Percentile Throughput = 1.88 Mbps']",0.20652991257108744,6.5818686,-10.0,44.303272,1.8810487985610962,1.5175629,0.1034550522971449,True,True,False,False
Stable Mobility,101,Random-Fuzzer,Utility,13,0.8666666666666667,2,"['Ping-Pong: 10 UEs oscillating', 'QoS Violation: 5th Percentile Throughput = 1.88 Mbps']",0.2606894886766949,8.056028,-10.0,51.49562,1.8810487985610962,1.7169244,0.1150766283199483,True,True,False,False
Stable Mobility,102,Random-Fuzzer,Utility,10,0.6666666666666666,4,"['Ping-Pong: 6 UEs oscillating', 'QoS Violation: 5th Percentile Throughput = 1.88 Mbps', 'Unfairness: Jain Index = 0.15', 'CRITICAL FAILURE: Low QoE, High Unfairness, and System Instability Co-occurred']",0.14836132042316086,4.8130717,-10.0,40.46771,1.8810487985610962,2.2127442,0.09035079029052513,True,True,True,True
Stable Mobility,103,Random-Fuzzer,Utility,9,0.6,2,"['Ping-Pong: 6 UEs oscillating', 'QoS Violation: 5th Percentile Throughput = 1.88 Mbps']",0.24219595145749936,9.977225,-10.0,55.566364,1.8810487985610962,1.1690129,0.09035079029052513,True,True,False,False
Stable Mobility,104,Random-Fuzzer,Utility,11,0.7333333333333333,2,"['Ping-Pong: 6 UEs oscillating', 'QoS Violation: 5th Percentile Throughput = 1.88 Mbps']",0.27147472517343957,8.421189,-10.0,51.20618,1.8810487985610962,1.3499116,0.0659828879073858,True,True,False,False
Stable Mobility,105,Random-Fuzzer,Utility,12,0.8,2,"['Ping-Pong: 7 UEs oscillating', 'QoS Violation: 5th Percentile Throughput = 1.88 Mbps']",0.3412501641911581,10.838365,-10.0,60.539875,1.8810487985610962,1.231274,0.0659828879073858,True,True,False,False
Stable Mobility,106,Random-Fuzzer,Utility,11,0.7333333333333333,2,"['Ping-Pong: 7 UEs oscillating', 'QoS Violation: 5th Percentile Throughput = 1.88 Mbps']",0.3350690196650541,8.874743,-10.0,54.421288,1.8810487985610962,1.424672,0.07499055118106486,True,True,False,False
Stable Mobility,107,Random-Fuzzer,Utility,14,0.9333333333333333,4,"['Ping-Pong: 7 UEs oscillating', 'QoS Violation: 5th Percentile Throughput = 1.88 Mbps', 'Unfairness: Jain Index = 0.14', 'CRITICAL FAILURE: Low QoE, High Unfairness, and System Instability Co-occurred']",0.14343267495233142,4.6251316,-10.0,38.097355,1.8810487985610962,1.9193094,0.13058389715049606,True,True,True,True
Stable Mobility,108,Random-Fuzzer,Utility,10,0.6666666666666666,2,"['Ping-Pong: 8 UEs oscillating', 'QoS Violation: 5th Percentile Throughput = 1.88 Mbps']",0.3243756673733808,10.291556,-10.0,59.298542,1.8810487985610962,1.3219339,0.07499055118106487,True,True,False,False
Stable Mobility,109,Random-Fuzzer,Utility,10,0.6666666666666666,2,"['Ping-Pong: 6 UEs oscillating', 'QoS Violation: 5th Percentile Throughput = 1.88 Mbps']",0.20339049568750187,5.9285336,-10.0,41.797367,1.8810487985610962,1.6298672,0.06598288790738581,True,True,False,False
Stable Mobility,110,Random-Fuzzer,Utility,13,0.8666666666666667,1,['Ping-Pong: 6 UEs oscillating'],0.41798825107211146,14.378268,-5.714202642440796,73.05279,5.306218528747559,0.8037535,0.09035079029052512,True,False,False,False
Stable Mobility,111,Random-Fuzzer,Utility,12,0.8,1,['Ping-Pong: 8 UEs oscillating'],0.3361546332513505,10.369702,-4.666454362869262,57.39321,6.866336679458619,0.9402508,0.09712418121129114,True,False,False,False
Stable Mobility,112,Random-Fuzzer,Utility,14,0.9333333333333333,2,"['Ping-Pong: 10 UEs oscillating', 'QoS Violation: 5th Percentile Throughput = 1.88 Mbps']",0.35749669472387635,10.168063,-10.0,59.534256,1.8810487985610962,1.3773321,0.1150766283199483,True,True,False,False
Stable Mobility,113,Random-Fuzzer,Utility,11,0.7333333333333333,4,"['Ping-Pong: 9 UEs oscillating', 'QoS Violation: 5th Percentile Throughput = 1.88 Mbps', 'Unfairness: Jain Index = 0.15', 'CRITICAL FAILURE: Low QoE, High Unfairness, and System Instability Co-occurred']",0.14898797181594214,3.926581,-10.0,36.662865,1.8810487985610962,2.1566286,0.11507662831994832,True,True,True,True
Stable Mobility,114,Random-Fuzzer,Utility,13,0.8666666666666667,2,"['Ping-Pong: 10 UEs oscillating', 'QoS Violation: 5th Percentile Throughput = 1.88 Mbps']",0.26833190225402764,6.0365047,-10.0,45.429993,1.8810487985610962,2.0887241,0.10345505229714491,True,True,False,False
Stable Mobility,115,Random-Fuzzer,Utility,11,0.7333333333333333,2,"['Ping-Pong: 9 UEs oscillating', 'QoS Violation: 5th Percentile Throughput = 1.88 Mbps']",0.27348521586328484,8.006382,-10.0,50.578285,1.8810487985610962,1.6250542,0.09035079029052513,True,True,False,False
Stable Mobility,116,Random-Fuzzer,Utility,10,0.6666666666666666,2,"['Ping-Pong: 8 UEs oscillating', 'QoS Violation: 5th Percentile Throughput = 1.88 Mbps']",0.35127188869242515,11.160276,-10.0,62.975693,1.8810487985610962,1.3350205,0.10942024088643863,True,True,False,False
Stable Mobility,117,Random-Fuzzer,Utility,14,0.9333333333333333,2,"['Ping-Pong: 9 UEs oscillating', 'QoS Violation: 5th Percentile Throughput = 1.88 Mbps']",0.27516732547977096,9.741583,-10.0,56.50234,1.8810487985610962,1.5256801,0.07499055118106487,True,True,False,False
Stable Mobility,118,Random-Fuzzer,Utility,13,0.8666666666666667,1,['Ping-Pong: 9 UEs oscillating'],0.40599781238066673,12.642558,-7.900266361236572,67.52879,3.0774756312370304,1.002208,0.0659828879073858,True,False,False,False
Stable Mobility,119,Random-Fuzzer,Utility,10,0.6666666666666666,2,"['Ping-Pong: 9 UEs oscillating', 'QoS Violation: 5th Percentile Throughput = 1.88 Mbps']",0.24367506277413195,8.221562,-10.0,51.232132,1.8810487985610962,1.594087,0.07499055118106486,True,True,False,False
Stable Mobility,120,Random-Fuzzer,Utility,11,0.7333333333333333,1,['Ping-Pong: 7 UEs oscillating'],0.2034672108097462,6.1652803,-7.730798530578613,41.433994,3.208581268787384,1.210172,0.08302664654363189,True,False,False,False
Stable Mobility,121,Random-Fuzzer,Utility,11,0.7333333333333333,4,"['Ping-Pong: 6 UEs oscillating', 'QoS Violation: 5th Percentile Throughput = 1.88 Mbps', 'Unfairness: Jain Index = 0.14', 'CRITICAL FAILURE: Low QoE, High Unfairness, and System Instability Co-occurred']",0.13639148299569828,3.411679,-10.0,32.5267,1.8810487985610962,1.8552299,0.12046772038736682,True,True,True,True
Stable Mobility,122,Random-Fuzzer,Utility,11,0.7333333333333333,1,['Ping-Pong: 6 UEs oscillating'],0.2111668784989641,8.804638,-3.7120661020278924,49.276268,8.015998315811158,0.7901909,0.08302664654363189,True,False,False,False
Stable Mobility,123,Random-Fuzzer,Utility,10,0.6666666666666666,2,"['Ping-Pong: 6 UEs oscillating', 'QoS Violation: 5th Percentile Throughput = 1.88 Mbps']",0.20640189692005592,7.2531476,-10.0,46.053566,1.8810487985610962,1.3758049,0.08302664654363189,True,True,False,False
Stable Mobility,124,Random-Fuzzer,Utility,11,0.7333333333333333,1,['Ping-Pong: 6 UEs oscillating'],0.20518090046266596,7.243515,-7.893302249908447,44.822735,3.082744443416596,1.1275936,0.08302664654363189,True,False,False,False
Stable Mobility,125,Random-Fuzzer,Utility,11,0.7333333333333333,4,"['Ping-Pong: 7 UEs oscillating', 'QoS Violation: 5th Percentile Throughput = 1.88 Mbps', 'Unfairness: Jain Index = 0.09', 'CRITICAL FAILURE: Low QoE, High Unfairness, and System Instability Co-occurred']",0.08610544566316283,3.8151422,-10.0,32.320976,1.8810487985610962,1.4727719,0.1150766283199483,True,True,True,True
Stable Mobility,126,Random-Fuzzer,Utility,10,0.6666666666666666,4,"['Ping-Pong: 8 UEs oscillating', 'QoS Violation: 5th Percentile Throughput = 1.88 Mbps', 'Unfairness: Jain Index = 0.14', 'CRITICAL FAILURE: Low QoE, High Unfairness, and System Instability Co-occurred']",0.13953589130545882,4.3712845,-10.0,35.77803,1.8810487985610962,1.6487994,0.1305838971504961,True,True,True,True
Stable Mobility,127,Random-Fuzzer,Utility,11,0.7333333333333333,2,"['Ping-Pong: 9 UEs oscillating', 'Unfairness: Jain Index = 0.14']",0.14201498435346072,7.161354,-6.979243946075439,42.47417,3.867561435699463,0.9786466,0.1150766283199483,True,False,True,False
Stable Mobility,128,Random-Fuzzer,Utility,11,0.7333333333333333,4,"['Ping-Pong: 9 UEs oscillating', 'QoS Violation: 5th Percentile Throughput = 1.88 Mbps', 'Unfairness: Jain Index = 0.17', 'CRITICAL FAILURE: Low QoE, High Unfairness, and System Instability Co-occurred']",0.1721597963891224,6.1626043,-10.0,41.89082,1.8810487985610962,1.4208692,0.08302664654363189,True,True,True,True
Stable Mobility,129,Random-Fuzzer,Utility,9,0.6,1,['Ping-Pong: 8 UEs oscillating'],0.35287444046537697,14.792587,-4.313861608505249,73.47195,7.475035524368287,0.7129552,0.06598288790738581,True,False,False,False
Stable Mobility,130,Random-Fuzzer,Utility,12,0.8,4,"['Ping-Pong: 8 UEs oscillating', 'QoS Violation: 5th Percentile Throughput = 1.88 Mbps', 'Unfairness: Jain Index = 0.14', 'CRITICAL FAILURE: Low QoE, High Unfairness, and System Instability Co-occurred']",0.14031262780747508,5.0107074,-10.0,37.46609,1.8810487985610962,1.5613481,0.1649572197684645,True,True,True,True
Stable Mobility,131,Random-Fuzzer,Utility,9,0.6,1,['Ping-Pong: 4 UEs oscillating'],0.27273700681316043,9.738938,-9.007761001586914,56.675102,2.3574694991111755,1.3012704,0.042591770999996004,True,False,False,False
Stable Mobility,132,Random-Fuzzer,Utility,11,0.7333333333333333,4,"['Ping-Pong: 6 UEs oscillating', 'QoS Violation: 5th Percentile Throughput = 1.88 Mbps', 'Unfairness: Jain Index = 0.18', 'CRITICAL FAILURE: Low QoE, High Unfairness, and System Instability Co-occurred']",0.18137796436180237,6.3507304,-10.0,43.8105,1.8810487985610962,1.470025,0.09035079029052513,True,True,True,True
Stable Mobility,133,Random-Fuzzer,Utility,13,0.8666666666666667,2,"['Ping-Pong: 6 UEs oscillating', 'QoS Violation: 5th Percentile Throughput = 1.88 Mbps']",0.20595627276201922,6.0770845,-10.0,43.063488,1.8810487985610962,1.6105323,0.0659828879073858,True,True,False,False
Stable Mobility,134,Random-Fuzzer,Utility,10,0.6666666666666666,1,['Ping-Pong: 8 UEs oscillating'],0.3383337486407126,10.312521,-6.153430318832397,58.150265,4.755423545837402,1.021563,0.09035079029052513,True,False,False,False
Stable Mobility,135,Random-Fuzzer,Utility,12,0.8,2,"['Ping-Pong: 8 UEs oscillating', 'QoS Violation: 5th Percentile Throughput = 1.88 Mbps']",0.23481363866734267,7.8016973,-10.0,49.52838,1.8810487985610962,1.4350647,0.10942024088643863,True,True,False,False
Stable Mobility,136,Random-Fuzzer,Utility,13,0.8666666666666667,4,"['Ping-Pong: 7 UEs oscillating', 'QoS Violation: 5th Percentile Throughput = 1.88 Mbps', 'Unfairness: Jain Index = 0.15', 'CRITICAL FAILURE: Low QoE, High Unfairness, and System Instability Co-occurred']",0.1518454502804357,5.0217257,-10.0,39.066444,1.8810487985610962,1.7636745,0.13058389715049606,True,True,True,True
Stable Mobility,137,Random-Fuzzer,Utility,12,0.8,2,"['Ping-Pong: 8 UEs oscillating', 'QoS Violation: 5th Percentile Throughput = 1.88 Mbps']",0.20232533438911882,4.4864535,-10.0,37.491394,1.8810487985610962,1.6236895,0.042591770999996004,True,True,False,False
Stable Mobility,138,Random-Fuzzer,Utility,11,0.7333333333333333,4,"['Ping-Pong: 8 UEs oscillating', 'QoS Violation: 5th Percentile Throughput = 1.88 Mbps', 'Unfairness: Jain Index = 0.18', 'CRITICAL FAILURE: Low QoE, High Unfairness, and System Instability Co-occurred']",0.1825327610360259,6.165108,-10.0,42.850887,1.8810487985610962,1.6695457,0.1034550522971449,True,True,True,True
Stable Mobility,139,Random-Fuzzer,Utility,10,0.6666666666666666,2,"['Ping-Pong: 9 UEs oscillating', 'QoS Violation: 5th Percentile Throughput = 1.88 Mbps']",0.2283248923138396,8.760053,-10.0,53.464165,1.8810487985610962,1.610466,0.10345505229714491,True,True,False,False
Stable Mobility,140,Random-Fuzzer,Utility,10,0.6666666666666666,1,['Ping-Pong: 8 UEs oscillating'],0.2058414662333225,6.6815653,-6.761944913864135,43.093407,4.083556699752807,1.1347734,0.1034550522971449,True,False,False,False
Stable Mobility,141,Random-Fuzzer,Utility,12,0.8,1,['Ping-Pong: 8 UEs oscillating'],0.3653630641221508,13.51381,-5.320946311950683,69.64509,5.481999778747559,0.7483968,0.09712418121129114,True,False,False,False
Stable Mobility,142,Random-Fuzzer,Utility,10,0.6666666666666666,1,['Ping-Pong: 7 UEs oscillating'],0.2798604427037917,9.991092,-5.108065509796142,54.75819,5.4368656873703,0.7493327,0.08302664654363189,True,False,False,False
Stable Mobility,143,Random-Fuzzer,Utility,11,0.7333333333333333,1,['Ping-Pong: 9 UEs oscillating'],0.2457821131513341,9.132385,-8.601347160339355,52.614548,2.595933401584625,1.1026944,0.06598288790738581,True,False,False,False
Stable Mobility,144,Random-Fuzzer,Utility,11,0.7333333333333333,2,"['Ping-Pong: 8 UEs oscillating', 'QoS Violation: 5th Percentile Throughput = 1.88 Mbps']",0.2788404575024166,10.879848,-10.0,59.051033,1.8810487985610962,1.1336879,0.05553287518900287,True,True,False,False
Stable Mobility,145,Random-Fuzzer,Utility,12,0.8,2,"['Ping-Pong: 9 UEs oscillating', 'QoS Violation: 5th Percentile Throughput = 1.99 Mbps']",0.2548193172658612,10.526152,-9.743789863586425,57.880573,1.99104505777359,1.1378075,0.09712418121129114,True,True,False,False
Stable Mobility,146,Random-Fuzzer,Utility,9,0.6,2,"['Ping-Pong: 9 UEs oscillating', 'QoS Violation: 5th Percentile Throughput = 1.88 Mbps']",0.24701935523413235,9.4600525,-10.0,53.470066,1.8810487985610962,1.1868635,0.042591770999996004,True,True,False,False
Stable Mobility,147,Random-Fuzzer,Utility,9,0.6,4,"['Ping-Pong: 7 UEs oscillating', 'QoS Violation: 5th Percentile Throughput = 1.88 Mbps', 'Unfairness: Jain Index = 0.14', 'CRITICAL FAILURE: Low QoE, High Unfairness, and System Instability Co-occurred']",0.14286818098363585,5.1447153,-10.0,38.609158,1.8810487985610962,1.7035873,0.09712418121129114,True,True,True,True
Stable Mobility,148,Random-Fuzzer,Utility,11,0.7333333333333333,4,"['Ping-Pong: 6 UEs oscillating', 'QoS Violation: 5th Percentile Throughput = 1.88 Mbps', 'Unfairness: Jain Index = 0.13', 'CRITICAL FAILURE: Low QoE, High Unfairness, and System Instability Co-occurred']",0.12619665848054643,5.0945034,-10.0,37.93663,1.8810487985610962,1.6770561,0.11507662831994829,True,True,True,True
Stable Mobility,149,Random-Fuzzer,Utility,10,0.6666666666666666,2,"['Ping-Pong: 6 UEs oscillating', 'QoS Violation: 5th Percentile Throughput = 1.88 Mbps']",0.2843347929177347,9.412713,-10.0,56.131344,1.8810487985610962,1.5942975,0.1649572197684645,True,True,False,False
Stable Mobility,150,Random-Fuzzer,Utility,9,0.6,4,"['Ping-Pong: 8 UEs oscillating', 'QoS Violation: 5th Percentile Throughput = 1.88 Mbps', 'Unfairness: Jain Index = 0.19', 'CRITICAL FAILURE: Low QoE, High Unfairness, and System Instability Co-occurred']",0.19114714712830067,5.2996297,-10.0,40.367905,1.8810487985610962,1.5878716,0.07499055118106486,True,True,True,True
Stable Mobility,151,Random-Fuzzer,Utility,12,0.8,2,"['Ping-Pong: 7 UEs oscillating', 'QoS Violation: 5th Percentile Throughput = 1.88 Mbps']",0.2694424420485175,7.678983,-10.0,50.370304,1.8810487985610962,1.7083715,0.042591770999996004,True,True,False,False
Stable Mobility,152,Random-Fuzzer,Utility,9,0.6,3,"['Ping-Pong: 5 UEs oscillating', 'QoS Violation: 5th Percentile Throughput = 1.88 Mbps', 'Unfairness: Jain Index = 0.16']",0.1633392636882127,6.0292177,-10.0,42.659225,1.8810487985610962,1.7179868,0.09712418121129113,True,True,True,False
Stable Mobility,153,Random-Fuzzer,Utility,11,0.7333333333333333,2,"['Ping-Pong: 8 UEs oscillating', 'QoS Violation: 5th Percentile Throughput = 1.88 Mbps']",0.2904393561866648,9.841983,-10.0,57.10145,1.8810487985610962,1.5281315,0.13058389715049606,True,True,False,False
Stable Mobility,154,Random-Fuzzer,Utility,12,0.8,2,"['Ping-Pong: 9 UEs oscillating', 'QoS Violation: 5th Percentile Throughput = 1.88 Mbps']",0.20311123664595038,5.3466277,-10.0,40.24017,1.8810487985610962,1.7487452,0.09035079029052513,True,True,False,False
Stable Mobility,155,Random-Fuzzer,Utility,11,0.7333333333333333,2,"['Ping-Pong: 10 UEs oscillating', 'QoS Violation: 5th Percentile Throughput = 1.88 Mbps']",0.21018586583119592,7.796834,-10.0,47.799404,1.8810487985610962,1.3061682,0.0659828879073858,True,True,False,False
Stable Mobility,156,Random-Fuzzer,Utility,7,0.4666666666666667,3,"['Ping-Pong: 5 UEs oscillating', 'QoS Violation: 5th Percentile Throughput = 1.88 Mbps', 'Unfairness: Jain Index = 0.15']",0.15109864892189795,5.231685,-10.0,38.310062,1.8810487985610962,1.4408873,0.08302664654363189,True,True,True,False
Stable Mobility,157,Random-Fuzzer,Utility,11,0.7333333333333333,3,"['Ping-Pong: 4 UEs oscillating', 'QoS Violation: 5th Percentile Throughput = 1.88 Mbps', 'Unfairness: Jain Index = 0.15']",0.14859573143258964,5.926074,-10.0,41.626102,1.8810487985610962,1.6820939,0.13535876574811329,True,True,True,False
Stable Mobility,158,Random-Fuzzer,Utility,13,0.8666666666666667,3,"['Ping-Pong: 5 UEs oscillating', 'QoS Violation: 5th Percentile Throughput = 1.88 Mbps', 'Unfairness: Jain Index = 0.14']",0.14108389031207003,4.756241,-10.0,37.272762,1.8810487985610962,1.729837,0.12562767579307543,True,True,True,False
Stable Mobility,159,Random-Fuzzer,Utility,10,0.6666666666666666,1,['Ping-Pong: 8 UEs oscillating'],0.2306132182826702,10.014402,-7.78513822555542,55.611073,3.165880024433136,1.0194877,0.08302664654363187,True,False,False,False
Stable Mobility,160,Random-Fuzzer,Utility,12,0.8,1,['Ping-Pong: 8 UEs oscillating'],0.3369975368779476,12.75999,-2.9459460407495492,65.02687,10.26368227005005,0.74262255,0.1256276757930754,True,False,False,False
Stable Mobility,161,Random-Fuzzer,Utility,15,1.0,2,"['Ping-Pong: 9 UEs oscillating', 'QoS Violation: 5th Percentile Throughput = 1.88 Mbps']",0.20375745039546714,6.6813974,-10.0,43.257317,1.8810487985610962,1.3352035,0.08302664654363189,True,True,False,False
Stable Mobility,162,Random-Fuzzer,Utility,12,0.8,4,"['Ping-Pong: 9 UEs oscillating', 'QoS Violation: 5th Percentile Throughput = 1.88 Mbps', 'Unfairness: Jain Index = 0.12', 'CRITICAL FAILURE: Low QoE, High Unfairness, and System Instability Co-occurred']",0.1168607124950193,7.7483296,-10.0,47.291485,1.8810487985610962,1.5253978,0.12046772038736682,True,True,True,True
Stable Mobility,163,Random-Fuzzer,Utility,9,0.6,2,"['Ping-Pong: 8 UEs oscillating', 'QoS Violation: 5th Percentile Throughput = 1.88 Mbps']",0.2023155546627135,5.548656,-10.0,41.7453,1.8810487985610962,1.7974228,0.07499055118106489,True,True,False,False
Stable Mobility,164,Random-Fuzzer,Utility,12,0.8,4,"['Ping-Pong: 7 UEs oscillating', 'QoS Violation: 5th Percentile Throughput = 1.88 Mbps', 'Unfairness: Jain Index = 0.15', 'CRITICAL FAILURE: Low QoE, High Unfairness, and System Instability Co-occurred']",0.1468429241441334,1.2023567,-10.0,22.084677,1.8810487985610962,1.7801753,0.10942024088643863,True,True,True,True
Stable Mobility,165,Random-Fuzzer,Utility,12,0.8,4,"['Ping-Pong: 8 UEs oscillating', 'QoS Violation: 5th Percentile Throughput = 1.88 Mbps', 'Unfairness: Jain Index = 0.15', 'CRITICAL FAILURE: Low QoE, High Unfairness, and System Instability Co-occurred']",0.1490798651535563,5.541488,-10.0,39.83577,1.8810487985610962,1.6641209,0.12046772038736683,True,True,True,True
Stable Mobility,166,Random-Fuzzer,Utility,12,0.8,4,"['Ping-Pong: 11 UEs oscillating', 'QoS Violation: 5th Percentile Throughput = 1.88 Mbps', 'Unfairness: Jain Index = 0.14', 'CRITICAL FAILURE: Low QoE, High Unfairness, and System Instability Co-occurred']",0.14262552905040443,5.054619,-10.0,37.68742,1.8810487985610962,1.6596657,0.09712418121129114,True,True,True,True
Stable Mobility,167,Random-Fuzzer,Utility,11,0.7333333333333333,2,"['Ping-Pong: 10 UEs oscillating', 'QoS Violation: 5th Percentile Throughput = 1.88 Mbps']",0.24294151103244227,8.749728,-10.0,51.952503,1.8810487985610962,1.3004601,0.0659828879073858,True,True,False,False
Stable Mobility,168,Random-Fuzzer,Utility,8,0.5333333333333333,2,"['Ping-Pong: 5 UEs oscillating', 'QoS Violation: 5th Percentile Throughput = 1.88 Mbps']",0.2230947175382906,8.125895,-10.0,49.900536,1.8810487985610962,1.3357322,0.07499055118106486,True,True,False,False
Stable Mobility,169,Random-Fuzzer,Utility,12,0.8,3,"['Ping-Pong: 4 UEs oscillating', 'QoS Violation: 5th Percentile Throughput = 1.88 Mbps', 'Unfairness: Jain Index = 0.19']",0.19454821791177898,7.8770566,-10.0,47.392326,1.8810487985610962,1.2515873,0.023328473740792176,True,True,True,False
Stable Mobility,170,Random-Fuzzer,Utility,10,0.6666666666666666,3,"['Ping-Pong: 5 UEs oscillating', 'QoS Violation: 5th Percentile Throughput = 1.88 Mbps', 'Unfairness: Jain Index = 0.14']",0.13789857632893746,4.4904466,-10.0,34.92887,1.8810487985610962,1.4814495,0.09035079029052513,True,True,True,False
Stable Mobility,171,Random-Fuzzer,Utility,9,0.6,4,"['Ping-Pong: 7 UEs oscillating', 'QoS Violation: 5th Percentile Throughput = 1.88 Mbps', 'Unfairness: Jain Index = 0.15', 'CRITICAL FAILURE: Low QoE, High Unfairness, and System Instability Co-occurred']",0.15321863861084353,5.4694715,-10.0,39.715225,1.8810487985610962,1.4792105,0.09712418121129114,True,True,True,True
Stable Mobility,172,Random-Fuzzer,Utility,12,0.8,3,"['Ping-Pong: 5 UEs oscillating', 'QoS Violation: 5th Percentile Throughput = 1.88 Mbps', 'Unfairness: Jain Index = 0.14']",0.13854703593644818,4.212349,-10.0,35.29558,1.8810487985610962,1.7672383,0.08302664654363189,True,True,True,False
Stable Mobility,173,Random-Fuzzer,Utility,13,0.8666666666666667,3,"['Ping-Pong: 5 UEs oscillating', 'QoS Violation: 5th Percentile Throughput = 1.88 Mbps', 'Unfairness: Jain Index = 0.10']",0.10139629748041916,3.4835808,-10.0,33.32471,1.8810487985610962,1.8737751,0.1649572197684645,True,True,True,False
Stable Mobility,174,Random-Fuzzer,Utility,11,0.7333333333333333,2,"['Ping-Pong: 8 UEs oscillating', 'QoS Violation: 5th Percentile Throughput = 1.88 Mbps']",0.28077184356422497,9.754622,-10.0,56.2918,1.8810487985610962,1.3070605,0.13535876574811329,True,True,False,False
Stable Mobility,175,Random-Fuzzer,Utility,11,0.7333333333333333,4,"['Ping-Pong: 8 UEs oscillating', 'QoS Violation: 5th Percentile Throughput = 1.88 Mbps', 'Unfairness: Jain Index = 0.14', 'CRITICAL FAILURE: Low QoE, High Unfairness, and System Instability Co-occurred']",0.14293454877722056,6.849024,-10.0,41.920906,1.8810487985610962,1.2047416,0.055532875189002864,True,True,True,True
Stable Mobility,176,Random-Fuzzer,Utility,8,0.5333333333333333,2,"['Ping-Pong: 7 UEs oscillating', 'QoS Violation: 5th Percentile Throughput = 1.88 Mbps']",0.21050574091206237,6.656007,-10.0,45.17577,1.8810487985610962,1.6806388,0.09035079029052513,True,True,False,False
Stable Mobility,177,Random-Fuzzer,Utility,9,0.6,3,"['Ping-Pong: 5 UEs oscillating', 'QoS Violation: 5th Percentile Throughput = 1.88 Mbps', 'Unfairness: Jain Index = 0.10']",0.09870585985809399,6.6077876,-10.0,42.06138,1.8810487985610962,1.2913806,0.0659828879073858,True,True,True,False
Stable Mobility,178,Random-Fuzzer,Utility,11,0.7333333333333333,2,"['Ping-Pong: 5 UEs oscillating', 'QoS Violation: 5th Percentile Throughput = 1.88 Mbps']",0.23000084706048582,7.851088,-10.0,48.26294,1.8810487985610962,1.3175063,0.07499055118106486,True,True,False,False
Stable Mobility,179,Random-Fuzzer,Utility,10,0.6666666666666666,4,"['Ping-Pong: 7 UEs oscillating', 'QoS Violation: 5th Percentile Throughput = 1.88 Mbps', 'Unfairness: Jain Index = 0.17', 'CRITICAL FAILURE: Low QoE, High Unfairness, and System Instability Co-occurred']",0.17260059240593903,7.24847,-10.0,46.506832,1.8810487985610962,1.6070404,0.07499055118106487,True,True,True,True
Stable Mobility,180,Random-Fuzzer,Utility,11,0.7333333333333333,4,"['Ping-Pong: 9 UEs oscillating', 'QoS Violation: 5th Percentile Throughput = 1.88 Mbps', 'Unfairness: Jain Index = 0.18', 'CRITICAL FAILURE: Low QoE, High Unfairness, and System Instability Co-occurred']",0.17791478727470508,4.3852973,-10.0,36.729183,1.8810487985610962,1.7890853,0.07499055118106486,True,True,True,True
Stable Mobility,181,Random-Fuzzer,Utility,12,0.8,2,"['Ping-Pong: 8 UEs oscillating', 'QoS Violation: 5th Percentile Throughput = 1.88 Mbps']",0.27175227035711136,8.262482,-10.0,50.892338,1.8810487985610962,1.3629212,0.05553287518900286,True,True,False,False
Stable Mobility,182,Random-Fuzzer,Utility,10,0.6666666666666666,2,"['Ping-Pong: 7 UEs oscillating', 'QoS Violation: 5th Percentile Throughput = 1.88 Mbps']",0.22536423270287514,8.301565,-10.0,50.664845,1.8810487985610962,1.5619615,0.05553287518900286,True,True,False,False
Stable Mobility,183,Random-Fuzzer,Utility,11,0.7333333333333333,2,"['Ping-Pong: 9 UEs oscillating', 'QoS Violation: 5th Percentile Throughput = 1.88 Mbps']",0.24411559761109602,8.69615,-10.0,51.702366,1.8810487985610962,1.2900977,0.08302664654363187,True,True,False,False
Stable Mobility,184,Random-Fuzzer,Utility,9,0.6,1,['Ping-Pong: 7 UEs oscillating'],0.27703231673253437,11.780892,-3.967540836334228,60.41227,8.116057682037354,0.7470921,0.1034550522971449,True,False,False,False
Stable Mobility,185,Random-Fuzzer,Utility,10,0.6666666666666666,2,"['Ping-Pong: 6 UEs oscillating', 'Unfairness: Jain Index = 0.15']",0.15119657871759778,7.150032,-4.607847547531128,43.02599,6.964489793777466,0.96494883,0.09035079029052513,True,False,True,False
Stable Mobility,186,Random-Fuzzer,Utility,7,0.4666666666666667,2,"['Ping-Pong: 5 UEs oscillating', 'QoS Violation: 5th Percentile Throughput = 1.88 Mbps']",0.2724069795462977,9.131363,-10.0,52.995834,1.8810487985610962,1.2404244,0.07499055118106487,True,True,False,False
Stable Mobility,187,Random-Fuzzer,Utility,11,0.7333333333333333,2,"['Ping-Pong: 7 UEs oscillating', 'QoS Violation: 5th Percentile Throughput = 1.88 Mbps']",0.27177244049297034,7.902119,-10.0,50.77431,1.8810487985610962,1.6790131,0.12046772038736685,True,True,False,False
Stable Mobility,188,Random-Fuzzer,Utility,7,0.4666666666666667,2,"['Ping-Pong: 5 UEs oscillating', 'QoS Violation: 5th Percentile Throughput = 1.88 Mbps']",0.2759744114571369,7.8071394,-10.0,51.033855,1.8810487985610962,1.7148715,0.09712418121129114,True,True,False,False
Stable Mobility,189,Random-Fuzzer,Utility,11,0.7333333333333333,2,"['Ping-Pong: 5 UEs oscillating', 'QoS Violation: 5th Percentile Throughput = 1.88 Mbps']",0.20314943858404846,5.3604937,-10.0,40.338314,1.8810487985610962,1.7429256,0.09712418121129114,True,True,False,False
Stable Mobility,190,Random-Fuzzer,Utility,12,0.8,2,"['Ping-Pong: 5 UEs oscillating', 'QoS Violation: 5th Percentile Throughput = 1.88 Mbps']",0.22941815568108584,6.401773,-10.0,45.551567,1.8810487985610962,1.8264529,0.0659828879073858,True,True,False,False
Stable Mobility,191,Random-Fuzzer,Utility,10,0.6666666666666666,4,"['Ping-Pong: 8 UEs oscillating', 'QoS Violation: 5th Percentile Throughput = 1.88 Mbps', 'Unfairness: Jain Index = 0.08', 'CRITICAL FAILURE: Low QoE, High Unfairness, and System Instability Co-occurred']",0.08438442010858091,3.5887651,-10.0,32.461327,1.8810487985610962,1.7487679,0.08302664654363189,True,True,True,True
Stable Mobility,192,Random-Fuzzer,Utility,9,0.6,3,"['Ping-Pong: 5 UEs oscillating', 'QoS Violation: 5th Percentile Throughput = 1.88 Mbps', 'Unfairness: Jain Index = 0.19']",0.19034422746649224,8.28879,-10.0,51.102436,1.8810487985610962,1.5985665,0.09712418121129114,True,True,True,False
Stable Mobility,193,Random-Fuzzer,Utility,10,0.6666666666666666,2,"['Ping-Pong: 5 UEs oscillating', 'QoS Violation: 5th Percentile Throughput = 1.88 Mbps']",0.2058701504115514,6.219051,-10.0,43.52519,1.8810487985610962,1.7034892,0.07499055118106487,True,True,False,False
Stable Mobility,194,Random-Fuzzer,Utility,12,0.8,2,"['Ping-Pong: 6 UEs oscillating', 'QoS Violation: 5th Percentile Throughput = 1.88 Mbps']",0.33515773640415986,10.588457,-10.0,59.37938,1.8810487985610962,1.2331921,0.07499055118106486,True,True,False,False
Stable Mobility,195,Random-Fuzzer,Utility,11,0.7333333333333333,4,"['Ping-Pong: 8 UEs oscillating', 'QoS Violation: 5th Percentile Throughput = 1.88 Mbps', 'Unfairness: Jain Index = 0.15', 'CRITICAL FAILURE: Low QoE, High Unfairness, and System Instability Co-occurred']",0.14870542359580927,4.823673,-10.0,38.07412,1.8810487985610962,1.7574806,0.10942024088643863,True,True,True,True
Stable Mobility,196,Random-Fuzzer,Utility,11,0.7333333333333333,2,"['Ping-Pong: 7 UEs oscillating', 'QoS Violation: 5th Percentile Throughput = 1.88 Mbps']",0.26935682858337756,7.1683407,-10.0,47.84908,1.8810487985610962,1.7012693,0.08302664654363189,True,True,False,False
Stable Mobility,197,Random-Fuzzer,Utility,11,0.7333333333333333,4,"['Ping-Pong: 7 UEs oscillating', 'QoS Violation: 5th Percentile Throughput = 1.88 Mbps', 'Unfairness: Jain Index = 0.15', 'CRITICAL FAILURE: Low QoE, High Unfairness, and System Instability Co-occurred']",0.14833016708409194,5.4623866,-10.0,40.49109,1.8810487985610962,1.7410222,0.11507662831994829,True,True,True,True
Stable Mobility,198,Random-Fuzzer,Utility,12,0.8,4,"['Ping-Pong: 8 UEs oscillating', 'QoS Violation: 5th Percentile Throughput = 1.88 Mbps', 'Unfairness: Jain Index = 0.17', 'CRITICAL FAILURE: Low QoE, High Unfairness, and System Instability Co-occurred']",0.17055749346165255,5.808636,-10.0,41.124924,1.8810487985610962,1.4646891,0.1256276757930754,True,True,True,True
Stable Mobility,199,Random-Fuzzer,Utility,12,0.8,2,"['Ping-Pong: 7 UEs oscillating', 'QoS Violation: 5th Percentile Throughput = 1.88 Mbps']",0.20757650799076785,6.301791,-10.0,44.130928,1.8810487985610962,1.6963419,0.09035079029052512,True,True,False,False
Stable Mobility,200,Random-Fuzzer,Utility,11,0.7333333333333333,2,"['Ping-Pong: 8 UEs oscillating', 'QoS Violation: 5th Percentile Throughput = 1.88 Mbps']",0.21499321464265833,5.6876955,-10.0,42.494396,1.8810487985610962,1.798968,0.07499055118106486,True,True,False,False
Stable Mobility,201,Random-Fuzzer,Utility,11,0.7333333333333333,1,['Ping-Pong: 7 UEs oscillating'],0.23122236367463983,8.667249,-5.934497070312499,49.637524,5.022767114639283,0.9490534,0.1034550522971449,True,False,False,False
Stable Mobility,202,Random-Fuzzer,Utility,12,0.8,2,"['Ping-Pong: 8 UEs oscillating', 'QoS Violation: 5th Percentile Throughput = 1.88 Mbps']",0.3190183144737416,-1.4827179,-10.0,15.197385,1.8810487985610962,2.3802996,0.1305838971504961,True,True,False,False
Stable Mobility,203,Random-Fuzzer,Utility,12,0.8,2,"['Ping-Pong: 9 UEs oscillating', 'QoS Violation: 5th Percentile Throughput = 1.88 Mbps']",0.2089715492464227,6.3429837,-10.0,44.690567,1.8810487985610962,1.7468841,0.09712418121129114,True,True,False,False
Stable Mobility,204,Random-Fuzzer,Utility,14,0.9333333333333333,4,"['Ping-Pong: 11 UEs oscillating', 'QoS Violation: 5th Percentile Throughput = 1.88 Mbps', 'Unfairness: Jain Index = 0.20', 'CRITICAL FAILURE: Low QoE, High Unfairness, and System Instability Co-occurred']",0.19912285717182163,8.387889,-10.0,51.169155,1.8810487985610962,1.4606069,0.1034550522971449,True,True,True,True
Stable Mobility,205,Random-Fuzzer,Utility,13,0.8666666666666667,4,"['Ping-Pong: 11 UEs oscillating', 'QoS Violation: 5th Percentile Throughput = 1.88 Mbps', 'Unfairness: Jain Index = 0.14', 'CRITICAL FAILURE: Low QoE, High Unfairness, and System Instability Co-occurred']",0.13826325497664718,3.7713253,-10.0,34.162773,1.8810487985610962,1.8404266,0.07499055118106487,True,True,True,True
Stable Mobility,206,Random-Fuzzer,Utility,11,0.7333333333333333,4,"['Ping-Pong: 10 UEs oscillating', 'QoS Violation: 5th Percentile Throughput = 1.88 Mbps', 'Unfairness: Jain Index = 0.14', 'CRITICAL FAILURE: Low QoE, High Unfairness, and System Instability Co-occurred']",0.13936653335165716,5.233461,-10.0,36.89019,1.8810487985610962,1.3413454,0.09712418121129114,True,True,True,True
Stable Mobility,207,Random-Fuzzer,Utility,10,0.6666666666666666,4,"['Ping-Pong: 6 UEs oscillating', 'QoS Violation: 5th Percentile Throughput = 1.88 Mbps', 'Unfairness: Jain Index = 0.14', 'CRITICAL FAILURE: Low QoE, High Unfairness, and System Instability Co-occurred']",0.13563186163029214,4.434137,-10.0,36.63981,1.8810487985610962,1.7963012,0.08302664654363189,True,True,True,True
Stable Mobility,208,Random-Fuzzer,Utility,10,0.6666666666666666,4,"['Ping-Pong: 6 UEs oscillating', 'QoS Violation: 5th Percentile Throughput = 1.88 Mbps', 'Unfairness: Jain Index = 0.07', 'CRITICAL FAILURE: Low QoE, High Unfairness, and System Instability Co-occurred']",0.07211154057599824,2.197322,-10.0,26.942287,1.8810487985610962,1.8079311,0.09712418121129114,True,True,True,True
Stable Mobility,209,Random-Fuzzer,Utility,14,0.9333333333333333,4,"['Ping-Pong: 8 UEs oscillating', 'QoS Violation: 5th Percentile Throughput = 1.88 Mbps', 'Unfairness: Jain Index = 0.14', 'CRITICAL FAILURE: Low QoE, High Unfairness, and System Instability Co-occurred']",0.1355038361502487,2.7755816,-10.0,30.177769,1.8810487985610962,1.8353708,0.12046772038736682,True,True,True,True
Stable Mobility,210,Random-Fuzzer,Utility,13,0.8666666666666667,4,"['Ping-Pong: 8 UEs oscillating', 'QoS Violation: 5th Percentile Throughput = 1.88 Mbps', 'Unfairness: Jain Index = 0.08', 'CRITICAL FAILURE: Low QoE, High Unfairness, and System Instability Co-occurred']",0.07663230013319099,1.5510895,-10.0,27.266762,1.8810487985610962,2.2470362,0.1649572197684645,True,True,True,True
Stable Mobility,211,Random-Fuzzer,Utility,15,1.0,4,"['Ping-Pong: 12 UEs oscillating', 'QoS Violation: 5th Percentile Throughput = 1.88 Mbps', 'Unfairness: Jain Index = 0.07', 'CRITICAL FAILURE: Low QoE, High Unfairness, and System Instability Co-occurred']",0.07222162918494592,1.1313157,-10.0,24.558313,1.8810487985610962,1.9988291,0.13535876574811329,True,True,True,True
Stable Mobility,212,Random-Fuzzer,Utility,12,0.8,2,"['Ping-Pong: 11 UEs oscillating', 'QoS Violation: 5th Percentile Throughput = 1.88 Mbps']",0.22658851288189485,7.334559,-10.0,47.617676,1.8810487985610962,1.6479892,0.10345505229714491,True,True,False,False
Stable Mobility,213,Random-Fuzzer,Utility,10,0.6666666666666666,4,"['Ping-Pong: 10 UEs oscillating', 'QoS Violation: 5th Percentile Throughput = 1.88 Mbps', 'Unfairness: Jain Index = 0.08', 'CRITICAL FAILURE: Low QoE, High Unfairness, and System Instability Co-occurred']",0.0769437201418479,3.1988215,-10.0,31.520773,1.8810487985610962,2.037743,0.09035079029052512,True,True,True,True
Stable Mobility,214,Random-Fuzzer,Utility,11,0.7333333333333333,4,"['Ping-Pong: 9 UEs oscillating', 'QoS Violation: 5th Percentile Throughput = 1.88 Mbps', 'Unfairness: Jain Index = 0.07', 'CRITICAL FAILURE: Low QoE, High Unfairness, and System Instability Co-occurred']",0.06987561168531897,1.0904933,-10.0,23.958105,1.8810487985610962,2.1441512,0.14443572274383906,True,True,True,True
Stable Mobility,215,Random-Fuzzer,Utility,10,0.6666666666666666,2,"['Ping-Pong: 7 UEs oscillating', 'QoS Violation: 5th Percentile Throughput = 1.88 Mbps']",0.2362638501461557,9.812288,-10.0,55.376686,1.8810487985610962,1.2044088,0.08302664654363189,True,True,False,False
Stable Mobility,216,Random-Fuzzer,Utility,12,0.8,2,"['Ping-Pong: 8 UEs oscillating', 'QoS Violation: 5th Percentile Throughput = 1.88 Mbps']",0.2021071906045418,4.8540254,-10.0,38.559425,1.8810487985610962,1.7685101,0.1487666604934601,True,True,False,False
Stable Mobility,217,Random-Fuzzer,Utility,13,0.8666666666666667,4,"['Ping-Pong: 8 UEs oscillating', 'QoS Violation: 5th Percentile Throughput = 1.88 Mbps', 'Unfairness: Jain Index = 0.14', 'CRITICAL FAILURE: Low QoE, High Unfairness, and System Instability Co-occurred']",0.1387604892839778,4.4835377,-10.0,36.04694,1.8810487985610962,1.7368281,0.1487666604934601,True,True,True,True
Stable Mobility,218,Random-Fuzzer,Utility,12,0.8,4,"['Ping-Pong: 10 UEs oscillating', 'QoS Violation: 5th Percentile Throughput = 1.88 Mbps', 'Unfairness: Jain Index = 0.14', 'CRITICAL FAILURE: Low QoE, High Unfairness, and System Instability Co-occurred']",0.14018247278804055,3.8854268,-10.0,35.125095,1.8810487985610962,1.8832281,0.09712418121129114,True,True,True,True
Stable Mobility,219,Random-Fuzzer,Utility,12,0.8,4,"['Ping-Pong: 10 UEs oscillating', 'QoS Violation: 5th Percentile Throughput = 1.88 Mbps', 'Unfairness: Jain Index = 0.08', 'CRITICAL FAILURE: Low QoE, High Unfairness, and System Instability Co-occurred']",0.07904294613148719,1.0229627,-10.0,25.103819,1.8810487985610962,2.2371073,0.1649572197684645,True,True,True,True
Stable Mobility,220,Random-Fuzzer,Utility,13,0.8666666666666667,4,"['Ping-Pong: 10 UEs oscillating', 'QoS Violation: 5th Percentile Throughput = 1.88 Mbps', 'Unfairness: Jain Index = 0.11', 'CRITICAL FAILURE: Low QoE, High Unfairness, and System Instability Co-occurred']",0.10862184409223888,4.287134,-10.0,35.66859,1.8810487985610962,1.7833652,0.09035079029052513,True,True,True,True
Stable Mobility,221,Random-Fuzzer,Utility,12,0.8,2,"['Ping-Pong: 10 UEs oscillating', 'QoS Violation: 5th Percentile Throughput = 1.88 Mbps']",0.21693339780541748,7.236774,-10.0,47.664448,1.8810487985610962,1.6721617,0.12046772038736683,True,True,False,False
Stable Mobility,222,Random-Fuzzer,Utility,12,0.8,4,"['Ping-Pong: 9 UEs oscillating', 'QoS Violation: 5th Percentile Throughput = 1.88 Mbps', 'Unfairness: Jain Index = 0.07', 'CRITICAL FAILURE: Low QoE, High Unfairness, and System Instability Co-occurred']",0.07243636490043572,2.9275727,-10.0,28.905285,1.8810487985610962,1.7243277,0.09035079029052512,True,True,True,True
Stable Mobility,223,Random-Fuzzer,Utility,10,0.6666666666666666,2,"['Ping-Pong: 8 UEs oscillating', 'QoS Violation: 5th Percentile Throughput = 1.88 Mbps']",0.20214072770484748,5.657839,-10.0,39.425087,1.8810487985610962,1.3590816,0.07499055118106486,True,True,False,False
Stable Mobility,224,Random-Fuzzer,Utility,10,0.6666666666666666,2,"['Ping-Pong: 7 UEs oscillating', 'QoS Violation: 5th Percentile Throughput = 1.88 Mbps']",0.2040120492814421,5.8898163,-10.0,41.751278,1.8810487985610962,1.6717478,0.07499055118106486,True,True,False,False
Stable Mobility,225,Random-Fuzzer,Utility,11,0.7333333333333333,2,"['Ping-Pong: 7 UEs oscillating', 'QoS Violation: 5th Percentile Throughput = 1.88 Mbps']",0.28250479809870105,1.9330673,-10.0,26.257063,1.8810487985610962,2.0693593,0.11507662831994832,True,True,False,False
Stable Mobility,226,Random-Fuzzer,Utility,13,0.8666666666666667,4,"['Ping-Pong: 8 UEs oscillating', 'QoS Violation: 5th Percentile Throughput = 1.88 Mbps', 'Unfairness: Jain Index = 0.14', 'CRITICAL FAILURE: Low QoE, High Unfairness, and System Instability Co-occurred']",0.1375664743768035,2.0172374,-10.0,30.397,1.8810487985610962,2.3337164,0.09712418121129114,True,True,True,True
Stable Mobility,227,Random-Fuzzer,Utility,9,0.6,2,"['Ping-Pong: 7 UEs oscillating', 'QoS Violation: 5th Percentile Throughput = 1.88 Mbps']",0.2711271050856583,9.1469145,-10.0,52.771378,1.8810487985610962,1.2355525,0.10345505229714491,True,True,False,False
Stable Mobility,228,Random-Fuzzer,Utility,11,0.7333333333333333,4,"['Ping-Pong: 8 UEs oscillating', 'QoS Violation: 5th Percentile Throughput = 1.88 Mbps', 'Unfairness: Jain Index = 0.11', 'CRITICAL FAILURE: Low QoE, High Unfairness, and System Instability Co-occurred']",0.1141368773282273,-1.3617016,-10.0,17.562387,1.8810487985610962,2.6503282,0.11507662831994829,True,True,True,True
Stable Mobility,229,Random-Fuzzer,Utility,11,0.7333333333333333,4,"['Ping-Pong: 7 UEs oscillating', 'QoS Violation: 5th Percentile Throughput = 1.88 Mbps', 'Unfairness: Jain Index = 0.08', 'CRITICAL FAILURE: Low QoE, High Unfairness, and System Instability Co-occurred']",0.08098627650889259,2.759745,-10.0,29.86227,1.8810487985610962,1.8461108,0.10942024088643865,True,True,True,True
Stable Mobility,230,Random-Fuzzer,Utility,11,0.7333333333333333,1,['Ping-Pong: 9 UEs oscillating'],0.3781063226109544,14.0121765,-1.2020607471466058,69.532104,14.82101058959961,0.6796885,0.06598288790738581,True,False,False,False
Stable Mobility,231,Random-Fuzzer,Utility,12,0.8,4,"['Ping-Pong: 9 UEs oscillating', 'QoS Violation: 5th Percentile Throughput = 1.88 Mbps', 'Unfairness: Jain Index = 0.15', 'CRITICAL FAILURE: Low QoE, High Unfairness, and System Instability Co-occurred']",0.1452268841341073,5.8103375,-10.0,40.63233,1.8810487985610962,1.6390388,0.08302664654363189,True,True,True,True
Stable Mobility,232,Random-Fuzzer,Utility,12,0.8,2,"['Ping-Pong: 8 UEs oscillating', 'QoS Violation: 5th Percentile Throughput = 1.88 Mbps']",0.24932356625184174,8.053321,-10.0,50.38407,1.8810487985610962,1.4178685,0.06598288790738581,True,True,False,False
Stable Mobility,233,Random-Fuzzer,Utility,14,0.9333333333333333,4,"['Ping-Pong: 9 UEs oscillating', 'QoS Violation: 5th Percentile Throughput = 1.88 Mbps', 'Unfairness: Jain Index = 0.18', 'CRITICAL FAILURE: Low QoE, High Unfairness, and System Instability Co-occurred']",0.17540604523647604,8.789719,-10.0,50.291115,1.8810487985610962,1.1829041,0.09035079029052513,True,True,True,True
Stable Mobility,234,Random-Fuzzer,Utility,13,0.8666666666666667,2,"['Ping-Pong: 10 UEs oscillating', 'QoS Violation: 5th Percentile Throughput = 1.88 Mbps']",0.2079149375727457,0.5221249,-10.0,21.876196,1.8810487985610962,2.1935303,0.12046772038736683,True,True,False,False
Stable Mobility,235,Random-Fuzzer,Utility,11,0.7333333333333333,4,"['Ping-Pong: 10 UEs oscillating', 'QoS Violation: 5th Percentile Throughput = 1.88 Mbps', 'Unfairness: Jain Index = 0.15', 'CRITICAL FAILURE: Low QoE, High Unfairness, and System Instability Co-occurred']",0.15428974248475116,4.728479,-10.0,38.143337,1.8810487985610962,1.8077639,0.09035079029052512,True,True,True,True
Stable Mobility,236,Random-Fuzzer,Utility,13,0.8666666666666667,4,"['Ping-Pong: 10 UEs oscillating', 'QoS Violation: 5th Percentile Throughput = 1.88 Mbps', 'Unfairness: Jain Index = 0.14', 'CRITICAL FAILURE: Low QoE, High Unfairness, and System Instability Co-occurred']",0.13599186326322116,1.7042469,-10.0,29.35771,1.8810487985610962,2.3517745,0.10345505229714491,True,True,True,True
Stable Mobility,237,Random-Fuzzer,Utility,11,0.7333333333333333,4,"['Ping-Pong: 8 UEs oscillating', 'QoS Violation: 5th Percentile Throughput = 1.88 Mbps', 'Unfairness: Jain Index = 0.14', 'CRITICAL FAILURE: Low QoE, High Unfairness, and System Instability Co-occurred']",0.1389333484150864,2.3734648,-10.0,32.132893,1.8810487985610962,2.533934,0.12046772038736685,True,True,True,True
Stable Mobility,238,Random-Fuzzer,Utility,13,0.8666666666666667,4,"['Ping-Pong: 9 UEs oscillating', 'QoS Violation: 5th Percentile Throughput = 1.88 Mbps', 'Unfairness: Jain Index = 0.14', 'CRITICAL FAILURE: Low QoE, High Unfairness, and System Instability Co-occurred']",0.14101790677795137,2.4642138,-10.0,32.75618,1.8810487985610962,2.5457428,0.08302664654363187,True,True,True,True
Stable Mobility,239,Random-Fuzzer,Utility,13,0.8666666666666667,4,"['Ping-Pong: 9 UEs oscillating', 'QoS Violation: 5th Percentile Throughput = 1.88 Mbps', 'Unfairness: Jain Index = 0.10', 'CRITICAL FAILURE: Low QoE, High Unfairness, and System Instability Co-occurred']",0.09632770208319544,2.6401608,-10.0,30.728159,1.8810487985610962,2.1419744,0.09035079029052512,True,True,True,True
Stable Mobility,240,Random-Fuzzer,Utility,15,1.0,4,"['Ping-Pong: 12 UEs oscillating', 'QoS Violation: 5th Percentile Throughput = 1.88 Mbps', 'Unfairness: Jain Index = 0.13', 'CRITICAL FAILURE: Low QoE, High Unfairness, and System Instability Co-occurred']",0.1250606442499473,3.8562338,-10.0,37.754246,1.8810487985610962,2.5073385,0.15707069049972042,True,True,True,True
Stable Mobility,241,Random-Fuzzer,Utility,14,0.9333333333333333,4,"['Ping-Pong: 12 UEs oscillating', 'QoS Violation: 5th Percentile Throughput = 1.88 Mbps', 'Unfairness: Jain Index = 0.07', 'CRITICAL FAILURE: Low QoE, High Unfairness, and System Instability Co-occurred']",0.07217660183125744,2.104602,-10.0,26.488655,1.8810487985610962,1.8081149,0.10345505229714491,True,True,True,True
Stable Mobility,242,Random-Fuzzer,Utility,12,0.8,4,"['Ping-Pong: 11 UEs oscillating', 'QoS Violation: 5th Percentile Throughput = 1.88 Mbps', 'Unfairness: Jain Index = 0.07', 'CRITICAL FAILURE: Low QoE, High Unfairness, and System Instability Co-occurred']",0.0703832863986488,0.07463328,-10.0,22.806019,1.8810487985610962,2.5982985,0.13535876574811329,True,True,True,True
Stable Mobility,243,Random-Fuzzer,Utility,11,0.7333333333333333,2,"['Ping-Pong: 9 UEs oscillating', 'QoS Violation: 5th Percentile Throughput = 1.88 Mbps']",0.33599461830056815,9.859975,-10.0,57.021122,1.8810487985610962,1.301266,0.10345505229714491,True,True,False,False
Stable Mobility,244,Random-Fuzzer,Utility,11,0.7333333333333333,4,"['Ping-Pong: 8 UEs oscillating', 'QoS Violation: 5th Percentile Throughput = 1.88 Mbps', 'Unfairness: Jain Index = 0.08', 'CRITICAL FAILURE: Low QoE, High Unfairness, and System Instability Co-occurred']",0.08059140302938066,1.8621532,-10.0,27.84402,1.8810487985610962,2.1769106,0.09035079029052512,True,True,True,True
Stable Mobility,245,Random-Fuzzer,Utility,12,0.8,4,"['Ping-Pong: 7 UEs oscillating', 'QoS Violation: 5th Percentile Throughput = 1.88 Mbps', 'Unfairness: Jain Index = 0.09', 'CRITICAL FAILURE: Low QoE, High Unfairness, and System Instability Co-occurred']",0.09031266868559833,2.152168,-10.0,28.996006,1.8810487985610962,2.1628077,0.13997084244475302,True,True,True,True
Stable Mobility,246,Random-Fuzzer,Utility,14,0.9333333333333333,2,"['Ping-Pong: 8 UEs oscillating', 'QoS Violation: 5th Percentile Throughput = 1.88 Mbps']",0.22424256537089512,6.1742206,-10.0,46.94195,1.8810487985610962,2.1642847,0.12562767579307543,True,True,False,False
Stable Mobility,247,Random-Fuzzer,Utility,13,0.8666666666666667,4,"['Ping-Pong: 9 UEs oscillating', 'QoS Violation: 5th Percentile Throughput = 1.88 Mbps', 'Unfairness: Jain Index = 0.14', 'CRITICAL FAILURE: Low QoE, High Unfairness, and System Instability Co-occurred']",0.13541115205549403,0.8911308,-10.0,27.70141,1.8810487985610962,2.677063,0.1649572197684645,True,True,True,True
Stable Mobility,248,Random-Fuzzer,Utility,12,0.8,4,"['Ping-Pong: 10 UEs oscillating', 'QoS Violation: 5th Percentile Throughput = 1.88 Mbps', 'Unfairness: Jain Index = 0.13', 'CRITICAL FAILURE: Low QoE, High Unfairness, and System Instability Co-occurred']",0.1328437781649358,3.637649,-10.0,37.10832,1.8810487985610962,2.4877636,0.10942024088643863,True,True,True,True
Stable Mobility,249,Random-Fuzzer,Utility,10,0.6666666666666666,2,"['Ping-Pong: 9 UEs oscillating', 'QoS Violation: 5th Percentile Throughput = 1.88 Mbps']",0.23877726708552807,6.2407393,-10.0,44.209324,1.8810487985610962,1.7224934,0.05553287518900286,True,True,False,False
Stable Mobility,250,Random-Fuzzer,Utility,11,0.7333333333333333,2,"['Ping-Pong: 8 UEs oscillating', 'QoS Violation: 5th Percentile Throughput = 1.88 Mbps']",0.23031352261316496,6.606595,-10.0,45.678677,1.8810487985610962,1.7215399,0.12046772038736682,True,True,False,False
Stable Mobility,251,Random-Fuzzer,Utility,14,0.9333333333333333,4,"['Ping-Pong: 7 UEs oscillating', 'QoS Violation: 5th Percentile Throughput = 1.88 Mbps', 'Unfairness: Jain Index = 0.15', 'CRITICAL FAILURE: Low QoE, High Unfairness, and System Instability Co-occurred']",0.1471122576932901,4.7770715,-10.0,39.393116,1.8810487985610962,2.0910032,0.13058389715049606,True,True,True,True
Stable Mobility,252,Random-Fuzzer,Utility,12,0.8,4,"['Ping-Pong: 7 UEs oscillating', 'QoS Violation: 5th Percentile Throughput = 1.88 Mbps', 'Unfairness: Jain Index = 0.19', 'CRITICAL FAILURE: Low QoE, High Unfairness, and System Instability Co-occurred']",0.18743172696025978,1.5703305,-10.0,31.672323,1.8810487985610962,2.7355344,0.13997084244475305,True,True,True,True
Stable Mobility,253,Random-Fuzzer,Utility,12,0.8,2,"['Ping-Pong: 10 UEs oscillating', 'QoS Violation: 5th Percentile Throughput = 1.88 Mbps']",0.36214261389058067,1.6886429,-10.0,24.977934,1.8810487985610962,2.063259,0.11507662831994829,True,True,False,False
Stable Mobility,254,Random-Fuzzer,Utility,11,0.7333333333333333,4,"['Ping-Pong: 8 UEs oscillating', 'QoS Violation: 5th Percentile Throughput = 1.88 Mbps', 'Unfairness: Jain Index = 0.14', 'CRITICAL FAILURE: Low QoE, High Unfairness, and System Instability Co-occurred']",0.13988190567950892,1.8082176,-10.0,30.318579,1.8810487985610962,2.4139826,0.09712418121129114,True,True,True,True
Stable Mobility,255,Random-Fuzzer,Utility,13,0.8666666666666667,2,"['Ping-Pong: 9 UEs oscillating', 'QoS Violation: 5th Percentile Throughput = 1.88 Mbps']",0.29732582946142627,9.218089,-10.0,56.55865,1.8810487985610962,1.6893629,0.14443572274383906,True,True,False,False
Stable Mobility,256,Random-Fuzzer,Utility,12,0.8,2,"['Ping-Pong: 9 UEs oscillating', 'QoS Violation: 5th Percentile Throughput = 1.88 Mbps']",0.20191377792358764,3.8216732,-10.0,36.996548,1.8810487985610962,2.2002404,0.12562767579307543,True,True,False,False
Stable Mobility,257,Random-Fuzzer,Utility,10,0.6666666666666666,2,"['Ping-Pong: 8 UEs oscillating', 'QoS Violation: 5th Percentile Throughput = 1.88 Mbps']",0.2300950042509735,8.154474,-10.0,49.76993,1.8810487985610962,1.3316724,0.055532875189002864,True,True,False,False
Stable Mobility,258,Random-Fuzzer,Utility,12,0.8,2,"['Ping-Pong: 9 UEs oscillating', 'QoS Violation: 5th Percentile Throughput = 1.88 Mbps']",0.2665110347077506,-2.1290743,-10.0,15.010939,1.8810487985610962,2.9651754,0.12562767579307543,True,True,False,False
Stable Mobility,259,Random-Fuzzer,Utility,14,0.9333333333333333,2,"['Ping-Pong: 8 UEs oscillating', 'QoS Violation: 5th Percentile Throughput = 1.88 Mbps']",0.20355512809899495,4.7631407,-10.0,39.198,1.8810487985610962,1.8526028,0.13997084244475305,True,True,False,False
Stable Mobility,260,Random-Fuzzer,Utility,13,0.8666666666666667,4,"['Ping-Pong: 11 UEs oscillating', 'QoS Violation: 5th Percentile Throughput = 1.88 Mbps', 'Unfairness: Jain Index = 0.07', 'CRITICAL FAILURE: Low QoE, High Unfairness, and System Instability Co-occurred']",0.06910238276481671,-1.1612722,-10.0,20.234167,1.8810487985610962,3.0253105,0.12046772038736682,True,True,True,True
Stable Mobility,261,Random-Fuzzer,Utility,13,0.8666666666666667,4,"['Ping-Pong: 11 UEs oscillating', 'QoS Violation: 5th Percentile Throughput = 1.88 Mbps', 'Unfairness: Jain Index = 0.14', 'CRITICAL FAILURE: Low QoE, High Unfairness, and System Instability Co-occurred']",0.13653151835439623,2.5325625,-10.0,31.90141,1.8810487985610962,2.4736474,0.17969487870584008,True,True,True,True
Stable Mobility,262,Random-Fuzzer,Utility,13,0.8666666666666667,4,"['Ping-Pong: 9 UEs oscillating', 'QoS Violation: 5th Percentile Throughput = 1.88 Mbps', 'Unfairness: Jain Index = 0.18', 'CRITICAL FAILURE: Low QoE, High Unfairness, and System Instability Co-occurred']",0.1809096432066243,4.3803225,-10.0,38.36788,1.8810487985610962,2.1271687,0.1256276757930754,True,True,True,True
Stable Mobility,263,Random-Fuzzer,Utility,13,0.8666666666666667,4,"['Ping-Pong: 9 UEs oscillating', 'QoS Violation: 5th Percentile Throughput = 1.88 Mbps', 'Unfairness: Jain Index = 0.14', 'CRITICAL FAILURE: Low QoE, High Unfairness, and System Instability Co-occurred']",0.13572890977427243,1.7456584,-10.0,29.082027,1.8810487985610962,2.3558106,0.1150766283199483,True,True,True,True
Stable Mobility,264,Random-Fuzzer,Utility,12,0.8,2,"['Ping-Pong: 10 UEs oscillating', 'QoS Violation: 5th Percentile Throughput = 1.88 Mbps']",0.2727643698377934,7.555965,-10.0,50.732426,1.8810487985610962,1.8550198,0.11507662831994832,True,True,False,False
Stable Mobility,265,Random-Fuzzer,Utility,13,0.8666666666666667,4,"['Ping-Pong: 10 UEs oscillating', 'QoS Violation: 5th Percentile Throughput = 1.88 Mbps', 'Unfairness: Jain Index = 0.08', 'CRITICAL FAILURE: Low QoE, High Unfairness, and System Instability Co-occurred']",0.0751901131797236,3.094246,-10.0,31.177662,1.8810487985610962,2.0598328,0.09035079029052513,True,True,True,True
Stable Mobility,266,Random-Fuzzer,Utility,11,0.7333333333333333,1,['Ping-Pong: 6 UEs oscillating'],0.3368977503424712,10.306309,-8.68770627975464,58.147278,2.5429166674613954,1.1203367,0.07499055118106489,True,False,False,False
Stable Mobility,267,Random-Fuzzer,Utility,13,0.8666666666666667,4,"['Ping-Pong: 8 UEs oscillating', 'QoS Violation: 5th Percentile Throughput = 1.88 Mbps', 'Unfairness: Jain Index = 0.14', 'CRITICAL FAILURE: Low QoE, High Unfairness, and System Instability Co-occurred']",0.14050402377307478,2.249558,-10.0,31.79639,1.8810487985610962,2.5401928,0.08302664654363187,True,True,True,True
Stable Mobility,268,Random-Fuzzer,Utility,15,1.0,2,"['Ping-Pong: 10 UEs oscillating', 'QoS Violation: 5th Percentile Throughput = 1.88 Mbps']",0.23926047225841432,0.38833708,-10.0,23.765072,1.8810487985610962,2.7102864,0.09035079029052512,True,True,False,False
Stable Mobility,269,Random-Fuzzer,Utility,12,0.8,2,"['Ping-Pong: 10 UEs oscillating', 'QoS Violation: 5th Percentile Throughput = 1.88 Mbps']",0.2823566711457319,9.213251,-10.0,55.028667,1.8810487985610962,1.4454923,0.10942024088643863,True,True,False,False
Stable Mobility,270,Random-Fuzzer,Utility,13,0.8666666666666667,4,"['Ping-Pong: 10 UEs oscillating', 'QoS Violation: 5th Percentile Throughput = 1.88 Mbps', 'Unfairness: Jain Index = 0.13', 'CRITICAL FAILURE: Low QoE, High Unfairness, and System Instability Co-occurred']",0.13479052008690656,0.9945763,-10.0,26.986212,1.8810487985610962,2.4172606,0.10942024088643865,True,True,True,True
Stable Mobility,271,Random-Fuzzer,Utility,11,0.7333333333333333,4,"['Ping-Pong: 9 UEs oscillating', 'QoS Violation: 5th Percentile Throughput = 1.88 Mbps', 'Unfairness: Jain Index = 0.13', 'CRITICAL FAILURE: Low QoE, High Unfairness, and System Instability Co-occurred']",0.1343850633379656,3.8936224,-10.0,35.39118,1.8810487985610962,2.067782,0.09712418121129114,True,True,True,True
Stable Mobility,272,Random-Fuzzer,Utility,13,0.8666666666666667,2,"['Ping-Pong: 11 UEs oscillating', 'QoS Violation: 5th Percentile Throughput = 1.88 Mbps']",0.2084490382986474,6.4481373,-10.0,45.469948,1.8810487985610962,1.8469052,0.09035079029052513,True,True,False,False
Stable Mobility,273,Random-Fuzzer,Utility,13,0.8666666666666667,2,"['Ping-Pong: 10 UEs oscillating', 'QoS Violation: 5th Percentile Throughput = 1.88 Mbps']",0.20252387478633796,6.3043,-10.0,44.497673,1.8810487985610962,1.8140569,0.09712418121129114,True,True,False,False
Stable Mobility,274,Random-Fuzzer,Utility,15,1.0,4,"['Ping-Pong: 12 UEs oscillating', 'QoS Violation: 5th Percentile Throughput = 1.88 Mbps', 'Unfairness: Jain Index = 0.16', 'CRITICAL FAILURE: Low QoE, High Unfairness, and System Instability Co-occurred']",0.15677664017326146,3.2825878,-10.0,36.011166,1.8810487985610962,2.5233788,0.1487666604934601,True,True,True,True
Stable Mobility,275,Random-Fuzzer,Utility,14,0.9333333333333333,2,"['Ping-Pong: 12 UEs oscillating', 'QoS Violation: 5th Percentile Throughput = 1.88 Mbps']",0.274898131237826,7.7215066,-10.0,51.15963,1.8810487985610962,1.787906,0.12046772038736685,True,True,False,False
Stable Mobility,276,Random-Fuzzer,Utility,12,0.8,2,"['Ping-Pong: 12 UEs oscillating', 'QoS Violation: 5th Percentile Throughput = 1.88 Mbps']",0.2477659129407939,7.6450796,-10.0,49.981743,1.8810487985610962,1.7115574,0.06598288790738581,True,True,False,False
Stable Mobility,277,Random-Fuzzer,Utility,11,0.7333333333333333,4,"['Ping-Pong: 9 UEs oscillating', 'QoS Violation: 5th Percentile Throughput = 1.88 Mbps', 'Unfairness: Jain Index = 0.07', 'CRITICAL FAILURE: Low QoE, High Unfairness, and System Instability Co-occurred']",0.07048854536637622,0.617654,-10.0,23.622948,1.8810487985610962,2.300337,0.12046772038736682,True,True,True,True
Stable Mobility,278,Random-Fuzzer,Utility,13,0.8666666666666667,2,"['Ping-Pong: 9 UEs oscillating', 'QoS Violation: 5th Percentile Throughput = 1.88 Mbps']",0.2013897691693988,4.158523,-10.0,36.382397,1.8810487985610962,1.8161391,0.12046772038736682,True,True,False,False
Stable Mobility,279,Random-Fuzzer,Utility,13,0.8666666666666667,2,"['Ping-Pong: 11 UEs oscillating', 'QoS Violation: 5th Percentile Throughput = 1.88 Mbps']",0.20271751165725418,4.6236105,-10.0,38.8181,1.8810487985610962,1.9326587,0.0659828879073858,True,True,False,False
Stable Mobility,280,Random-Fuzzer,Utility,14,0.9333333333333333,2,"['Ping-Pong: 11 UEs oscillating', 'QoS Violation: 5th Percentile Throughput = 1.88 Mbps']",0.20279025807926615,5.495497,-10.0,40.52748,1.8810487985610962,1.7234038,0.09712418121129114,True,True,False,False
Stable Mobility,281,Random-Fuzzer,Utility,12,0.8,4,"['Ping-Pong: 11 UEs oscillating', 'QoS Violation: 5th Percentile Throughput = 1.88 Mbps', 'Unfairness: Jain Index = 0.14', 'CRITICAL FAILURE: Low QoE, High Unfairness, and System Instability Co-occurred']",0.13635157740238035,3.2355063,-10.0,31.838888,1.8810487985610962,1.8159548,0.0659828879073858,True,True,True,True
Stable Mobility,282,Random-Fuzzer,Utility,8,0.5333333333333333,2,"['Ping-Pong: 7 UEs oscillating', 'QoS Violation: 5th Percentile Throughput = 1.88 Mbps']",0.27082262632309667,7.5304046,-10.0,50.109802,1.8810487985610962,1.962673,0.12046772038736683,True,True,False,False
Stable Mobility,283,Random-Fuzzer,Utility,11,0.7333333333333333,4,"['Ping-Pong: 7 UEs oscillating', 'QoS Violation: 5th Percentile Throughput = 1.88 Mbps', 'Unfairness: Jain Index = 0.14', 'CRITICAL FAILURE: Low QoE, High Unfairness, and System Instability Co-occurred']",0.1354270757503866,1.4630623,-10.0,28.289585,1.8810487985610962,2.3486085,0.08302664654363189,True,True,True,True
Stable Mobility,284,Random-Fuzzer,Utility,11,0.7333333333333333,1,['Ping-Pong: 5 UEs oscillating'],0.2938304786162539,11.275079,-3.745527625083923,59.801487,8.549924755096436,0.8385568,0.08302664654363189,True,False,False,False
Stable Mobility,285,Random-Fuzzer,Utility,11,0.7333333333333333,2,"['Ping-Pong: 7 UEs oscillating', 'QoS Violation: 5th Percentile Throughput = 1.88 Mbps']",0.2016763332964211,3.9109955,-10.0,36.836662,1.8810487985610962,2.1460614,0.12046772038736682,True,True,False,False
Stable Mobility,286,Random-Fuzzer,Utility,9,0.6,3,"['Ping-Pong: 5 UEs oscillating', 'QoS Violation: 5th Percentile Throughput = 1.88 Mbps', 'Unfairness: Jain Index = 0.14']",0.13939306611571778,4.1753464,-10.0,35.47046,1.8810487985610962,1.8056414,0.08302664654363189,True,True,True,False
Stable Mobility,287,Random-Fuzzer,Utility,11,0.7333333333333333,4,"['Ping-Pong: 7 UEs oscillating', 'QoS Violation: 5th Percentile Throughput = 1.88 Mbps', 'Unfairness: Jain Index = 0.14', 'CRITICAL FAILURE: Low QoE, High Unfairness, and System Instability Co-occurred']",0.13974311612375695,4.040006,-10.0,35.13967,1.8810487985610962,1.8467296,0.10345505229714491,True,True,True,True
Stable Mobility,288,Random-Fuzzer,Utility,12,0.8,2,"['Ping-Pong: 8 UEs oscillating', 'QoS Violation: 5th Percentile Throughput = 1.88 Mbps']",0.26932696146089274,7.2947783,-10.0,47.770447,1.8810487985610962,1.513313,0.1150766283199483,True,True,False,False
Stable Mobility,289,Random-Fuzzer,Utility,13,0.8666666666666667,2,"['Ping-Pong: 9 UEs oscillating', 'QoS Violation: 5th Percentile Throughput = 1.88 Mbps']",0.20423785275307113,6.2730165,-10.0,43.049282,1.8810487985610962,1.656692,0.0659828879073858,True,True,False,False
Stable Mobility,290,Random-Fuzzer,Utility,10,0.6666666666666666,1,['Ping-Pong: 10 UEs oscillating'],0.40350573400224815,12.296539,-5.287417078018188,65.636986,5.898295831680298,0.91161984,0.0659828879073858,True,False,False,False
Stable Mobility,291,Random-Fuzzer,Utility,7,0.4666666666666667,1,['Ping-Pong: 5 UEs oscillating'],0.22301432895190446,9.422864,-3.5493486642837517,50.947655,8.948397159576416,0.80889624,0.11507662831994829,True,False,False,False
Stable Mobility,292,Random-Fuzzer,Utility,9,0.6,3,"['Ping-Pong: 5 UEs oscillating', 'QoS Violation: 5th Percentile Throughput = 1.88 Mbps', 'Unfairness: Jain Index = 0.14']",0.14074156962698356,3.7814229,-10.0,35.292385,1.8810487985610962,1.937592,0.09035079029052513,True,True,True,False
Stable Mobility,293,Random-Fuzzer,Utility,11,0.7333333333333333,3,"['Ping-Pong: 5 UEs oscillating', 'QoS Violation: 5th Percentile Throughput = 1.88 Mbps', 'Unfairness: Jain Index = 0.13']",0.12738391871260846,2.4749608,-10.0,30.527588,1.8810487985610962,2.0880685,0.10942024088643863,True,True,True,False
Stable Mobility,294,Random-Fuzzer,Utility,11,0.7333333333333333,1,['Ping-Pong: 5 UEs oscillating'],0.41158165711485695,15.189151,-1.3110509634017944,74.20914,10.94063196182251,0.406044,0.06598288790738581,True,False,False,False
Stable Mobility,295,Random-Fuzzer,Utility,12,0.8,4,"['Ping-Pong: 7 UEs oscillating', 'QoS Violation: 5th Percentile Throughput = 1.88 Mbps', 'Unfairness: Jain Index = 0.18', 'CRITICAL FAILURE: Low QoE, High Unfairness, and System Instability Co-occurred']",0.18382871639541823,5.1201963,-10.0,40.011562,1.8810487985610962,1.8620495,0.10345505229714491,True,True,True,True
Stable Mobility,296,Random-Fuzzer,Utility,13,0.8666666666666667,1,['Ping-Pong: 8 UEs oscillating'],0.3350850927428969,9.434263,-8.731688594818115,55.1878,2.516413223743439,1.1878458,0.08302664654363189,True,False,False,False
Stable Mobility,297,Random-Fuzzer,Utility,15,1.0,2,"['Ping-Pong: 11 UEs oscillating', 'QoS Violation: 5th Percentile Throughput = 1.88 Mbps']",0.2737345808227443,8.430744,-10.0,52.465923,1.8810487985610962,1.6360508,0.10942024088643865,True,True,False,False
Stable Mobility,298,Random-Fuzzer,Utility,10,0.6666666666666666,2,"['Ping-Pong: 8 UEs oscillating', 'QoS Violation: 5th Percentile Throughput = 1.88 Mbps']",0.34700703267661903,9.868469,-10.0,58.33701,1.8810487985610962,1.3794265,0.12046772038736683,True,True,False,False
Stable Mobility,299,Random-Fuzzer,Utility,12,0.8,4,"['Ping-Pong: 10 UEs oscillating', 'QoS Violation: 5th Percentile Throughput = 1.88 Mbps', 'Unfairness: Jain Index = 0.14', 'CRITICAL FAILURE: Low QoE, High Unfairness, and System Instability Co-occurred']",0.13802440440078279,3.304828,-10.0,32.72381,1.8810487985610962,1.7962025,0.1529750324210382,True,True,True,True
Stable Mobility,0,Random-Fuzzer,ML-Based,9,0.6,1,['QoS Violation: 5th Percentile Throughput = 1.88 Mbps'],0.2567416249540966,11.447863,-10.0,61.00803,1.8810487985610962,1.1041976,0.11507662831994829,False,True,False,False
Stable Mobility,1,Random-Fuzzer,ML-Based,13,0.8666666666666667,1,['QoS Violation: 5th Percentile Throughput = 1.88 Mbps'],0.3214139412586672,-8.13436,-10.0,4.0556355,1.8810487985610962,5.3160677,0.32352929050405776,False,True,False,False
Stable Mobility,2,Random-Fuzzer,ML-Based,3,0.2,2,"['QoS Violation: 5th Percentile Throughput = 1.88 Mbps', 'Unfairness: Jain Index = 0.08']",0.08435820797350845,-7.131147,-10.0,7.239924,1.8810487985610962,5.1153817,0.2969229955832362,False,True,True,False
Stable Mobility,3,Random-Fuzzer,ML-Based,6,0.4,2,"['Ping-Pong: 3 UEs oscillating', 'QoS Violation: 5th Percentile Throughput = 1.88 Mbps']",0.4785041218234403,-8.747744,-10.0,3.027645,1.8810487985610962,5.5035663,0.2180099646144685,True,True,False,False
Stable Mobility,4,Random-Fuzzer,ML-Based,7,0.4666666666666667,2,"['Ping-Pong: 2 UEs oscillating', 'QoS Violation: 5th Percentile Throughput = 1.88 Mbps']",0.39786263303474945,-9.121769,-10.0,2.746662,1.8810487985610962,5.786802,0.2990536851068112,True,True,False,False
Stable Mobility,5,Random-Fuzzer,ML-Based,4,0.26666666666666666,1,['QoS Violation: 5th Percentile Throughput = 1.88 Mbps'],0.43037397888987394,-9.349491,-10.0,2.5370936,1.8810487985610962,5.9497867,0.2969229955832362,False,True,False,False
Stable Mobility,6,Random-Fuzzer,ML-Based,10,0.6666666666666666,2,"['QoS Violation: 5th Percentile Throughput = 1.88 Mbps', 'Unfairness: Jain Index = 0.07']",0.06689975537251985,-6.7684736,-10.0,11.227448,1.8810487985610962,5.4634047,0.20603150145508511,True,True,True,False
Stable Mobility,7,Random-Fuzzer,ML-Based,8,0.5333333333333333,2,"['QoS Violation: 5th Percentile Throughput = 1.88 Mbps', 'Unfairness: Jain Index = 0.07']",0.06688179323528257,-7.003602,-10.0,11.077963,1.8810487985610962,5.6838355,0.2990536851068112,True,True,True,False
Stable Mobility,8,Random-Fuzzer,ML-Based,5,0.3333333333333333,3,"['Ping-Pong: 3 UEs oscillating', 'QoS Violation: 5th Percentile Throughput = 1.88 Mbps', 'Unfairness: Jain Index = 0.08']",0.08164757715408805,-8.589164,-10.0,5.2344546,1.8810487985610962,5.9694552,0.2723876123061923,True,True,True,False
Stable Mobility,9,Random-Fuzzer,ML-Based,10,0.6666666666666666,3,"['Ping-Pong: 2 UEs oscillating', 'QoS Violation: 5th Percentile Throughput = 1.88 Mbps', 'Unfairness: Jain Index = 0.07']",0.06887568958421036,-7.0299735,-10.0,9.710211,1.8810487985610962,5.5788593,0.1724835264407127,True,True,True,False
Stable Mobility,10,Random-Fuzzer,ML-Based,8,0.5333333333333333,1,['QoS Violation: 5th Percentile Throughput = 1.88 Mbps'],0.922108093129152,-9.665619,-10.0,2.0711796,1.8810487985610962,6.036172,0.2969229955832362,True,True,False,False
Stable Mobility,11,Random-Fuzzer,ML-Based,8,0.5333333333333333,3,"['Ping-Pong: 4 UEs oscillating', 'QoS Violation: 5th Percentile Throughput = 1.88 Mbps', 'Unfairness: Jain Index = 0.07']",0.0669057921326733,-6.8132067,-10.0,11.255693,1.8810487985610962,5.546346,0.17969487870584008,True,True,True,False
Stable Mobility,12,Random-Fuzzer,ML-Based,7,0.4666666666666667,3,"['Ping-Pong: 4 UEs oscillating', 'QoS Violation: 5th Percentile Throughput = 1.88 Mbps', 'Unfairness: Jain Index = 0.07']",0.0670532822834993,-6.1208344,-10.0,12.187641,1.8810487985610962,5.250252,0.2969229955832362,True,True,True,False
Stable Mobility,13,Random-Fuzzer,ML-Based,9,0.6,3,"['Ping-Pong: 4 UEs oscillating', 'QoS Violation: 5th Percentile Throughput = 1.88 Mbps', 'Unfairness: Jain Index = 0.14']",0.143070941750229,-3.125089,-10.0,21.77415,1.8810487985610962,4.7843275,0.18319413392067949,True,True,True,False
Stable Mobility,14,Random-Fuzzer,ML-Based,9,0.6,3,"['Ping-Pong: 2 UEs oscillating', 'QoS Violation: 5th Percentile Throughput = 1.88 Mbps', 'Unfairness: Jain Index = 0.18']",0.18366046223971405,-8.164785,-10.0,4.7581134,1.8810487985610962,5.5405297,0.2969229955832362,True,True,True,False
Stable Mobility,15,Random-Fuzzer,ML-Based,10,0.6666666666666666,3,"['Ping-Pong: 4 UEs oscillating', 'QoS Violation: 5th Percentile Throughput = 1.88 Mbps', 'Unfairness: Jain Index = 0.11']",0.10566620128933286,-7.5520496,-10.0,6.2093663,1.8810487985610962,5.274104,0.12046772038736682,True,True,True,False
Stable Mobility,16,Random-Fuzzer,ML-Based,11,0.7333333333333333,4,"['Ping-Pong: 6 UEs oscillating', 'QoS Violation: 5th Percentile Throughput = 1.88 Mbps', 'Unfairness: Jain Index = 0.10', 'CRITICAL FAILURE: Low QoE, High Unfairness, and System Instability Co-occurred']",0.10198280311164366,-7.2158065,-10.0,7.452317,1.8810487985610962,5.249955,0.24281045302822785,True,True,True,True
Stable Mobility,17,Random-Fuzzer,ML-Based,6,0.4,3,"['Ping-Pong: 3 UEs oscillating', 'QoS Violation: 5th Percentile Throughput = 1.88 Mbps', 'Unfairness: Jain Index = 0.07']",0.07020563288066332,-4.934319,-10.0,12.654607,1.8810487985610962,4.356855,0.2454114043185738,True,True,True,False
Stable Mobility,18,Random-Fuzzer,ML-Based,13,0.8666666666666667,3,"['Ping-Pong: 3 UEs oscillating', 'QoS Violation: 5th Percentile Throughput = 1.88 Mbps', 'Unfairness: Jain Index = 0.12']",0.11847183967211748,-5.4867635,-10.0,11.434637,1.8810487985610962,4.8037734,0.16876233473018432,True,True,True,False
Stable Mobility,19,Random-Fuzzer,ML-Based,13,0.8666666666666667,2,"['Ping-Pong: 4 UEs oscillating', 'QoS Violation: 5th Percentile Throughput = 1.88 Mbps']",0.5291246302295299,-8.80398,-10.0,2.8997033,1.8810487985610962,5.4980636,0.20603150145508511,True,True,False,False
Stable Mobility,20,Random-Fuzzer,ML-Based,10,0.6666666666666666,4,"['Ping-Pong: 7 UEs oscillating', 'QoS Violation: 5th Percentile Throughput = 1.88 Mbps', 'Unfairness: Jain Index = 0.07', 'CRITICAL FAILURE: Low QoE, High Unfairness, and System Instability Co-occurred']",0.06929168732668571,-4.589455,-10.0,16.486467,1.8810487985610962,4.930212,0.2505323131041125,True,True,True,True
Stable Mobility,21,Random-Fuzzer,ML-Based,7,0.4666666666666667,3,"['Ping-Pong: 5 UEs oscillating', 'QoS Violation: 5th Percentile Throughput = 1.88 Mbps', 'Unfairness: Jain Index = 0.11']",0.11359302310214416,-7.590876,-10.0,6.9779067,1.8810487985610962,5.5726066,0.23211538298959886,True,True,True,False
Stable Mobility,22,Random-Fuzzer,ML-Based,9,0.6,3,"['Ping-Pong: 4 UEs oscillating', 'QoS Violation: 5th Percentile Throughput = 1.88 Mbps', 'Unfairness: Jain Index = 0.07']",0.06698369616871903,-6.060258,-10.0,11.861727,1.8810487985610962,4.9730005,0.2505323131041125,True,True,True,False
Stable Mobility,23,Random-Fuzzer,ML-Based,9,0.6,3,"['Ping-Pong: 2 UEs oscillating', 'QoS Violation: 5th Percentile Throughput = 1.88 Mbps', 'Unfairness: Jain Index = 0.09']",0.08582806746222393,-7.2620406,-10.0,7.5561604,1.8810487985610962,5.3346753,0.1965692137195266,True,True,True,False
Stable Mobility,24,Random-Fuzzer,ML-Based,13,0.8666666666666667,3,"['Ping-Pong: 4 UEs oscillating', 'QoS Violation: 5th Percentile Throughput = 1.88 Mbps', 'Unfairness: Jain Index = 0.08']",0.08215091401852599,-3.273525,-10.0,19.575323,1.8810487985610962,4.4700503,0.11507662831994829,True,True,True,False
Stable Mobility,25,Random-Fuzzer,ML-Based,11,0.7333333333333333,3,"['Ping-Pong: 4 UEs oscillating', 'QoS Violation: 5th Percentile Throughput = 1.88 Mbps', 'Unfairness: Jain Index = 0.07']",0.07104057116075363,-4.0715823,-10.0,18.087164,1.8810487985610962,4.7672563,0.2454114043185738,True,True,True,False
Stable Mobility,26,Random-Fuzzer,ML-Based,10,0.6666666666666666,4,"['Ping-Pong: 7 UEs oscillating', 'QoS Violation: 5th Percentile Throughput = 1.88 Mbps', 'Unfairness: Jain Index = 0.08', 'CRITICAL FAILURE: Low QoE, High Unfairness, and System Instability Co-occurred']",0.07789144518952522,-5.0232325,-10.0,14.010489,1.8810487985610962,4.7321324,0.1529750324210382,True,True,True,True
Stable Mobility,27,Random-Fuzzer,ML-Based,9,0.6,2,"['Ping-Pong: 5 UEs oscillating', 'QoS Violation: 5th Percentile Throughput = 1.88 Mbps']",0.253806112013901,-7.4973,-10.0,5.640529,1.8810487985610962,5.230006,0.21800996461446853,True,True,False,False
Stable Mobility,28,Random-Fuzzer,ML-Based,11,0.7333333333333333,2,"['Ping-Pong: 6 UEs oscillating', 'QoS Violation: 5th Percentile Throughput = 1.88 Mbps']",0.29196581422695017,-9.288037,-10.0,2.7745905,1.8810487985610962,6.0064664,0.13997084244475305,True,True,False,False
Stable Mobility,29,Random-Fuzzer,ML-Based,12,0.8,4,"['Ping-Pong: 6 UEs oscillating', 'QoS Violation: 5th Percentile Throughput = 1.88 Mbps', 'Unfairness: Jain Index = 0.13', 'CRITICAL FAILURE: Low QoE, High Unfairness, and System Instability Co-occurred']",0.13366912281706558,-6.9877024,-10.0,8.059351,1.8810487985610962,5.2209506,0.24281045302822785,True,True,True,True
Stable Mobility,30,Random-Fuzzer,ML-Based,9,0.6,3,"['Ping-Pong: 4 UEs oscillating', 'QoS Violation: 5th Percentile Throughput = 1.88 Mbps', 'Unfairness: Jain Index = 0.07']",0.0694655237887333,-7.262612,-10.0,8.496211,1.8810487985610962,5.430718,0.1965692137195266,True,True,True,False
Stable Mobility,31,Random-Fuzzer,ML-Based,10,0.6666666666666666,3,"['Ping-Pong: 4 UEs oscillating', 'QoS Violation: 5th Percentile Throughput = 1.88 Mbps', 'Unfairness: Jain Index = 0.12']",0.11924498007488032,-6.0419683,-10.0,11.144835,1.8810487985610962,5.005831,0.13535876574811329,True,True,True,False
Stable Mobility,32,Random-Fuzzer,ML-Based,11,0.7333333333333333,3,"['Ping-Pong: 4 UEs oscillating', 'QoS Violation: 5th Percentile Throughput = 1.88 Mbps', 'Unfairness: Jain Index = 0.07']",0.06718163716816236,-5.4638577,-10.0,12.985185,1.8810487985610962,4.8894725,0.2723876123061923,True,True,True,False
Stable Mobility,33,Random-Fuzzer,ML-Based,11,0.7333333333333333,2,"['Ping-Pong: 5 UEs oscillating', 'QoS Violation: 5th Percentile Throughput = 1.88 Mbps']",0.20032893643517583,2.5448222,-10.0,36.66953,1.8810487985610962,3.0653749,0.1649572197684645,True,True,False,False
Stable Mobility,34,Random-Fuzzer,ML-Based,11,0.7333333333333333,3,"['Ping-Pong: 5 UEs oscillating', 'QoS Violation: 5th Percentile Throughput = 1.88 Mbps', 'Unfairness: Jain Index = 0.14']",0.13581774033239202,-1.4094039,-10.0,26.2506,1.8810487985610962,4.3428187,0.2321153829895989,True,True,True,False
Stable Mobility,35,Random-Fuzzer,ML-Based,9,0.6,4,"['Ping-Pong: 6 UEs oscillating', 'QoS Violation: 5th Percentile Throughput = 1.88 Mbps', 'Unfairness: Jain Index = 0.14', 'CRITICAL FAILURE: Low QoE, High Unfairness, and System Instability Co-occurred']",0.1404445983318427,-1.7864405,-10.0,26.040253,1.8810487985610962,4.4596295,0.12046772038736682,True,True,True,True
Stable Mobility,36,Random-Fuzzer,ML-Based,13,0.8666666666666667,4,"['Ping-Pong: 6 UEs oscillating', 'QoS Violation: 5th Percentile Throughput = 1.88 Mbps', 'Unfairness: Jain Index = 0.07', 'CRITICAL FAILURE: Low QoE, High Unfairness, and System Instability Co-occurred']",0.06700846372450203,-5.991421,-10.0,12.020605,1.8810487985610962,5.0112658,0.2723876123061923,True,True,True,True
Stable Mobility,37,Random-Fuzzer,ML-Based,13,0.8666666666666667,4,"['Ping-Pong: 8 UEs oscillating', 'QoS Violation: 5th Percentile Throughput = 1.88 Mbps', 'Unfairness: Jain Index = 0.07', 'CRITICAL FAILURE: Low QoE, High Unfairness, and System Instability Co-occurred']",0.06930109507241917,-3.7431269,-10.0,17.122261,1.8810487985610962,4.436499,0.15707069049972042,True,True,True,True
Stable Mobility,38,Random-Fuzzer,ML-Based,12,0.8,2,"['Ping-Pong: 10 UEs oscillating', 'QoS Violation: 5th Percentile Throughput = 1.88 Mbps']",0.9470422287168565,-9.797588,-10.0,1.9968429,1.8810487985610962,6.1752443,0.18319413392067949,True,True,False,False
Stable Mobility,39,Random-Fuzzer,ML-Based,12,0.8,4,"['Ping-Pong: 8 UEs oscillating', 'QoS Violation: 5th Percentile Throughput = 1.88 Mbps', 'Unfairness: Jain Index = 0.13', 'CRITICAL FAILURE: Low QoE, High Unfairness, and System Instability Co-occurred']",0.13442242013710196,-2.8886101,-10.0,22.90563,1.8810487985610962,4.7840395,0.15707069049972042,True,True,True,True
Stable Mobility,40,Random-Fuzzer,ML-Based,15,1.0,2,"['Ping-Pong: 9 UEs oscillating', 'QoS Violation: 5th Percentile Throughput = 1.88 Mbps']",0.8268786236690987,-9.673368,-10.0,2.1099176,1.8810487985610962,6.1046677,0.13997084244475302,True,True,False,False
Stable Mobility,41,Random-Fuzzer,ML-Based,12,0.8,4,"['Ping-Pong: 10 UEs oscillating', 'QoS Violation: 5th Percentile Throughput = 1.88 Mbps', 'Unfairness: Jain Index = 0.14', 'CRITICAL FAILURE: Low QoE, High Unfairness, and System Instability Co-occurred']",0.1407475311245064,-7.704569,-10.0,6.133376,1.8810487985610962,5.4394927,0.24798507745317214,True,True,True,True
Stable Mobility,42,Random-Fuzzer,ML-Based,12,0.8,4,"['Ping-Pong: 10 UEs oscillating', 'QoS Violation: 5th Percentile Throughput = 1.88 Mbps', 'Unfairness: Jain Index = 0.08', 'CRITICAL FAILURE: Low QoE, High Unfairness, and System Instability Co-occurred']",0.07544772067169808,-7.5318074,-10.0,7.098458,1.8810487985610962,5.3955364,0.14443572274383906,True,True,True,True
Stable Mobility,43,Random-Fuzzer,ML-Based,12,0.8,2,"['Ping-Pong: 9 UEs oscillating', 'QoS Violation: 5th Percentile Throughput = 1.88 Mbps']",0.6433990962236997,-8.509722,-10.0,3.0386972,1.8810487985610962,5.218801,0.20909046095333478,True,True,False,False
Stable Mobility,44,Random-Fuzzer,ML-Based,10,0.6666666666666666,4,"['Ping-Pong: 8 UEs oscillating', 'QoS Violation: 5th Percentile Throughput = 1.88 Mbps', 'Unfairness: Jain Index = 0.07', 'CRITICAL FAILURE: Low QoE, High Unfairness, and System Instability Co-occurred']",0.06895332233854586,-3.1459646,-10.0,17.967886,1.8810487985610962,4.1283755,0.20603150145508511,True,True,True,True
Stable Mobility,45,Random-Fuzzer,ML-Based,12,0.8,4,"['Ping-Pong: 8 UEs oscillating', 'QoS Violation: 5th Percentile Throughput = 1.88 Mbps', 'Unfairness: Jain Index = 0.07', 'CRITICAL FAILURE: Low QoE, High Unfairness, and System Instability Co-occurred']",0.07131443560480781,-4.130973,-10.0,16.681658,1.8810487985610962,4.4326797,0.1529750324210382,True,True,True,True
Stable Mobility,46,Random-Fuzzer,ML-Based,13,0.8666666666666667,4,"['Ping-Pong: 8 UEs oscillating', 'QoS Violation: 5th Percentile Throughput = 1.88 Mbps', 'Unfairness: Jain Index = 0.09', 'CRITICAL FAILURE: Low QoE, High Unfairness, and System Instability Co-occurred']",0.09328118951673117,-8.664005,-10.0,4.64631,1.8810487985610962,5.8789725,0.13058389715049606,True,True,True,True
Stable Mobility,47,Random-Fuzzer,ML-Based,8,0.5333333333333333,4,"['Ping-Pong: 6 UEs oscillating', 'QoS Violation: 5th Percentile Throughput = 1.88 Mbps', 'Unfairness: Jain Index = 0.07', 'CRITICAL FAILURE: Low QoE, High Unfairness, and System Instability Co-occurred']",0.07219753058265166,-6.3661313,-10.0,8.851318,1.8810487985610962,4.682648,0.1965692137195266,True,True,True,True
Stable Mobility,48,Random-Fuzzer,ML-Based,12,0.8,3,"['Ping-Pong: 5 UEs oscillating', 'QoS Violation: 5th Percentile Throughput = 1.88 Mbps', 'Unfairness: Jain Index = 0.14']",0.1444363453375394,-4.384294,-10.0,13.177032,1.8810487985610962,4.228701,0.13058389715049606,True,True,True,False
Stable Mobility,49,Random-Fuzzer,ML-Based,13,0.8666666666666667,4,"['Ping-Pong: 6 UEs oscillating', 'QoS Violation: 5th Percentile Throughput = 1.88 Mbps', 'Unfairness: Jain Index = 0.13', 'CRITICAL FAILURE: Low QoE, High Unfairness, and System Instability Co-occurred']",0.1336425280756706,-3.6343987,-10.0,20.802485,1.8810487985610962,4.867021,0.12046772038736682,True,True,True,True
Stable Mobility,50,Random-Fuzzer,ML-Based,11,0.7333333333333333,2,"['Ping-Pong: 7 UEs oscillating', 'QoS Violation: 5th Percentile Throughput = 1.88 Mbps']",0.2147770445752645,-5.9182267,-10.0,9.351789,1.8810487985610962,4.7971616,0.1150766283199483,True,True,False,False
Stable Mobility,51,Random-Fuzzer,ML-Based,13,0.8666666666666667,4,"['Ping-Pong: 9 UEs oscillating', 'QoS Violation: 5th Percentile Throughput = 1.88 Mbps', 'Unfairness: Jain Index = 0.07', 'CRITICAL FAILURE: Low QoE, High Unfairness, and System Instability Co-occurred']",0.06971647540128062,-2.0815086,-10.0,20.232191,1.8810487985610962,3.7523067,0.23211538298959886,True,True,True,True
Stable Mobility,52,Random-Fuzzer,ML-Based,10,0.6666666666666666,4,"['Ping-Pong: 7 UEs oscillating', 'QoS Violation: 5th Percentile Throughput = 1.88 Mbps', 'Unfairness: Jain Index = 0.07', 'CRITICAL FAILURE: Low QoE, High Unfairness, and System Instability Co-occurred']",0.06699197591415314,-6.084211,-10.0,11.90511,1.8810487985610962,5.047798,0.1965692137195266,True,True,True,True
Stable Mobility,53,Random-Fuzzer,ML-Based,11,0.7333333333333333,4,"['Ping-Pong: 7 UEs oscillating', 'QoS Violation: 5th Percentile Throughput = 1.88 Mbps', 'Unfairness: Jain Index = 0.09', 'CRITICAL FAILURE: Low QoE, High Unfairness, and System Instability Co-occurred']",0.09260676303983,-5.8334737,-10.0,10.372494,1.8810487985610962,4.7269483,0.1487666604934601,True,True,True,True
Stable Mobility,54,Random-Fuzzer,ML-Based,12,0.8,2,"['Ping-Pong: 7 UEs oscillating', 'QoS Violation: 5th Percentile Throughput = 1.88 Mbps']",0.25517909228492114,-7.2541933,-10.0,5.569893,1.8810487985610962,4.898999,0.1570706904997204,True,True,False,False
Stable Mobility,55,Random-Fuzzer,ML-Based,12,0.8,4,"['Ping-Pong: 9 UEs oscillating', 'QoS Violation: 5th Percentile Throughput = 1.88 Mbps', 'Unfairness: Jain Index = 0.07', 'CRITICAL FAILURE: Low QoE, High Unfairness, and System Instability Co-occurred']",0.07349811821561929,-6.972691,-10.0,7.7891693,1.8810487985610962,4.93723,0.13058389715049606,True,True,True,True
Stable Mobility,56,Random-Fuzzer,ML-Based,12,0.8,4,"['Ping-Pong: 7 UEs oscillating', 'QoS Violation: 5th Percentile Throughput = 1.88 Mbps', 'Unfairness: Jain Index = 0.07', 'CRITICAL FAILURE: Low QoE, High Unfairness, and System Instability Co-occurred']",0.06836090411641312,-7.2520404,-10.0,8.818627,1.8810487985610962,5.4376545,0.13997084244475305,True,True,True,True
Stable Mobility,57,Random-Fuzzer,ML-Based,11,0.7333333333333333,4,"['Ping-Pong: 7 UEs oscillating', 'QoS Violation: 5th Percentile Throughput = 1.88 Mbps', 'Unfairness: Jain Index = 0.11', 'CRITICAL FAILURE: Low QoE, High Unfairness, and System Instability Co-occurred']",0.11055383536565289,-6.7980275,-10.0,7.1136765,1.8810487985610962,4.902106,0.22375885951372818,True,True,True,True
Stable Mobility,58,Random-Fuzzer,ML-Based,13,0.8666666666666667,2,"['Ping-Pong: 7 UEs oscillating', 'QoS Violation: 5th Percentile Throughput = 1.88 Mbps']",0.3129917976484558,-3.854632,-10.0,12.603079,1.8810487985610962,3.6930149,0.13058389715049606,True,True,False,False
Stable Mobility,59,Random-Fuzzer,ML-Based,11,0.7333333333333333,4,"['Ping-Pong: 6 UEs oscillating', 'QoS Violation: 5th Percentile Throughput = 1.88 Mbps', 'Unfairness: Jain Index = 0.20', 'CRITICAL FAILURE: Low QoE, High Unfairness, and System Instability Co-occurred']",0.1955530309766419,-7.501141,-10.0,5.7027836,1.8810487985610962,5.223519,0.1649572197684645,True,True,True,True
Stable Mobility,60,Random-Fuzzer,ML-Based,11,0.7333333333333333,4,"['Ping-Pong: 7 UEs oscillating', 'QoS Violation: 5th Percentile Throughput = 1.88 Mbps', 'Unfairness: Jain Index = 0.07', 'CRITICAL FAILURE: Low QoE, High Unfairness, and System Instability Co-occurred']",0.06885216140134513,-3.9022436,-10.0,15.41108,1.8810487985610962,4.164243,0.11507662831994829,True,True,True,True
Stable Mobility,61,Random-Fuzzer,ML-Based,12,0.8,2,"['Ping-Pong: 7 UEs oscillating', 'QoS Violation: 5th Percentile Throughput = 1.88 Mbps']",0.2089638465138422,-7.129931,-10.0,6.3035355,1.8810487985610962,4.9893603,0.15707069049972042,True,True,False,False
Stable Mobility,62,Random-Fuzzer,ML-Based,14,0.9333333333333333,4,"['Ping-Pong: 9 UEs oscillating', 'QoS Violation: 5th Percentile Throughput = 1.88 Mbps', 'Unfairness: Jain Index = 0.13', 'CRITICAL FAILURE: Low QoE, High Unfairness, and System Instability Co-occurred']",0.1335276502979588,-4.3310027,-10.0,19.99198,1.8810487985610962,5.183489,0.10942024088643863,True,True,True,True
Stable Mobility,63,Random-Fuzzer,ML-Based,13,0.8666666666666667,4,"['Ping-Pong: 9 UEs oscillating', 'QoS Violation: 5th Percentile Throughput = 1.88 Mbps', 'Unfairness: Jain Index = 0.08', 'CRITICAL FAILURE: Low QoE, High Unfairness, and System Instability Co-occurred']",0.07511518245288709,-7.783299,-10.0,6.588034,1.8810487985610962,5.4404297,0.1649572197684645,True,True,True,True
Stable Mobility,64,Random-Fuzzer,ML-Based,15,1.0,4,"['Ping-Pong: 12 UEs oscillating', 'QoS Violation: 5th Percentile Throughput = 1.88 Mbps', 'Unfairness: Jain Index = 0.07', 'CRITICAL FAILURE: Low QoE, High Unfairness, and System Instability Co-occurred']",0.07073347656448353,-7.454719,-10.0,8.138391,1.8810487985610962,5.6013703,0.10345505229714491,True,True,True,True
Stable Mobility,65,Random-Fuzzer,ML-Based,13,0.8666666666666667,4,"['Ping-Pong: 11 UEs oscillating', 'QoS Violation: 5th Percentile Throughput = 1.88 Mbps', 'Unfairness: Jain Index = 0.07', 'CRITICAL FAILURE: Low QoE, High Unfairness, and System Instability Co-occurred']",0.0709113035909538,-6.6125464,-10.0,9.0925665,1.8810487985610962,5.0274734,0.15707069049972042,True,True,True,True
Stable Mobility,66,Random-Fuzzer,ML-Based,12,0.8,4,"['Ping-Pong: 10 UEs oscillating', 'QoS Violation: 5th Percentile Throughput = 1.88 Mbps', 'Unfairness: Jain Index = 0.11', 'CRITICAL FAILURE: Low QoE, High Unfairness, and System Instability Co-occurred']",0.11158640361867377,-3.7042315,-10.0,19.677715,1.8810487985610962,4.6630826,0.09035079029052512,True,True,True,True
Stable Mobility,67,Random-Fuzzer,ML-Based,12,0.8,2,"['Ping-Pong: 8 UEs oscillating', 'QoS Violation: 5th Percentile Throughput = 1.88 Mbps']",0.612876528558537,-9.456846,-10.0,2.3327878,1.8810487985610962,5.965255,0.1487666604934601,True,True,False,False
Stable Mobility,68,Random-Fuzzer,ML-Based,10,0.6666666666666666,2,"['Ping-Pong: 8 UEs oscillating', 'QoS Violation: 5th Percentile Throughput = 1.88 Mbps']",0.3437720384396117,-8.766343,-10.0,3.10122,1.8810487985610962,5.525681,0.12046772038736682,True,True,False,False
Stable Mobility,69,Random-Fuzzer,ML-Based,14,0.9333333333333333,4,"['Ping-Pong: 8 UEs oscillating', 'QoS Violation: 5th Percentile Throughput = 1.88 Mbps', 'Unfairness: Jain Index = 0.07', 'CRITICAL FAILURE: Low QoE, High Unfairness, and System Instability Co-occurred']",0.06749330410657498,-7.706654,-10.0,8.938256,1.8810487985610962,5.894185,0.09035079029052513,True,True,True,True
Stable Mobility,70,Random-Fuzzer,ML-Based,12,0.8,4,"['Ping-Pong: 8 UEs oscillating', 'QoS Violation: 5th Percentile Throughput = 1.88 Mbps', 'Unfairness: Jain Index = 0.16', 'CRITICAL FAILURE: Low QoE, High Unfairness, and System Instability Co-occurred']",0.15687948636484395,-4.848498,-10.0,14.22037,1.8810487985610962,4.707216,0.2700466072144348,True,True,True,True
Stable Mobility,71,Random-Fuzzer,ML-Based,12,0.8,4,"['Ping-Pong: 10 UEs oscillating', 'QoS Violation: 5th Percentile Throughput = 1.88 Mbps', 'Unfairness: Jain Index = 0.15', 'CRITICAL FAILURE: Low QoE, High Unfairness, and System Instability Co-occurred']",0.14715591195577327,-0.80350775,-10.0,29.989183,1.8810487985610962,4.439424,0.1487666604934601,True,True,True,True
Stable Mobility,72,Random-Fuzzer,ML-Based,7,0.4666666666666667,4,"['Ping-Pong: 6 UEs oscillating', 'QoS Violation: 5th Percentile Throughput = 1.88 Mbps', 'Unfairness: Jain Index = 0.10', 'CRITICAL FAILURE: Low QoE, High Unfairness, and System Instability Co-occurred']",0.09766347023441299,-7.3618336,-10.0,5.818914,1.8810487985610962,4.7772536,0.1649572197684645,True,True,True,True
Stable Mobility,73,Random-Fuzzer,ML-Based,10,0.6666666666666666,2,"['Ping-Pong: 4 UEs oscillating', 'QoS Violation: 5th Percentile Throughput = 1.88 Mbps']",0.3446782006354729,-8.786255,-10.0,3.1961026,1.8810487985610962,5.6360445,0.14443572274383906,True,True,False,False
Stable Mobility,74,Random-Fuzzer,ML-Based,11,0.7333333333333333,3,"['Ping-Pong: 4 UEs oscillating', 'QoS Violation: 5th Percentile Throughput = 1.88 Mbps', 'Unfairness: Jain Index = 0.18']",0.1784755127203278,-9.116301,-10.0,3.2511175,1.8810487985610962,5.9897885,0.24798507745317214,True,True,True,False
Stable Mobility,75,Random-Fuzzer,ML-Based,13,0.8666666666666667,4,"['Ping-Pong: 8 UEs oscillating', 'QoS Violation: 5th Percentile Throughput = 1.88 Mbps', 'Unfairness: Jain Index = 0.07', 'CRITICAL FAILURE: Low QoE, High Unfairness, and System Instability Co-occurred']",0.06719392646187632,-6.108406,-10.0,12.555538,1.8810487985610962,5.307098,0.08302664654363189,True,True,True,True
Stable Mobility,76,Random-Fuzzer,ML-Based,11,0.7333333333333333,2,"['Ping-Pong: 7 UEs oscillating', 'QoS Violation: 5th Percentile Throughput = 1.88 Mbps']",0.34676557985481044,-8.718877,-10.0,3.2591217,1.8810487985610962,5.5810285,0.2723876123061923,True,True,False,False
Stable Mobility,77,Random-Fuzzer,ML-Based,11,0.7333333333333333,4,"['Ping-Pong: 7 UEs oscillating', 'QoS Violation: 5th Percentile Throughput = 1.88 Mbps', 'Unfairness: Jain Index = 0.17', 'CRITICAL FAILURE: Low QoE, High Unfairness, and System Instability Co-occurred']",0.16527113702068902,-6.748116,-10.0,6.3602967,1.8810487985610962,4.5599427,0.1150766283199483,True,True,True,True
Stable Mobility,78,Random-Fuzzer,ML-Based,13,0.8666666666666667,4,"['Ping-Pong: 7 UEs oscillating', 'QoS Violation: 5th Percentile Throughput = 1.88 Mbps', 'Unfairness: Jain Index = 0.07', 'CRITICAL FAILURE: Low QoE, High Unfairness, and System Instability Co-occurred']",0.06726525553129854,-4.884221,-10.0,13.58526,1.8810487985610962,4.537045,0.10345505229714491,True,True,True,True
Stable Mobility,79,Random-Fuzzer,ML-Based,13,0.8666666666666667,4,"['Ping-Pong: 7 UEs oscillating', 'QoS Violation: 5th Percentile Throughput = 1.88 Mbps', 'Unfairness: Jain Index = 0.07', 'CRITICAL FAILURE: Low QoE, High Unfairness, and System Instability Co-occurred']",0.06714473226401067,-7.1522627,-10.0,10.090444,1.8810487985610962,5.589908,0.2180099646144685,True,True,True,True
Stable Mobility,80,Random-Fuzzer,ML-Based,13,0.8666666666666667,4,"['Ping-Pong: 9 UEs oscillating', 'QoS Violation: 5th Percentile Throughput = 1.88 Mbps', 'Unfairness: Jain Index = 0.08', 'CRITICAL FAILURE: Low QoE, High Unfairness, and System Instability Co-occurred']",0.08076657296485118,-4.893805,-10.0,11.872204,1.8810487985610962,4.2947307,0.08302664654363189,True,True,True,True
Stable Mobility,81,Random-Fuzzer,ML-Based,9,0.6,2,"['Ping-Pong: 8 UEs oscillating', 'QoS Violation: 5th Percentile Throughput = 1.88 Mbps']",0.552032512603572,-9.493228,-10.0,2.3538687,1.8810487985610962,6.0432773,0.1034550522971449,True,True,False,False
Stable Mobility,82,Random-Fuzzer,ML-Based,12,0.8,4,"['Ping-Pong: 6 UEs oscillating', 'QoS Violation: 5th Percentile Throughput = 1.88 Mbps', 'Unfairness: Jain Index = 0.15', 'CRITICAL FAILURE: Low QoE, High Unfairness, and System Instability Co-occurred']",0.14682467106990343,-8.048651,-10.0,5.057504,1.8810487985610962,5.4834933,0.19977311393717173,True,True,True,True
Stable Mobility,83,Random-Fuzzer,ML-Based,13,0.8666666666666667,4,"['Ping-Pong: 6 UEs oscillating', 'QoS Violation: 5th Percentile Throughput = 1.88 Mbps', 'Unfairness: Jain Index = 0.07', 'CRITICAL FAILURE: Low QoE, High Unfairness, and System Instability Co-occurred']",0.06786307346600295,-4.2500367,-10.0,15.4718685,1.8810487985610962,4.483816,0.13058389715049606,True,True,True,True
Stable Mobility,84,Random-Fuzzer,ML-Based,14,0.9333333333333333,2,"['Ping-Pong: 10 UEs oscillating', 'QoS Violation: 5th Percentile Throughput = 1.88 Mbps']",0.41766089572599235,-8.07365,-10.0,3.8301456,1.8810487985610962,5.129535,0.11507662831994829,True,True,False,False
Stable Mobility,85,Random-Fuzzer,ML-Based,11,0.7333333333333333,4,"['Ping-Pong: 8 UEs oscillating', 'QoS Violation: 5th Percentile Throughput = 1.88 Mbps', 'Unfairness: Jain Index = 0.07', 'CRITICAL FAILURE: Low QoE, High Unfairness, and System Instability Co-occurred']",0.06884537045471416,-3.5175745,-10.0,17.527834,1.8810487985610962,4.399844,0.1034550522971449,True,True,True,True
Stable Mobility,86,Random-Fuzzer,ML-Based,10,0.6666666666666666,4,"['Ping-Pong: 6 UEs oscillating', 'QoS Violation: 5th Percentile Throughput = 1.88 Mbps', 'Unfairness: Jain Index = 0.13', 'CRITICAL FAILURE: Low QoE, High Unfairness, and System Instability Co-occurred']",0.13250326159329476,-4.6423783,-10.0,15.18878,1.8810487985610962,4.806707,0.2723876123061923,True,True,True,True
Stable Mobility,87,Random-Fuzzer,ML-Based,6,0.4,3,"['Ping-Pong: 4 UEs oscillating', 'QoS Violation: 5th Percentile Throughput = 1.88 Mbps', 'Unfairness: Jain Index = 0.14']",0.1361603688365418,-1.316904,-10.0,25.046154,1.8810487985610962,3.6359878,0.23211538298959886,True,True,True,False
Stable Mobility,88,Random-Fuzzer,ML-Based,11,0.7333333333333333,3,"['Ping-Pong: 4 UEs oscillating', 'QoS Violation: 5th Percentile Throughput = 1.88 Mbps', 'Unfairness: Jain Index = 0.07']",0.07107053531500197,-6.6374,-10.0,9.020884,1.8810487985610962,5.0344586,0.19331222028747083,True,True,True,False
Stable Mobility,89,Random-Fuzzer,ML-Based,13,0.8666666666666667,3,"['Ping-Pong: 5 UEs oscillating', 'QoS Violation: 5th Percentile Throughput = 1.88 Mbps', 'Unfairness: Jain Index = 0.17']",0.17344325972742608,-5.0186114,-10.0,9.326635,1.8810487985610962,3.9139981,0.13997084244475302,True,True,True,False
Stable Mobility,90,Random-Fuzzer,ML-Based,14,0.9333333333333333,4,"['Ping-Pong: 10 UEs oscillating', 'QoS Violation: 5th Percentile Throughput = 1.88 Mbps', 'Unfairness: Jain Index = 0.14', 'CRITICAL FAILURE: Low QoE, High Unfairness, and System Instability Co-occurred']",0.1353194038733408,-0.5868407,-10.0,26.433964,1.8810487985610962,3.697068,0.13997084244475302,True,True,True,True
Stable Mobility,91,Random-Fuzzer,ML-Based,14,0.9333333333333333,4,"['Ping-Pong: 13 UEs oscillating', 'QoS Violation: 5th Percentile Throughput = 1.88 Mbps', 'Unfairness: Jain Index = 0.15', 'CRITICAL FAILURE: Low QoE, High Unfairness, and System Instability Co-occurred']",0.14606943044082465,-6.116677,-10.0,10.724731,1.8810487985610962,5.16719,0.0659828879073858,True,True,True,True
Stable Mobility,92,Random-Fuzzer,ML-Based,12,0.8,4,"['Ping-Pong: 11 UEs oscillating', 'QoS Violation: 5th Percentile Throughput = 1.88 Mbps', 'Unfairness: Jain Index = 0.07', 'CRITICAL FAILURE: Low QoE, High Unfairness, and System Instability Co-occurred']",0.06719107580934842,-6.0676694,-10.0,12.579754,1.8810487985610962,5.2846584,0.2969229955832362,True,True,True,True
Stable Mobility,93,Random-Fuzzer,ML-Based,12,0.8,2,"['Ping-Pong: 8 UEs oscillating', 'QoS Violation: 5th Percentile Throughput = 1.88 Mbps']",0.2811766816637327,-5.384509,-10.0,8.473772,1.8810487985610962,4.0482793,0.15707069049972042,True,True,False,False
Stable Mobility,94,Random-Fuzzer,ML-Based,12,0.8,4,"['Ping-Pong: 7 UEs oscillating', 'QoS Violation: 5th Percentile Throughput = 1.88 Mbps', 'Unfairness: Jain Index = 0.10', 'CRITICAL FAILURE: Low QoE, High Unfairness, and System Instability Co-occurred']",0.09971067765141695,-2.3945444,-10.0,23.615923,1.8810487985610962,4.2818503,0.20603150145508511,True,True,True,True
Stable Mobility,95,Random-Fuzzer,ML-Based,13,0.8666666666666667,4,"['Ping-Pong: 8 UEs oscillating', 'QoS Violation: 5th Percentile Throughput = 1.88 Mbps', 'Unfairness: Jain Index = 0.07', 'CRITICAL FAILURE: Low QoE, High Unfairness, and System Instability Co-occurred']",0.06724813162582001,-5.937896,-10.0,12.81251,1.8810487985610962,5.247581,0.12046772038736682,True,True,True,True
Stable Mobility,96,Random-Fuzzer,ML-Based,15,1.0,4,"['Ping-Pong: 10 UEs oscillating', 'QoS Violation: 5th Percentile Throughput = 1.88 Mbps', 'Unfairness: Jain Index = 0.07', 'CRITICAL FAILURE: Low QoE, High Unfairness, and System Instability Co-occurred']",0.06946448226720217,-3.677732,-10.0,17.624163,1.8810487985610962,4.4761634,0.07499055118106487,True,True,True,True
Stable Mobility,97,Random-Fuzzer,ML-Based,13,0.8666666666666667,4,"['Ping-Pong: 11 UEs oscillating', 'QoS Violation: 5th Percentile Throughput = 1.88 Mbps', 'Unfairness: Jain Index = 0.11', 'CRITICAL FAILURE: Low QoE, High Unfairness, and System Instability Co-occurred']",0.10540545688133061,-4.2658534,-10.0,11.565032,1.8810487985610962,3.7943244,0.2454114043185738,True,True,True,True
Stable Mobility,98,Random-Fuzzer,ML-Based,12,0.8,2,"['Ping-Pong: 11 UEs oscillating', 'QoS Violation: 5th Percentile Throughput = 1.88 Mbps']",0.26737962634379403,-6.149338,-10.0,8.354517,1.8810487985610962,4.732475,0.1150766283199483,True,True,False,False
Stable Mobility,99,Random-Fuzzer,ML-Based,10,0.6666666666666666,4,"['Ping-Pong: 8 UEs oscillating', 'QoS Violation: 5th Percentile Throughput = 1.88 Mbps', 'Unfairness: Jain Index = 0.11', 'CRITICAL FAILURE: Low QoE, High Unfairness, and System Instability Co-occurred']",0.10773542213156032,-6.8494077,-10.0,7.154669,1.8810487985610962,4.9350657,0.12046772038736682,True,True,True,True
Stable Mobility,100,Random-Fuzzer,ML-Based,10,0.6666666666666666,4,"['Ping-Pong: 6 UEs oscillating', 'QoS Violation: 5th Percentile Throughput = 1.88 Mbps', 'Unfairness: Jain Index = 0.15', 'CRITICAL FAILURE: Low QoE, High Unfairness, and System Instability Co-occurred']",0.15150053409131675,-4.826784,-10.0,13.227782,1.8810487985610962,4.531494,0.22375885951372818,True,True,True,True
Stable Mobility,101,Random-Fuzzer,ML-Based,11,0.7333333333333333,3,"['Ping-Pong: 5 UEs oscillating', 'QoS Violation: 5th Percentile Throughput = 1.88 Mbps', 'Unfairness: Jain Index = 0.10']",0.1035110103182923,-5.956612,-10.0,8.209032,1.8810487985610962,4.2498965,0.1529750324210382,True,True,True,False
Stable Mobility,102,Random-Fuzzer,ML-Based,11,0.7333333333333333,4,"['Ping-Pong: 7 UEs oscillating', 'QoS Violation: 5th Percentile Throughput = 1.88 Mbps', 'Unfairness: Jain Index = 0.07', 'CRITICAL FAILURE: Low QoE, High Unfairness, and System Instability Co-occurred']",0.0705506427345966,-5.074451,-10.0,15.7065735,1.8810487985610962,5.0993147,0.1965692137195266,True,True,True,True
Stable Mobility,103,Random-Fuzzer,ML-Based,11,0.7333333333333333,4,"['Ping-Pong: 8 UEs oscillating', 'QoS Violation: 5th Percentile Throughput = 1.88 Mbps', 'Unfairness: Jain Index = 0.14', 'CRITICAL FAILURE: Low QoE, High Unfairness, and System Instability Co-occurred']",0.13590872326518827,-2.4648154,-10.0,20.451933,1.8810487985610962,4.0737667,0.12046772038736682,True,True,True,True
Stable Mobility,104,Random-Fuzzer,ML-Based,12,0.8,4,"['Ping-Pong: 7 UEs oscillating', 'QoS Violation: 5th Percentile Throughput = 1.88 Mbps', 'Unfairness: Jain Index = 0.10', 'CRITICAL FAILURE: Low QoE, High Unfairness, and System Instability Co-occurred']",0.102401500297302,-5.017728,-10.0,15.482967,1.8810487985610962,5.1513705,0.2505323131041125,True,True,True,True
Stable Mobility,105,Random-Fuzzer,ML-Based,13,0.8666666666666667,2,"['Ping-Pong: 7 UEs oscillating', 'QoS Violation: 5th Percentile Throughput = 1.88 Mbps']",0.2010302147260236,-6.195712,-10.0,8.011947,1.8810487985610962,4.620981,0.08302664654363189,True,True,False,False
Stable Mobility,106,Random-Fuzzer,ML-Based,13,0.8666666666666667,4,"['Ping-Pong: 9 UEs oscillating', 'QoS Violation: 5th Percentile Throughput = 1.88 Mbps', 'Unfairness: Jain Index = 0.07', 'CRITICAL FAILURE: Low QoE, High Unfairness, and System Instability Co-occurred']",0.06884823560267088,-2.679722,-10.0,18.543854,1.8810487985610962,3.8402667,0.17969487870584008,True,True,True,True
Stable Mobility,107,Random-Fuzzer,ML-Based,11,0.7333333333333333,4,"['Ping-Pong: 9 UEs oscillating', 'QoS Violation: 5th Percentile Throughput = 1.88 Mbps', 'Unfairness: Jain Index = 0.09', 'CRITICAL FAILURE: Low QoE, High Unfairness, and System Instability Co-occurred']",0.09090612791607407,-6.1399713,-10.0,8.861108,1.8810487985610962,4.6449227,0.20603150145508511,True,True,True,True
Stable Mobility,108,Random-Fuzzer,ML-Based,12,0.8,2,"['Ping-Pong: 8 UEs oscillating', 'QoS Violation: 5th Percentile Throughput = 1.88 Mbps']",0.2526867010802776,-6.456709,-10.0,7.023345,1.8810487985610962,4.6050873,0.13058389715049606,True,True,False,False
Stable Mobility,109,Random-Fuzzer,ML-Based,11,0.7333333333333333,4,"['Ping-Pong: 7 UEs oscillating', 'QoS Violation: 5th Percentile Throughput = 1.88 Mbps', 'Unfairness: Jain Index = 0.11', 'CRITICAL FAILURE: Low QoE, High Unfairness, and System Instability Co-occurred']",0.11298792234286695,-6.8292575,-10.0,6.2456064,1.8810487985610962,4.522425,0.18319413392067949,True,True,True,True
Stable Mobility,110,Random-Fuzzer,ML-Based,12,0.8,2,"['Ping-Pong: 8 UEs oscillating', 'QoS Violation: 5th Percentile Throughput = 1.88 Mbps']",1.000000119209291,-10.0,-10.0,1.8810486,1.8810487985610962,6.3794193,0.12046772038736682,True,True,False,False
Stable Mobility,111,Random-Fuzzer,ML-Based,11,0.7333333333333333,4,"['Ping-Pong: 8 UEs oscillating', 'QoS Violation: 5th Percentile Throughput = 1.88 Mbps', 'Unfairness: Jain Index = 0.07', 'CRITICAL FAILURE: Low QoE, High Unfairness, and System Instability Co-occurred']",0.06936079371027679,-7.525176,-10.0,8.185328,1.8810487985610962,5.6294026,0.12046772038736682,True,True,True,True
Stable Mobility,112,Random-Fuzzer,ML-Based,13,0.8666666666666667,4,"['Ping-Pong: 9 UEs oscillating', 'QoS Violation: 5th Percentile Throughput = 1.88 Mbps', 'Unfairness: Jain Index = 0.17', 'CRITICAL FAILURE: Low QoE, High Unfairness, and System Instability Co-occurred']",0.1684739796738574,-6.9579844,-10.0,7.529124,1.8810487985610962,5.100692,0.1687623347301843,True,True,True,True
Stable Mobility,113,Random-Fuzzer,ML-Based,9,0.6,2,"['Ping-Pong: 4 UEs oscillating', 'QoS Violation: 5th Percentile Throughput = 1.88 Mbps']",0.7021200979475359,-9.110864,-10.0,2.5126784,1.8810487985610962,5.6222315,0.10345505229714491,True,True,False,False
Stable Mobility,114,Random-Fuzzer,ML-Based,12,0.8,4,"['Ping-Pong: 6 UEs oscillating', 'QoS Violation: 5th Percentile Throughput = 1.88 Mbps', 'Unfairness: Jain Index = 0.17', 'CRITICAL FAILURE: Low QoE, High Unfairness, and System Instability Co-occurred']",0.1711353943208276,-8.72284,-10.0,3.5926352,1.8810487985610962,5.62308,0.10345505229714491,True,True,True,True
Stable Mobility,115,Random-Fuzzer,ML-Based,12,0.8,2,"['Ping-Pong: 5 UEs oscillating', 'QoS Violation: 5th Percentile Throughput = 1.88 Mbps']",0.24104239698252494,-8.185863,-10.0,4.1397862,1.8810487985610962,5.359666,0.09035079029052513,True,True,False,False
Stable Mobility,116,Random-Fuzzer,ML-Based,14,0.9333333333333333,4,"['Ping-Pong: 9 UEs oscillating', 'QoS Violation: 5th Percentile Throughput = 1.88 Mbps', 'Unfairness: Jain Index = 0.07', 'CRITICAL FAILURE: Low QoE, High Unfairness, and System Instability Co-occurred']",0.06725659252168817,-5.177511,-10.0,13.301148,1.8810487985610962,4.6366982,0.24798507745317214,True,True,True,True
Stable Mobility,117,Random-Fuzzer,ML-Based,13,0.8666666666666667,4,"['Ping-Pong: 9 UEs oscillating', 'QoS Violation: 5th Percentile Throughput = 1.88 Mbps', 'Unfairness: Jain Index = 0.07', 'CRITICAL FAILURE: Low QoE, High Unfairness, and System Instability Co-occurred']",0.06768535848021023,-6.1323304,-10.0,13.341536,1.8810487985610962,5.5550447,0.13997084244475305,True,True,True,True
Stable Mobility,118,Random-Fuzzer,ML-Based,13,0.8666666666666667,2,"['Ping-Pong: 11 UEs oscillating', 'QoS Violation: 5th Percentile Throughput = 1.88 Mbps']",0.252797799661473,-6.2711363,-10.0,8.282045,1.8810487985610962,4.8303423,0.1034550522971449,True,True,False,False
Stable Mobility,119,Random-Fuzzer,ML-Based,14,0.9333333333333333,4,"['Ping-Pong: 11 UEs oscillating', 'QoS Violation: 5th Percentile Throughput = 1.88 Mbps', 'Unfairness: Jain Index = 0.13', 'CRITICAL FAILURE: Low QoE, High Unfairness, and System Instability Co-occurred']",0.133541226403222,-4.237341,-10.0,20.095629,1.8810487985610962,5.1512666,0.1724835264407127,True,True,True,True
Stable Mobility,120,Random-Fuzzer,ML-Based,13,0.8666666666666667,4,"['Ping-Pong: 11 UEs oscillating', 'QoS Violation: 5th Percentile Throughput = 1.88 Mbps', 'Unfairness: Jain Index = 0.08', 'CRITICAL FAILURE: Low QoE, High Unfairness, and System Instability Co-occurred']",0.07802357175947823,-4.400572,-10.0,18.210299,1.8810487985610962,5.130447,0.1256276757930754,True,True,True,True
Stable Mobility,121,Random-Fuzzer,ML-Based,13,0.8666666666666667,4,"['Ping-Pong: 12 UEs oscillating', 'QoS Violation: 5th Percentile Throughput = 1.88 Mbps', 'Unfairness: Jain Index = 0.13', 'CRITICAL FAILURE: Low QoE, High Unfairness, and System Instability Co-occurred']",0.13220140680099762,-7.067679,-10.0,6.6755433,1.8810487985610962,5.010631,0.15707069049972042,True,True,True,True
Stable Mobility,122,Random-Fuzzer,ML-Based,13,0.8666666666666667,4,"['Ping-Pong: 10 UEs oscillating', 'QoS Violation: 5th Percentile Throughput = 1.88 Mbps', 'Unfairness: Jain Index = 0.07', 'CRITICAL FAILURE: Low QoE, High Unfairness, and System Instability Co-occurred']",0.06910205260944653,-4.9536653,-10.0,15.334737,1.8810487985610962,4.911825,0.11507662831994829,True,True,True,True
Stable Mobility,123,Random-Fuzzer,ML-Based,15,1.0,4,"['Ping-Pong: 11 UEs oscillating', 'QoS Violation: 5th Percentile Throughput = 1.88 Mbps', 'Unfairness: Jain Index = 0.16', 'CRITICAL FAILURE: Low QoE, High Unfairness, and System Instability Co-occurred']",0.1607010753833893,-8.478908,-10.0,3.866417,1.8810487985610962,5.4328313,0.0659828879073858,True,True,True,True
Stable Mobility,124,Random-Fuzzer,ML-Based,13,0.8666666666666667,4,"['Ping-Pong: 12 UEs oscillating', 'QoS Violation: 5th Percentile Throughput = 1.88 Mbps', 'Unfairness: Jain Index = 0.11', 'CRITICAL FAILURE: Low QoE, High Unfairness, and System Instability Co-occurred']",0.11437405246420171,-2.452338,-10.0,18.710089,1.8810487985610962,3.6731992,0.1256276757930754,True,True,True,True
Stable Mobility,125,Random-Fuzzer,ML-Based,11,0.7333333333333333,4,"['Ping-Pong: 10 UEs oscillating', 'QoS Violation: 5th Percentile Throughput = 1.88 Mbps', 'Unfairness: Jain Index = 0.07', 'CRITICAL FAILURE: Low QoE, High Unfairness, and System Instability Co-occurred']",0.07249095663667865,-4.9112644,-10.0,16.14179,1.8810487985610962,4.976587,0.16106223357416918,True,True,True,True
Stable Mobility,126,Random-Fuzzer,ML-Based,13,0.8666666666666667,2,"['Ping-Pong: 9 UEs oscillating', 'QoS Violation: 5th Percentile Throughput = 1.88 Mbps']",0.3062617861270747,-8.47224,-10.0,3.5315406,1.8810487985610962,5.3993745,0.09712418121129114,True,True,False,False
Stable Mobility,127,Random-Fuzzer,ML-Based,11,0.7333333333333333,2,"['Ping-Pong: 8 UEs oscillating', 'QoS Violation: 5th Percentile Throughput = 1.88 Mbps']",0.6292844121140131,-9.410691,-10.0,2.3455708,1.8810487985610962,5.8966947,0.09712418121129114,True,True,False,False
Stable Mobility,128,Random-Fuzzer,ML-Based,15,1.0,2,"['Ping-Pong: 10 UEs oscillating', 'QoS Violation: 5th Percentile Throughput = 1.88 Mbps']",0.338878383320544,-8.838364,-10.0,3.002526,1.8810487985610962,5.5185494,0.0659828879073858,True,True,False,False
Stable Mobility,129,Random-Fuzzer,ML-Based,14,0.9333333333333333,2,"['Ping-Pong: 10 UEs oscillating', 'QoS Violation: 5th Percentile Throughput = 1.88 Mbps']",0.7731927375930085,-9.438252,-10.0,2.2566962,1.8810487985610962,5.864017,0.15707069049972042,True,True,False,False
Stable Mobility,130,Random-Fuzzer,ML-Based,10,0.6666666666666666,4,"['Ping-Pong: 9 UEs oscillating', 'QoS Violation: 5th Percentile Throughput = 1.88 Mbps', 'Unfairness: Jain Index = 0.07', 'CRITICAL FAILURE: Low QoE, High Unfairness, and System Instability Co-occurred']",0.06750800831226506,-4.7728095,-10.0,14.067608,1.8810487985610962,4.4686213,0.1649572197684645,True,True,True,True
Stable Mobility,131,Random-Fuzzer,ML-Based,11,0.7333333333333333,4,"['Ping-Pong: 8 UEs oscillating', 'QoS Violation: 5th Percentile Throughput = 1.88 Mbps', 'Unfairness: Jain Index = 0.08', 'CRITICAL FAILURE: Low QoE, High Unfairness, and System Instability Co-occurred']",0.07561143943555992,-2.2946646,-10.0,20.980152,1.8810487985610962,3.861067,0.13058389715049606,True,True,True,True
Stable Mobility,132,Random-Fuzzer,ML-Based,13,0.8666666666666667,4,"['Ping-Pong: 7 UEs oscillating', 'QoS Violation: 5th Percentile Throughput = 1.88 Mbps', 'Unfairness: Jain Index = 0.09', 'CRITICAL FAILURE: Low QoE, High Unfairness, and System Instability Co-occurred']",0.08983886617483211,-6.6136255,-10.0,8.417735,1.8810487985610962,4.9854136,0.1034550522971449,True,True,True,True
Stable Mobility,133,Random-Fuzzer,ML-Based,11,0.7333333333333333,4,"['Ping-Pong: 8 UEs oscillating', 'QoS Violation: 5th Percentile Throughput = 1.88 Mbps', 'Unfairness: Jain Index = 0.09', 'CRITICAL FAILURE: Low QoE, High Unfairness, and System Instability Co-occurred']",0.0894672001952736,-7.191415,-10.0,8.047684,1.8810487985610962,5.387422,0.16876233473018432,True,True,True,True
Stable Mobility,134,Random-Fuzzer,ML-Based,12,0.8,4,"['Ping-Pong: 9 UEs oscillating', 'QoS Violation: 5th Percentile Throughput = 1.88 Mbps', 'Unfairness: Jain Index = 0.07', 'CRITICAL FAILURE: Low QoE, High Unfairness, and System Instability Co-occurred']",0.06732449175351887,-5.2015057,-10.0,13.575022,1.8810487985610962,4.799372,0.14443572274383906,True,True,True,True
Stable Mobility,135,Random-Fuzzer,ML-Based,15,1.0,2,"['Ping-Pong: 9 UEs oscillating', 'QoS Violation: 5th Percentile Throughput = 1.88 Mbps']",0.3256853252763308,-7.845685,-10.0,4.5199494,1.8810487985610962,5.186265,0.13535876574811329,True,True,False,False
Stable Mobility,136,Random-Fuzzer,ML-Based,15,1.0,4,"['Ping-Pong: 12 UEs oscillating', 'QoS Violation: 5th Percentile Throughput = 1.88 Mbps', 'Unfairness: Jain Index = 0.12', 'CRITICAL FAILURE: Low QoE, High Unfairness, and System Instability Co-occurred']",0.11939808115952551,-6.375038,-10.0,9.596066,1.8810487985610962,5.140534,0.13058389715049606,True,True,True,True
Stable Mobility,137,Random-Fuzzer,ML-Based,10,0.6666666666666666,4,"['Ping-Pong: 10 UEs oscillating', 'QoS Violation: 5th Percentile Throughput = 1.88 Mbps', 'Unfairness: Jain Index = 0.07', 'CRITICAL FAILURE: Low QoE, High Unfairness, and System Instability Co-occurred']",0.06792581978480558,-4.852325,-10.0,14.545565,1.8810487985610962,4.6152854,0.17248352644071271,True,True,True,True
Stable Mobility,138,Random-Fuzzer,ML-Based,13,0.8666666666666667,4,"['Ping-Pong: 10 UEs oscillating', 'QoS Violation: 5th Percentile Throughput = 1.88 Mbps', 'Unfairness: Jain Index = 0.15', 'CRITICAL FAILURE: Low QoE, High Unfairness, and System Instability Co-occurred']",0.14964362016463117,-7.0230484,-10.0,6.766994,1.8810487985610962,4.9044604,0.1034550522971449,True,True,True,True
Stable Mobility,139,Random-Fuzzer,ML-Based,12,0.8,4,"['Ping-Pong: 7 UEs oscillating', 'QoS Violation: 5th Percentile Throughput = 1.88 Mbps', 'Unfairness: Jain Index = 0.07', 'CRITICAL FAILURE: Low QoE, High Unfairness, and System Instability Co-occurred']",0.06700040193727257,-6.5161395,-10.0,11.784043,1.8810487985610962,5.4603815,0.055532875189002864,True,True,True,True
Stable Mobility,140,Random-Fuzzer,ML-Based,13,0.8666666666666667,4,"['Ping-Pong: 8 UEs oscillating', 'QoS Violation: 5th Percentile Throughput = 1.88 Mbps', 'Unfairness: Jain Index = 0.07', 'CRITICAL FAILURE: Low QoE, High Unfairness, and System Instability Co-occurred']",0.06801220500429926,-3.64219,-10.0,16.384903,1.8810487985610962,4.1971445,0.19977311393717173,True,True,True,True
Stable Mobility,141,Random-Fuzzer,ML-Based,13,0.8666666666666667,4,"['Ping-Pong: 8 UEs oscillating', 'QoS Violation: 5th Percentile Throughput = 1.88 Mbps', 'Unfairness: Jain Index = 0.12', 'CRITICAL FAILURE: Low QoE, High Unfairness, and System Instability Co-occurred']",0.12156439756050127,-5.229311,-10.0,9.837023,1.8810487985610962,4.1350083,0.09035079029052512,True,True,True,True
Stable Mobility,142,Random-Fuzzer,ML-Based,11,0.7333333333333333,4,"['Ping-Pong: 10 UEs oscillating', 'QoS Violation: 5th Percentile Throughput = 1.88 Mbps', 'Unfairness: Jain Index = 0.08', 'CRITICAL FAILURE: Low QoE, High Unfairness, and System Instability Co-occurred']",0.07652403918191236,-7.735296,-10.0,6.6306634,1.8810487985610962,5.444899,0.10942024088643863,True,True,True,True
Stable Mobility,143,Random-Fuzzer,ML-Based,10,0.6666666666666666,4,"['Ping-Pong: 8 UEs oscillating', 'QoS Violation: 5th Percentile Throughput = 1.88 Mbps', 'Unfairness: Jain Index = 0.07', 'CRITICAL FAILURE: Low QoE, High Unfairness, and System Instability Co-occurred']",0.06826736582908527,-5.7414765,-10.0,14.08896,1.8810487985610962,5.32079,0.12046772038736682,True,True,True,True
Stable Mobility,144,Random-Fuzzer,ML-Based,12,0.8,2,"['Ping-Pong: 6 UEs oscillating', 'QoS Violation: 5th Percentile Throughput = 1.88 Mbps']",0.2602508756236011,-6.8361683,-10.0,6.0300097,1.8810487985610962,4.6014047,0.11507662831994829,True,True,False,False
Stable Mobility,145,Random-Fuzzer,ML-Based,12,0.8,4,"['Ping-Pong: 7 UEs oscillating', 'QoS Violation: 5th Percentile Throughput = 1.88 Mbps', 'Unfairness: Jain Index = 0.14', 'CRITICAL FAILURE: Low QoE, High Unfairness, and System Instability Co-occurred']",0.13793578114072433,-0.22595748,-10.0,27.476519,1.8810487985610962,3.4145784,0.14876666049346007,True,True,True,True
Stable Mobility,146,Random-Fuzzer,ML-Based,14,0.9333333333333333,2,"['Ping-Pong: 11 UEs oscillating', 'QoS Violation: 5th Percentile Throughput = 1.88 Mbps']",0.24701021870526196,-7.593289,-10.0,4.839741,1.8810487985610962,4.9874988,0.09712418121129114,True,True,False,False
Stable Mobility,147,Random-Fuzzer,ML-Based,13,0.8666666666666667,4,"['Ping-Pong: 10 UEs oscillating', 'QoS Violation: 5th Percentile Throughput = 1.88 Mbps', 'Unfairness: Jain Index = 0.07', 'CRITICAL FAILURE: Low QoE, High Unfairness, and System Instability Co-occurred']",0.06819770045266112,-4.195394,-10.0,15.937512,1.8810487985610962,4.494927,0.13058389715049606,True,True,True,True
Stable Mobility,148,Random-Fuzzer,ML-Based,13,0.8666666666666667,4,"['Ping-Pong: 10 UEs oscillating', 'QoS Violation: 5th Percentile Throughput = 1.88 Mbps', 'Unfairness: Jain Index = 0.07', 'CRITICAL FAILURE: Low QoE, High Unfairness, and System Instability Co-occurred']",0.06764009775031249,-5.781442,-10.0,13.5174465,1.8810487985610962,5.258853,0.0659828879073858,True,True,True,True
Stable Mobility,149,Random-Fuzzer,ML-Based,12,0.8,4,"['Ping-Pong: 9 UEs oscillating', 'QoS Violation: 5th Percentile Throughput = 1.88 Mbps', 'Unfairness: Jain Index = 0.08', 'CRITICAL FAILURE: Low QoE, High Unfairness, and System Instability Co-occurred']",0.07710663277994376,-4.203258,-10.0,17.442728,1.8810487985610962,4.631455,0.1570706904997204,True,True,True,True
Stable Mobility,150,Random-Fuzzer,ML-Based,13,0.8666666666666667,4,"['Ping-Pong: 10 UEs oscillating', 'QoS Violation: 5th Percentile Throughput = 1.88 Mbps', 'Unfairness: Jain Index = 0.07', 'CRITICAL FAILURE: Low QoE, High Unfairness, and System Instability Co-occurred']",0.06893293517414951,-4.446086,-10.0,16.170418,1.8810487985610962,4.7710257,0.07499055118106487,True,True,True,True
Stable Mobility,151,Random-Fuzzer,ML-Based,14,0.9333333333333333,4,"['Ping-Pong: 10 UEs oscillating', 'QoS Violation: 5th Percentile Throughput = 1.88 Mbps', 'Unfairness: Jain Index = 0.14', 'CRITICAL FAILURE: Low QoE, High Unfairness, and System Instability Co-occurred']",0.1385538755594393,-5.9484286,-10.0,10.921184,1.8810487985610962,4.8558455,0.22090311437606097,True,True,True,True
Stable Mobility,152,Random-Fuzzer,ML-Based,13,0.8666666666666667,2,"['Ping-Pong: 10 UEs oscillating', 'QoS Violation: 5th Percentile Throughput = 1.88 Mbps']",0.29581105492566884,-7.8448834,-10.0,4.705141,1.8810487985610962,5.269271,0.09712418121129114,True,True,False,False
Stable Mobility,153,Random-Fuzzer,ML-Based,11,0.7333333333333333,4,"['Ping-Pong: 10 UEs oscillating', 'QoS Violation: 5th Percentile Throughput = 1.88 Mbps', 'Unfairness: Jain Index = 0.09', 'CRITICAL FAILURE: Low QoE, High Unfairness, and System Instability Co-occurred']",0.08862463649506133,-7.45948,-10.0,6.3504667,1.8810487985610962,5.1763487,0.20603150145508511,True,True,True,True
Stable Mobility,154,Random-Fuzzer,ML-Based,13,0.8666666666666667,4,"['Ping-Pong: 9 UEs oscillating', 'QoS Violation: 5th Percentile Throughput = 1.88 Mbps', 'Unfairness: Jain Index = 0.07', 'CRITICAL FAILURE: Low QoE, High Unfairness, and System Instability Co-occurred']",0.06713365198592752,-5.5796914,-10.0,12.747526,1.8810487985610962,4.912209,0.08302664654363189,True,True,True,True
Stable Mobility,155,Random-Fuzzer,ML-Based,14,0.9333333333333333,4,"['Ping-Pong: 9 UEs oscillating', 'QoS Violation: 5th Percentile Throughput = 1.88 Mbps', 'Unfairness: Jain Index = 0.13', 'CRITICAL FAILURE: Low QoE, High Unfairness, and System Instability Co-occurred']",0.12799408474969654,-8.680602,-10.0,3.9669507,1.8810487985610962,5.6843076,0.17612611437054218,True,True,True,True
Stable Mobility,156,Random-Fuzzer,ML-Based,13,0.8666666666666667,2,"['Ping-Pong: 11 UEs oscillating', 'QoS Violation: 5th Percentile Throughput = 1.88 Mbps']",0.6282712978288024,-9.059666,-10.0,2.6147544,1.8810487985610962,5.6361704,0.1487666604934601,True,True,False,False
Stable Mobility,157,Random-Fuzzer,ML-Based,11,0.7333333333333333,4,"['Ping-Pong: 9 UEs oscillating', 'QoS Violation: 5th Percentile Throughput = 1.88 Mbps', 'Unfairness: Jain Index = 0.07', 'CRITICAL FAILURE: Low QoE, High Unfairness, and System Instability Co-occurred']",0.06690744712102341,-6.784846,-10.0,11.26999,1.8810487985610962,5.5127864,0.023328473740792173,True,True,True,True
Stable Mobility,158,Random-Fuzzer,ML-Based,13,0.8666666666666667,2,"['Ping-Pong: 8 UEs oscillating', 'QoS Violation: 5th Percentile Throughput = 1.88 Mbps']",0.20785311368094012,-7.806677,-10.0,5.218848,1.8810487985610962,5.3272824,0.2969229955832362,True,True,False,False
Stable Mobility,159,Random-Fuzzer,ML-Based,14,0.9333333333333333,4,"['Ping-Pong: 8 UEs oscillating', 'QoS Violation: 5th Percentile Throughput = 1.88 Mbps', 'Unfairness: Jain Index = 0.07', 'CRITICAL FAILURE: Low QoE, High Unfairness, and System Instability Co-occurred']",0.0668534386331852,-7.3333335,-10.0,10.845754,1.8810487985610962,5.959992,0.15707069049972042,True,True,True,True
Stable Mobility,160,Random-Fuzzer,ML-Based,14,0.9333333333333333,2,"['Ping-Pong: 11 UEs oscillating', 'QoS Violation: 5th Percentile Throughput = 1.88 Mbps']",0.2766723025585885,-8.912792,-10.0,3.1311686,1.8810487985610962,5.726951,0.1649572197684645,True,True,False,False
Stable Mobility,161,Random-Fuzzer,ML-Based,13,0.8666666666666667,4,"['Ping-Pong: 11 UEs oscillating', 'QoS Violation: 5th Percentile Throughput = 1.88 Mbps', 'Unfairness: Jain Index = 0.17', 'CRITICAL FAILURE: Low QoE, High Unfairness, and System Instability Co-occurred']",0.17480524068750222,-7.114758,-10.0,6.1308107,1.8810487985610962,4.9445505,0.12046772038736682,True,True,True,True
Stable Mobility,162,Random-Fuzzer,ML-Based,13,0.8666666666666667,4,"['Ping-Pong: 10 UEs oscillating', 'QoS Violation: 5th Percentile Throughput = 1.88 Mbps', 'Unfairness: Jain Index = 0.07', 'CRITICAL FAILURE: Low QoE, High Unfairness, and System Instability Co-occurred']",0.07049432163030576,-5.0783205,-10.0,15.514968,1.8810487985610962,4.965021,0.09035079029052513,True,True,True,True
Stable Mobility,163,Random-Fuzzer,ML-Based,13,0.8666666666666667,4,"['Ping-Pong: 9 UEs oscillating', 'QoS Violation: 5th Percentile Throughput = 1.88 Mbps', 'Unfairness: Jain Index = 0.07', 'CRITICAL FAILURE: Low QoE, High Unfairness, and System Instability Co-occurred']",0.06811084782413933,-5.0386143,-10.0,15.079362,1.8810487985610962,5.023164,0.09035079029052512,True,True,True,True
Stable Mobility,164,Random-Fuzzer,ML-Based,12,0.8,4,"['Ping-Pong: 10 UEs oscillating', 'QoS Violation: 5th Percentile Throughput = 1.88 Mbps', 'Unfairness: Jain Index = 0.10', 'CRITICAL FAILURE: Low QoE, High Unfairness, and System Instability Co-occurred']",0.10243918898718726,-7.6712065,-10.0,5.5771856,1.8810487985610962,5.154615,0.09712418121129114,True,True,True,True
Stable Mobility,165,Random-Fuzzer,ML-Based,14,0.9333333333333333,4,"['Ping-Pong: 11 UEs oscillating', 'QoS Violation: 5th Percentile Throughput = 1.88 Mbps', 'Unfairness: Jain Index = 0.07', 'CRITICAL FAILURE: Low QoE, High Unfairness, and System Instability Co-occurred']",0.0668534386331852,-7.3333335,-10.0,10.845754,1.8810487985610962,5.959992,0.13535876574811329,True,True,True,True
Stable Mobility,166,Random-Fuzzer,ML-Based,12,0.8,4,"['Ping-Pong: 9 UEs oscillating', 'QoS Violation: 5th Percentile Throughput = 1.88 Mbps', 'Unfairness: Jain Index = 0.19', 'CRITICAL FAILURE: Low QoE, High Unfairness, and System Instability Co-occurred']",0.19392135939452135,0.98889977,-10.0,32.77119,1.8810487985610962,3.6345112,0.09035079029052513,True,True,True,True
Stable Mobility,167,Random-Fuzzer,ML-Based,13,0.8666666666666667,4,"['Ping-Pong: 10 UEs oscillating', 'QoS Violation: 5th Percentile Throughput = 1.88 Mbps', 'Unfairness: Jain Index = 0.10', 'CRITICAL FAILURE: Low QoE, High Unfairness, and System Instability Co-occurred']",0.09753779505242909,-7.4848394,-10.0,6.3201876,1.8810487985610962,5.2772326,0.22090311437606097,True,True,True,True
Stable Mobility,168,Random-Fuzzer,ML-Based,13,0.8666666666666667,2,"['Ping-Pong: 11 UEs oscillating', 'QoS Violation: 5th Percentile Throughput = 1.88 Mbps']",0.25581916909800084,-6.294258,-10.0,7.0903134,1.8810487985610962,4.5330653,0.13997084244475305,True,True,False,False
Stable Mobility,169,Random-Fuzzer,ML-Based,15,1.0,2,"['Ping-Pong: 12 UEs oscillating', 'QoS Violation: 5th Percentile Throughput = 1.88 Mbps']",0.7425320670416888,-8.899047,-10.0,2.6162372,1.8810487985610962,5.3804426,0.1487666604934601,True,True,False,False
Stable Mobility,170,Random-Fuzzer,ML-Based,15,1.0,4,"['Ping-Pong: 13 UEs oscillating', 'QoS Violation: 5th Percentile Throughput = 1.88 Mbps', 'Unfairness: Jain Index = 0.15', 'CRITICAL FAILURE: Low QoE, High Unfairness, and System Instability Co-occurred']",0.14849950903489184,-6.3377986,-10.0,9.834002,1.8810487985610962,5.1734567,0.10942024088643863,True,True,True,True
Stable Mobility,171,Random-Fuzzer,ML-Based,15,1.0,2,"['Ping-Pong: 15 UEs oscillating', 'QoS Violation: 5th Percentile Throughput = 1.88 Mbps']",0.9711911123693548,-9.842346,-10.0,1.964892,1.8810487985610962,6.2090073,0.10345505229714491,True,True,False,False
Stable Mobility,172,Random-Fuzzer,ML-Based,12,0.8,4,"['Ping-Pong: 12 UEs oscillating', 'QoS Violation: 5th Percentile Throughput = 1.88 Mbps', 'Unfairness: Jain Index = 0.07', 'CRITICAL FAILURE: Low QoE, High Unfairness, and System Instability Co-occurred']",0.07408167470836509,-8.3922205,-10.0,6.0824647,1.8810487985610962,5.966451,0.12046772038736682,True,True,True,True
Stable Mobility,173,Random-Fuzzer,ML-Based,14,0.9333333333333333,2,"['Ping-Pong: 11 UEs oscillating', 'QoS Violation: 5th Percentile Throughput = 1.88 Mbps']",0.6554682951914981,-8.75231,-10.0,2.8028986,1.8810487985610962,5.3479004,0.09035079029052513,True,True,False,False
Stable Mobility,174,Random-Fuzzer,ML-Based,13,0.8666666666666667,4,"['Ping-Pong: 10 UEs oscillating', 'QoS Violation: 5th Percentile Throughput = 1.88 Mbps', 'Unfairness: Jain Index = 0.07', 'CRITICAL FAILURE: Low QoE, High Unfairness, and System Instability Co-occurred']",0.06693698740905968,-6.4049997,-10.0,11.519741,1.8810487985610962,5.1872764,0.12046772038736683,True,True,True,True
Stable Mobility,175,Random-Fuzzer,ML-Based,13,0.8666666666666667,2,"['Ping-Pong: 11 UEs oscillating', 'QoS Violation: 5th Percentile Throughput = 1.88 Mbps']",0.6781219673186577,-9.079717,-10.0,2.5484695,1.8810487985610962,5.6073337,0.15707069049972042,True,True,False,False
Stable Mobility,176,Random-Fuzzer,ML-Based,13,0.8666666666666667,4,"['Ping-Pong: 9 UEs oscillating', 'QoS Violation: 5th Percentile Throughput = 1.88 Mbps', 'Unfairness: Jain Index = 0.17', 'CRITICAL FAILURE: Low QoE, High Unfairness, and System Instability Co-occurred']",0.1732733590508933,-8.226482,-10.0,4.099203,1.8810487985610962,5.268092,0.08302664654363189,True,True,True,True
Stable Mobility,177,Random-Fuzzer,ML-Based,11,0.7333333333333333,2,"['Ping-Pong: 7 UEs oscillating', 'QoS Violation: 5th Percentile Throughput = 1.88 Mbps']",0.46139786820338297,-8.954378,-10.0,2.8130786,1.8810487985610962,5.611555,0.09712418121129114,True,True,False,False
Stable Mobility,178,Random-Fuzzer,ML-Based,12,0.8,2,"['Ping-Pong: 7 UEs oscillating', 'QoS Violation: 5th Percentile Throughput = 1.88 Mbps']",0.681014274906826,-9.037324,-10.0,2.5912526,1.8810487985610962,5.5900164,0.06598288790738581,True,True,False,False
Stable Mobility,179,Random-Fuzzer,ML-Based,13,0.8666666666666667,2,"['Ping-Pong: 7 UEs oscillating', 'QoS Violation: 5th Percentile Throughput = 1.88 Mbps']",0.9172498453145201,-9.75769,-10.0,2.0290065,1.8810487985610962,6.1492267,0.1724835264407127,True,True,False,False
Stable Mobility,180,Random-Fuzzer,ML-Based,12,0.8,4,"['Ping-Pong: 8 UEs oscillating', 'QoS Violation: 5th Percentile Throughput = 1.88 Mbps', 'Unfairness: Jain Index = 0.08', 'CRITICAL FAILURE: Low QoE, High Unfairness, and System Instability Co-occurred']",0.07722465242942719,-7.7584243,-10.0,6.447784,1.8810487985610962,5.413537,0.10942024088643863,True,True,True,True
Stable Mobility,181,Random-Fuzzer,ML-Based,15,1.0,4,"['Ping-Pong: 10 UEs oscillating', 'QoS Violation: 5th Percentile Throughput = 1.88 Mbps', 'Unfairness: Jain Index = 0.11', 'CRITICAL FAILURE: Low QoE, High Unfairness, and System Instability Co-occurred']",0.11442209744444286,-6.6845927,-10.0,6.973124,1.8810487985610962,4.6871357,0.10942024088643863,True,True,True,True
Stable Mobility,182,Random-Fuzzer,ML-Based,15,1.0,2,"['Ping-Pong: 12 UEs oscillating', 'QoS Violation: 5th Percentile Throughput = 1.88 Mbps']",0.9657633361080311,-9.716165,-10.0,2.0258005,1.8810487985610962,6.059095,0.10345505229714491,True,True,False,False
Stable Mobility,183,Random-Fuzzer,ML-Based,14,0.9333333333333333,4,"['Ping-Pong: 14 UEs oscillating', 'QoS Violation: 5th Percentile Throughput = 1.88 Mbps', 'Unfairness: Jain Index = 0.07', 'CRITICAL FAILURE: Low QoE, High Unfairness, and System Instability Co-occurred']",0.0669152453024593,-6.6863194,-10.0,11.335953,1.8810487985610962,5.4355826,0.09035079029052512,True,True,True,True
Stable Mobility,184,Random-Fuzzer,ML-Based,12,0.8,4,"['Ping-Pong: 11 UEs oscillating', 'QoS Violation: 5th Percentile Throughput = 1.88 Mbps', 'Unfairness: Jain Index = 0.09', 'CRITICAL FAILURE: Low QoE, High Unfairness, and System Instability Co-occurred']",0.08510681226083593,-3.835262,-10.0,15.073778,1.8810487985610962,3.966338,0.12046772038736682,True,True,True,True
Stable Mobility,185,Random-Fuzzer,ML-Based,12,0.8,4,"['Ping-Pong: 9 UEs oscillating', 'QoS Violation: 5th Percentile Throughput = 1.88 Mbps', 'Unfairness: Jain Index = 0.07', 'CRITICAL FAILURE: Low QoE, High Unfairness, and System Instability Co-occurred']",0.06706548615877829,-6.515051,-10.0,12.021449,1.8810487985610962,5.5756884,0.09712418121129114,True,True,True,True
Stable Mobility,186,Random-Fuzzer,ML-Based,15,1.0,2,"['Ping-Pong: 10 UEs oscillating', 'QoS Violation: 5th Percentile Throughput = 1.88 Mbps']",0.2090226968331902,-7.9567,-10.0,4.215152,1.8810487985610962,5.0435414,0.07499055118106487,True,True,False,False
Stable Mobility,187,Random-Fuzzer,ML-Based,13,0.8666666666666667,2,"['Ping-Pong: 10 UEs oscillating', 'QoS Violation: 5th Percentile Throughput = 1.88 Mbps']",0.31601318967852227,-7.82672,-10.0,4.268814,1.8810487985610962,5.0167694,0.13535876574811329,True,True,False,False
Stable Mobility,188,Random-Fuzzer,ML-Based,15,1.0,4,"['Ping-Pong: 13 UEs oscillating', 'QoS Violation: 5th Percentile Throughput = 1.88 Mbps', 'Unfairness: Jain Index = 0.08', 'CRITICAL FAILURE: Low QoE, High Unfairness, and System Instability Co-occurred']",0.07883365778776205,-1.8896829,-10.0,23.81781,1.8810487985610962,4.329242,0.09712418121129114,True,True,True,True
Stable Mobility,189,Random-Fuzzer,ML-Based,13,0.8666666666666667,2,"['Ping-Pong: 12 UEs oscillating', 'QoS Violation: 5th Percentile Throughput = 1.88 Mbps']",0.5044858153280134,-8.461966,-10.0,3.3305051,1.8810487985610962,5.366958,0.13535876574811329,True,True,False,False
Stable Mobility,190,Random-Fuzzer,ML-Based,11,0.7333333333333333,2,"['Ping-Pong: 10 UEs oscillating', 'QoS Violation: 5th Percentile Throughput = 1.88 Mbps']",0.5369588028744905,-8.491172,-10.0,3.1862047,1.8810487985610962,5.2820516,0.13058389715049606,True,True,False,False
Stable Mobility,191,Random-Fuzzer,ML-Based,11,0.7333333333333333,4,"['Ping-Pong: 8 UEs oscillating', 'QoS Violation: 5th Percentile Throughput = 1.88 Mbps', 'Unfairness: Jain Index = 0.14', 'CRITICAL FAILURE: Low QoE, High Unfairness, and System Instability Co-occurred']",0.13755047669876336,-3.932373,-10.0,16.881615,1.8810487985610962,4.4890056,0.13535876574811329,True,True,True,True
Stable Mobility,192,Random-Fuzzer,ML-Based,12,0.8,2,"['Ping-Pong: 8 UEs oscillating', 'QoS Violation: 5th Percentile Throughput = 1.88 Mbps']",0.25383849953966703,-8.47709,-10.0,3.5229242,1.8810487985610962,5.3494067,0.05553287518900287,True,True,False,False
Stable Mobility,193,Random-Fuzzer,ML-Based,13,0.8666666666666667,4,"['Ping-Pong: 8 UEs oscillating', 'QoS Violation: 5th Percentile Throughput = 1.88 Mbps', 'Unfairness: Jain Index = 0.12', 'CRITICAL FAILURE: Low QoE, High Unfairness, and System Instability Co-occurred']",0.12055968221758481,-7.793129,-10.0,4.9603586,1.8810487985610962,5.0567565,0.09035079029052513,True,True,True,True
Stable Mobility,194,Random-Fuzzer,ML-Based,12,0.8,4,"['Ping-Pong: 9 UEs oscillating', 'QoS Violation: 5th Percentile Throughput = 1.88 Mbps', 'Unfairness: Jain Index = 0.07', 'CRITICAL FAILURE: Low QoE, High Unfairness, and System Instability Co-occurred']",0.06694289955313455,-6.3362937,-10.0,11.569731,1.8810487985610962,5.138848,0.15707069049972042,True,True,True,True
Stable Mobility,195,Random-Fuzzer,ML-Based,13,0.8666666666666667,4,"['Ping-Pong: 9 UEs oscillating', 'QoS Violation: 5th Percentile Throughput = 1.88 Mbps', 'Unfairness: Jain Index = 0.07', 'CRITICAL FAILURE: Low QoE, High Unfairness, and System Instability Co-occurred']",0.06774789239233904,-5.0810924,-10.0,14.567313,1.8810487985610962,4.9406815,0.09035079029052513,True,True,True,True
Stable Mobility,196,Random-Fuzzer,ML-Based,10,0.6666666666666666,4,"['Ping-Pong: 8 UEs oscillating', 'QoS Violation: 5th Percentile Throughput = 1.88 Mbps', 'Unfairness: Jain Index = 0.07', 'CRITICAL FAILURE: Low QoE, High Unfairness, and System Instability Co-occurred']",0.07019569716367097,-7.460816,-10.0,7.756328,1.8810487985610962,5.3710933,0.17969487870584008,True,True,True,True
Stable Mobility,197,Random-Fuzzer,ML-Based,15,1.0,2,"['Ping-Pong: 10 UEs oscillating', 'QoS Violation: 5th Percentile Throughput = 1.88 Mbps']",0.48036755126059794,-8.138355,-10.0,3.621787,1.8810487985610962,5.112101,0.06598288790738581,True,True,False,False
Stable Mobility,198,Random-Fuzzer,ML-Based,14,0.9333333333333333,2,"['Ping-Pong: 9 UEs oscillating', 'QoS Violation: 5th Percentile Throughput = 1.88 Mbps']",0.9305236128449076,-9.579649,-10.0,2.1097589,1.8810487985610962,5.9306936,0.055532875189002864,True,True,False,False
Stable Mobility,199,Random-Fuzzer,ML-Based,13,0.8666666666666667,2,"['Ping-Pong: 12 UEs oscillating', 'QoS Violation: 5th Percentile Throughput = 1.88 Mbps']",0.6644376707524308,-8.900493,-10.0,2.6719363,1.8810487985610962,5.438991,0.1034550522971449,True,True,False,False
Stable Mobility,200,Random-Fuzzer,ML-Based,14,0.9333333333333333,4,"['Ping-Pong: 11 UEs oscillating', 'QoS Violation: 5th Percentile Throughput = 1.88 Mbps', 'Unfairness: Jain Index = 0.08', 'CRITICAL FAILURE: Low QoE, High Unfairness, and System Instability Co-occurred']",0.08323968755248061,-6.2663264,-10.0,9.418263,1.8810487985610962,4.882521,0.042591770999996004,True,True,True,True
Stable Mobility,201,Random-Fuzzer,ML-Based,15,1.0,4,"['Ping-Pong: 12 UEs oscillating', 'QoS Violation: 5th Percentile Throughput = 1.88 Mbps', 'Unfairness: Jain Index = 0.07', 'CRITICAL FAILURE: Low QoE, High Unfairness, and System Instability Co-occurred']",0.07096057179119461,-4.847361,-10.0,16.331915,1.8810487985610962,5.1001287,0.12046772038736682,True,True,True,True
Stable Mobility,202,Random-Fuzzer,ML-Based,12,0.8,2,"['Ping-Pong: 11 UEs oscillating', 'QoS Violation: 5th Percentile Throughput = 1.88 Mbps']",0.21668717552894956,-6.519232,-10.0,8.029331,1.8810487985610962,4.881699,0.0659828879073858,True,True,False,False
Stable Mobility,203,Random-Fuzzer,ML-Based,14,0.9333333333333333,4,"['Ping-Pong: 12 UEs oscillating', 'QoS Violation: 5th Percentile Throughput = 1.88 Mbps', 'Unfairness: Jain Index = 0.13', 'CRITICAL FAILURE: Low QoE, High Unfairness, and System Instability Co-occurred']",0.133944560921914,-7.649001,-10.0,5.704453,1.8810487985610962,5.295758,0.12046772038736682,True,True,True,True
Stable Mobility,204,Random-Fuzzer,ML-Based,11,0.7333333333333333,4,"['Ping-Pong: 9 UEs oscillating', 'QoS Violation: 5th Percentile Throughput = 1.88 Mbps', 'Unfairness: Jain Index = 0.07', 'CRITICAL FAILURE: Low QoE, High Unfairness, and System Instability Co-occurred']",0.06709613125445557,-6.112796,-10.0,12.276507,1.8810487985610962,5.261073,0.09035079029052513,True,True,True,True
Stable Mobility,205,Random-Fuzzer,ML-Based,12,0.8,2,"['Ping-Pong: 8 UEs oscillating', 'QoS Violation: 5th Percentile Throughput = 1.88 Mbps']",0.21508875500708266,-8.647526,-10.0,3.5514445,1.8810487985610962,5.577323,0.0659828879073858,True,True,False,False
Stable Mobility,206,Random-Fuzzer,ML-Based,12,0.8,4,"['Ping-Pong: 8 UEs oscillating', 'QoS Violation: 5th Percentile Throughput = 1.88 Mbps', 'Unfairness: Jain Index = 0.07', 'CRITICAL FAILURE: Low QoE, High Unfairness, and System Instability Co-occurred']",0.06688650049663906,-6.9726534,-10.0,11.1128235,1.8810487985610962,5.670588,0.09035079029052513,True,True,True,True
Stable Mobility,207,Random-Fuzzer,ML-Based,12,0.8,4,"['Ping-Pong: 10 UEs oscillating', 'QoS Violation: 5th Percentile Throughput = 1.88 Mbps', 'Unfairness: Jain Index = 0.10', 'CRITICAL FAILURE: Low QoE, High Unfairness, and System Instability Co-occurred']",0.10203787402360372,-4.887972,-10.0,18.230251,1.8810487985610962,5.370051,0.06598288790738581,True,True,True,True
Stable Mobility,208,Random-Fuzzer,ML-Based,11,0.7333333333333333,4,"['Ping-Pong: 9 UEs oscillating', 'QoS Violation: 5th Percentile Throughput = 1.88 Mbps', 'Unfairness: Jain Index = 0.07', 'CRITICAL FAILURE: Low QoE, High Unfairness, and System Instability Co-occurred']",0.0699033947939966,-5.043448,-10.0,15.4873905,1.8810487985610962,4.9877925,0.10942024088643863,True,True,True,True
Stable Mobility,209,Random-Fuzzer,ML-Based,13,0.8666666666666667,4,"['Ping-Pong: 10 UEs oscillating', 'QoS Violation: 5th Percentile Throughput = 1.88 Mbps', 'Unfairness: Jain Index = 0.16', 'CRITICAL FAILURE: Low QoE, High Unfairness, and System Instability Co-occurred']",0.1550041729430426,-7.1799498,-10.0,7.4728336,1.8810487985610962,5.292874,0.08302664654363187,True,True,True,True
Stable Mobility,210,Random-Fuzzer,ML-Based,15,1.0,4,"['Ping-Pong: 10 UEs oscillating', 'QoS Violation: 5th Percentile Throughput = 1.88 Mbps', 'Unfairness: Jain Index = 0.07', 'CRITICAL FAILURE: Low QoE, High Unfairness, and System Instability Co-occurred']",0.07188507316799823,-4.442516,-10.0,17.88888,1.8810487985610962,5.140538,0.12046772038736682,True,True,True,True
Stable Mobility,211,Random-Fuzzer,ML-Based,14,0.9333333333333333,4,"['Ping-Pong: 12 UEs oscillating', 'QoS Violation: 5th Percentile Throughput = 1.88 Mbps', 'Unfairness: Jain Index = 0.17', 'CRITICAL FAILURE: Low QoE, High Unfairness, and System Instability Co-occurred']",0.17286945018384037,-8.649583,-10.0,3.6729753,1.8810487985610962,5.586386,0.09712418121129114,True,True,True,True
Stable Mobility,212,Random-Fuzzer,ML-Based,14,0.9333333333333333,4,"['Ping-Pong: 13 UEs oscillating', 'QoS Violation: 5th Percentile Throughput = 1.88 Mbps', 'Unfairness: Jain Index = 0.13', 'CRITICAL FAILURE: Low QoE, High Unfairness, and System Instability Co-occurred']",0.13323329498183764,-7.9028964,-10.0,5.0122104,1.8810487985610962,5.3215327,0.11507662831994829,True,True,True,True
Stable Mobility,213,Random-Fuzzer,ML-Based,13,0.8666666666666667,2,"['Ping-Pong: 12 UEs oscillating', 'QoS Violation: 5th Percentile Throughput = 1.88 Mbps']",0.7308892491584118,-9.317153,-10.0,2.3754578,1.8810487985610962,5.818965,0.1256276757930754,True,True,False,False
Stable Mobility,214,Random-Fuzzer,ML-Based,14,0.9333333333333333,2,"['Ping-Pong: 11 UEs oscillating', 'QoS Violation: 5th Percentile Throughput = 1.88 Mbps']",0.2045237542820009,-8.267136,-10.0,4.1454744,1.8810487985610962,5.418475,0.05553287518900287,True,True,False,False
Stable Mobility,215,Random-Fuzzer,ML-Based,14,0.9333333333333333,2,"['Ping-Pong: 11 UEs oscillating', 'QoS Violation: 5th Percentile Throughput = 1.88 Mbps']",0.49621445350804827,-8.882602,-10.0,2.825723,1.8810487985610962,5.513664,0.042591770999996004,True,True,False,False
Stable Mobility,216,Random-Fuzzer,ML-Based,12,0.8,2,"['Ping-Pong: 11 UEs oscillating', 'QoS Violation: 5th Percentile Throughput = 1.88 Mbps']",0.558212388742844,-8.752031,-10.0,2.8649063,1.8810487985610962,5.3773556,0.2969229955832362,True,True,False,False
Stable Mobility,217,Random-Fuzzer,ML-Based,13,0.8666666666666667,4,"['Ping-Pong: 10 UEs oscillating', 'QoS Violation: 5th Percentile Throughput = 1.88 Mbps', 'Unfairness: Jain Index = 0.07', 'CRITICAL FAILURE: Low QoE, High Unfairness, and System Instability Co-occurred']",0.06715947036410838,-5.828892,-10.0,12.685149,1.8810487985610962,5.0946536,0.08302664654363187,True,True,True,True
Stable Mobility,218,Random-Fuzzer,ML-Based,11,0.7333333333333333,2,"['Ping-Pong: 9 UEs oscillating', 'QoS Violation: 5th Percentile Throughput = 1.88 Mbps']",0.8335123207307555,-9.205339,-10.0,2.3745925,1.8810487985610962,5.6307383,0.12046772038736682,True,True,False,False
Stable Mobility,219,Random-Fuzzer,ML-Based,15,1.0,4,"['Ping-Pong: 10 UEs oscillating', 'QoS Violation: 5th Percentile Throughput = 1.88 Mbps', 'Unfairness: Jain Index = 0.12', 'CRITICAL FAILURE: Low QoE, High Unfairness, and System Instability Co-occurred']",0.11724174984257599,-3.900036,-10.0,19.528511,1.8810487985610962,4.741278,0.12046772038736682,True,True,True,True
Stable Mobility,220,Random-Fuzzer,ML-Based,12,0.8,4,"['Ping-Pong: 9 UEs oscillating', 'QoS Violation: 5th Percentile Throughput = 1.88 Mbps', 'Unfairness: Jain Index = 0.07', 'CRITICAL FAILURE: Low QoE, High Unfairness, and System Instability Co-occurred']",0.07321296272135924,-2.778713,-10.0,20.102404,1.8810487985610962,4.1162577,0.08302664654363189,True,True,True,True
Stable Mobility,221,Random-Fuzzer,ML-Based,10,0.6666666666666666,4,"['Ping-Pong: 9 UEs oscillating', 'QoS Violation: 5th Percentile Throughput = 1.88 Mbps', 'Unfairness: Jain Index = 0.13', 'CRITICAL FAILURE: Low QoE, High Unfairness, and System Instability Co-occurred']",0.13391345027601576,-2.9669182,-10.0,21.889088,1.8810487985610962,4.4413123,0.15707069049972042,True,True,True,True
Stable Mobility,222,Random-Fuzzer,ML-Based,11,0.7333333333333333,4,"['Ping-Pong: 6 UEs oscillating', 'QoS Violation: 5th Percentile Throughput = 1.88 Mbps', 'Unfairness: Jain Index = 0.07', 'CRITICAL FAILURE: Low QoE, High Unfairness, and System Instability Co-occurred']",0.06892625632942012,-4.9713607,-10.0,15.463281,1.8810487985610962,5.001379,0.07499055118106486,True,True,True,True
Stable Mobility,223,Random-Fuzzer,ML-Based,14,0.9333333333333333,4,"['Ping-Pong: 7 UEs oscillating', 'QoS Violation: 5th Percentile Throughput = 1.88 Mbps', 'Unfairness: Jain Index = 0.18', 'CRITICAL FAILURE: Low QoE, High Unfairness, and System Instability Co-occurred']",0.17999354162969886,-6.5628963,-10.0,8.791243,1.8810487985610962,5.1728573,0.07499055118106486,True,True,True,True
Stable Mobility,224,Random-Fuzzer,ML-Based,11,0.7333333333333333,2,"['Ping-Pong: 7 UEs oscillating', 'QoS Violation: 5th Percentile Throughput = 1.88 Mbps']",0.3577177899944262,-8.089069,-10.0,3.714675,1.8810487985610962,5.0309396,0.09035079029052512,True,True,False,False
Stable Mobility,225,Random-Fuzzer,ML-Based,14,0.9333333333333333,4,"['Ping-Pong: 10 UEs oscillating', 'QoS Violation: 5th Percentile Throughput = 1.88 Mbps', 'Unfairness: Jain Index = 0.08', 'CRITICAL FAILURE: Low QoE, High Unfairness, and System Instability Co-occurred']",0.07906023012928091,-6.938834,-10.0,8.451253,1.8810487985610962,5.1954417,0.11507662831994829,True,True,True,True
Stable Mobility,226,Random-Fuzzer,ML-Based,15,1.0,4,"['Ping-Pong: 11 UEs oscillating', 'QoS Violation: 5th Percentile Throughput = 1.88 Mbps', 'Unfairness: Jain Index = 0.07', 'CRITICAL FAILURE: Low QoE, High Unfairness, and System Instability Co-occurred']",0.06693439011932276,-6.608879,-10.0,11.4538,1.8810487985610962,5.3882155,0.08302664654363189,True,True,True,True
Stable Mobility,227,Random-Fuzzer,ML-Based,13,0.8666666666666667,2,"['Ping-Pong: 13 UEs oscillating', 'QoS Violation: 5th Percentile Throughput = 1.88 Mbps']",0.6625121408701189,-9.21371,-10.0,2.4420216,1.8810487985610962,5.678296,0.09035079029052513,True,True,False,False
Stable Mobility,228,Random-Fuzzer,ML-Based,12,0.8,4,"['Ping-Pong: 10 UEs oscillating', 'QoS Violation: 5th Percentile Throughput = 1.88 Mbps', 'Unfairness: Jain Index = 0.07', 'CRITICAL FAILURE: Low QoE, High Unfairness, and System Instability Co-occurred']",0.06744503671752881,-6.861908,-10.0,10.175185,1.8810487985610962,5.400492,0.1150766283199483,True,True,True,True
Stable Mobility,229,Random-Fuzzer,ML-Based,15,1.0,4,"['Ping-Pong: 10 UEs oscillating', 'QoS Violation: 5th Percentile Throughput = 1.88 Mbps', 'Unfairness: Jain Index = 0.13', 'CRITICAL FAILURE: Low QoE, High Unfairness, and System Instability Co-occurred']",0.13370252385861958,-2.990409,-10.0,21.250586,1.8810487985610962,4.273558,0.05553287518900287,True,True,True,True
Stable Mobility,230,Random-Fuzzer,ML-Based,14,0.9333333333333333,2,"['Ping-Pong: 12 UEs oscillating', 'QoS Violation: 5th Percentile Throughput = 1.88 Mbps']",1.000000119209291,-10.0,-10.0,1.8810486,1.8810487985610962,6.3794193,0.1724835264407127,True,True,False,False
Stable Mobility,231,Random-Fuzzer,ML-Based,13,0.8666666666666667,2,"['Ping-Pong: 12 UEs oscillating', 'QoS Violation: 5th Percentile Throughput = 1.88 Mbps']",0.31083110750259696,-6.700258,-10.0,6.0449834,1.8810487985610962,4.585101,0.10942024088643865,True,True,False,False
Stable Mobility,232,Random-Fuzzer,ML-Based,14,0.9333333333333333,4,"['Ping-Pong: 12 UEs oscillating', 'QoS Violation: 5th Percentile Throughput = 1.88 Mbps', 'Unfairness: Jain Index = 0.11', 'CRITICAL FAILURE: Low QoE, High Unfairness, and System Instability Co-occurred']",0.1103707337865613,-7.1118145,-10.0,6.431435,1.8810487985610962,4.907536,0.08302664654363189,True,True,True,True
Stable Mobility,233,Random-Fuzzer,ML-Based,14,0.9333333333333333,4,"['Ping-Pong: 12 UEs oscillating', 'QoS Violation: 5th Percentile Throughput = 1.88 Mbps', 'Unfairness: Jain Index = 0.07', 'CRITICAL FAILURE: Low QoE, High Unfairness, and System Instability Co-occurred']",0.07220255662927215,-6.1237135,-10.0,9.630948,1.8810487985610962,4.7362123,0.13997084244475305,True,True,True,True
Stable Mobility,234,Random-Fuzzer,ML-Based,13,0.8666666666666667,2,"['Ping-Pong: 11 UEs oscillating', 'QoS Violation: 5th Percentile Throughput = 1.88 Mbps']",0.27395696823119314,-9.235028,-10.0,2.8444903,1.8810487985610962,5.9634776,0.12046772038736682,True,True,False,False
Stable Mobility,235,Random-Fuzzer,ML-Based,14,0.9333333333333333,4,"['Ping-Pong: 11 UEs oscillating', 'QoS Violation: 5th Percentile Throughput = 1.88 Mbps', 'Unfairness: Jain Index = 0.12', 'CRITICAL FAILURE: Low QoE, High Unfairness, and System Instability Co-occurred']",0.12140183731182781,-2.9858577,-10.0,21.664019,1.8810487985610962,4.600008,0.10942024088643863,True,True,True,True
Stable Mobility,236,Random-Fuzzer,ML-Based,14,0.9333333333333333,2,"['Ping-Pong: 11 UEs oscillating', 'QoS Violation: 5th Percentile Throughput = 1.88 Mbps']",0.2983899931439281,-8.897449,-10.0,3.117661,1.8810487985610962,5.713684,0.13997084244475305,True,True,False,False
Stable Mobility,237,Random-Fuzzer,ML-Based,12,0.8,4,"['Ping-Pong: 10 UEs oscillating', 'QoS Violation: 5th Percentile Throughput = 1.88 Mbps', 'Unfairness: Jain Index = 0.09', 'CRITICAL FAILURE: Low QoE, High Unfairness, and System Instability Co-occurred']",0.08743049482128244,-7.820859,-10.0,5.798766,1.8810487985610962,5.323494,0.042591770999996004,True,True,True,True
Stable Mobility,238,Random-Fuzzer,ML-Based,11,0.7333333333333333,2,"['Ping-Pong: 8 UEs oscillating', 'QoS Violation: 5th Percentile Throughput = 1.88 Mbps']",0.8147578965288058,-8.856149,-10.0,2.5964944,1.8810487985610962,5.3045635,0.2723876123061923,True,True,False,False
Stable Mobility,239,Random-Fuzzer,ML-Based,11,0.7333333333333333,3,"['Ping-Pong: 5 UEs oscillating', 'QoS Violation: 5th Percentile Throughput = 1.88 Mbps', 'Unfairness: Jain Index = 0.09']",0.0920449900894093,-8.184167,-10.0,5.116023,1.8810487985610962,5.458219,0.1487666604934601,True,True,True,False
Stable Mobility,240,Random-Fuzzer,ML-Based,14,0.9333333333333333,4,"['Ping-Pong: 8 UEs oscillating', 'QoS Violation: 5th Percentile Throughput = 1.88 Mbps', 'Unfairness: Jain Index = 0.15', 'CRITICAL FAILURE: Low QoE, High Unfairness, and System Instability Co-occurred']",0.14909693637034563,-7.149393,-10.0,6.0546956,1.8810487985610962,4.944795,0.1649572197684645,True,True,True,True
Stable Mobility,241,Random-Fuzzer,ML-Based,15,1.0,2,"['Ping-Pong: 11 UEs oscillating', 'QoS Violation: 5th Percentile Throughput = 1.88 Mbps']",0.30507247968407275,-8.420206,-10.0,3.7521641,1.8810487985610962,5.444722,0.1150766283199483,True,True,False,False
Stable Mobility,242,Random-Fuzzer,ML-Based,15,1.0,4,"['Ping-Pong: 14 UEs oscillating', 'QoS Violation: 5th Percentile Throughput = 1.88 Mbps', 'Unfairness: Jain Index = 0.07', 'CRITICAL FAILURE: Low QoE, High Unfairness, and System Instability Co-occurred']",0.0677395647137317,-5.9776754,-10.0,13.469819,1.8810487985610962,5.388507,0.10345505229714491,True,True,True,True
Stable Mobility,243,Random-Fuzzer,ML-Based,13,0.8666666666666667,4,"['Ping-Pong: 13 UEs oscillating', 'QoS Violation: 5th Percentile Throughput = 1.88 Mbps', 'Unfairness: Jain Index = 0.08', 'CRITICAL FAILURE: Low QoE, High Unfairness, and System Instability Co-occurred']",0.08241931195109313,-6.107762,-10.0,8.340191,1.8810487985610962,4.411301,0.08302664654363189,True,True,True,True
Stable Mobility,244,Random-Fuzzer,ML-Based,9,0.6,4,"['Ping-Pong: 7 UEs oscillating', 'QoS Violation: 5th Percentile Throughput = 1.88 Mbps', 'Unfairness: Jain Index = 0.12', 'CRITICAL FAILURE: Low QoE, High Unfairness, and System Instability Co-occurred']",0.1223272573636382,-5.2114654,-10.0,10.916507,1.8810487985610962,4.3380957,0.13058389715049606,True,True,True,True
Stable Mobility,245,Random-Fuzzer,ML-Based,15,1.0,2,"['Ping-Pong: 7 UEs oscillating', 'QoS Violation: 5th Percentile Throughput = 1.88 Mbps']",0.217598998092699,-8.362881,-10.0,4.2725253,1.8810487985610962,5.6137342,0.09035079029052512,True,True,False,False
Stable Mobility,246,Random-Fuzzer,ML-Based,14,0.9333333333333333,4,"['Ping-Pong: 8 UEs oscillating', 'QoS Violation: 5th Percentile Throughput = 1.88 Mbps', 'Unfairness: Jain Index = 0.07', 'CRITICAL FAILURE: Low QoE, High Unfairness, and System Instability Co-occurred']",0.0671710774079035,-5.8763595,-10.0,12.741352,1.8810487985610962,5.212672,0.13535876574811329,True,True,True,True
Stable Mobility,247,Random-Fuzzer,ML-Based,14,0.9333333333333333,2,"['Ping-Pong: 13 UEs oscillating', 'QoS Violation: 5th Percentile Throughput = 1.88 Mbps']",0.24636052106137898,-9.232497,-10.0,2.9166136,1.8810487985610962,6.000063,0.05553287518900287,True,True,False,False
Stable Mobility,248,Random-Fuzzer,ML-Based,15,1.0,4,"['Ping-Pong: 13 UEs oscillating', 'QoS Violation: 5th Percentile Throughput = 1.88 Mbps', 'Unfairness: Jain Index = 0.10', 'CRITICAL FAILURE: Low QoE, High Unfairness, and System Instability Co-occurred']",0.10433616057362993,-8.33404,-10.0,4.680635,1.8810487985610962,5.5215282,0.1965692137195266,True,True,True,True
Stable Mobility,249,Random-Fuzzer,ML-Based,12,0.8,4,"['Ping-Pong: 11 UEs oscillating', 'QoS Violation: 5th Percentile Throughput = 1.88 Mbps', 'Unfairness: Jain Index = 0.08', 'CRITICAL FAILURE: Low QoE, High Unfairness, and System Instability Co-occurred']",0.08275063368051881,-0.5743177,-10.0,25.226929,1.8810487985610962,3.3633432,0.1034550522971449,True,True,True,True
Stable Mobility,250,Random-Fuzzer,ML-Based,15,1.0,2,"['Ping-Pong: 12 UEs oscillating', 'QoS Violation: 5th Percentile Throughput = 1.88 Mbps']",0.40085136570639424,-7.522421,-10.0,4.6528554,1.8810487985610962,4.901121,0.08302664654363189,True,True,False,False
Stable Mobility,251,Random-Fuzzer,ML-Based,12,0.8,2,"['Ping-Pong: 10 UEs oscillating', 'QoS Violation: 5th Percentile Throughput = 1.88 Mbps']",0.3935034357614894,-8.413264,-10.0,3.42226,1.8810487985610962,5.287746,0.11507662831994829,True,True,False,False
Stable Mobility,252,Random-Fuzzer,ML-Based,14,0.9333333333333333,2,"['Ping-Pong: 12 UEs oscillating', 'QoS Violation: 5th Percentile Throughput = 1.88 Mbps']",0.533141311597098,-8.854789,-10.0,2.8405066,1.8810487985610962,5.519464,0.06598288790738581,True,True,False,False
Stable Mobility,253,Random-Fuzzer,ML-Based,14,0.9333333333333333,4,"['Ping-Pong: 11 UEs oscillating', 'QoS Violation: 5th Percentile Throughput = 1.88 Mbps', 'Unfairness: Jain Index = 0.09', 'CRITICAL FAILURE: Low QoE, High Unfairness, and System Instability Co-occurred']",0.09060338154063172,-6.822436,-10.0,8.031216,1.8810487985610962,5.062267,0.10942024088643863,True,True,True,True
Stable Mobility,254,Random-Fuzzer,ML-Based,12,0.8,4,"['Ping-Pong: 11 UEs oscillating', 'QoS Violation: 5th Percentile Throughput = 1.88 Mbps', 'Unfairness: Jain Index = 0.10', 'CRITICAL FAILURE: Low QoE, High Unfairness, and System Instability Co-occurred']",0.09666298743482535,-5.56368,-10.0,8.997853,1.8810487985610962,4.147209,0.07499055118106487,True,True,True,True
Stable Mobility,255,Random-Fuzzer,ML-Based,12,0.8,4,"['Ping-Pong: 10 UEs oscillating', 'QoS Violation: 5th Percentile Throughput = 1.88 Mbps', 'Unfairness: Jain Index = 0.08', 'CRITICAL FAILURE: Low QoE, High Unfairness, and System Instability Co-occurred']",0.07952172498425833,-2.797408,-10.0,21.93804,1.8810487985610962,4.58407,0.055532875189002864,True,True,True,True
Stable Mobility,256,Random-Fuzzer,ML-Based,12,0.8,4,"['Ping-Pong: 8 UEs oscillating', 'QoS Violation: 5th Percentile Throughput = 1.88 Mbps', 'Unfairness: Jain Index = 0.10', 'CRITICAL FAILURE: Low QoE, High Unfairness, and System Instability Co-occurred']",0.10060936700905253,-6.749275,-10.0,7.730916,1.8810487985610962,4.965329,0.08302664654363189,True,True,True,True
Stable Mobility,257,Random-Fuzzer,ML-Based,11,0.7333333333333333,4,"['Ping-Pong: 7 UEs oscillating', 'QoS Violation: 5th Percentile Throughput = 1.88 Mbps', 'Unfairness: Jain Index = 0.07', 'CRITICAL FAILURE: Low QoE, High Unfairness, and System Instability Co-occurred']",0.06721130397754922,-5.4451447,-10.0,12.933655,1.8810487985610962,4.7025976,0.12046772038736682,True,True,True,True
Stable Mobility,258,Random-Fuzzer,ML-Based,13,0.8666666666666667,4,"['Ping-Pong: 7 UEs oscillating', 'QoS Violation: 5th Percentile Throughput = 1.88 Mbps', 'Unfairness: Jain Index = 0.07', 'CRITICAL FAILURE: Low QoE, High Unfairness, and System Instability Co-occurred']",0.06915756924766585,-5.331222,-10.0,11.841763,1.8810487985610962,4.4948206,0.09035079029052513,True,True,True,True
Stable Mobility,259,Random-Fuzzer,ML-Based,13,0.8666666666666667,2,"['Ping-Pong: 8 UEs oscillating', 'QoS Violation: 5th Percentile Throughput = 1.88 Mbps']",0.9255810756292262,-9.620938,-10.0,2.0940967,1.8810487985610962,5.9902864,0.10942024088643863,True,True,False,False
Stable Mobility,260,Random-Fuzzer,ML-Based,11,0.7333333333333333,4,"['Ping-Pong: 8 UEs oscillating', 'QoS Violation: 5th Percentile Throughput = 1.88 Mbps', 'Unfairness: Jain Index = 0.07', 'CRITICAL FAILURE: Low QoE, High Unfairness, and System Instability Co-occurred']",0.07029148880058828,-3.890011,-10.0,17.64906,1.8810487985610962,4.557857,0.07499055118106487,True,True,True,True
Stable Mobility,261,Random-Fuzzer,ML-Based,12,0.8,2,"['Ping-Pong: 8 UEs oscillating', 'QoS Violation: 5th Percentile Throughput = 1.88 Mbps']",0.2860669501362865,-7.51284,-10.0,4.9828296,1.8810487985610962,4.9592524,0.1256276757930754,True,True,False,False
Stable Mobility,262,Random-Fuzzer,ML-Based,11,0.7333333333333333,2,"['Ping-Pong: 9 UEs oscillating', 'QoS Violation: 5th Percentile Throughput = 1.88 Mbps']",0.379011392280462,-8.123368,-10.0,4.000368,1.8810487985610962,5.302569,0.042591770999996004,True,True,False,False
Stable Mobility,263,Random-Fuzzer,ML-Based,12,0.8,4,"['Ping-Pong: 9 UEs oscillating', 'QoS Violation: 5th Percentile Throughput = 1.88 Mbps', 'Unfairness: Jain Index = 0.07', 'CRITICAL FAILURE: Low QoE, High Unfairness, and System Instability Co-occurred']",0.06751521797914765,-4.8229694,-10.0,14.324156,1.8810487985610962,4.6685214,0.08302664654363187,True,True,True,True
Stable Mobility,264,Random-Fuzzer,ML-Based,14,0.9333333333333333,2,"['Ping-Pong: 8 UEs oscillating', 'QoS Violation: 5th Percentile Throughput = 1.88 Mbps']",0.36634103546134344,-9.301361,-10.0,2.6424804,1.8810487985610962,5.946683,0.07499055118106486,True,True,False,False
Stable Mobility,265,Random-Fuzzer,ML-Based,14,0.9333333333333333,4,"['Ping-Pong: 10 UEs oscillating', 'QoS Violation: 5th Percentile Throughput = 1.88 Mbps', 'Unfairness: Jain Index = 0.07', 'CRITICAL FAILURE: Low QoE, High Unfairness, and System Instability Co-occurred']",0.06998234370112404,-7.118112,-10.0,8.639474,1.8810487985610962,5.3185043,0.07499055118106486,True,True,True,True
Stable Mobility,266,Random-Fuzzer,ML-Based,12,0.8,2,"['Ping-Pong: 10 UEs oscillating', 'QoS Violation: 5th Percentile Throughput = 1.88 Mbps']",0.5423674148255799,-8.728982,-10.0,2.9375148,1.8810487985610962,5.401357,0.14443572274383906,True,True,False,False
Stable Mobility,267,Random-Fuzzer,ML-Based,13,0.8666666666666667,4,"['Ping-Pong: 9 UEs oscillating', 'QoS Violation: 5th Percentile Throughput = 1.88 Mbps', 'Unfairness: Jain Index = 0.09', 'CRITICAL FAILURE: Low QoE, High Unfairness, and System Instability Co-occurred']",0.08596822676173824,-8.024106,-10.0,5.7099447,1.8810487985610962,5.529042,0.09712418121129114,True,True,True,True
Stable Mobility,268,Random-Fuzzer,ML-Based,11,0.7333333333333333,4,"['Ping-Pong: 8 UEs oscillating', 'QoS Violation: 5th Percentile Throughput = 1.88 Mbps', 'Unfairness: Jain Index = 0.19', 'CRITICAL FAILURE: Low QoE, High Unfairness, and System Instability Co-occurred']",0.1917342205122033,-6.2761693,-10.0,9.179855,1.8810487985610962,4.959308,0.0659828879073858,True,True,True,True
Stable Mobility,269,Random-Fuzzer,ML-Based,10,0.6666666666666666,4,"['Ping-Pong: 7 UEs oscillating', 'QoS Violation: 5th Percentile Throughput = 1.88 Mbps', 'Unfairness: Jain Index = 0.15', 'CRITICAL FAILURE: Low QoE, High Unfairness, and System Instability Co-occurred']",0.15325059930237622,-7.6111217,-10.0,5.0384927,1.8810487985610962,4.9523544,0.09035079029052513,True,True,True,True
Stable Mobility,270,Random-Fuzzer,ML-Based,14,0.9333333333333333,2,"['Ping-Pong: 8 UEs oscillating', 'QoS Violation: 5th Percentile Throughput = 1.88 Mbps']",0.2599875873995529,-8.499422,-10.0,3.8861616,1.8810487985610962,5.62672,0.0659828879073858,True,True,False,False
Stable Mobility,271,Random-Fuzzer,ML-Based,15,1.0,2,"['Ping-Pong: 9 UEs oscillating', 'QoS Violation: 5th Percentile Throughput = 1.88 Mbps']",0.24095393852765487,-8.412526,-10.0,4.084647,1.8810487985610962,5.597605,0.08302664654363189,True,True,False,False
Stable Mobility,272,Random-Fuzzer,ML-Based,12,0.8,4,"['Ping-Pong: 12 UEs oscillating', 'QoS Violation: 5th Percentile Throughput = 1.88 Mbps', 'Unfairness: Jain Index = 0.16', 'CRITICAL FAILURE: Low QoE, High Unfairness, and System Instability Co-occurred']",0.15630917378790735,-7.275821,-10.0,6.005592,1.8810487985610962,5.0049186,0.0659828879073858,True,True,True,True
Stable Mobility,273,Random-Fuzzer,ML-Based,13,0.8666666666666667,4,"['Ping-Pong: 10 UEs oscillating', 'QoS Violation: 5th Percentile Throughput = 1.88 Mbps', 'Unfairness: Jain Index = 0.13', 'CRITICAL FAILURE: Low QoE, High Unfairness, and System Instability Co-occurred']",0.12685976614679428,-8.663072,-10.0,4.0456133,1.8810487985610962,5.733828,0.1256276757930754,True,True,True,True
Stable Mobility,274,Random-Fuzzer,ML-Based,12,0.8,4,"['Ping-Pong: 8 UEs oscillating', 'QoS Violation: 5th Percentile Throughput = 1.88 Mbps', 'Unfairness: Jain Index = 0.19', 'CRITICAL FAILURE: Low QoE, High Unfairness, and System Instability Co-occurred']",0.18605415064987307,-7.99395,-10.0,4.807458,1.8810487985610962,5.369972,0.13535876574811329,True,True,True,True
Stable Mobility,275,Random-Fuzzer,ML-Based,12,0.8,4,"['Ping-Pong: 8 UEs oscillating', 'QoS Violation: 5th Percentile Throughput = 1.88 Mbps', 'Unfairness: Jain Index = 0.07', 'CRITICAL FAILURE: Low QoE, High Unfairness, and System Instability Co-occurred']",0.06763795834208615,-7.4513507,-10.0,9.0646105,1.8810487985610962,5.672255,0.10942024088643863,True,True,True,True
Stable Mobility,276,Random-Fuzzer,ML-Based,12,0.8,4,"['Ping-Pong: 7 UEs oscillating', 'QoS Violation: 5th Percentile Throughput = 1.88 Mbps', 'Unfairness: Jain Index = 0.07', 'CRITICAL FAILURE: Low QoE, High Unfairness, and System Instability Co-occurred']",0.06711644215261701,-5.761935,-10.0,12.579265,1.8810487985610962,5.0020247,0.13997084244475305,True,True,True,True
Stable Mobility,277,Random-Fuzzer,ML-Based,15,1.0,2,"['Ping-Pong: 9 UEs oscillating', 'QoS Violation: 5th Percentile Throughput = 1.88 Mbps']",0.21699786711457894,-8.853749,-10.0,3.3344955,1.8810487985610962,5.72965,0.12046772038736682,True,True,False,False
Stable Mobility,278,Random-Fuzzer,ML-Based,14,0.9333333333333333,4,"['Ping-Pong: 12 UEs oscillating', 'QoS Violation: 5th Percentile Throughput = 1.88 Mbps', 'Unfairness: Jain Index = 0.09', 'CRITICAL FAILURE: Low QoE, High Unfairness, and System Instability Co-occurred']",0.08852553157846968,-7.24063,-10.0,7.295711,1.8810487985610962,5.279845,0.07499055118106487,True,True,True,True
Stable Mobility,279,Random-Fuzzer,ML-Based,14,0.9333333333333333,4,"['Ping-Pong: 13 UEs oscillating', 'QoS Violation: 5th Percentile Throughput = 1.88 Mbps', 'Unfairness: Jain Index = 0.08', 'CRITICAL FAILURE: Low QoE, High Unfairness, and System Instability Co-occurred']",0.07813680598813424,-8.168336,-10.0,5.920673,1.8810487985610962,5.700845,0.08302664654363189,True,True,True,True
Stable Mobility,280,Random-Fuzzer,ML-Based,11,0.7333333333333333,2,"['Ping-Pong: 10 UEs oscillating', 'QoS Violation: 5th Percentile Throughput = 1.88 Mbps']",0.4694475880505613,-9.066863,-10.0,2.7475579,1.8810487985610962,5.7419963,0.12046772038736682,True,True,False,False
Stable Mobility,281,Random-Fuzzer,ML-Based,14,0.9333333333333333,4,"['Ping-Pong: 9 UEs oscillating', 'QoS Violation: 5th Percentile Throughput = 1.88 Mbps', 'Unfairness: Jain Index = 0.07', 'CRITICAL FAILURE: Low QoE, High Unfairness, and System Instability Co-occurred']",0.06735244659792845,-6.272317,-10.0,12.796187,1.8810487985610962,5.5533347,0.07499055118106486,True,True,True,True
Stable Mobility,282,Random-Fuzzer,ML-Based,13,0.8666666666666667,2,"['Ping-Pong: 9 UEs oscillating', 'QoS Violation: 5th Percentile Throughput = 1.88 Mbps']",0.2102476617677866,-7.759126,-10.0,5.10511,1.8810487985610962,5.224852,0.07499055118106487,True,True,False,False
Stable Mobility,283,Random-Fuzzer,ML-Based,15,1.0,4,"['Ping-Pong: 12 UEs oscillating', 'QoS Violation: 5th Percentile Throughput = 1.88 Mbps', 'Unfairness: Jain Index = 0.13', 'CRITICAL FAILURE: Low QoE, High Unfairness, and System Instability Co-occurred']",0.12517939135347847,-7.90592,-10.0,5.8259845,1.8810487985610962,5.586756,0.07499055118106487,True,True,True,True
Stable Mobility,284,Random-Fuzzer,ML-Based,13,0.8666666666666667,2,"['Ping-Pong: 12 UEs oscillating', 'QoS Violation: 5th Percentile Throughput = 1.88 Mbps']",0.30706219620143643,-8.493718,-10.0,3.5462956,1.8810487985610962,5.4473133,0.14443572274383906,True,True,False,False
Stable Mobility,285,Random-Fuzzer,ML-Based,14,0.9333333333333333,4,"['Ping-Pong: 12 UEs oscillating', 'QoS Violation: 5th Percentile Throughput = 1.88 Mbps', 'Unfairness: Jain Index = 0.07', 'CRITICAL FAILURE: Low QoE, High Unfairness, and System Instability Co-occurred']",0.06718175436853475,-5.570796,-10.0,12.872149,1.8810487985610962,4.923948,0.042591770999996004,True,True,True,True
Stable Mobility,286,Random-Fuzzer,ML-Based,12,0.8,4,"['Ping-Pong: 9 UEs oscillating', 'QoS Violation: 5th Percentile Throughput = 1.88 Mbps', 'Unfairness: Jain Index = 0.07', 'CRITICAL FAILURE: Low QoE, High Unfairness, and System Instability Co-occurred']",0.07466809913140098,-4.3991046,-10.0,16.815838,1.8810487985610962,4.5539637,0.22375885951372818,True,True,True,True
Stable Mobility,287,Random-Fuzzer,ML-Based,13,0.8666666666666667,4,"['Ping-Pong: 10 UEs oscillating', 'QoS Violation: 5th Percentile Throughput = 1.88 Mbps', 'Unfairness: Jain Index = 0.17', 'CRITICAL FAILURE: Low QoE, High Unfairness, and System Instability Co-occurred']",0.16570952020882299,-4.8607297,-10.0,12.675679,1.8810487985610962,4.5015445,0.09712418121129114,True,True,True,True
Stable Mobility,288,Random-Fuzzer,ML-Based,13,0.8666666666666667,4,"['Ping-Pong: 11 UEs oscillating', 'QoS Violation: 5th Percentile Throughput = 1.88 Mbps', 'Unfairness: Jain Index = 0.10', 'CRITICAL FAILURE: Low QoE, High Unfairness, and System Instability Co-occurred']",0.09614683178855427,-8.757762,-10.0,4.486998,1.8810487985610962,5.9533057,0.07499055118106487,True,True,True,True
Stable Mobility,289,Random-Fuzzer,ML-Based,9,0.6,2,"['Ping-Pong: 7 UEs oscillating', 'QoS Violation: 5th Percentile Throughput = 1.88 Mbps']",0.4169116442531611,-8.657581,-10.0,3.2316318,1.8810487985610962,5.504317,0.13535876574811329,True,True,False,False
Stable Mobility,290,Random-Fuzzer,ML-Based,14,0.9333333333333333,4,"['Ping-Pong: 7 UEs oscillating', 'QoS Violation: 5th Percentile Throughput = 1.88 Mbps', 'Unfairness: Jain Index = 0.15', 'CRITICAL FAILURE: Low QoE, High Unfairness, and System Instability Co-occurred']",0.15145526951771637,-9.043148,-10.0,3.4736516,1.8810487985610962,5.979408,0.12046772038736685,True,True,True,True
Stable Mobility,291,Random-Fuzzer,ML-Based,12,0.8,2,"['Ping-Pong: 7 UEs oscillating', 'QoS Violation: 5th Percentile Throughput = 1.88 Mbps']",0.22102325677491927,-8.27516,-10.0,4.3599977,1.8810487985610962,5.5296636,0.07499055118106487,True,True,False,False
Stable Mobility,292,Random-Fuzzer,ML-Based,15,1.0,4,"['Ping-Pong: 11 UEs oscillating', 'QoS Violation: 5th Percentile Throughput = 1.88 Mbps', 'Unfairness: Jain Index = 0.09', 'CRITICAL FAILURE: Low QoE, High Unfairness, and System Instability Co-occurred']",0.09366682192490199,-7.3643136,-10.0,7.898005,1.8810487985610962,5.558524,0.08302664654363189,True,True,True,True
Stable Mobility,293,Random-Fuzzer,ML-Based,14,0.9333333333333333,4,"['Ping-Pong: 11 UEs oscillating', 'QoS Violation: 5th Percentile Throughput = 1.88 Mbps', 'Unfairness: Jain Index = 0.07', 'CRITICAL FAILURE: Low QoE, High Unfairness, and System Instability Co-occurred']",0.06692161308535655,-6.7345867,-10.0,11.360744,1.8810487985610962,5.5121593,0.07499055118106487,True,True,True,True
Stable Mobility,294,Random-Fuzzer,ML-Based,13,0.8666666666666667,2,"['Ping-Pong: 13 UEs oscillating', 'QoS Violation: 5th Percentile Throughput = 1.88 Mbps']",0.3310730522143047,-7.519575,-10.0,4.7802215,1.8810487985610962,4.963308,0.10942024088643863,True,True,False,False
Stable Mobility,295,Random-Fuzzer,ML-Based,12,0.8,4,"['Ping-Pong: 11 UEs oscillating', 'QoS Violation: 5th Percentile Throughput = 1.88 Mbps', 'Unfairness: Jain Index = 0.14', 'CRITICAL FAILURE: Low QoE, High Unfairness, and System Instability Co-occurred']",0.13538843750383495,-6.886995,-10.0,8.645125,1.8810487985610962,5.19271,0.07499055118106487,True,True,True,True
Stable Mobility,296,Random-Fuzzer,ML-Based,14,0.9333333333333333,4,"['Ping-Pong: 11 UEs oscillating', 'QoS Violation: 5th Percentile Throughput = 1.88 Mbps', 'Unfairness: Jain Index = 0.07', 'CRITICAL FAILURE: Low QoE, High Unfairness, and System Instability Co-occurred']",0.0668800367806793,-7.016038,-10.0,11.064731,1.8810487985610962,5.689565,0.11507662831994832,True,True,True,True
Stable Mobility,297,Random-Fuzzer,ML-Based,13,0.8666666666666667,4,"['Ping-Pong: 11 UEs oscillating', 'QoS Violation: 5th Percentile Throughput = 1.88 Mbps', 'Unfairness: Jain Index = 0.07', 'CRITICAL FAILURE: Low QoE, High Unfairness, and System Instability Co-occurred']",0.07405209820776747,-8.003611,-10.0,6.5262856,1.8810487985610962,5.683503,0.10345505229714491,True,True,True,True
Stable Mobility,298,Random-Fuzzer,ML-Based,13,0.8666666666666667,2,"['Ping-Pong: 11 UEs oscillating', 'QoS Violation: 5th Percentile Throughput = 1.88 Mbps']",0.4926248216221631,-9.243251,-10.0,2.547395,1.8810487985610962,5.806524,0.11507662831994829,True,True,False,False
Stable Mobility,299,Random-Fuzzer,ML-Based,13,0.8666666666666667,4,"['Ping-Pong: 9 UEs oscillating', 'QoS Violation: 5th Percentile Throughput = 1.88 Mbps', 'Unfairness: Jain Index = 0.08', 'CRITICAL FAILURE: Low QoE, High Unfairness, and System Instability Co-occurred']",0.07949870805265037,-7.4742866,-10.0,6.9755096,1.8810487985610962,5.3005934,0.08302664654363189,True,True,True,True
Stable High Load,0,Random-Fuzzer,Baseline,5,0.3333333333333333,1,['Unfairness: Jain Index = 0.15'],0.15086279021663804,10.309526,-2.0029449462890625,52.62902,9.780942487716676,0.46826652,0.0659828879073858,False,False,True,False
Stable High Load,1,Random-Fuzzer,Baseline,3,0.2,1,['Unfairness: Jain Index = 0.19'],0.19441581118226886,9.181438,-2.447511982917786,48.350822,8.893375396728516,0.5058776,0.023328473740792176,False,False,True,False
Stable High Load,2,Random-Fuzzer,Baseline,5,0.3333333333333333,1,['Unfairness: Jain Index = 0.18'],0.17838279345875588,12.006394,1.0483307123184207,58.09941,16.366310596466064,0.32309657,0.09035079029052513,False,False,True,False
Stable High Load,3,Random-Fuzzer,Baseline,7,0.4666666666666667,1,['Ping-Pong: 2 UEs oscillating'],0.25797410688018935,13.295756,-0.5686307370662688,64.44383,12.633957481384277,0.35135472,0.05553287518900287,True,False,False,False
Stable High Load,4,Random-Fuzzer,Baseline,7,0.4666666666666667,1,['Ping-Pong: 3 UEs oscillating'],0.4668852925756603,19.571672,-1.3099382638931274,91.530815,10.938674068450927,0.26208338,0.0659828879073858,True,False,False,False
Stable High Load,5,Random-Fuzzer,Baseline,6,0.4,1,['Ping-Pong: 4 UEs oscillating'],0.3417523856447251,15.929088,1.7695871829986576,75.5654,18.337534999847414,0.28843015,0.1034550522971449,True,False,False,False
Stable High Load,6,Random-Fuzzer,Baseline,7,0.4666666666666667,1,['Ping-Pong: 5 UEs oscillating'],0.4513692176871085,18.121643,-2.377403426170349,85.94518,9.015995693206786,0.32767782,0.10345505229714491,True,False,False,False
Stable High Load,7,Random-Fuzzer,Baseline,4,0.26666666666666666,1,['Ping-Pong: 4 UEs oscillating'],0.37900557433085824,17.826189,3.1869026184082037,83.315765,24.117082405090333,0.2580441,0.12046772038736682,True,False,False,False
Stable High Load,8,Random-Fuzzer,Baseline,5,0.3333333333333333,1,['Ping-Pong: 2 UEs oscillating'],0.25837704473377227,12.633907,0.1275447353720665,62.191017,13.972463417053223,0.38159215,0.09035079029052513,True,False,False,False
Stable High Load,9,Random-Fuzzer,Baseline,5,0.3333333333333333,1,['Unfairness: Jain Index = 0.11'],0.1091995173463994,9.548252,-0.9533385872840879,48.71187,11.801761436462403,0.42883545,0.0659828879073858,True,False,True,False
Stable High Load,10,Random-Fuzzer,Baseline,6,0.4,2,"['Ping-Pong: 2 UEs oscillating', 'Unfairness: Jain Index = 0.16']",0.16351574294853358,12.296929,-2.144922876358032,59.789234,9.466096305847168,0.36688298,0.07499055118106487,True,False,True,False
Stable High Load,11,Random-Fuzzer,Baseline,7,0.4666666666666667,1,['Ping-Pong: 2 UEs oscillating'],0.24127662121301127,11.70942,0.2043826371431351,58.069077,14.155665493011474,0.38561422,0.09035079029052513,True,False,False,False
Stable High Load,12,Random-Fuzzer,Baseline,8,0.5333333333333333,1,['Ping-Pong: 2 UEs oscillating'],0.26598180115317854,11.673303,-2.532821297645569,59.37586,8.75280294418335,0.48419806,0.05553287518900287,True,False,False,False
Stable High Load,13,Random-Fuzzer,Baseline,7,0.4666666666666667,2,"['Ping-Pong: 4 UEs oscillating', 'Unfairness: Jain Index = 0.09']",0.08563477586042681,7.668719,-1.0857411861419677,41.322,11.367048835754394,0.48797828,0.055532875189002864,True,False,True,False
Stable High Load,14,Random-Fuzzer,Baseline,6,0.4,1,['Ping-Pong: 5 UEs oscillating'],0.21945376490003038,15.72409,6.23487310409546,72.90409,33.35968532562256,0.20927146,0.023328473740792173,True,False,False,False
Stable High Load,15,Random-Fuzzer,Baseline,8,0.5333333333333333,1,['Ping-Pong: 6 UEs oscillating'],0.24001634889160306,12.981912,1.250641644001007,62.541344,16.83116445541382,0.31830347,0.0659828879073858,True,False,False,False
Stable High Load,16,Random-Fuzzer,Baseline,7,0.4666666666666667,1,['Ping-Pong: 5 UEs oscillating'],0.32240331327366334,16.32566,-2.1255244493484495,77.8325,9.435616207122802,0.33053586,0.07499055118106486,True,False,False,False
Stable High Load,17,Random-Fuzzer,Baseline,6,0.4,2,"['Ping-Pong: 5 UEs oscillating', 'Unfairness: Jain Index = 0.11']",0.10614596179590105,10.599257,0.32475101947784446,52.11371,14.786799240112305,0.35591885,0.09712418121129113,True,False,True,False
Stable High Load,18,Random-Fuzzer,Baseline,6,0.4,1,['Ping-Pong: 2 UEs oscillating'],0.2018181728736469,12.448172,-0.5048705220222471,60.610413,12.84722843170166,0.35979167,0.08302664654363189,True,False,False,False
Stable High Load,19,Random-Fuzzer,Baseline,7,0.4666666666666667,1,['Unfairness: Jain Index = 0.11'],0.10889155083280842,8.705156,-0.884575891494751,44.989502,11.772237777709961,0.4303179,0.09712418121129114,True,False,True,False
Stable High Load,20,Random-Fuzzer,Baseline,10,0.6666666666666666,1,['Ping-Pong: 3 UEs oscillating'],0.21185553223074702,13.174181,1.719601655006409,63.197502,18.25963897705078,0.3083331,0.09035079029052512,True,False,False,False
Stable High Load,21,Random-Fuzzer,Baseline,6,0.4,2,"['Ping-Pong: 3 UEs oscillating', 'Unfairness: Jain Index = 0.14']",0.1412570676807847,7.362977,-0.7846379637718199,39.62839,12.017755794525147,0.47776124,0.09712418121129114,True,False,True,False
Stable High Load,22,Random-Fuzzer,Baseline,6,0.4,1,['Ping-Pong: 4 UEs oscillating'],0.3023112163751457,10.611345,-3.9179226398468017,55.050514,6.773649644851685,0.5549538,0.07499055118106487,True,False,False,False
Stable High Load,23,Random-Fuzzer,Baseline,6,0.4,2,"['Ping-Pong: 3 UEs oscillating', 'Unfairness: Jain Index = 0.10']",0.10293072658104854,9.468427,-2.429304361343384,48.845016,8.926709175109863,0.4694543,0.055532875189002864,True,False,True,False
Stable High Load,24,Random-Fuzzer,Baseline,4,0.26666666666666666,0,[],0.28396830084177066,8.933888,-2.888288331031799,46.201477,8.411193370819092,0.4856141,0.055532875189002864,False,False,False,False
Stable High Load,25,Random-Fuzzer,Baseline,6,0.4,1,['Unfairness: Jain Index = 0.16'],0.15962792177594776,8.628576,-2.206654191017151,45.694374,9.41668119430542,0.503425,0.08302664654363189,False,False,True,False
Stable High Load,26,Random-Fuzzer,Baseline,8,0.5333333333333333,1,['Ping-Pong: 2 UEs oscillating'],0.26434423491791,13.364,0.6498906612396242,64.55584,15.396604919433594,0.33396485,0.08302664654363189,True,False,False,False
Stable High Load,27,Random-Fuzzer,Baseline,4,0.26666666666666666,2,"['Ping-Pong: 2 UEs oscillating', 'Unfairness: Jain Index = 0.13']",0.13472155244513379,9.823015,1.3285397529602054,48.87524,17.433580112457275,0.36857498,0.09035079029052513,True,False,True,False
Stable High Load,28,Random-Fuzzer,Baseline,9,0.6,2,"['Ping-Pong: 2 UEs oscillating', 'Unfairness: Jain Index = 0.19']",0.19212310957139767,13.195223,1.6301923036575319,63.188366,18.04287462234497,0.30337623,0.10942024088643863,True,False,True,False
Stable High Load,29,Random-Fuzzer,Baseline,5,0.3333333333333333,1,['Ping-Pong: 2 UEs oscillating'],0.29943821662219056,14.652524,-1.0409501343965528,71.11502,11.940562820434572,0.38721415,0.08302664654363189,True,False,False,False
Stable High Load,30,Random-Fuzzer,Baseline,8,0.5333333333333333,1,['Unfairness: Jain Index = 0.17'],0.16687663424135274,9.959561,-4.50513858795166,51.920105,5.98736982345581,0.5509506,0.09035079029052512,True,False,True,False
Stable High Load,31,Random-Fuzzer,Baseline,7,0.4666666666666667,1,['Unfairness: Jain Index = 0.16'],0.16368922789387388,9.951466,-2.2703960657119753,51.697872,9.191257095336914,0.49732074,0.09035079029052513,True,False,True,False
Stable High Load,32,Random-Fuzzer,Baseline,5,0.3333333333333333,1,['Ping-Pong: 3 UEs oscillating'],0.28332198854366786,10.144149,-3.1114508390426634,51.739475,7.857685375213623,0.46670625,0.0659828879073858,True,False,False,False
Stable High Load,33,Random-Fuzzer,Baseline,10,0.6666666666666666,1,['Ping-Pong: 4 UEs oscillating'],0.23308470196931388,14.050762,2.4279890060424805,66.51213,20.218221282958986,0.27303278,0.09712418121129114,True,False,False,False
Stable High Load,34,Random-Fuzzer,Baseline,6,0.4,0,[],0.41548160731271405,6.731708,-2.997985601425171,37.122387,8.051901912689209,0.52397406,0.0659828879073858,True,False,False,False
Stable High Load,35,Random-Fuzzer,Baseline,3,0.2,1,['Unfairness: Jain Index = 0.13'],0.12578593635487526,8.957162,-2.85564501285553,47.382397,8.239433670043946,0.517449,0.0659828879073858,True,False,True,False
Stable High Load,36,Random-Fuzzer,Baseline,5,0.3333333333333333,1,['Unfairness: Jain Index = 0.10'],0.0961357856183439,7.785247,-3.496282625198364,43.535362,7.7279253005981445,0.6619399,0.07499055118106487,False,False,True,False
Stable High Load,37,Random-Fuzzer,Baseline,3,0.2,1,['Unfairness: Jain Index = 0.10'],0.09519341055554947,6.2798448,-2.59376802444458,37.288376,8.771702003479003,0.63874805,0.07499055118106487,True,False,True,False
Stable High Load,38,Random-Fuzzer,Baseline,9,0.6,2,"['Ping-Pong: 2 UEs oscillating', 'Unfairness: Jain Index = 0.20']",0.19924356097701004,11.575639,-1.110293114185333,58.168877,11.986463928222657,0.45431933,0.1034550522971449,True,False,True,False
Stable High Load,39,Random-Fuzzer,Baseline,8,0.5333333333333333,1,['Unfairness: Jain Index = 0.13'],0.12515561159489214,8.142056,-3.6979803562164304,44.672268,7.339907646179199,0.6210947,0.07499055118106487,True,False,True,False
Stable High Load,40,Random-Fuzzer,Baseline,7,0.4666666666666667,2,"['Ping-Pong: 5 UEs oscillating', 'Unfairness: Jain Index = 0.18']",0.1807735514854187,9.896054,-1.8140780925750732,51.69567,10.041856575012208,0.5041912,0.07499055118106486,True,False,True,False
Stable High Load,41,Random-Fuzzer,Baseline,9,0.6,1,['Ping-Pong: 4 UEs oscillating'],0.2070017462403416,11.128357,-4.426498937606811,56.579227,6.4913372039794925,0.5768268,0.07499055118106487,True,False,False,False
Stable High Load,42,Random-Fuzzer,Baseline,6,0.4,1,['Ping-Pong: 3 UEs oscillating'],0.25600967080945597,11.888933,-2.645062756538391,60.620224,9.1922908782959,0.5485624,0.10345505229714491,True,False,False,False
Stable High Load,43,Random-Fuzzer,Baseline,6,0.4,2,"['Ping-Pong: 2 UEs oscillating', 'Unfairness: Jain Index = 0.16']",0.15537893946245118,11.149007,0.3118757009506228,54.597775,14.60778741836548,0.34998226,0.042591770999996004,True,False,True,False
Stable High Load,44,Random-Fuzzer,Baseline,7,0.4666666666666667,1,['Ping-Pong: 3 UEs oscillating'],0.2977410579752648,15.421939,0.3600889146327973,73.16828,14.529401779174805,0.2915338,0.07499055118106487,True,False,False,False
Stable High Load,45,Random-Fuzzer,Baseline,9,0.6,1,['Ping-Pong: 4 UEs oscillating'],0.31290111527403036,15.446415,-1.2873808026313782,73.64267,10.972108840942383,0.31676015,0.07499055118106486,True,False,False,False
Stable High Load,46,Random-Fuzzer,Baseline,7,0.4666666666666667,2,"['Ping-Pong: 3 UEs oscillating', 'Unfairness: Jain Index = 0.15']",0.1511265432259075,10.035446,-0.7018613427877425,50.75725,12.236032390594483,0.41587037,0.07499055118106486,True,False,True,False
Stable High Load,47,Random-Fuzzer,Baseline,5,0.3333333333333333,1,['Ping-Pong: 3 UEs oscillating'],0.20164944333670234,4.827338,-2.7698227167129517,31.10053,8.377272176742554,0.6571207,0.0659828879073858,True,False,False,False
Stable High Load,48,Random-Fuzzer,Baseline,7,0.4666666666666667,2,"['Ping-Pong: 3 UEs oscillating', 'Unfairness: Jain Index = 0.17']",0.16723321631454777,10.185384,-2.373772478103638,52.456215,9.025335884094238,0.48227915,0.07499055118106486,True,False,True,False
Stable High Load,49,Random-Fuzzer,Baseline,6,0.4,1,['Unfairness: Jain Index = 0.14'],0.13760462611418783,4.618411,-3.761702251434326,31.750647,7.301524066925049,0.8063749,0.07499055118106489,True,False,True,False
Stable High Load,50,Random-Fuzzer,Baseline,7,0.4666666666666667,2,"['Ping-Pong: 2 UEs oscillating', 'Unfairness: Jain Index = 0.10']",0.10375753382897347,9.644148,0.16513568162918102,48.429375,14.117836475372314,0.38471717,0.07499055118106487,True,False,True,False
Stable High Load,51,Random-Fuzzer,Baseline,6,0.4,1,['Unfairness: Jain Index = 0.10'],0.10127054682572773,7.902059,-3.1322040081024163,43.766006,9.447570323944092,0.74911994,0.06598288790738581,True,False,True,False
Stable High Load,52,Random-Fuzzer,Baseline,8,0.5333333333333333,2,"['Ping-Pong: 2 UEs oscillating', 'Unfairness: Jain Index = 0.19']",0.19137666408655418,12.641541,-0.4923932433128355,61.40973,12.95770983695984,0.35743526,0.042591770999996004,True,False,True,False
Stable High Load,53,Random-Fuzzer,Baseline,8,0.5333333333333333,2,"['Ping-Pong: 2 UEs oscillating', 'Unfairness: Jain Index = 0.16']",0.16194020591415342,7.940078,-2.5059532642364504,44.567703,8.796232128143311,0.6090843,0.042591770999996004,True,False,True,False
Stable High Load,54,Random-Fuzzer,Baseline,6,0.4,2,"['Ping-Pong: 3 UEs oscillating', 'Unfairness: Jain Index = 0.09']",0.08787481254144897,7.5626073,-1.7860129475593567,41.382244,10.124956321716308,0.5299273,0.0659828879073858,True,False,True,False
Stable High Load,55,Random-Fuzzer,Baseline,4,0.26666666666666666,1,['Unfairness: Jain Index = 0.15'],0.15087360986029225,9.377482,-1.146722114086151,48.56789,11.260294342041016,0.45657748,0.042591770999996004,False,False,True,False
Stable High Load,56,Random-Fuzzer,Baseline,6,0.4,0,[],0.3381297746195035,12.430913,-0.951417601108551,63.029594,11.639071083068847,0.47899154,0.08302664654363189,True,False,False,False
Stable High Load,57,Random-Fuzzer,Baseline,5,0.3333333333333333,0,[],0.20583548315077513,9.272337,-7.019731855392456,52.23469,3.828636980056763,0.9933091,0.07499055118106487,False,False,False,False
Stable High Load,58,Random-Fuzzer,Baseline,4,0.26666666666666666,2,"['Ping-Pong: 2 UEs oscillating', 'Unfairness: Jain Index = 0.17']",0.16666059824210527,8.996192,-4.7134449005126955,49.64004,5.755259799957275,0.690761,0.07499055118106487,True,False,True,False
Stable High Load,59,Random-Fuzzer,Baseline,5,0.3333333333333333,2,"['Ping-Pong: 2 UEs oscillating', 'Unfairness: Jain Index = 0.12']",0.11861875407745406,8.551808,-4.128305721282958,46.609783,7.813106155395508,0.8005472,0.10345505229714491,True,False,True,False
Stable High Load,60,Random-Fuzzer,Baseline,6,0.4,0,[],0.2455259490665293,6.9391947,-3.016428822278976,39.708996,9.624685096740723,0.7580437,0.042591770999996004,True,False,False,False
Stable High Load,61,Random-Fuzzer,Baseline,6,0.4,1,['Unfairness: Jain Index = 0.16'],0.161472284357449,9.939196,-1.2419253587722778,51.009495,11.185961055755616,0.45743614,0.09035079029052513,True,False,True,False
Stable High Load,62,Random-Fuzzer,Baseline,6,0.4,1,['Unfairness: Jain Index = 0.17'],0.1741352964914225,10.046295,-1.9620323419570922,52.18706,9.748200798034668,0.49921963,0.07499055118106489,True,False,True,False
Stable High Load,63,Random-Fuzzer,Baseline,6,0.4,1,['Unfairness: Jain Index = 0.16'],0.1614293113735316,10.520901,0.7390679597854615,52.32261,15.448985481262207,0.37277576,0.09035079029052513,True,False,True,False
Stable High Load,64,Random-Fuzzer,Baseline,4,0.26666666666666666,1,['Ping-Pong: 2 UEs oscillating'],0.2727808041369779,10.864043,-2.7325331211090087,56.041874,8.462240648269653,0.5122073,0.0659828879073858,True,False,False,False
Stable High Load,65,Random-Fuzzer,Baseline,6,0.4,2,"['Ping-Pong: 2 UEs oscillating', 'Unfairness: Jain Index = 0.19']",0.1883250179471709,7.366264,-1.1506381034851074,39.938114,11.319239807128906,0.49018106,0.05553287518900287,True,False,True,False
Stable High Load,66,Random-Fuzzer,Baseline,5,0.3333333333333333,0,[],0.22702355351076625,11.274378,-4.4142050504684445,57.277485,6.13997163772583,0.52109504,0.09035079029052513,True,False,False,False
Stable High Load,67,Random-Fuzzer,Baseline,5,0.3333333333333333,2,"['Ping-Pong: 2 UEs oscillating', 'Unfairness: Jain Index = 0.12']",0.11530679452431013,8.217982,-3.133288860321045,45.57002,8.089971733093263,0.6398459,0.0659828879073858,True,False,True,False
Stable High Load,68,Random-Fuzzer,Baseline,6,0.4,0,[],0.285194744703162,14.163701,1.815880918502808,67.70001,18.46071367263794,0.30297825,0.09712418121129114,True,False,False,False
Stable High Load,69,Random-Fuzzer,Baseline,4,0.26666666666666666,1,['Unfairness: Jain Index = 0.12'],0.11957842934162022,9.199566,-2.857801413536072,49.05407,8.23777084350586,0.55873847,0.0659828879073858,True,False,True,False
Stable High Load,70,Random-Fuzzer,Baseline,5,0.3333333333333333,1,['Ping-Pong: 2 UEs oscillating'],0.22748509320220067,12.628819,0.4115791797637941,61.650436,14.798087310791017,0.35817367,0.055532875189002864,True,False,False,False
Stable High Load,71,Random-Fuzzer,Baseline,3,0.2,0,[],0.27594068906768926,10.770803,-3.275064158439636,55.797207,7.647850799560547,0.5257695,0.09712418121129114,True,False,False,False
Stable High Load,72,Random-Fuzzer,Baseline,6,0.4,0,[],0.2548459688592183,12.289258,0.994829058647156,60.29326,16.317651748657227,0.36418578,0.042591770999996004,True,False,False,False
Stable High Load,73,Random-Fuzzer,Baseline,7,0.4666666666666667,2,"['Ping-Pong: 2 UEs oscillating', 'Unfairness: Jain Index = 0.09']",0.0903009954124054,8.407353,-1.6716085553169249,44.07351,10.26352834701538,0.4648625,0.0659828879073858,True,False,True,False
Stable High Load,74,Random-Fuzzer,Baseline,6,0.4,2,"['Ping-Pong: 3 UEs oscillating', 'Unfairness: Jain Index = 0.17']",0.1733809680631435,11.035818,-0.20015156567096704,54.9272,13.255805683135986,0.38628414,0.10942024088643863,True,False,True,False
Stable High Load,75,Random-Fuzzer,Baseline,4,0.26666666666666666,2,"['Ping-Pong: 2 UEs oscillating', 'Unfairness: Jain Index = 0.15']",0.15014173985150508,7.9217305,-3.7805251121520995,44.669388,6.963642024993897,0.655161,0.09035079029052513,True,False,True,False
Stable High Load,76,Random-Fuzzer,Baseline,4,0.26666666666666666,2,"['Ping-Pong: 2 UEs oscillating', 'Unfairness: Jain Index = 0.09']",0.08885890475990926,8.736285,-1.691436517238617,45.38589,10.209336090087891,0.45453677,0.05553287518900287,True,False,True,False
Stable High Load,77,Random-Fuzzer,Baseline,6,0.4,0,[],0.31008949898914734,13.396994,-1.5191924095153808,66.743454,10.562645626068115,0.4484368,0.08302664654363189,True,False,False,False
Stable High Load,78,Random-Fuzzer,Baseline,5,0.3333333333333333,1,['Unfairness: Jain Index = 0.11'],0.11085238940413646,9.924925,-2.189307975769043,50.91453,9.344232177734375,0.46946552,0.0659828879073858,True,False,True,False
Stable High Load,79,Random-Fuzzer,Baseline,5,0.3333333333333333,0,[],0.21026389794291836,9.867937,-2.61925528049469,51.623856,8.616495323181152,0.5233087,0.07499055118106486,True,False,False,False
Stable High Load,80,Random-Fuzzer,Baseline,7,0.4666666666666667,2,"['Ping-Pong: 2 UEs oscillating', 'Unfairness: Jain Index = 0.17']",0.17168775202548467,11.676517,1.23261833190918,57.019897,17.095893383026123,0.3468836,0.05553287518900287,True,False,True,False
Stable High Load,81,Random-Fuzzer,Baseline,5,0.3333333333333333,1,['Ping-Pong: 2 UEs oscillating'],0.20977513468757505,9.849363,-4.346801519393921,52.019875,6.321684646606445,0.6047445,0.023328473740792176,True,False,False,False
Stable High Load,82,Random-Fuzzer,Baseline,5,0.3333333333333333,2,"['Ping-Pong: 2 UEs oscillating', 'Unfairness: Jain Index = 0.20']",0.19996073623645963,10.754088,-1.7267980098724363,54.067905,10.294507122039795,0.43013793,0.07499055118106487,True,False,True,False
Stable High Load,83,Random-Fuzzer,Baseline,4,0.26666666666666666,1,['Ping-Pong: 2 UEs oscillating'],0.25710346417047536,11.4812155,-3.6203057289123532,59.208797,7.1641394138336185,0.54857856,0.0659828879073858,True,False,False,False
Stable High Load,84,Random-Fuzzer,Baseline,4,0.26666666666666666,1,['Ping-Pong: 2 UEs oscillating'],0.33581969077246493,10.867909,-3.69321231842041,57.796013,7.034372758865357,0.6218815,0.1034550522971449,True,False,False,False
Stable High Load,85,Random-Fuzzer,Baseline,7,0.4666666666666667,1,['Ping-Pong: 2 UEs oscillating'],0.22402845437221625,11.436082,-0.5698950529098511,56.780403,12.42885160446167,0.38871995,0.07499055118106487,True,False,False,False
Stable High Load,86,Random-Fuzzer,Baseline,6,0.4,0,[],0.2097445441386618,10.818522,0.5942012310028078,53.824043,15.268532371520996,0.38320485,0.09035079029052513,False,False,False,False
Stable High Load,87,Random-Fuzzer,Baseline,6,0.4,2,"['Ping-Pong: 2 UEs oscillating', 'Unfairness: Jain Index = 0.15']",0.15207742411059894,7.757756,-1.2723644018173217,43.26192,11.011742496490479,0.5690407,0.09035079029052513,True,False,True,False
Stable High Load,88,Random-Fuzzer,Baseline,9,0.6,1,['Ping-Pong: 2 UEs oscillating'],0.3368643061008601,11.47243,-4.066949081420899,59.903885,6.529912805557251,0.59694165,0.042591770999996004,True,False,False,False
Stable High Load,89,Random-Fuzzer,Baseline,7,0.4666666666666667,1,['Ping-Pong: 2 UEs oscillating'],0.20555463506049065,8.651318,-3.2488102436065676,47.08229,7.649852848052978,0.5794132,0.023328473740792173,True,False,False,False
Stable High Load,90,Random-Fuzzer,Baseline,8,0.5333333333333333,1,['Ping-Pong: 4 UEs oscillating'],0.20443224739805824,9.515037,-0.2209347009658812,49.38701,13.33143072128296,0.4606401,0.023328473740792176,True,False,False,False
Stable High Load,91,Random-Fuzzer,Baseline,3,0.2,1,['Unfairness: Jain Index = 0.17'],0.17283390509260352,9.133591,-2.6753651857376095,49.087303,8.87648630142212,0.58804566,0.042591770999996004,True,False,True,False
Stable High Load,92,Random-Fuzzer,Baseline,8,0.5333333333333333,1,['Unfairness: Jain Index = 0.20'],0.1986060729497116,11.588408,-1.8017945051193236,57.401558,10.070919036865234,0.40351972,0.09035079029052513,True,False,True,False
Stable High Load,93,Random-Fuzzer,Baseline,8,0.5333333333333333,1,['Ping-Pong: 2 UEs oscillating'],0.23303869456951487,10.739638,-3.7314009189605706,55.87536,7.828501224517822,0.6490313,0.07499055118106486,True,False,False,False
Stable High Load,94,Random-Fuzzer,Baseline,7,0.4666666666666667,2,"['Ping-Pong: 6 UEs oscillating', 'Unfairness: Jain Index = 0.13']",0.127923319844628,9.894305,0.9677199244499208,49.206665,16.059006118774413,0.36255342,0.07499055118106487,True,False,True,False
Stable High Load,95,Random-Fuzzer,Baseline,5,0.3333333333333333,2,"['Ping-Pong: 3 UEs oscillating', 'Unfairness: Jain Index = 0.13']",0.12610195311204625,9.117984,-1.4709285378456116,47.71363,10.63038158416748,0.48022187,0.055532875189002864,True,False,True,False
Stable High Load,96,Random-Fuzzer,Baseline,5,0.3333333333333333,1,['Ping-Pong: 2 UEs oscillating'],0.20826807203292397,11.282856,1.4702323913574222,55.311623,17.942135429382326,0.35469142,0.08302664654363189,True,False,False,False
Stable High Load,97,Random-Fuzzer,Baseline,8,0.5333333333333333,2,"['Ping-Pong: 3 UEs oscillating', 'Unfairness: Jain Index = 0.14']",0.14481476066656512,7.040093,-3.0529530525207518,40.716053,7.94372148513794,0.6330822,0.1034550522971449,True,False,True,False
Stable High Load,98,Random-Fuzzer,Baseline,9,0.6,1,['Ping-Pong: 4 UEs oscillating'],0.2780740429422273,7.0100083,-2.5508896112442017,38.743946,8.733366012573242,0.52897894,0.05553287518900287,True,False,False,False
Stable High Load,99,Random-Fuzzer,Baseline,7,0.4666666666666667,1,['Ping-Pong: 5 UEs oscillating'],0.2722828271016277,10.456766,-2.4764051914215086,54.81522,8.895557975769043,0.54849136,0.05553287518900287,True,False,False,False
Stable High Load,100,Random-Fuzzer,Baseline,6,0.4,1,['Ping-Pong: 3 UEs oscillating'],0.23323066347422403,8.55595,-2.569897723197937,48.714184,8.707487440109253,0.68554586,0.042591770999996004,True,False,False,False
Stable High Load,101,Random-Fuzzer,Baseline,9,0.6,2,"['Ping-Pong: 3 UEs oscillating', 'Unfairness: Jain Index = 0.16']",0.15632645441837695,8.994058,-1.4953036546707152,47.42401,10.731435012817382,0.49886048,0.08302664654363189,True,False,True,False
Stable High Load,102,Random-Fuzzer,Baseline,4,0.26666666666666666,2,"['Ping-Pong: 2 UEs oscillating', 'Unfairness: Jain Index = 0.09']",0.08743374788475164,5.7582583,-4.641077613830566,36.727085,6.908690786361695,0.96926224,0.08302664654363189,True,False,True,False
Stable High Load,103,Random-Fuzzer,Baseline,6,0.4,1,['Unfairness: Jain Index = 0.10'],0.10083990789600772,8.743182,-0.3824840784072874,45.292843,13.066618061065673,0.44193998,0.1150766283199483,True,False,True,False
Stable High Load,104,Random-Fuzzer,Baseline,3,0.2,1,['Unfairness: Jain Index = 0.16'],0.15516636249347818,8.053297,-1.6844411969184874,44.094448,10.269190502166747,0.5436593,0.08302664654363189,True,False,True,False
Stable High Load,105,Random-Fuzzer,Baseline,5,0.3333333333333333,1,['Unfairness: Jain Index = 0.15'],0.1459533576330084,7.1329746,-5.988769674301147,42.75167,4.955177450180054,0.9773814,0.07499055118106487,False,False,True,False
Stable High Load,106,Random-Fuzzer,Baseline,7,0.4666666666666667,0,[],0.2450702693254781,10.628747,-4.355018281936646,56.637703,6.1717222213745115,0.6460641,0.0659828879073858,True,False,False,False
Stable High Load,107,Random-Fuzzer,Baseline,6,0.4,1,['Ping-Pong: 2 UEs oscillating'],0.25520187371524355,11.546354,-2.224368357658386,58.24135,9.430476808547974,0.46393472,0.09035079029052513,True,False,False,False
Stable High Load,108,Random-Fuzzer,Baseline,5,0.3333333333333333,1,['Ping-Pong: 2 UEs oscillating'],0.3442189934586438,13.489026,-3.9003514766693113,67.31535,6.919046926498414,0.51398337,0.09712418121129114,True,False,False,False
Stable High Load,109,Random-Fuzzer,Baseline,6,0.4,1,['Ping-Pong: 3 UEs oscillating'],0.2824741498283575,13.431737,-1.281910321116447,66.06365,11.583483314514162,0.42440367,0.08302664654363189,True,False,False,False
Stable High Load,110,Random-Fuzzer,Baseline,3,0.2,1,['Unfairness: Jain Index = 0.16'],0.1644954592881117,7.5794735,-5.343899154663086,45.264095,5.059494209289551,0.8401069,0.055532875189002864,True,False,True,False
Stable High Load,111,Random-Fuzzer,Baseline,5,0.3333333333333333,1,['Unfairness: Jain Index = 0.11'],0.11073459994738666,5.8024564,-3.932021284103393,37.39516,7.289924144744873,0.858177,0.06598288790738581,True,False,True,False
Stable High Load,112,Random-Fuzzer,Baseline,6,0.4,1,['Unfairness: Jain Index = 0.20'],0.1982797988407344,10.135233,-3.1973960638046264,53.601307,7.865078115463257,0.58178145,0.09712418121129114,False,False,True,False
Stable High Load,113,Random-Fuzzer,Baseline,8,0.5333333333333333,0,[],0.2964496474295243,12.121802,-1.5862124323844906,61.379967,10.647949409484864,0.4791254,0.09712418121129114,True,False,False,False
Stable High Load,114,Random-Fuzzer,Baseline,7,0.4666666666666667,2,"['Ping-Pong: 2 UEs oscillating', 'Unfairness: Jain Index = 0.18']",0.17909915764970155,11.243265,-2.1935328245162964,56.809765,9.652955341339112,0.47444162,0.10942024088643863,True,False,True,False
Stable High Load,115,Random-Fuzzer,Baseline,6,0.4,1,['Ping-Pong: 3 UEs oscillating'],0.30174126025985026,13.205216,-3.06107337474823,65.88454,7.926001119613647,0.4796735,0.08302664654363189,True,False,False,False
Stable High Load,116,Random-Fuzzer,Baseline,6,0.4,1,['Ping-Pong: 2 UEs oscillating'],0.20981084501565936,11.236774,0.7038685560226442,55.435997,15.425471115112305,0.3631241,0.0659828879073858,True,False,False,False
Stable High Load,117,Random-Fuzzer,Baseline,6,0.4,2,"['Ping-Pong: 2 UEs oscillating', 'Unfairness: Jain Index = 0.12']",0.12196515549630903,10.256509,-2.267418313026428,52.053837,9.694275331497193,0.47417322,0.11507662831994829,True,False,True,False
Stable High Load,118,Random-Fuzzer,Baseline,6,0.4,1,['Ping-Pong: 2 UEs oscillating'],0.26145310477766875,11.25125,-2.747998809814453,58.934074,8.464752960205079,0.5846158,0.08302664654363189,True,False,False,False
Stable High Load,119,Random-Fuzzer,Baseline,11,0.7333333333333333,2,"['Ping-Pong: 3 UEs oscillating', 'Unfairness: Jain Index = 0.20']",0.19913529959751927,9.514751,-2.2416196107864375,50.022606,9.639442348480225,0.5385125,0.08302664654363189,True,False,True,False
Stable High Load,120,Random-Fuzzer,Baseline,4,0.26666666666666666,0,[],0.23226947384317595,9.287174,-4.159319686889648,51.62935,6.880827999114991,0.75331664,0.06598288790738581,True,False,False,False
Stable High Load,121,Random-Fuzzer,Baseline,4,0.26666666666666666,1,['Unfairness: Jain Index = 0.18'],0.18495213088718415,11.264064,-2.4140759289264673,56.553535,10.072579669952393,0.5191032,0.06598288790738581,True,False,True,False
Stable High Load,122,Random-Fuzzer,Baseline,8,0.5333333333333333,0,[],0.2547859747402188,11.158647,-1.7419142961502074,56.623432,10.368148374557496,0.46758175,0.07499055118106487,True,False,False,False
Stable High Load,123,Random-Fuzzer,Baseline,8,0.5333333333333333,1,['Unfairness: Jain Index = 0.16'],0.15503021172846126,6.6861935,-5.340379095077514,41.754,5.0759360790252686,0.8741464,0.07499055118106486,True,False,True,False
Stable High Load,124,Random-Fuzzer,Baseline,8,0.5333333333333333,0,[],0.27942683081628755,11.532988,-2.1771345376968383,59.13326,9.346916770935058,0.5068791,0.0659828879073858,True,False,False,False
Stable High Load,125,Random-Fuzzer,Baseline,3,0.2,0,[],0.24863878805682105,8.877614,-2.5094053983688354,49.907703,8.859401559829712,0.6788204,0.12046772038736682,False,False,False,False
Stable High Load,126,Random-Fuzzer,Baseline,5,0.3333333333333333,0,[],0.3411544442391527,12.604466,-2.6263893365859987,64.32677,8.617615890502929,0.5302285,0.08302664654363187,False,False,False,False
Stable High Load,127,Random-Fuzzer,Baseline,8,0.5333333333333333,0,[],0.2196504710398544,14.418823,3.9098288059234623,67.54302,24.632849884033202,0.24001522,0.07499055118106487,True,False,False,False
Stable High Load,128,Random-Fuzzer,Baseline,8,0.5333333333333333,2,"['Ping-Pong: 4 UEs oscillating', 'Unfairness: Jain Index = 0.17']",0.16658857918248585,8.809584,-0.3716935575008392,46.564636,12.863458633422852,0.48381552,0.09035079029052513,True,False,True,False
Stable High Load,129,Random-Fuzzer,Baseline,7,0.4666666666666667,2,"['Ping-Pong: 2 UEs oscillating', 'Unfairness: Jain Index = 0.16']",0.16010124580697077,9.535543,-3.030277323722839,50.226852,8.60370922088623,0.58298963,0.0659828879073858,True,False,True,False
Stable High Load,130,Random-Fuzzer,Baseline,7,0.4666666666666667,1,['Ping-Pong: 3 UEs oscillating'],0.28475590161692416,12.422668,-2.5639909863471977,62.91122,11.166505336761475,0.7161369,0.0659828879073858,True,False,False,False
Stable High Load,131,Random-Fuzzer,Baseline,7,0.4666666666666667,2,"['Ping-Pong: 3 UEs oscillating', 'Unfairness: Jain Index = 0.18']",0.17817495173699902,10.945151,-1.3731582164764404,54.8982,10.864155769348145,0.41732153,0.0659828879073858,True,False,True,False
Stable High Load,132,Random-Fuzzer,Baseline,8,0.5333333333333333,1,['Ping-Pong: 2 UEs oscillating'],0.21538105736905727,10.277197,-0.06538237333297725,52.252064,13.558097839355469,0.42487624,0.09712418121129114,True,False,False,False
Stable High Load,133,Random-Fuzzer,Baseline,8,0.5333333333333333,0,[],0.2309957642723913,10.609971,-4.759082984924316,55.94854,6.713636255264283,0.79471993,0.0659828879073858,True,False,False,False
Stable High Load,134,Random-Fuzzer,Baseline,8,0.5333333333333333,2,"['Ping-Pong: 4 UEs oscillating', 'Unfairness: Jain Index = 0.16']",0.16285336058454683,10.34698,-0.43303952813148483,52.113316,12.837313365936279,0.4085028,0.11507662831994829,True,False,True,False
Stable High Load,135,Random-Fuzzer,Baseline,11,0.7333333333333333,2,"['Ping-Pong: 3 UEs oscillating', 'Unfairness: Jain Index = 0.16']",0.15745980768007634,10.223225,-3.409935116767883,53.077396,8.719062805175781,0.65992624,0.09035079029052512,True,False,True,False
Stable High Load,136,Random-Fuzzer,Baseline,6,0.4,2,"['Ping-Pong: 3 UEs oscillating', 'Unfairness: Jain Index = 0.13']",0.1260022167684399,8.969862,-4.905614995956421,49.656113,5.551801013946533,0.72876394,0.07499055118106487,True,False,True,False
Stable High Load,137,Random-Fuzzer,Baseline,7,0.4666666666666667,1,['Ping-Pong: 4 UEs oscillating'],0.25744965594685426,13.872359,-2.8297120094299317,67.79229,8.295019149780273,0.41163763,0.08302664654363189,True,False,False,False
Stable High Load,138,Random-Fuzzer,Baseline,7,0.4666666666666667,0,[],0.3083028698899492,11.653759,-2.5061728000640864,60.14512,11.213982486724854,0.7396073,0.0659828879073858,True,False,False,False
Stable High Load,139,Random-Fuzzer,Baseline,7,0.4666666666666667,1,['Ping-Pong: 2 UEs oscillating'],0.20953372716193655,10.1234,-0.6562597751617427,51.909336,13.067964744567872,0.47548681,0.042591770999996004,True,False,False,False
Stable High Load,140,Random-Fuzzer,Baseline,6,0.4,1,['Ping-Pong: 2 UEs oscillating'],0.2142418784696008,10.046156,-4.41509599685669,53.492756,6.09510555267334,0.62297815,0.07499055118106487,True,False,False,False
Stable High Load,141,Random-Fuzzer,Baseline,7,0.4666666666666667,1,['Ping-Pong: 2 UEs oscillating'],0.20935043485986876,8.661857,-3.073532199859619,47.6346,8.07057318687439,0.6125059,0.05553287518900287,True,False,False,False
Stable High Load,142,Random-Fuzzer,Baseline,4,0.26666666666666666,1,['Unfairness: Jain Index = 0.18'],0.1829897975526704,11.858334,-2.44059841632843,58.626987,8.905657768249512,0.40646702,0.042591770999996004,True,False,True,False
Stable High Load,143,Random-Fuzzer,Baseline,9,0.6,2,"['Ping-Pong: 2 UEs oscillating', 'Unfairness: Jain Index = 0.15']",0.15304054742562853,11.508196,0.3664512634277345,55.84984,14.607884216308594,0.32951793,0.09035079029052513,True,False,True,False
Stable High Load,144,Random-Fuzzer,Baseline,6,0.4,2,"['Ping-Pong: 2 UEs oscillating', 'Unfairness: Jain Index = 0.09']",0.08940401894659764,2.564139,-6.732313728332519,28.383373,4.113951921463013,1.4152659,0.042591770999996004,True,False,True,False
Stable High Load,145,Random-Fuzzer,Baseline,6,0.4,1,['Ping-Pong: 2 UEs oscillating'],0.20758816272288652,11.166376,-3.0815063953399657,56.663887,7.950736045837402,0.48096868,0.07499055118106487,True,False,False,False
Stable High Load,146,Random-Fuzzer,Baseline,8,0.5333333333333333,2,"['Ping-Pong: 2 UEs oscillating', 'Unfairness: Jain Index = 0.08']",0.0759404365097624,3.9370527,-6.810448741912841,30.29867,3.737536883354187,1.0064355,0.042591770999996004,True,False,True,False
Stable High Load,147,Random-Fuzzer,Baseline,5,0.3333333333333333,1,['Ping-Pong: 2 UEs oscillating'],0.22526209870985808,11.312951,-2.8499503374099726,57.640404,8.646314525604248,0.51832193,0.042591770999996004,True,False,False,False
Stable High Load,148,Random-Fuzzer,Baseline,6,0.4,1,['Ping-Pong: 2 UEs oscillating'],0.21391111564317433,9.603729,-3.049108004570007,51.520676,8.016518831253052,0.5912539,0.05553287518900287,True,False,False,False
Stable High Load,149,Random-Fuzzer,Baseline,7,0.4666666666666667,1,['Ping-Pong: 2 UEs oscillating'],0.40911206649716375,15.726442,0.24661574363708516,75.4635,14.386148834228516,0.3356345,0.023328473740792173,True,False,False,False
Stable High Load,150,Random-Fuzzer,Baseline,11,0.7333333333333333,1,['Ping-Pong: 4 UEs oscillating'],0.2520444948506831,12.50448,-0.5292373038828372,61.611,12.588051033020019,0.38560545,0.055532875189002864,True,False,False,False
Stable High Load,151,Random-Fuzzer,Baseline,8,0.5333333333333333,2,"['Ping-Pong: 2 UEs oscillating', 'Unfairness: Jain Index = 0.15']",0.14931687569363444,9.581819,-5.532623052597046,50.753956,5.551076269149781,0.78584975,0.09035079029052513,True,False,True,False
Stable High Load,152,Random-Fuzzer,Baseline,7,0.4666666666666667,1,['Ping-Pong: 4 UEs oscillating'],0.2665385682314791,12.1487,-2.519885969161987,60.934505,8.837914419174194,0.4570109,0.09712418121129114,True,False,False,False
Stable High Load,153,Random-Fuzzer,Baseline,8,0.5333333333333333,1,['Ping-Pong: 5 UEs oscillating'],0.2214315606542107,10.427122,-5.079934740066528,55.43939,5.463259506225586,0.67405313,0.0659828879073858,True,False,False,False
Stable High Load,154,Random-Fuzzer,Baseline,8,0.5333333333333333,2,"['Ping-Pong: 4 UEs oscillating', 'Unfairness: Jain Index = 0.15']",0.14873535229967141,7.62246,-5.894352626800536,44.586636,5.073327350616456,0.9512652,0.09035079029052512,True,False,True,False
Stable High Load,155,Random-Fuzzer,Baseline,7,0.4666666666666667,3,"['Ping-Pong: 4 UEs oscillating', 'QoS Violation: 5th Percentile Throughput = 1.88 Mbps', 'Unfairness: Jain Index = 0.17']",0.17088226117039915,7.082999,-10.0,46.576595,1.8810487985610962,1.5208181,0.09035079029052513,True,True,True,False
Stable High Load,156,Random-Fuzzer,Baseline,4,0.26666666666666666,2,"['Ping-Pong: 3 UEs oscillating', 'Unfairness: Jain Index = 0.17']",0.16684352485628043,9.12282,-4.423495435714721,50.29004,7.28107180595398,0.8643392,0.13535876574811329,True,False,True,False
Stable High Load,157,Random-Fuzzer,Baseline,6,0.4,2,"['Ping-Pong: 3 UEs oscillating', 'Unfairness: Jain Index = 0.16']",0.15731147223841824,8.292143,-4.554367780685425,46.643887,7.055100011825562,0.86649835,0.0659828879073858,True,False,True,False
Stable High Load,158,Random-Fuzzer,Baseline,7,0.4666666666666667,1,['Ping-Pong: 3 UEs oscillating'],0.3404006321909307,13.101942,-2.3481154441833496,64.95774,9.063643550872802,0.43020296,0.042591770999996004,True,False,False,False
Stable High Load,159,Random-Fuzzer,Baseline,6,0.4,1,['Unfairness: Jain Index = 0.18'],0.17910091713447113,10.299645,-2.5676263332366944,53.78737,8.753693342208862,0.5377246,0.09035079029052513,True,False,True,False
Stable High Load,160,Random-Fuzzer,Baseline,10,0.6666666666666666,2,"['Ping-Pong: 3 UEs oscillating', 'Unfairness: Jain Index = 0.16']",0.16027522955170045,9.492962,-4.132980585098267,50.31471,6.969949722290039,0.64440006,0.08302664654363189,True,False,True,False
Stable High Load,161,Random-Fuzzer,Baseline,6,0.4,1,['Ping-Pong: 3 UEs oscillating'],0.22740862261132053,10.537885,-1.6549317717552183,54.027103,10.581296443939209,0.48267314,0.09035079029052513,True,False,False,False
Stable High Load,162,Random-Fuzzer,Baseline,6,0.4,2,"['Ping-Pong: 3 UEs oscillating', 'Unfairness: Jain Index = 0.15']",0.1463136215530455,7.614578,-6.4865272521972654,44.436462,4.344515705108643,0.93672097,0.0659828879073858,True,False,True,False
Stable High Load,163,Random-Fuzzer,Baseline,5,0.3333333333333333,1,['Ping-Pong: 2 UEs oscillating'],0.3415097152716586,13.316104,-1.1620154857635494,65.92769,12.263640403747559,0.46187717,0.07499055118106487,True,False,False,False
Stable High Load,164,Random-Fuzzer,Baseline,6,0.4,1,['Ping-Pong: 4 UEs oscillating'],0.20373815543601256,7.817979,-3.5806105852127077,44.251793,7.202343416213989,0.64264905,0.10942024088643863,True,False,False,False
Stable High Load,165,Random-Fuzzer,Baseline,6,0.4,2,"['Ping-Pong: 2 UEs oscillating', 'Unfairness: Jain Index = 0.14']",0.14436211544356098,6.5130835,-6.909381532669067,41.799618,3.9356914997100834,1.1532198,0.07499055118106487,True,False,True,False
Stable High Load,166,Random-Fuzzer,Baseline,6,0.4,0,[],0.2523859642244411,10.90215,-4.985730695724487,57.070667,5.476372146606446,0.62696725,0.08302664654363187,True,False,False,False
Stable High Load,167,Random-Fuzzer,Baseline,9,0.6,2,"['Ping-Pong: 2 UEs oscillating', 'Unfairness: Jain Index = 0.13']",0.1307945888015203,6.0810676,-7.8707984447479244,37.55154,2.985040783882141,0.9094597,0.08302664654363189,True,False,True,False
Stable High Load,168,Random-Fuzzer,Baseline,9,0.6,2,"['Ping-Pong: 4 UEs oscillating', 'Unfairness: Jain Index = 0.17']",0.16774510994510822,9.466751,-3.0415390945971006,50.362534,10.046251392364503,0.77053994,0.07499055118106487,True,False,True,False
Stable High Load,169,Random-Fuzzer,Baseline,5,0.3333333333333333,1,['Ping-Pong: 3 UEs oscillating'],0.20804847557922945,8.403571,-7.042455005645752,48.435417,3.8069709300994874,0.9909109,0.08302664654363189,True,False,False,False
Stable High Load,170,Random-Fuzzer,Baseline,6,0.4,1,['Ping-Pong: 2 UEs oscillating'],0.20407785017451077,8.08969,-3.308825254440307,45.46132,9.456416130065918,0.8390984,0.0659828879073858,True,False,False,False
Stable High Load,171,Random-Fuzzer,Baseline,7,0.4666666666666667,1,['Ping-Pong: 2 UEs oscillating'],0.31657940372038107,5.591594,-9.59949550628662,39.002743,2.056778538227081,1.4763484,0.05553287518900286,True,False,False,False
Stable High Load,172,Random-Fuzzer,Baseline,8,0.5333333333333333,1,['Ping-Pong: 3 UEs oscillating'],0.36139590444244296,14.77158,-1.6143998026847837,71.50567,10.43251142501831,0.37047762,0.09035079029052512,True,False,False,False
Stable High Load,173,Random-Fuzzer,Baseline,9,0.6,1,['Ping-Pong: 4 UEs oscillating'],0.3214398891498271,12.561338,-3.073502516746521,64.26737,7.908002281188965,0.5494305,0.12046772038736682,True,False,False,False
Stable High Load,174,Random-Fuzzer,Baseline,8,0.5333333333333333,1,['Ping-Pong: 5 UEs oscillating'],0.2096429937102334,9.843914,-4.822502994537353,53.020584,6.6107887744903575,0.8320766,0.06598288790738581,True,False,False,False
Stable High Load,175,Random-Fuzzer,Baseline,8,0.5333333333333333,2,"['Ping-Pong: 6 UEs oscillating', 'Unfairness: Jain Index = 0.15']",0.15068462136271413,9.5963335,-0.6610721945762634,49.238243,12.250440120697021,0.4399747,0.055532875189002864,True,False,True,False
Stable High Load,176,Random-Fuzzer,Baseline,7,0.4666666666666667,2,"['Ping-Pong: 4 UEs oscillating', 'Unfairness: Jain Index = 0.18']",0.18164433165379268,9.149714,-6.051298999786377,50.49497,4.418552875518799,0.7589216,0.08302664654363189,True,False,True,False
Stable High Load,177,Random-Fuzzer,Baseline,4,0.26666666666666666,1,['Ping-Pong: 3 UEs oscillating'],0.37556568741088747,5.865836,-4.747994852066039,35.401806,6.731759500503541,0.867622,0.08302664654363189,True,False,False,False
Stable High Load,178,Random-Fuzzer,Baseline,5,0.3333333333333333,1,['Unfairness: Jain Index = 0.19'],0.1937658293915069,8.5240345,-8.638181114196778,50.67906,2.573161852359772,1.2081434,0.055532875189002864,True,False,True,False
Stable High Load,179,Random-Fuzzer,Baseline,9,0.6,0,[],0.2061197060457413,9.783919,-1.0560659386217592,51.241344,11.721574783325195,0.5060353,0.1724835264407127,True,False,False,False
Stable High Load,180,Random-Fuzzer,Baseline,9,0.6,1,['Ping-Pong: 3 UEs oscillating'],0.22116919077489958,12.512111,0.26106193065643346,61.214214,14.688444519042969,0.3698629,0.0659828879073858,True,False,False,False
Stable High Load,181,Random-Fuzzer,Baseline,8,0.5333333333333333,2,"['Ping-Pong: 4 UEs oscillating', 'Unfairness: Jain Index = 0.12']",0.12468792654349543,5.3156824,-7.797627830505371,36.48449,3.156155335903168,1.1490016,0.08302664654363189,True,False,True,False
Stable High Load,182,Random-Fuzzer,Baseline,6,0.4,0,[],0.21716711692433763,5.2401743,-5.744608211517334,35.022068,5.2662169456481935,1.0231917,0.0659828879073858,True,False,False,False
Stable High Load,183,Random-Fuzzer,Baseline,5,0.3333333333333333,2,"['Ping-Pong: 2 UEs oscillating', 'Unfairness: Jain Index = 0.15']",0.14590752661017373,3.5687978,-5.216493701934814,27.65339,5.515032982826233,0.91667163,0.11507662831994829,True,False,True,False
Stable High Load,184,Random-Fuzzer,Baseline,9,0.6,2,"['Ping-Pong: 4 UEs oscillating', 'Unfairness: Jain Index = 0.09']",0.08727218295207305,6.6072154,-7.122941493988037,39.826653,3.731246900558472,0.96902984,0.09712418121129114,True,False,True,False
Stable High Load,185,Random-Fuzzer,Baseline,6,0.4,2,"['Ping-Pong: 2 UEs oscillating', 'Unfairness: Jain Index = 0.09']",0.09065051678931357,5.7755804,-6.9971539020538325,37.864746,3.850292015075684,1.0913656,0.11507662831994829,True,False,True,False
Stable High Load,186,Random-Fuzzer,Baseline,10,0.6666666666666666,2,"['Ping-Pong: 5 UEs oscillating', 'Unfairness: Jain Index = 0.09']",0.09406980885650715,5.897979,-1.8137696146965028,35.469223,9.985958576202393,0.61699224,0.09712418121129114,True,False,True,False
Stable High Load,187,Random-Fuzzer,Baseline,8,0.5333333333333333,2,"['Ping-Pong: 2 UEs oscillating', 'Unfairness: Jain Index = 0.16']",0.16314471040801093,10.666394,-0.845790481567382,53.89309,13.794904041290284,0.5090193,0.12046772038736682,True,False,True,False
Stable High Load,188,Random-Fuzzer,Baseline,6,0.4,1,['Ping-Pong: 4 UEs oscillating'],0.20498333441099448,8.886325,-2.842938446998596,47.428307,8.399277210235596,0.54292357,0.07499055118106487,True,False,False,False
Stable High Load,189,Random-Fuzzer,Baseline,7,0.4666666666666667,2,"['Ping-Pong: 3 UEs oscillating', 'Unfairness: Jain Index = 0.10']",0.0951827315576427,8.676956,-0.3577921643853187,45.043255,12.911868667602539,0.4390626,0.08302664654363189,True,False,True,False
Stable High Load,190,Random-Fuzzer,Baseline,6,0.4,1,['Unfairness: Jain Index = 0.07'],0.07354189964877891,3.604072,-4.492775487899779,29.176435,7.1606972217559814,1.095506,0.042591770999996004,True,False,True,False
Stable High Load,191,Random-Fuzzer,Baseline,5,0.3333333333333333,1,['Unfairness: Jain Index = 0.09'],0.08606712600487587,5.548502,-7.571603298187256,37.008175,3.3373613834381106,1.115968,0.0659828879073858,False,False,True,False
Stable High Load,192,Random-Fuzzer,Baseline,9,0.6,0,[],0.25911124422090537,4.4273515,-3.9825474739074704,29.222513,6.746310186386109,0.7015822,0.11507662831994829,True,False,False,False
Stable High Load,193,Random-Fuzzer,Baseline,9,0.6,0,[],0.20728325374976347,10.526355,2.016759753227234,52.46368,18.905403518676756,0.37344825,0.0659828879073858,True,False,False,False
Stable High Load,194,Random-Fuzzer,Baseline,10,0.6666666666666666,3,"['Ping-Pong: 4 UEs oscillating', 'QoS Violation: 5th Percentile Throughput = 1.98 Mbps', 'Unfairness: Jain Index = 0.15']",0.14686495491635376,5.532576,-9.775378036499024,37.336136,1.9770255446434022,1.345358,0.10345505229714491,True,True,True,False
Stable High Load,195,Random-Fuzzer,Baseline,11,0.7333333333333333,2,"['Ping-Pong: 4 UEs oscillating', 'Unfairness: Jain Index = 0.12']",0.11976718327310173,8.598446,-3.1813406288623804,46.63965,9.734415817260743,0.78975165,0.09712418121129114,True,False,True,False
Stable High Load,196,Random-Fuzzer,Baseline,7,0.4666666666666667,2,"['Ping-Pong: 3 UEs oscillating', 'Unfairness: Jain Index = 0.09']",0.0855536047028724,5.9470835,-4.041633868217468,37.116653,7.975268745422364,0.93498117,0.042591770999996004,True,False,True,False
Stable High Load,197,Random-Fuzzer,Baseline,7,0.4666666666666667,2,"['Ping-Pong: 2 UEs oscillating', 'Unfairness: Jain Index = 0.17']",0.1735389920826472,9.270519,-3.6928496360778804,49.97379,8.655527305603028,0.8008077,0.09712418121129114,True,False,True,False
Stable High Load,198,Random-Fuzzer,Baseline,6,0.4,1,['Unfairness: Jain Index = 0.11'],0.10822307361067539,6.1205587,-4.139002799987793,38.2687,6.687314653396607,0.7823877,0.08302664654363189,True,False,True,False
Stable High Load,199,Random-Fuzzer,Baseline,7,0.4666666666666667,1,['Ping-Pong: 3 UEs oscillating'],0.2220236081486934,9.440907,-4.643476772308349,51.511333,5.824526023864746,0.6588186,0.07499055118106487,True,False,False,False
Stable High Load,200,Random-Fuzzer,Baseline,4,0.26666666666666666,0,[],0.206281885757144,4.1121087,-7.620047330856323,31.268654,3.2975843429565432,1.1768273,0.08302664654363189,True,False,False,False
Stable High Load,201,Random-Fuzzer,Baseline,4,0.26666666666666666,1,['QoS Violation: 5th Percentile Throughput = 1.88 Mbps'],0.37527610527855826,2.259307,-10.0,25.168598,1.8810487985610962,1.5280609,0.1256276757930754,False,True,False,False
Stable High Load,202,Random-Fuzzer,Baseline,7,0.4666666666666667,0,[],0.3239729490883257,2.738433,-5.599938678741455,25.765451,5.459100532531739,1.1458662,0.042591770999996004,False,False,False,False
Stable High Load,203,Random-Fuzzer,Baseline,8,0.5333333333333333,1,['Unfairness: Jain Index = 0.15'],0.1532021704188632,8.14775,-4.031666779518127,45.821716,7.578500652313233,0.79605556,0.10942024088643863,False,False,True,False
Stable High Load,204,Random-Fuzzer,Baseline,7,0.4666666666666667,2,"['Ping-Pong: 3 UEs oscillating', 'Unfairness: Jain Index = 0.12']",0.12491754160456023,10.431449,-3.376312053203582,53.80146,9.311702537536622,0.7259363,0.08302664654363189,True,False,True,False
Stable High Load,205,Random-Fuzzer,Baseline,8,0.5333333333333333,2,"['Ping-Pong: 4 UEs oscillating', 'Unfairness: Jain Index = 0.09']",0.089860018725867,4.7133007,-5.116299104690551,34.071426,6.1521614551544195,1.0992092,0.0659828879073858,True,False,True,False
Stable High Load,206,Random-Fuzzer,Baseline,7,0.4666666666666667,2,"['Ping-Pong: 3 UEs oscillating', 'Unfairness: Jain Index = 0.17']",0.16794363199973109,8.789331,-2.8051689863204956,48.438217,8.596811532974243,0.6415191,0.09712418121129114,True,False,True,False
Stable High Load,207,Random-Fuzzer,Baseline,6,0.4,2,"['Ping-Pong: 4 UEs oscillating', 'Unfairness: Jain Index = 0.09']",0.09353462268625148,7.3187385,-3.5658130526542657,41.855976,8.914409065246582,0.841492,0.09035079029052513,True,False,True,False
Stable High Load,208,Random-Fuzzer,Baseline,8,0.5333333333333333,2,"['Ping-Pong: 3 UEs oscillating', 'Unfairness: Jain Index = 0.11']",0.10743016018136949,4.8972697,-7.047452449798584,34.285625,3.802221155166626,1.0942465,0.0659828879073858,True,False,True,False
Stable High Load,209,Random-Fuzzer,Baseline,9,0.6,3,"['Ping-Pong: 3 UEs oscillating', 'QoS Violation: 5th Percentile Throughput = 1.88 Mbps', 'Unfairness: Jain Index = 0.09']",0.0862029527840881,5.1360865,-10.0,35.121994,1.8810487985610962,1.2649705,0.055532875189002864,True,True,True,False
Stable High Load,210,Random-Fuzzer,Baseline,5,0.3333333333333333,2,"['Ping-Pong: 5 UEs oscillating', 'Unfairness: Jain Index = 0.12']",0.12493050192609446,8.101377,-5.210237503051758,45.93318,6.011606168746948,0.8844586,0.1150766283199483,True,False,True,False
Stable High Load,211,Random-Fuzzer,Baseline,8,0.5333333333333333,2,"['Ping-Pong: 4 UEs oscillating', 'Unfairness: Jain Index = 0.08']",0.08342653709252515,5.05622,-8.256624984741212,34.743816,2.820943558216095,1.1309248,0.07499055118106487,True,False,True,False
Stable High Load,212,Random-Fuzzer,Baseline,11,0.7333333333333333,2,"['Ping-Pong: 4 UEs oscillating', 'Unfairness: Jain Index = 0.15']",0.14603354273919303,6.732623,-5.678367042541503,41.338364,5.3537292957305915,0.9808026,0.042591770999996004,True,False,True,False
Stable High Load,213,Random-Fuzzer,Baseline,9,0.6,2,"['Ping-Pong: 5 UEs oscillating', 'Unfairness: Jain Index = 0.13']",0.13462219930951752,3.1314268,-4.637546491622924,25.78289,6.914602136611939,1.0220389,0.0659828879073858,True,False,True,False
Stable High Load,214,Random-Fuzzer,Baseline,8,0.5333333333333333,2,"['Ping-Pong: 4 UEs oscillating', 'Unfairness: Jain Index = 0.07']",0.07297870669339664,4.060221,-7.996770572662354,30.879055,3.0054911732673646,1.1676065,0.0659828879073858,True,False,True,False
Stable High Load,215,Random-Fuzzer,Baseline,9,0.6,2,"['Ping-Pong: 2 UEs oscillating', 'Unfairness: Jain Index = 0.11']",0.11455868534103764,3.5219457,-7.942217540740967,28.825727,2.941684031486511,1.1087229,0.07499055118106489,True,False,True,False
Stable High Load,216,Random-Fuzzer,Baseline,9,0.6,2,"['Ping-Pong: 2 UEs oscillating', 'Unfairness: Jain Index = 0.17']",0.1693106900896541,9.337221,-5.488323307037353,51.33848,5.612383079528809,0.8753415,0.11507662831994829,True,False,True,False
Stable High Load,217,Random-Fuzzer,Baseline,7,0.4666666666666667,2,"['Ping-Pong: 4 UEs oscillating', 'QoS Violation: 5th Percentile Throughput = 1.88 Mbps']",0.6336102662372315,8.820485,-10.0,49.94445,1.8810487985610962,1.1986657,0.0659828879073858,True,True,False,False
Stable High Load,218,Random-Fuzzer,Baseline,10,0.6666666666666666,2,"['Ping-Pong: 6 UEs oscillating', 'Unfairness: Jain Index = 0.16']",0.15765293635642277,9.503725,-1.7569755673408505,49.288303,10.345512437820435,0.48049936,0.09712418121129114,True,False,True,False
Stable High Load,219,Random-Fuzzer,Baseline,9,0.6,2,"['Ping-Pong: 5 UEs oscillating', 'Unfairness: Jain Index = 0.08']",0.08198754660713807,7.203284,-1.751231056451797,39.846886,11.170450973510743,0.5829864,0.08302664654363189,True,False,True,False
Stable High Load,220,Random-Fuzzer,Baseline,6,0.4,1,['Ping-Pong: 4 UEs oscillating'],0.2602431248395816,5.93233,-7.8704449176788325,37.768208,3.1001084923744204,1.0652511,0.09035079029052513,True,False,False,False
Stable High Load,221,Random-Fuzzer,Baseline,7,0.4666666666666667,2,"['Ping-Pong: 2 UEs oscillating', 'Unfairness: Jain Index = 0.13']",0.12902073860682226,5.0397363,-7.863106966018677,36.846066,3.105705583095551,1.2721341,0.08302664654363187,True,False,True,False
Stable High Load,222,Random-Fuzzer,Baseline,7,0.4666666666666667,2,"['Ping-Pong: 3 UEs oscillating', 'Unfairness: Jain Index = 0.15']",0.14825552487852486,8.182613,-4.112409663200378,45.469257,7.842644214630127,0.82926613,0.055532875189002864,True,False,True,False
Stable High Load,223,Random-Fuzzer,Baseline,6,0.4,2,"['Ping-Pong: 4 UEs oscillating', 'Unfairness: Jain Index = 0.14']",0.1432723290255407,10.145099,-2.5943181633949277,51.709175,9.835176086425783,0.5479206,0.10942024088643863,True,False,True,False
Stable High Load,224,Random-Fuzzer,Baseline,7,0.4666666666666667,3,"['Ping-Pong: 3 UEs oscillating', 'QoS Violation: 5th Percentile Throughput = 1.88 Mbps', 'Unfairness: Jain Index = 0.10']",0.09567892053544089,8.396546,-10.0,47.585983,1.8810487985610962,1.1436114,0.10345505229714491,True,True,True,False
Stable High Load,225,Random-Fuzzer,Baseline,7,0.4666666666666667,2,"['Ping-Pong: 4 UEs oscillating', 'Unfairness: Jain Index = 0.10']",0.09580867413154402,7.3202176,-5.592873811721802,42.210526,4.939394950866699,0.7546822,0.1034550522971449,True,False,True,False
Stable High Load,226,Random-Fuzzer,Baseline,5,0.3333333333333333,1,['Ping-Pong: 3 UEs oscillating'],0.24506702133893368,11.234761,-4.667840147018432,59.172443,6.86403021812439,0.8176416,0.08302664654363189,True,False,False,False
Stable High Load,227,Random-Fuzzer,Baseline,8,0.5333333333333333,2,"['Ping-Pong: 3 UEs oscillating', 'Unfairness: Jain Index = 0.16']",0.15642548623555805,9.024991,-6.630372142791748,49.652782,4.22028980255127,0.8817579,0.08302664654363187,True,False,True,False
Stable High Load,228,Random-Fuzzer,Baseline,6,0.4,1,['Ping-Pong: 4 UEs oscillating'],0.27999763298187175,10.483623,-4.851514101028442,56.791523,6.564201593399048,0.87470955,0.0659828879073858,True,False,False,False
Stable High Load,229,Random-Fuzzer,Baseline,5,0.3333333333333333,1,['Ping-Pong: 3 UEs oscillating'],0.22578919204937933,10.840333,-3.608952152729034,57.073647,8.82582893371582,0.80066514,0.06598288790738581,True,False,False,False
Stable High Load,230,Random-Fuzzer,Baseline,6,0.4,1,['Ping-Pong: 2 UEs oscillating'],0.22946244609794714,10.859936,-9.306752490997315,58.987858,2.1990448117256163,1.0790327,0.09712418121129114,True,False,False,False
Stable High Load,231,Random-Fuzzer,Baseline,2,0.13333333333333333,1,['Unfairness: Jain Index = 0.10'],0.10399140560459524,4.8530807,-7.761266136169433,33.957043,3.1576772689819337,1.0870136,0.08302664654363189,False,False,True,False
Stable High Load,232,Random-Fuzzer,Baseline,3,0.2,1,['Unfairness: Jain Index = 0.15'],0.1458778442710478,7.277466,-5.576098775863647,43.36696,5.491511487960816,0.9613769,0.06598288790738581,False,False,True,False
Stable High Load,233,Random-Fuzzer,Baseline,6,0.4,1,['Unfairness: Jain Index = 0.07'],0.07242404196350342,3.4954736,-2.705406832695007,27.384851,8.708897495269776,0.8018978,0.10345505229714491,False,False,True,False
Stable High Load,234,Random-Fuzzer,Baseline,6,0.4,2,"['Ping-Pong: 2 UEs oscillating', 'Unfairness: Jain Index = 0.09']",0.08825302292439743,6.0737963,-5.657621765136718,38.822,5.179054546356202,0.9786988,0.055532875189002864,True,False,True,False
Stable High Load,235,Random-Fuzzer,Baseline,6,0.4,2,"['Ping-Pong: 2 UEs oscillating', 'Unfairness: Jain Index = 0.15']",0.1473447383812538,6.820194,-4.724638938903809,41.29634,6.770071458816529,0.9488694,0.0659828879073858,True,False,True,False
Stable High Load,236,Random-Fuzzer,Baseline,8,0.5333333333333333,2,"['Ping-Pong: 3 UEs oscillating', 'Unfairness: Jain Index = 0.19']",0.18704951065554284,0.35085613,-9.380316925048827,19.545074,2.1621365904808045,1.6479933,0.08302664654363189,True,False,True,False
Stable High Load,237,Random-Fuzzer,Baseline,5,0.3333333333333333,1,['Ping-Pong: 3 UEs oscillating'],0.4958653709429379,2.8098302,-4.109191727638245,23.380823,6.5554571628570555,0.77714425,0.0659828879073858,True,False,False,False
Stable High Load,238,Random-Fuzzer,Baseline,8,0.5333333333333333,2,"['Ping-Pong: 4 UEs oscillating', 'QoS Violation: 5th Percentile Throughput = 1.88 Mbps']",0.24041272442023032,8.924986,-10.0,53.41205,1.8810487985610962,1.4792445,0.08302664654363189,True,True,False,False
Stable High Load,239,Random-Fuzzer,Baseline,7,0.4666666666666667,2,"['Ping-Pong: 4 UEs oscillating', 'Unfairness: Jain Index = 0.08']",0.08223472204298161,5.7917066,-5.981509113311767,36.3546,4.722024941444397,0.881702,0.10942024088643863,True,False,True,False
Stable High Load,240,Random-Fuzzer,Baseline,7,0.4666666666666667,1,['Ping-Pong: 3 UEs oscillating'],0.2311623324927941,9.763352,-3.577273726463318,52.045204,7.235291433334351,0.5932614,0.09712418121129114,True,False,False,False
Stable High Load,241,Random-Fuzzer,Baseline,9,0.6,1,['Ping-Pong: 4 UEs oscillating'],0.28194136825252414,11.977268,-3.569169116020202,61.412285,8.907493686676027,0.74913037,0.042591770999996004,True,False,False,False
Stable High Load,242,Random-Fuzzer,Baseline,4,0.26666666666666666,0,[],0.21269282720501226,9.190262,-8.760233306884766,51.563572,2.4993899703025817,1.0453697,0.055532875189002864,True,False,False,False
Stable High Load,243,Random-Fuzzer,Baseline,6,0.4,1,['Ping-Pong: 2 UEs oscillating'],0.3991671906205914,5.2681637,-9.222038269042969,34.99788,2.2425421357154844,1.1648356,0.0659828879073858,True,False,False,False
Stable High Load,244,Random-Fuzzer,Baseline,7,0.4666666666666667,0,[],0.5697484009613232,3.8884337,-6.175733137130737,27.566833,4.265349054336548,0.80946934,0.055532875189002864,True,False,False,False
Stable High Load,245,Random-Fuzzer,Baseline,6,0.4,2,"['Ping-Pong: 2 UEs oscillating', 'Unfairness: Jain Index = 0.15']",0.14994582183527855,8.9947,-2.5716814756393434,47.105793,8.693271732330322,0.48632392,0.0659828879073858,True,False,True,False
Stable High Load,246,Random-Fuzzer,Baseline,8,0.5333333333333333,2,"['Ping-Pong: 4 UEs oscillating', 'Unfairness: Jain Index = 0.10']",0.10454685532997737,8.0474825,-4.111087274551391,44.833786,7.84510555267334,0.827481,0.0659828879073858,True,False,True,False
Stable High Load,247,Random-Fuzzer,Baseline,8,0.5333333333333333,3,"['Ping-Pong: 3 UEs oscillating', 'QoS Violation: 5th Percentile Throughput = 1.88 Mbps', 'Unfairness: Jain Index = 0.10']",0.10000954273562224,5.5575976,-10.0,38.54345,1.8810487985610962,1.4051393,0.07499055118106486,True,True,True,False
Stable High Load,248,Random-Fuzzer,Baseline,9,0.6,2,"['Ping-Pong: 5 UEs oscillating', 'Unfairness: Jain Index = 0.14']",0.1440032795879194,6.947515,-5.990549325942993,42.14521,4.438329076766967,0.846404,0.042591770999996004,True,False,True,False
Stable High Load,249,Random-Fuzzer,Baseline,7,0.4666666666666667,3,"['Ping-Pong: 4 UEs oscillating', 'QoS Violation: 5th Percentile Throughput = 1.88 Mbps', 'Unfairness: Jain Index = 0.10']",0.09563075396984083,7.644312,-10.0,45.311325,1.8810487985610962,1.2390064,0.042591770999996004,True,True,True,False
Stable High Load,250,Random-Fuzzer,Baseline,6,0.4,2,"['Ping-Pong: 3 UEs oscillating', 'Unfairness: Jain Index = 0.15']",0.15143583766596852,9.495807,-4.175675344467162,50.48658,7.725626182556153,0.77815884,0.12046772038736682,True,False,True,False
Stable High Load,251,Random-Fuzzer,Baseline,8,0.5333333333333333,3,"['Ping-Pong: 3 UEs oscillating', 'QoS Violation: 5th Percentile Throughput = 1.88 Mbps', 'Unfairness: Jain Index = 0.18']",0.18351839211436374,3.8685074,-10.0,32.93849,1.8810487985610962,1.7207199,0.09712418121129114,True,True,True,False
Stable High Load,252,Random-Fuzzer,Baseline,9,0.6,2,"['Ping-Pong: 4 UEs oscillating', 'Unfairness: Jain Index = 0.14']",0.13809277654470317,6.412381,-3.497048330307007,37.8848,7.297781372070313,0.6442005,0.0659828879073858,True,False,True,False
Stable High Load,253,Random-Fuzzer,Baseline,6,0.4,2,"['Ping-Pong: 4 UEs oscillating', 'Unfairness: Jain Index = 0.14']",0.14213949361618536,7.5908136,-3.941436266899109,42.4554,6.694814825057984,0.61047405,0.055532875189002864,True,False,True,False
Stable High Load,254,Random-Fuzzer,Baseline,7,0.4666666666666667,3,"['Ping-Pong: 3 UEs oscillating', 'QoS Violation: 5th Percentile Throughput = 1.88 Mbps', 'Unfairness: Jain Index = 0.15']",0.14996649555220998,5.5378857,-10.0,39.15882,1.8810487985610962,1.4254438,0.10942024088643863,True,True,True,False
Stable High Load,255,Random-Fuzzer,Baseline,8,0.5333333333333333,1,['Ping-Pong: 2 UEs oscillating'],0.3067504084123091,14.573539,0.8839883506298065,69.45307,15.792955303192139,0.29692447,0.08302664654363189,True,False,False,False
Stable High Load,256,Random-Fuzzer,Baseline,6,0.4,2,"['Ping-Pong: 4 UEs oscillating', 'Unfairness: Jain Index = 0.15']",0.14678582816143596,6.8265553,-6.132545328140258,42.306572,4.780320644378662,1.0501086,0.07499055118106487,True,False,True,False
Stable High Load,257,Random-Fuzzer,Baseline,8,0.5333333333333333,2,"['Ping-Pong: 4 UEs oscillating', 'Unfairness: Jain Index = 0.16']",0.15994465664305596,5.7020473,-4.262782144546508,36.570053,7.566866874694824,0.9696808,0.09035079029052513,True,False,True,False
Stable High Load,258,Random-Fuzzer,Baseline,6,0.4,2,"['Ping-Pong: 3 UEs oscillating', 'QoS Violation: 5th Percentile Throughput = 1.88 Mbps']",0.2906531160417031,6.106675,-10.0,38.729446,1.8810487985610962,1.2216439,0.05553287518900287,True,True,False,False
Stable High Load,259,Random-Fuzzer,Baseline,6,0.4,1,['Ping-Pong: 4 UEs oscillating'],0.22181101191254665,10.942602,-3.00315988799557,56.99018,10.133137893676759,0.76344424,0.07499055118106487,True,False,False,False
Stable High Load,260,Random-Fuzzer,Baseline,7,0.4666666666666667,2,"['Ping-Pong: 4 UEs oscillating', 'Unfairness: Jain Index = 0.15']",0.15480898571228638,8.13014,-6.104551362991333,45.84446,4.813894176483155,0.88085943,0.08302664654363189,True,False,True,False
Stable High Load,261,Random-Fuzzer,Baseline,10,0.6666666666666666,1,['Ping-Pong: 6 UEs oscillating'],0.35889071512907306,3.9468086,-4.980891561508178,28.916838,6.359925222396851,0.99617463,0.06598288790738581,True,False,False,False
Stable High Load,262,Random-Fuzzer,Baseline,9,0.6,2,"['Ping-Pong: 6 UEs oscillating', 'Unfairness: Jain Index = 0.15']",0.1485110093455333,8.579866,-8.131123781204224,48.39904,2.908413016796112,1.004813,0.07499055118106486,True,False,True,False
Stable High Load,263,Random-Fuzzer,Baseline,6,0.4,2,"['Ping-Pong: 5 UEs oscillating', 'Unfairness: Jain Index = 0.16']",0.15738950748237743,6.5951734,-7.241161823272705,42.540657,3.622877597808838,1.1420436,0.09712418121129114,True,False,True,False
Stable High Load,264,Random-Fuzzer,Baseline,6,0.4,2,"['Ping-Pong: 3 UEs oscillating', 'Unfairness: Jain Index = 0.16']",0.15939958470368326,8.746013,-5.472208452224731,49.320217,5.634840202331543,0.92204314,0.08302664654363189,True,False,True,False
Stable High Load,265,Random-Fuzzer,Baseline,6,0.4,1,['Ping-Pong: 3 UEs oscillating'],0.2771687328207913,10.920065,-1.15888215303421,56.297062,11.398411655426026,0.49378374,0.07499055118106487,True,False,False,False
Stable High Load,266,Random-Fuzzer,Baseline,9,0.6,3,"['Ping-Pong: 3 UEs oscillating', 'QoS Violation: 5th Percentile Throughput = 1.88 Mbps', 'Unfairness: Jain Index = 0.12']",0.11950843509629752,3.733374,-10.0,30.326422,1.8810487985610962,1.3938822,0.09712418121129114,True,True,True,False
Stable High Load,267,Random-Fuzzer,Baseline,11,0.7333333333333333,1,['Ping-Pong: 3 UEs oscillating'],0.2750428760850866,10.3126,-6.316041183471679,55.73608,4.56584177017212,0.8829014,0.07499055118106487,True,False,False,False
Stable High Load,268,Random-Fuzzer,Baseline,11,0.7333333333333333,2,"['Ping-Pong: 6 UEs oscillating', 'Unfairness: Jain Index = 0.08']",0.0753346936782087,5.27961,-4.49466872215271,34.020794,7.157432126998902,0.93036675,0.055532875189002864,True,False,True,False
Stable High Load,269,Random-Fuzzer,Baseline,8,0.5333333333333333,4,"['Ping-Pong: 7 UEs oscillating', 'QoS Violation: 5th Percentile Throughput = 1.88 Mbps', 'Unfairness: Jain Index = 0.08', 'CRITICAL FAILURE: Low QoE, High Unfairness, and System Instability Co-occurred']",0.08075029574478129,3.995463,-10.0,32.819996,1.8810487985610962,1.5266396,0.1034550522971449,True,True,True,True
Stable High Load,270,Random-Fuzzer,Baseline,7,0.4666666666666667,1,['Ping-Pong: 5 UEs oscillating'],0.21787221743532775,10.909368,-1.206266717612743,55.520008,11.506094360351563,0.46721706,0.09712418121129114,True,False,False,False
Stable High Load,271,Random-Fuzzer,Baseline,6,0.4,1,['Ping-Pong: 3 UEs oscillating'],0.272451271351621,10.726645,-2.164590764045715,55.45333,9.372513103485108,0.50387764,0.0659828879073858,True,False,False,False
Stable High Load,272,Random-Fuzzer,Baseline,7,0.4666666666666667,3,"['Ping-Pong: 2 UEs oscillating', 'QoS Violation: 5th Percentile Throughput = 1.88 Mbps', 'Unfairness: Jain Index = 0.08']",0.08291389606285972,4.704939,-10.0,35.376717,1.8810487985610962,1.5743803,0.07499055118106487,True,True,True,False
Stable High Load,273,Random-Fuzzer,Baseline,7,0.4666666666666667,3,"['Ping-Pong: 2 UEs oscillating', 'QoS Violation: 5th Percentile Throughput = 1.88 Mbps', 'Unfairness: Jain Index = 0.10']",0.09897317768433384,5.090137,-10.0,36.00914,1.8810487985610962,1.3283734,0.09035079029052513,True,True,True,False
Stable High Load,274,Random-Fuzzer,Baseline,7,0.4666666666666667,0,[],0.21908122424617962,10.44595,-7.855914211273193,56.31896,3.1112030386924747,0.9472287,0.09712418121129114,True,False,False,False
Stable High Load,275,Random-Fuzzer,Baseline,7,0.4666666666666667,3,"['Ping-Pong: 4 UEs oscillating', 'QoS Violation: 5th Percentile Throughput = 1.88 Mbps', 'Unfairness: Jain Index = 0.13']",0.12609346838472815,7.0459156,-10.0,42.646004,1.8810487985610962,1.1967663,0.07499055118106487,True,True,True,False
Stable High Load,276,Random-Fuzzer,Baseline,7,0.4666666666666667,1,['Ping-Pong: 2 UEs oscillating'],0.2072818996034266,7.996788,-8.709016513824462,47.212887,2.530033528804779,1.1045474,0.0659828879073858,True,False,False,False
Stable High Load,277,Random-Fuzzer,Baseline,7,0.4666666666666667,0,[],0.2213066186915823,9.466771,-3.786100769042968,51.682556,8.46928472518921,0.84119,0.0659828879073858,False,False,False,False
Stable High Load,278,Random-Fuzzer,Baseline,9,0.6,2,"['Ping-Pong: 3 UEs oscillating', 'Unfairness: Jain Index = 0.14']",0.1388044043287129,7.8917,-5.269580316543578,44.85833,5.924310111999512,0.88493514,0.09712418121129114,True,False,True,False
Stable High Load,279,Random-Fuzzer,Baseline,7,0.4666666666666667,3,"['Ping-Pong: 3 UEs oscillating', 'QoS Violation: 5th Percentile Throughput = 1.88 Mbps', 'Unfairness: Jain Index = 0.07']",0.07409138913572003,4.216399,-10.0,31.766474,1.8810487985610962,1.3175194,0.07499055118106486,True,True,True,False
Stable High Load,280,Random-Fuzzer,Baseline,6,0.4,2,"['Ping-Pong: 4 UEs oscillating', 'Unfairness: Jain Index = 0.14']",0.1416592902603338,5.802009,-6.955065488815308,37.725418,3.891000890731812,1.034389,0.042591770999996004,True,False,True,False
Stable High Load,281,Random-Fuzzer,Baseline,7,0.4666666666666667,2,"['Ping-Pong: 3 UEs oscillating', 'QoS Violation: 5th Percentile Throughput = 1.88 Mbps']",0.20910837799154397,2.3418596,-10.0,26.329975,1.8810487985610962,1.5634906,0.11507662831994829,True,True,False,False
Stable High Load,282,Random-Fuzzer,Baseline,7,0.4666666666666667,1,['Ping-Pong: 3 UEs oscillating'],0.23456556917581328,12.881124,-3.610283780097961,64.343666,8.823105907440187,0.6912932,0.0659828879073858,True,False,False,False
Stable High Load,283,Random-Fuzzer,Baseline,7,0.4666666666666667,3,"['Ping-Pong: 4 UEs oscillating', 'QoS Violation: 5th Percentile Throughput = 1.88 Mbps', 'Unfairness: Jain Index = 0.14']",0.13927351889865447,5.6432214,-10.0,38.433567,1.8810487985610962,1.345452,0.09035079029052513,True,True,True,False
Stable High Load,284,Random-Fuzzer,Baseline,7,0.4666666666666667,2,"['Ping-Pong: 3 UEs oscillating', 'Unfairness: Jain Index = 0.10']",0.09576546708279057,6.0938997,-5.422578573226929,37.77803,5.704519367218018,0.9340097,0.055532875189002864,True,False,True,False
Stable High Load,285,Random-Fuzzer,Baseline,6,0.4,2,"['Ping-Pong: 2 UEs oscillating', 'Unfairness: Jain Index = 0.14']",0.14244293249630968,6.5760775,-7.427436113357544,41.06368,3.458842134475708,1.0633683,0.055532875189002864,True,False,True,False
Stable High Load,286,Random-Fuzzer,Baseline,8,0.5333333333333333,3,"['Ping-Pong: 2 UEs oscillating', 'QoS Violation: 5th Percentile Throughput = 1.88 Mbps', 'Unfairness: Jain Index = 0.14']",0.14438400628453302,7.240748,-10.0,44.092968,1.8810487985610962,1.2421433,0.07499055118106487,True,True,True,False
Stable High Load,287,Random-Fuzzer,Baseline,7,0.4666666666666667,0,[],0.27666785599963645,11.99165,-1.5186842322349547,59.575085,10.53695764541626,0.40766773,0.08302664654363189,False,False,False,False
Stable High Load,288,Random-Fuzzer,Baseline,5,0.3333333333333333,1,['QoS Violation: 5th Percentile Throughput = 1.88 Mbps'],0.3344485468277161,2.9228866,-10.0,26.954132,1.8810487985610962,1.3933815,0.09712418121129114,False,True,False,False
Stable High Load,289,Random-Fuzzer,Baseline,7,0.4666666666666667,1,['Unfairness: Jain Index = 0.17'],0.16579749622527343,8.753261,-6.080775356292724,49.642464,4.588555312156678,0.8828872,0.042591770999996004,True,False,True,False
Stable High Load,290,Random-Fuzzer,Baseline,9,0.6,1,['Ping-Pong: 3 UEs oscillating'],0.2095777450571931,8.244722,-4.575756120681762,47.095253,7.01874270439148,0.89556384,0.12046772038736682,True,False,False,False
Stable High Load,291,Random-Fuzzer,Baseline,10,0.6666666666666666,4,"['Ping-Pong: 6 UEs oscillating', 'QoS Violation: 5th Percentile Throughput = 1.90 Mbps', 'Unfairness: Jain Index = 0.15', 'CRITICAL FAILURE: Low QoE, High Unfairness, and System Instability Co-occurred']",0.15268317417306876,5.142296,-9.956301403045654,38.205837,1.8992199420928955,1.5433576,0.08302664654363189,True,True,True,True
Stable High Load,292,Random-Fuzzer,Baseline,8,0.5333333333333333,2,"['Ping-Pong: 5 UEs oscillating', 'QoS Violation: 5th Percentile Throughput = 1.88 Mbps']",0.22403525543052444,5.08542,-10.0,35.64166,1.8810487985610962,1.3076005,0.09712418121129113,True,True,False,False
Stable High Load,293,Random-Fuzzer,Baseline,9,0.6,2,"['Ping-Pong: 5 UEs oscillating', 'Unfairness: Jain Index = 0.15']",0.1506406077033756,7.3938737,-3.632287442684173,42.654217,8.778200340270997,0.8661862,0.08302664654363187,True,False,True,False
Stable High Load,294,Random-Fuzzer,Baseline,10,0.6666666666666666,2,"['Ping-Pong: 5 UEs oscillating', 'QoS Violation: 5th Percentile Throughput = 1.88 Mbps']",0.49932443865743226,1.9059556,-10.0,23.280212,1.8810487985610962,1.4889997,0.0659828879073858,True,True,False,False
Stable High Load,295,Random-Fuzzer,Baseline,8,0.5333333333333333,3,"['Ping-Pong: 4 UEs oscillating', 'QoS Violation: 5th Percentile Throughput = 1.88 Mbps', 'Unfairness: Jain Index = 0.09']",0.08555321472759254,5.2485003,-10.0,36.52262,1.8810487985610962,1.334952,0.09712418121129114,True,True,True,False
Stable High Load,296,Random-Fuzzer,Baseline,7,0.4666666666666667,2,"['Ping-Pong: 2 UEs oscillating', 'Unfairness: Jain Index = 0.07']",0.07190644733571099,3.811085,-6.6597085952758786,29.123522,4.189406251907349,1.0560732,0.0659828879073858,True,False,True,False
Stable High Load,297,Random-Fuzzer,Baseline,6,0.4,1,['QoS Violation: 5th Percentile Throughput = 1.88 Mbps'],0.44537697050286157,2.726653,-10.0,25.731525,1.8810487985610962,1.3675005,0.05553287518900287,True,True,False,False
Stable High Load,298,Random-Fuzzer,Baseline,5,0.3333333333333333,2,"['QoS Violation: 5th Percentile Throughput = 1.88 Mbps', 'Unfairness: Jain Index = 0.07']",0.07151054034195384,2.558867,-10.0,26.419886,1.8810487985610962,1.4444027,0.09035079029052512,True,True,True,False
Stable High Load,299,Random-Fuzzer,Baseline,6,0.4,1,['Unfairness: Jain Index = 0.15'],0.15303261806342547,8.644382,-4.4461021900177,47.406654,6.355319213867188,0.6745408,0.055532875189002864,True,False,True,False
Stable High Load,0,Random-Fuzzer,Utility,11,0.7333333333333333,0,[],0.21038869948357722,9.327165,-1.1793683767318726,49.192062,11.289645004272462,0.50528455,0.12046772038736682,False,False,False,False
Stable High Load,1,Random-Fuzzer,Utility,10,0.6666666666666666,1,['Unfairness: Jain Index = 0.15'],0.1464579974872511,11.073108,-0.06010088920593226,54.938232,14.311802673339844,0.40059632,0.06598288790738581,False,False,True,False
Stable High Load,2,Random-Fuzzer,Utility,9,0.6,0,[],0.4219587194355718,15.646388,-1.3687893867492675,76.600426,10.839555740356445,0.4254206,0.08302664654363189,False,False,False,False
Stable High Load,3,Random-Fuzzer,Utility,7,0.4666666666666667,1,['Ping-Pong: 6 UEs oscillating'],0.41124621418005286,16.907862,-1.067166846990585,80.619545,11.583868885040284,0.33172497,0.08302664654363189,True,False,False,False
Stable High Load,4,Random-Fuzzer,Utility,6,0.4,1,['Ping-Pong: 3 UEs oscillating'],0.2049276882778926,13.088317,0.24434432983398469,63.39517,14.76340103149414,0.34957877,0.07499055118106486,True,False,False,False
Stable High Load,5,Random-Fuzzer,Utility,8,0.5333333333333333,1,['Ping-Pong: 2 UEs oscillating'],0.388189119606623,16.85177,4.8956764221191404,78.48341,27.83007049560547,0.2241624,0.09712418121129114,True,False,False,False
Stable High Load,6,Random-Fuzzer,Utility,10,0.6666666666666666,2,"['Ping-Pong: 3 UEs oscillating', 'Unfairness: Jain Index = 0.17']",0.17332886841740944,12.829549,1.0030375242233278,61.431686,16.334616470336915,0.30344588,0.055532875189002864,True,False,True,False
Stable High Load,7,Random-Fuzzer,Utility,8,0.5333333333333333,1,['Ping-Pong: 5 UEs oscillating'],0.260616932639907,12.785318,0.6049759447574616,62.600544,15.112543678283691,0.36536857,0.08302664654363187,True,False,False,False
Stable High Load,8,Random-Fuzzer,Utility,8,0.5333333333333333,1,['Ping-Pong: 7 UEs oscillating'],0.36775917302037087,15.472032,-0.47440294623374935,74.08629,12.6474440574646,0.32485196,0.07499055118106489,True,False,False,False
Stable High Load,9,Random-Fuzzer,Utility,8,0.5333333333333333,1,['Ping-Pong: 5 UEs oscillating'],0.2149962222811311,10.980052,0.4165851771831513,55.313236,14.662080574035645,0.41272265,0.0830266465436319,True,False,False,False
Stable High Load,10,Random-Fuzzer,Utility,7,0.4666666666666667,2,"['Ping-Pong: 4 UEs oscillating', 'Unfairness: Jain Index = 0.17']",0.1672889455718001,11.537657,3.1879392862319946,55.69074,22.4784818649292,0.3077961,0.08302664654363189,True,False,True,False
Stable High Load,11,Random-Fuzzer,Utility,7,0.4666666666666667,1,['Ping-Pong: 2 UEs oscillating'],0.34945689328950996,15.122207,0.2709517002105717,72.499435,15.357144927978517,0.35036677,0.0659828879073858,True,False,False,False
Stable High Load,12,Random-Fuzzer,Utility,9,0.6,0,[],0.3670606944059697,16.017035,-0.3744999691843986,76.27217,12.875214958190918,0.31146896,0.0659828879073858,True,False,False,False
Stable High Load,13,Random-Fuzzer,Utility,10,0.6666666666666666,1,['Ping-Pong: 5 UEs oscillating'],0.24424804182903473,12.562811,0.5282982587814333,61.61898,15.245456123352051,0.37310037,0.055532875189002864,True,False,False,False
Stable High Load,14,Random-Fuzzer,Utility,8,0.5333333333333333,1,['Ping-Pong: 6 UEs oscillating'],0.22971214086950786,11.830317,-1.4191539645195008,58.67907,10.722037887573242,0.39926237,0.0659828879073858,True,False,False,False
Stable High Load,15,Random-Fuzzer,Utility,5,0.3333333333333333,1,['Ping-Pong: 3 UEs oscillating'],0.27473399536861953,13.77037,0.6146182119846344,66.09621,15.148982334136964,0.31403103,0.05553287518900286,True,False,False,False
Stable High Load,16,Random-Fuzzer,Utility,6,0.4,1,['Ping-Pong: 3 UEs oscillating'],0.5459157664001534,19.343405,-0.7121232092380523,90.86717,12.142007827758789,0.27596724,0.042591770999996004,True,False,False,False
Stable High Load,17,Random-Fuzzer,Utility,9,0.6,1,['Ping-Pong: 2 UEs oscillating'],0.3567491935669442,14.0343275,0.09940196275711066,68.136314,13.960301780700684,0.35463348,0.0659828879073858,True,False,False,False
Stable High Load,18,Random-Fuzzer,Utility,6,0.4,0,[],0.3820599367232966,15.250329,-0.8003958702087403,73.50423,11.94711618423462,0.34965524,0.042591770999996004,True,False,False,False
Stable High Load,19,Random-Fuzzer,Utility,4,0.26666666666666666,1,['Ping-Pong: 2 UEs oscillating'],0.3523581466261719,14.62572,-1.4409398913383484,71.730225,10.676299285888671,0.41096517,0.042591770999996004,True,False,False,False
Stable High Load,20,Random-Fuzzer,Utility,9,0.6,1,['Ping-Pong: 2 UEs oscillating'],0.5614521077944868,19.683584,0.7402848958969117,92.429726,15.491199779510499,0.26673916,0.08302664654363189,True,False,False,False
Stable High Load,21,Random-Fuzzer,Utility,10,0.6666666666666666,1,['Ping-Pong: 2 UEs oscillating'],0.2722619539778734,12.33634,0.5578785121440888,60.338562,15.00072202682495,0.35381126,0.08302664654363189,True,False,False,False
Stable High Load,22,Random-Fuzzer,Utility,10,0.6666666666666666,1,['Ping-Pong: 6 UEs oscillating'],0.3008650844151133,14.453213,-2.6961103677749634,70.35009,8.493955039978028,0.39523926,0.1034550522971449,True,False,False,False
Stable High Load,23,Random-Fuzzer,Utility,9,0.6,1,['Ping-Pong: 5 UEs oscillating'],0.36202386222439287,15.222437,-0.8880375862121581,73.11425,11.81482629776001,0.33867037,0.05553287518900287,True,False,False,False
Stable High Load,24,Random-Fuzzer,Utility,6,0.4,0,[],0.4460443316188942,18.990156,3.162902212142945,88.186806,22.672189140319826,0.21875945,0.07499055118106486,True,False,False,False
Stable High Load,25,Random-Fuzzer,Utility,8,0.5333333333333333,1,['Ping-Pong: 2 UEs oscillating'],0.37442647949676383,15.305094,-2.2559443950653075,74.18237,9.374740076065063,0.39493525,0.042591770999996004,True,False,False,False
Stable High Load,26,Random-Fuzzer,Utility,7,0.4666666666666667,2,"['Ping-Pong: 3 UEs oscillating', 'Unfairness: Jain Index = 0.17']",0.165322004350331,10.970858,-0.1895113289356231,53.749058,13.290495681762696,0.34808838,0.12046772038736682,True,False,True,False
Stable High Load,27,Random-Fuzzer,Utility,10,0.6666666666666666,1,['Ping-Pong: 6 UEs oscillating'],0.2150687993892696,11.313149,0.3746656477451325,56.13581,14.574562740325927,0.38405868,0.0659828879073858,True,False,False,False
Stable High Load,28,Random-Fuzzer,Utility,9,0.6,1,['Ping-Pong: 4 UEs oscillating'],0.2862565403396014,13.105295,1.0151659905910493,64.019135,16.127265453338623,0.35919937,0.05553287518900286,True,False,False,False
Stable High Load,29,Random-Fuzzer,Utility,8,0.5333333333333333,1,['Ping-Pong: 5 UEs oscillating'],0.3127242964975313,14.305883,-0.44783524274826036,69.13233,12.837293529510498,0.34932625,0.055532875189002864,True,False,False,False
Stable High Load,30,Random-Fuzzer,Utility,7,0.4666666666666667,1,['Ping-Pong: 5 UEs oscillating'],0.36090874161970854,15.337447,-0.03585593700408918,73.58977,13.863532638549806,0.33529085,0.08302664654363189,True,False,False,False
Stable High Load,31,Random-Fuzzer,Utility,7,0.4666666666666667,1,['Ping-Pong: 4 UEs oscillating'],0.2429934608223573,11.329467,-1.7807867169380187,57.50664,10.046205711364745,0.46130323,0.07499055118106489,True,False,False,False
Stable High Load,32,Random-Fuzzer,Utility,8,0.5333333333333333,1,['Ping-Pong: 2 UEs oscillating'],0.28841360895936285,12.9993925,0.3608401477336884,63.708813,14.528154468536377,0.36973867,0.0659828879073858,True,False,False,False
Stable High Load,33,Random-Fuzzer,Utility,6,0.4,1,['Ping-Pong: 3 UEs oscillating'],0.49687441319319575,18.254915,0.6996958255767823,85.840675,15.453982830047607,0.27035904,0.0659828879073858,True,False,False,False
Stable High Load,34,Random-Fuzzer,Utility,8,0.5333333333333333,1,['Ping-Pong: 2 UEs oscillating'],0.2423630912750928,11.417523,-1.1999881386756897,57.988758,11.169002246856689,0.46279258,0.09035079029052513,True,False,False,False
Stable High Load,35,Random-Fuzzer,Utility,6,0.4,2,"['Ping-Pong: 3 UEs oscillating', 'Unfairness: Jain Index = 0.19']",0.1927120672960215,7.7771654,-2.191290593147278,44.105026,9.345458126068115,0.6183986,0.08302664654363189,True,False,True,False
Stable High Load,36,Random-Fuzzer,Utility,9,0.6,1,['Ping-Pong: 2 UEs oscillating'],0.33034976984776177,14.538269,-2.021658909320831,71.23978,9.668103218078613,0.4199906,0.09035079029052513,True,False,False,False
Stable High Load,37,Random-Fuzzer,Utility,8,0.5333333333333333,0,[],0.393694915484529,14.48877,-1.5659107089042663,70.93625,10.44419002532959,0.39967057,0.05553287518900287,True,False,False,False
Stable High Load,38,Random-Fuzzer,Utility,8,0.5333333333333333,2,"['Ping-Pong: 4 UEs oscillating', 'Unfairness: Jain Index = 0.14']",0.14405944572518975,9.13916,-0.17552301883697485,46.867992,13.540287590026857,0.42729574,0.09712418121129114,True,False,True,False
Stable High Load,39,Random-Fuzzer,Utility,9,0.6,1,['Ping-Pong: 4 UEs oscillating'],0.25398818855192395,10.52014,-3.9940045833587647,55.168255,6.622168254852295,0.5701056,0.055532875189002864,True,False,False,False
Stable High Load,40,Random-Fuzzer,Utility,10,0.6666666666666666,1,['Ping-Pong: 6 UEs oscillating'],0.302732005344644,13.329282,-0.9331500470638274,65.66063,11.756752109527588,0.4040079,0.0659828879073858,True,False,False,False
Stable High Load,41,Random-Fuzzer,Utility,6,0.4,1,['Ping-Pong: 5 UEs oscillating'],0.22200941431642052,10.612795,-3.0208176612854003,54.973423,8.04854965209961,0.52831346,0.05553287518900287,True,False,False,False
Stable High Load,42,Random-Fuzzer,Utility,9,0.6,1,['Ping-Pong: 6 UEs oscillating'],0.24084316310709716,12.254355,-0.9483917534351347,61.246227,11.733912086486816,0.43171856,0.07499055118106487,True,False,False,False
Stable High Load,43,Random-Fuzzer,Utility,11,0.7333333333333333,1,['Ping-Pong: 6 UEs oscillating'],0.24078405483146365,11.784237,-1.7542258262634278,59.57714,10.09486026763916,0.46384147,0.10345505229714491,True,False,False,False
Stable High Load,44,Random-Fuzzer,Utility,5,0.3333333333333333,2,"['Ping-Pong: 4 UEs oscillating', 'Unfairness: Jain Index = 0.18']",0.17631323054219877,10.770692,-2.749529981613159,55.390842,8.663928270339966,0.5237712,0.07499055118106487,True,False,True,False
Stable High Load,45,Random-Fuzzer,Utility,10,0.6666666666666666,1,['Ping-Pong: 4 UEs oscillating'],0.25139739933219685,11.081086,-4.088585352897644,57.082275,6.50712513923645,0.540048,0.08302664654363189,True,False,False,False
Stable High Load,46,Random-Fuzzer,Utility,11,0.7333333333333333,1,['Ping-Pong: 3 UEs oscillating'],0.3001168667002915,12.2511635,-3.127860856056213,62.235664,7.936127138137818,0.51684254,0.023328473740792173,True,False,False,False
Stable High Load,47,Random-Fuzzer,Utility,11,0.7333333333333333,1,['Ping-Pong: 7 UEs oscillating'],0.3321923768743271,14.773387,1.0953986167907717,70.53146,16.79935922622681,0.31124026,0.07499055118106489,True,False,False,False
Stable High Load,48,Random-Fuzzer,Utility,8,0.5333333333333333,2,"['Ping-Pong: 5 UEs oscillating', 'Unfairness: Jain Index = 0.10']",0.10023174530125958,8.252787,-1.0564029932022092,43.989037,11.502520942687989,0.48911157,0.042591770999996004,True,False,True,False
Stable High Load,49,Random-Fuzzer,Utility,6,0.4,1,['Ping-Pong: 2 UEs oscillating'],0.36572113450061833,14.768975,-0.4817068010568617,71.71632,12.740630531311036,0.371441,0.07499055118106487,True,False,False,False
Stable High Load,50,Random-Fuzzer,Utility,7,0.4666666666666667,1,['Ping-Pong: 2 UEs oscillating'],0.37492232456836033,14.044122,-3.7914763212203977,70.14621,7.148148107528687,0.5334857,0.07499055118106486,True,False,False,False
Stable High Load,51,Random-Fuzzer,Utility,10,0.6666666666666666,1,['Ping-Pong: 4 UEs oscillating'],0.20635422388737276,8.43467,-1.580903077125549,46.62262,10.706419134140015,0.59985274,0.07499055118106487,True,False,False,False
Stable High Load,52,Random-Fuzzer,Utility,6,0.4,1,['Ping-Pong: 3 UEs oscillating'],0.21959322910166945,12.389396,0.7680840969085695,59.99169,15.728436088562013,0.33191365,0.0659828879073858,True,False,False,False
Stable High Load,53,Random-Fuzzer,Utility,8,0.5333333333333333,1,['Ping-Pong: 3 UEs oscillating'],0.25370626348144465,13.111472,-0.7727324962615962,64.178825,12.755200386047363,0.4030784,0.07499055118106487,True,False,False,False
Stable High Load,54,Random-Fuzzer,Utility,10,0.6666666666666666,1,['Ping-Pong: 2 UEs oscillating'],0.20619151769929728,8.890143,-2.289363241195679,47.901302,9.162674617767333,0.5531026,0.07499055118106486,True,False,False,False
Stable High Load,55,Random-Fuzzer,Utility,12,0.8,2,"['Ping-Pong: 5 UEs oscillating', 'Unfairness: Jain Index = 0.19']",0.1884988840297795,7.8528237,-5.94726219177246,46.435608,4.923473358154297,0.9751562,0.09712418121129114,True,False,True,False
Stable High Load,56,Random-Fuzzer,Utility,9,0.6,1,['Ping-Pong: 7 UEs oscillating'],0.2658198421778541,11.706619,-4.112371611595153,61.290028,7.842714977264405,0.8086702,0.09712418121129114,True,False,False,False
Stable High Load,57,Random-Fuzzer,Utility,7,0.4666666666666667,1,['Ping-Pong: 7 UEs oscillating'],0.2785854737942291,14.085922,-2.9247143030166627,68.31322,8.135611391067505,0.38333315,0.07499055118106487,True,False,False,False
Stable High Load,58,Random-Fuzzer,Utility,9,0.6,1,['Ping-Pong: 5 UEs oscillating'],0.21327250523917035,10.092942,-1.0621738851070404,52.339172,11.416581344604491,0.4844451,0.09712418121129114,True,False,False,False
Stable High Load,59,Random-Fuzzer,Utility,10,0.6666666666666666,1,['Ping-Pong: 5 UEs oscillating'],0.3105321917693882,14.956134,-2.6355037212371824,73.03677,8.651534271240234,0.42935783,0.09712418121129113,True,False,False,False
Stable High Load,60,Random-Fuzzer,Utility,10,0.6666666666666666,2,"['Ping-Pong: 7 UEs oscillating', 'Unfairness: Jain Index = 0.16']",0.1598064906395376,8.366278,-4.970343780517577,46.734573,5.862418127059937,0.7597967,0.0659828879073858,True,False,True,False
Stable High Load,61,Random-Fuzzer,Utility,10,0.6666666666666666,1,['Ping-Pong: 7 UEs oscillating'],0.3719451347912929,16.247957,2.0708529710769654,76.54618,19.051393699645995,0.2653102,0.09035079029052512,True,False,False,False
Stable High Load,62,Random-Fuzzer,Utility,12,0.8,1,['Ping-Pong: 9 UEs oscillating'],0.2627829368678444,10.768819,0.0677802860736848,54.754883,13.879117012023926,0.43858725,0.042591770999996004,True,False,False,False
Stable High Load,63,Random-Fuzzer,Utility,8,0.5333333333333333,1,['Ping-Pong: 6 UEs oscillating'],0.2887840335877328,10.620439,-1.9980872392654419,56.195698,9.667678356170654,0.5708588,0.08302664654363189,True,False,False,False
Stable High Load,64,Random-Fuzzer,Utility,9,0.6,1,['Ping-Pong: 7 UEs oscillating'],0.23281672695882571,10.890873,-2.739974856376648,56.182228,8.422875595092773,0.5117554,0.08302664654363189,True,False,False,False
Stable High Load,65,Random-Fuzzer,Utility,10,0.6666666666666666,1,['Ping-Pong: 6 UEs oscillating'],0.34882234669665196,16.441425,0.9357756793498994,77.58146,15.936960983276368,0.2722976,0.042591770999996004,True,False,False,False
Stable High Load,66,Random-Fuzzer,Utility,9,0.6,1,['Ping-Pong: 5 UEs oscillating'],0.320529176485868,14.301679,-2.7008348464965817,70.27144,8.677361392974854,0.4473556,0.055532875189002864,True,False,False,False
Stable High Load,67,Random-Fuzzer,Utility,4,0.26666666666666666,0,[],0.33722828651083514,12.275975,-3.1934807062149044,63.87203,8.571596622467041,0.6651418,0.05553287518900287,False,False,False,False
Stable High Load,68,Random-Fuzzer,Utility,9,0.6,0,[],0.3382987004431765,13.046105,-0.9777620792388916,64.84009,11.584196662902832,0.4229728,0.09712418121129114,True,False,False,False
Stable High Load,69,Random-Fuzzer,Utility,9,0.6,1,['Ping-Pong: 2 UEs oscillating'],0.3386281666898256,12.159801,-4.689782667160033,62.89036,6.8276014804840095,0.79030234,0.12046772038736682,True,False,False,False
Stable High Load,70,Random-Fuzzer,Utility,8,0.5333333333333333,1,['Ping-Pong: 5 UEs oscillating'],0.268628892021736,11.945399,-1.018447172641754,59.98159,11.526446533203124,0.43449923,0.0659828879073858,True,False,False,False
Stable High Load,71,Random-Fuzzer,Utility,7,0.4666666666666667,2,"['Ping-Pong: 4 UEs oscillating', 'Unfairness: Jain Index = 0.16']",0.1594887991890734,8.401982,-3.5464819908142085,46.224068,7.47880940437317,0.6272816,0.0659828879073858,True,False,True,False
Stable High Load,72,Random-Fuzzer,Utility,9,0.6,1,['Ping-Pong: 5 UEs oscillating'],0.33734843003594384,10.179853,-4.286997890472412,57.099934,7.107703161239625,0.8991165,0.07499055118106487,True,False,False,False
Stable High Load,73,Random-Fuzzer,Utility,9,0.6,1,['Ping-Pong: 6 UEs oscillating'],0.3559388679588499,14.057495,-0.13825180530548087,68.452385,13.48386754989624,0.36758047,0.05553287518900286,True,False,False,False
Stable High Load,74,Random-Fuzzer,Utility,8,0.5333333333333333,1,['Ping-Pong: 6 UEs oscillating'],0.3586629679702297,13.316781,-3.100071048736572,67.08872,8.272466850280763,0.53633094,0.055532875189002864,True,False,False,False
Stable High Load,75,Random-Fuzzer,Utility,7,0.4666666666666667,2,"['Ping-Pong: 6 UEs oscillating', 'Unfairness: Jain Index = 0.20']",0.19962853314198856,10.879495,-0.8873456478118893,54.818745,12.189430570602418,0.4370045,0.042591770999996004,True,False,True,False
Stable High Load,76,Random-Fuzzer,Utility,9,0.6,1,['Ping-Pong: 5 UEs oscillating'],0.339048663431388,12.372235,-2.4866426229476923,62.744114,9.377418804168702,0.52677727,0.0659828879073858,True,False,False,False
Stable High Load,77,Random-Fuzzer,Utility,10,0.6666666666666666,2,"['Ping-Pong: 5 UEs oscillating', 'Unfairness: Jain Index = 0.20']",0.1991917850399804,9.017613,-3.357195377349853,48.695126,8.16363892555237,0.6401226,0.06598288790738581,True,False,True,False
Stable High Load,78,Random-Fuzzer,Utility,11,0.7333333333333333,1,['Ping-Pong: 5 UEs oscillating'],0.23036188437435565,9.421722,-4.463161516189575,52.114426,6.867780113220215,0.82349735,0.0659828879073858,True,False,False,False
Stable High Load,79,Random-Fuzzer,Utility,5,0.3333333333333333,2,"['Ping-Pong: 3 UEs oscillating', 'Unfairness: Jain Index = 0.15']",0.15376776738314502,7.985332,-2.6901347637176514,43.79934,8.557229566574097,0.5593598,0.0659828879073858,True,False,True,False
Stable High Load,80,Random-Fuzzer,Utility,7,0.4666666666666667,2,"['Ping-Pong: 3 UEs oscillating', 'Unfairness: Jain Index = 0.15']",0.15329119122931695,9.042325,-1.0366490006446838,47.54794,11.53561716079712,0.4867147,0.07499055118106489,True,False,True,False
Stable High Load,81,Random-Fuzzer,Utility,11,0.7333333333333333,1,['Ping-Pong: 2 UEs oscillating'],0.29049585666906075,11.192948,-3.9166739940643307,58.365257,7.1938111782073975,0.63565886,0.042591770999996004,True,False,False,False
Stable High Load,82,Random-Fuzzer,Utility,8,0.5333333333333333,1,['Ping-Pong: 2 UEs oscillating'],0.2812273993638553,13.150028,-1.8559467792510986,65.49228,9.995342493057251,0.4550823,0.07499055118106487,True,False,False,False
Stable High Load,83,Random-Fuzzer,Utility,6,0.4,1,['Ping-Pong: 3 UEs oscillating'],0.41923237773158334,15.67041,-0.49681136608123777,75.44847,12.591729354858398,0.34732035,0.0659828879073858,True,False,False,False
Stable High Load,84,Random-Fuzzer,Utility,9,0.6,1,['Ping-Pong: 3 UEs oscillating'],0.23262170601826915,9.261814,-6.419371652603149,51.475582,4.449250316619874,0.910754,0.09712418121129114,True,False,False,False
Stable High Load,85,Random-Fuzzer,Utility,12,0.8,1,['Ping-Pong: 5 UEs oscillating'],0.3633078450488451,14.517115,-1.4638295412063598,71.3611,10.843192672729492,0.42601126,0.042591770999996004,True,False,False,False
Stable High Load,86,Random-Fuzzer,Utility,7,0.4666666666666667,1,['Ping-Pong: 4 UEs oscillating'],0.21675662790750017,10.712496,-1.3022539258003234,54.710407,10.961214351654053,0.46080628,0.1034550522971449,True,False,False,False
Stable High Load,87,Random-Fuzzer,Utility,11,0.7333333333333333,1,['Ping-Pong: 6 UEs oscillating'],0.24057707492800157,8.712138,-5.50540747642517,50.906673,5.588666915893555,1.0156373,0.13997084244475302,True,False,False,False
Stable High Load,88,Random-Fuzzer,Utility,8,0.5333333333333333,1,['Ping-Pong: 4 UEs oscillating'],0.5095623494858018,18.524052,1.1378662586212163,87.28896,17.494146156311036,0.29475334,0.07499055118106487,True,False,False,False
Stable High Load,89,Random-Fuzzer,Utility,7,0.4666666666666667,2,"['Ping-Pong: 6 UEs oscillating', 'Unfairness: Jain Index = 0.19']",0.19231252788638536,9.166937,-2.128551959991455,49.12816,9.757524394989014,0.56767404,0.0659828879073858,True,False,True,False
Stable High Load,90,Random-Fuzzer,Utility,9,0.6,1,['Ping-Pong: 4 UEs oscillating'],0.27697727285129153,10.078479,-3.888393259048461,54.58538,8.268661308288575,0.8452751,0.055532875189002864,True,False,False,False
Stable High Load,91,Random-Fuzzer,Utility,9,0.6,2,"['Ping-Pong: 3 UEs oscillating', 'Unfairness: Jain Index = 0.17']",0.1665322503303889,9.201066,-1.2169021129608153,48.31341,11.135132789611816,0.48650253,0.08302664654363189,True,False,True,False
Stable High Load,92,Random-Fuzzer,Utility,8,0.5333333333333333,2,"['Ping-Pong: 5 UEs oscillating', 'Unfairness: Jain Index = 0.17']",0.16754243376368919,8.505433,-5.750127935409545,48.845345,5.258984804153442,0.97197115,0.06598288790738581,True,False,True,False
Stable High Load,93,Random-Fuzzer,Utility,9,0.6,1,['Ping-Pong: 5 UEs oscillating'],0.3449623952822847,13.426849,-0.9456943988800048,66.799866,11.663699626922607,0.43912596,0.0659828879073858,True,False,False,False
Stable High Load,94,Random-Fuzzer,Utility,8,0.5333333333333333,1,['Ping-Pong: 4 UEs oscillating'],0.2059133744300892,8.511755,-5.006876873970032,48.14275,5.6989112377166755,0.77406746,0.055532875189002864,True,False,False,False
Stable High Load,95,Random-Fuzzer,Utility,9,0.6,1,['Ping-Pong: 6 UEs oscillating'],0.3655278926999211,12.962049,-4.931843519210815,66.97215,6.436700677871705,0.81163424,0.055532875189002864,True,False,False,False
Stable High Load,96,Random-Fuzzer,Utility,9,0.6,1,['Ping-Pong: 6 UEs oscillating'],0.3368033136855653,12.295491,0.5883418202400209,61.259266,15.170246696472168,0.4082012,0.07499055118106487,True,False,False,False
Stable High Load,97,Random-Fuzzer,Utility,8,0.5333333333333333,1,['Ping-Pong: 5 UEs oscillating'],0.3370008362840031,11.007308,-5.152671432495117,59.165184,6.097392511367798,0.8700858,0.10345505229714491,True,False,False,False
Stable High Load,98,Random-Fuzzer,Utility,7,0.4666666666666667,1,['Ping-Pong: 4 UEs oscillating'],0.4890655567155081,18.675762,1.2125222682952883,87.37929,16.981767463684083,0.2539344,0.06598288790738581,True,False,False,False
Stable High Load,99,Random-Fuzzer,Utility,7,0.4666666666666667,2,"['Ping-Pong: 5 UEs oscillating', 'Unfairness: Jain Index = 0.13']",0.12638199361852964,9.879115,-1.0025798559188843,50.97645,11.539254474639893,0.46459863,0.1034550522971449,True,False,True,False
Stable High Load,100,Random-Fuzzer,Utility,8,0.5333333333333333,1,['Ping-Pong: 4 UEs oscillating'],0.260188812518161,12.276599,-0.6619063735008237,60.917618,12.537988662719727,0.41387567,0.05553287518900287,True,False,False,False
Stable High Load,101,Random-Fuzzer,Utility,10,0.6666666666666666,1,['Ping-Pong: 5 UEs oscillating'],0.2064285096239852,9.2575245,-2.208208608627319,48.887127,9.418111228942871,0.52116364,0.0830266465436319,True,False,False,False
Stable High Load,102,Random-Fuzzer,Utility,6,0.4,1,['Ping-Pong: 3 UEs oscillating'],0.2514061937832356,11.945407,-0.5484277963638303,59.467773,12.702515983581543,0.41181746,0.055532875189002864,True,False,False,False
Stable High Load,103,Random-Fuzzer,Utility,5,0.3333333333333333,1,['Ping-Pong: 2 UEs oscillating'],0.22876447372899333,9.742229,-1.4648968935012816,51.19792,10.65016574859619,0.5077858,0.055532875189002864,True,False,False,False
Stable High Load,104,Random-Fuzzer,Utility,6,0.4,1,['Ping-Pong: 2 UEs oscillating'],0.2826745827197855,13.00606,0.9829214692115784,62.984905,16.094159889221192,0.33410376,0.11507662831994829,True,False,False,False
Stable High Load,105,Random-Fuzzer,Utility,6,0.4,0,[],0.38862565255279874,14.279822,-0.5090260088443755,69.84914,12.589910507202148,0.3873959,0.0830266465436319,True,False,False,False
Stable High Load,106,Random-Fuzzer,Utility,8,0.5333333333333333,1,['Ping-Pong: 2 UEs oscillating'],0.31545689808827054,13.991215,-0.0620138734579086,67.96501,13.547202110290527,0.35897502,0.07499055118106487,True,False,False,False
Stable High Load,107,Random-Fuzzer,Utility,8,0.5333333333333333,1,['Ping-Pong: 3 UEs oscillating'],0.23789453598633145,11.610908,-0.9462632775306701,58.377113,11.664994621276856,0.43282557,0.055532875189002864,True,False,False,False
Stable High Load,108,Random-Fuzzer,Utility,6,0.4,1,['Ping-Pong: 4 UEs oscillating'],0.3029943790244354,12.933928,-1.5849811315536497,64.357025,10.433382701873779,0.43219614,0.0659828879073858,True,False,False,False
Stable High Load,109,Random-Fuzzer,Utility,10,0.6666666666666666,1,['Ping-Pong: 5 UEs oscillating'],0.2696991048085933,9.3227215,-1.2484391152858734,50.47718,11.06705207824707,0.56776386,0.09035079029052513,True,False,False,False
Stable High Load,110,Random-Fuzzer,Utility,9,0.6,2,"['Ping-Pong: 3 UEs oscillating', 'Unfairness: Jain Index = 0.15']",0.15495398025082593,10.035047,1.0434797048568725,50.099903,16.194324111938478,0.371179,0.05553287518900287,True,False,True,False
Stable High Load,111,Random-Fuzzer,Utility,7,0.4666666666666667,1,['Ping-Pong: 4 UEs oscillating'],0.2692919720875136,9.081346,-1.6377507805824278,49.73087,10.511220645904542,0.5949348,0.06598288790738581,True,False,False,False
Stable High Load,112,Random-Fuzzer,Utility,9,0.6,1,['Ping-Pong: 3 UEs oscillating'],0.2538603284544063,13.144956,0.6279844999313355,63.544823,15.272848224639892,0.33238497,0.05553287518900287,True,False,False,False
Stable High Load,113,Random-Fuzzer,Utility,8,0.5333333333333333,1,['Ping-Pong: 3 UEs oscillating'],0.29118186977273297,12.553863,-1.176260280609131,62.564995,11.197111892700196,0.42781144,0.08302664654363189,True,False,False,False
Stable High Load,114,Random-Fuzzer,Utility,8,0.5333333333333333,1,['Ping-Pong: 5 UEs oscillating'],0.2701296022359316,13.182818,-0.8079144393559543,65.17716,12.125618839263916,0.4145402,0.0659828879073858,True,False,False,False
Stable High Load,115,Random-Fuzzer,Utility,7,0.4666666666666667,1,['Ping-Pong: 4 UEs oscillating'],0.39666772736987815,15.648366,-1.42213134765625,75.42675,10.72136631011963,0.36208817,0.0659828879073858,True,False,False,False
Stable High Load,116,Random-Fuzzer,Utility,8,0.5333333333333333,1,['Ping-Pong: 3 UEs oscillating'],0.4023538151712788,13.165967,-1.5029535651206969,66.27036,10.567391490936279,0.47086734,0.09712418121129113,True,False,False,False
Stable High Load,117,Random-Fuzzer,Utility,8,0.5333333333333333,1,['Ping-Pong: 3 UEs oscillating'],0.25144471318586975,10.534116,-3.522817802429199,55.677586,7.361849737167359,0.59718144,0.055532875189002864,True,False,False,False
Stable High Load,118,Random-Fuzzer,Utility,11,0.7333333333333333,1,['Ping-Pong: 6 UEs oscillating'],0.2516991374013428,12.881422,-1.494375020265579,63.760853,10.9934561252594,0.43440068,0.09712418121129114,True,False,False,False
Stable High Load,119,Random-Fuzzer,Utility,11,0.7333333333333333,1,['Ping-Pong: 5 UEs oscillating'],0.2363885044245297,11.706988,-1.5149216532707213,59.577805,10.85453200340271,0.49132773,0.13535876574811329,True,False,False,False
Stable High Load,120,Random-Fuzzer,Utility,10,0.6666666666666666,1,['Ping-Pong: 7 UEs oscillating'],0.2785518257224106,11.623111,-2.007733309268951,59.157726,9.97028021812439,0.4989793,0.1034550522971449,True,False,False,False
Stable High Load,121,Random-Fuzzer,Utility,11,0.7333333333333333,1,['Ping-Pong: 7 UEs oscillating'],0.2740461520108334,11.61449,0.3266392797231674,57.905186,14.441847324371338,0.39827964,0.09035079029052513,True,False,False,False
Stable High Load,122,Random-Fuzzer,Utility,8,0.5333333333333333,1,['Ping-Pong: 6 UEs oscillating'],0.2893835615507371,12.500944,-3.35744571685791,62.972477,7.612273502349853,0.50376904,0.07499055118106487,True,False,False,False
Stable High Load,123,Random-Fuzzer,Utility,8,0.5333333333333333,1,['Ping-Pong: 7 UEs oscillating'],0.36468023242032704,14.449864,-0.23805315792560575,70.37098,13.151255989074707,0.3732356,0.05553287518900287,True,False,False,False
Stable High Load,124,Random-Fuzzer,Utility,10,0.6666666666666666,1,['Ping-Pong: 7 UEs oscillating'],0.40520504413934766,14.231761,-0.41581615805625916,69.832565,12.765664386749268,0.39585721,0.0659828879073858,True,False,False,False
Stable High Load,125,Random-Fuzzer,Utility,7,0.4666666666666667,1,['Ping-Pong: 3 UEs oscillating'],0.38681948927433646,15.297681,-0.1387889146804806,73.52363,14.62943801879883,0.37346256,0.042591770999996004,True,False,False,False
Stable High Load,126,Random-Fuzzer,Utility,10,0.6666666666666666,2,"['Ping-Pong: 5 UEs oscillating', 'Unfairness: Jain Index = 0.15']",0.1474673228824778,8.307676,-2.1437179207801815,45.361652,9.855196475982666,0.58321863,0.07499055118106487,True,False,True,False
Stable High Load,127,Random-Fuzzer,Utility,10,0.6666666666666666,1,['Ping-Pong: 4 UEs oscillating'],0.3339481474111205,13.323328,-2.1188873529434202,65.799446,9.454495239257813,0.41912147,0.0659828879073858,True,False,False,False
Stable High Load,128,Random-Fuzzer,Utility,8,0.5333333333333333,2,"['Ping-Pong: 6 UEs oscillating', 'Unfairness: Jain Index = 0.11']",0.10637388519032732,8.307173,-1.8819129824638365,44.89519,9.898802280426025,0.53195673,0.10345505229714491,True,False,True,False
Stable High Load,129,Random-Fuzzer,Utility,11,0.7333333333333333,1,['Ping-Pong: 8 UEs oscillating'],0.4072201968361123,14.254617,-0.8516900777816773,70.17579,11.841451740264892,0.408565,0.07499055118106487,True,False,False,False
Stable High Load,130,Random-Fuzzer,Utility,9,0.6,1,['Ping-Pong: 5 UEs oscillating'],0.2268496918733847,11.426669,-1.7460651636123656,57.580776,10.169067478179931,0.444518,0.05553287518900286,True,False,False,False
Stable High Load,131,Random-Fuzzer,Utility,10,0.6666666666666666,1,['Ping-Pong: 5 UEs oscillating'],0.2693308447719502,9.271394,-1.8065835952758789,50.27609,10.001607131958007,0.5763819,0.07499055118106487,True,False,False,False
Stable High Load,132,Random-Fuzzer,Utility,8,0.5333333333333333,2,"['Ping-Pong: 3 UEs oscillating', 'Unfairness: Jain Index = 0.20']",0.19973805428572147,8.901592,-3.8238099575042725,49.042435,6.84723653793335,0.651344,0.0659828879073858,True,False,True,False
Stable High Load,133,Random-Fuzzer,Utility,8,0.5333333333333333,1,['Ping-Pong: 5 UEs oscillating'],0.28631943527455717,12.133252,-0.8945657461881635,61.02122,11.949861431121827,0.44920143,0.09035079029052513,True,False,False,False
Stable High Load,134,Random-Fuzzer,Utility,7,0.4666666666666667,1,['Ping-Pong: 4 UEs oscillating'],0.27640352073363916,10.941336,-2.3710636615753176,56.863384,9.018907833099366,0.52976286,0.042591770999996004,True,False,False,False
Stable High Load,135,Random-Fuzzer,Utility,8,0.5333333333333333,2,"['Ping-Pong: 6 UEs oscillating', 'Unfairness: Jain Index = 0.09']",0.08623035194003144,6.6562395,-1.1803959250450133,38.072433,11.234192943572998,0.5672279,0.07499055118106487,True,False,True,False
Stable High Load,136,Random-Fuzzer,Utility,7,0.4666666666666667,2,"['Ping-Pong: 5 UEs oscillating', 'Unfairness: Jain Index = 0.17']",0.17251649259769944,12.686506,2.814491593837738,60.227592,21.147652626037598,0.27257612,0.08302664654363187,True,False,True,False
Stable High Load,137,Random-Fuzzer,Utility,4,0.26666666666666666,1,['Ping-Pong: 2 UEs oscillating'],0.3602447469939058,14.275663,-2.1652682662010188,70.122314,9.81571068763733,0.4431675,0.042591770999996004,True,False,False,False
Stable High Load,138,Random-Fuzzer,Utility,5,0.3333333333333333,0,[],0.3074541327156051,10.789202,-1.7918847322463989,56.98507,10.027303886413574,0.5701254,0.06598288790738581,True,False,False,False
Stable High Load,139,Random-Fuzzer,Utility,11,0.7333333333333333,1,['Unfairness: Jain Index = 0.13'],0.12806387470091,6.5013785,-2.89746150970459,38.336426,8.180128383636475,0.63198376,0.11507662831994829,True,False,True,False
Stable High Load,140,Random-Fuzzer,Utility,13,0.8666666666666667,1,['Ping-Pong: 3 UEs oscillating'],0.5147682608297406,4.2790194,-2.653561162948608,28.41469,8.808970165252687,0.66954195,0.1487666604934601,True,False,False,False
Stable High Load,141,Random-Fuzzer,Utility,13,0.8666666666666667,2,"['Ping-Pong: 8 UEs oscillating', 'Unfairness: Jain Index = 0.10']",0.10245210616612269,8.553265,-0.9590772360563277,44.607243,11.808566188812256,0.45509905,0.07499055118106486,True,False,True,False
Stable High Load,142,Random-Fuzzer,Utility,9,0.6,2,"['Ping-Pong: 6 UEs oscillating', 'Unfairness: Jain Index = 0.20']",0.19984114113057438,10.954455,-0.7772304773330688,55.034412,12.010142517089843,0.41701558,0.10942024088643863,True,False,True,False
Stable High Load,143,Random-Fuzzer,Utility,11,0.7333333333333333,1,['Ping-Pong: 7 UEs oscillating'],0.20666943778046726,8.552153,-3.9128432989120485,47.20872,6.727716112136841,0.6263258,0.06598288790738581,True,False,False,False
Stable High Load,144,Random-Fuzzer,Utility,11,0.7333333333333333,2,"['Ping-Pong: 4 UEs oscillating', 'Unfairness: Jain Index = 0.15']",0.1457901458781415,8.8669615,-1.3934786677360533,46.481926,10.83252239227295,0.4784826,0.06598288790738581,True,False,True,False
Stable High Load,145,Random-Fuzzer,Utility,8,0.5333333333333333,2,"['Ping-Pong: 4 UEs oscillating', 'Unfairness: Jain Index = 0.14']",0.13897350951228848,6.76704,-1.0175913214683532,38.75899,11.57577075958252,0.5678538,0.07499055118106487,True,False,True,False
Stable High Load,146,Random-Fuzzer,Utility,11,0.7333333333333333,1,['Ping-Pong: 4 UEs oscillating'],0.2096298888158065,10.621115,-1.9060973644256591,54.16109,9.865741443634032,0.4636852,0.09035079029052513,True,False,False,False
Stable High Load,147,Random-Fuzzer,Utility,8,0.5333333333333333,1,['Ping-Pong: 3 UEs oscillating'],0.2139050516530786,8.423823,-1.7886785864830017,46.414665,10.040884971618652,0.57070196,0.0659828879073858,True,False,False,False
Stable High Load,148,Random-Fuzzer,Utility,9,0.6,1,['Ping-Pong: 6 UEs oscillating'],0.23164081017980231,9.842191,-3.628157448768616,52.433716,7.110064888000489,0.5752202,0.07499055118106486,True,False,False,False
Stable High Load,149,Random-Fuzzer,Utility,6,0.4,2,"['Ping-Pong: 4 UEs oscillating', 'Unfairness: Jain Index = 0.16']",0.16295580622096104,9.062074,-2.4044213056564328,48.986202,9.177785778045655,0.5878079,0.042591770999996004,True,False,True,False
Stable High Load,150,Random-Fuzzer,Utility,12,0.8,2,"['Ping-Pong: 3 UEs oscillating', 'Unfairness: Jain Index = 0.19']",0.19459593101630737,9.221496,-0.5093429267406463,48.234013,12.562786865234376,0.47019634,0.13058389715049606,True,False,True,False
Stable High Load,151,Random-Fuzzer,Utility,10,0.6666666666666666,1,['Ping-Pong: 5 UEs oscillating'],0.3533830135309521,13.627075,-2.726365327835083,67.48771,8.509970664978027,0.44852963,0.08302664654363189,True,False,False,False
Stable High Load,152,Random-Fuzzer,Utility,9,0.6,2,"['Ping-Pong: 6 UEs oscillating', 'Unfairness: Jain Index = 0.17']",0.17497656567989653,9.256518,-2.784586215019226,49.78272,8.350263404846192,0.5729149,0.11507662831994829,True,False,True,False
Stable High Load,153,Random-Fuzzer,Utility,13,0.8666666666666667,1,['Ping-Pong: 6 UEs oscillating'],0.22193268067048905,10.150606,-4.647424721717834,54.510536,5.916613197326661,0.6683772,0.14443572274383906,True,False,False,False
Stable High Load,154,Random-Fuzzer,Utility,11,0.7333333333333333,1,['Ping-Pong: 6 UEs oscillating'],0.22331157924557377,11.039712,-0.8934341311454772,55.797096,11.771356964111328,0.43556622,0.05553287518900287,True,False,False,False
Stable High Load,155,Random-Fuzzer,Utility,7,0.4666666666666667,2,"['Ping-Pong: 6 UEs oscillating', 'Unfairness: Jain Index = 0.09']",0.0887261694855209,5.7090173,-4.002019715309143,35.18028,6.783763599395752,0.7025388,0.0659828879073858,True,False,True,False
Stable High Load,156,Random-Fuzzer,Utility,9,0.6,1,['Ping-Pong: 4 UEs oscillating'],0.21001896447019905,9.975052,-2.6794833660125734,51.817623,8.540789604187012,0.50344175,0.0659828879073858,True,False,False,False
Stable High Load,157,Random-Fuzzer,Utility,9,0.6,2,"['Ping-Pong: 2 UEs oscillating', 'Unfairness: Jain Index = 0.20']",0.19666305345492238,10.179595,-1.9029421836137768,52.67306,10.665889739990234,0.52980787,0.042591770999996004,True,False,True,False
Stable High Load,158,Random-Fuzzer,Utility,9,0.6,1,['Ping-Pong: 4 UEs oscillating'],0.25218748859994466,13.291257,-0.24131247997283922,64.689926,13.491128253936768,0.36568105,0.0659828879073858,True,False,False,False
Stable High Load,159,Random-Fuzzer,Utility,9,0.6,2,"['Ping-Pong: 4 UEs oscillating', 'Unfairness: Jain Index = 0.10']",0.10303266043398869,8.988661,-1.9766072034835813,46.83935,9.861261367797852,0.48155144,0.0659828879073858,True,False,True,False
Stable High Load,160,Random-Fuzzer,Utility,8,0.5333333333333333,2,"['Ping-Pong: 5 UEs oscillating', 'Unfairness: Jain Index = 0.12']",0.12386964876011924,9.559245,1.0093862533569338,48.148914,16.220058727264405,0.38601217,0.10345505229714491,True,False,True,False
Stable High Load,161,Random-Fuzzer,Utility,10,0.6666666666666666,1,['Ping-Pong: 6 UEs oscillating'],0.21276515066080964,11.498099,-1.2903121709823604,57.850517,11.805888748168947,0.4717022,0.055532875189002864,True,False,False,False
Stable High Load,162,Random-Fuzzer,Utility,7,0.4666666666666667,1,['Ping-Pong: 4 UEs oscillating'],0.26853997979727334,13.024584,-1.8960794210433958,64.60849,10.375994968414307,0.4588612,0.09035079029052513,True,False,False,False
Stable High Load,163,Random-Fuzzer,Utility,9,0.6,1,['Ping-Pong: 5 UEs oscillating'],0.2326340033918449,12.016532,-0.8503066301345825,59.36665,11.863288307189942,0.38883275,0.07499055118106487,True,False,False,False
Stable High Load,164,Random-Fuzzer,Utility,7,0.4666666666666667,1,['Ping-Pong: 4 UEs oscillating'],0.21003791244131925,9.86618,-1.3878866404294965,51.422123,11.174556303024293,0.5081477,0.05553287518900286,True,False,False,False
Stable High Load,165,Random-Fuzzer,Utility,12,0.8,1,['Ping-Pong: 6 UEs oscillating'],0.2376876028720807,12.496638,-2.6310137271881104,61.983135,8.641303873062133,0.4333991,0.10942024088643863,True,False,False,False
Stable High Load,166,Random-Fuzzer,Utility,11,0.7333333333333333,1,['Ping-Pong: 5 UEs oscillating'],0.2584823734317564,11.987857,-3.9950623750686645,60.313335,6.652970600128174,0.4947022,0.0659828879073858,True,False,False,False
Stable High Load,167,Random-Fuzzer,Utility,9,0.6,1,['Ping-Pong: 8 UEs oscillating'],0.35919920986271797,12.577952,-3.7875875949859616,65.04277,7.093630027770996,0.61435306,0.042591770999996004,True,False,False,False
Stable High Load,168,Random-Fuzzer,Utility,7,0.4666666666666667,2,"['Ping-Pong: 6 UEs oscillating', 'Unfairness: Jain Index = 0.17']",0.16577042967687677,12.221911,-1.7146435976028442,59.45574,10.311787319183349,0.36517543,0.055532875189002864,True,False,True,False
Stable High Load,169,Random-Fuzzer,Utility,8,0.5333333333333333,1,['Ping-Pong: 2 UEs oscillating'],0.25303346475654215,11.969539,-1.1086117982864379,59.83315,11.486156368255616,0.42751613,0.08302664654363189,True,False,False,False
Stable High Load,170,Random-Fuzzer,Utility,11,0.7333333333333333,1,['Ping-Pong: 3 UEs oscillating'],0.3456086823414514,13.103729,-1.784415566921234,65.72987,10.049996852874756,0.46349895,0.1150766283199483,True,False,False,False
Stable High Load,171,Random-Fuzzer,Utility,7,0.4666666666666667,1,['Ping-Pong: 3 UEs oscillating'],0.3425161306263727,13.532917,-1.844045615196228,66.6834,10.009403419494628,0.41682452,0.0659828879073858,True,False,False,False
Stable High Load,172,Random-Fuzzer,Utility,6,0.4,1,['Ping-Pong: 4 UEs oscillating'],0.27409474785444105,11.409244,-3.0934682846069332,58.798214,7.973221111297607,0.54448533,0.09035079029052513,True,False,False,False
Stable High Load,173,Random-Fuzzer,Utility,9,0.6,2,"['Ping-Pong: 2 UEs oscillating', 'Unfairness: Jain Index = 0.19']",0.19242961205192735,8.483319,-4.923045539855957,48.29392,5.56169490814209,0.7689245,0.0659828879073858,True,False,True,False
Stable High Load,174,Random-Fuzzer,Utility,10,0.6666666666666666,2,"['Ping-Pong: 2 UEs oscillating', 'Unfairness: Jain Index = 0.17']",0.17492460463258774,11.123721,-3.040747022628784,56.78356,8.116641855239868,0.5076049,0.042591770999996004,True,False,True,False
Stable High Load,175,Random-Fuzzer,Utility,6,0.4,2,"['Ping-Pong: 4 UEs oscillating', 'Unfairness: Jain Index = 0.14']",0.13733701578856727,6.9724956,-1.8429866313934327,39.456028,9.947170734405518,0.5591999,0.0659828879073858,True,False,True,False
Stable High Load,176,Random-Fuzzer,Utility,9,0.6,2,"['Ping-Pong: 5 UEs oscillating', 'Unfairness: Jain Index = 0.19']",0.1892228515939816,8.672208,-2.38078293800354,47.47793,9.011115837097169,0.5767556,0.09035079029052512,True,False,True,False
Stable High Load,177,Random-Fuzzer,Utility,4,0.26666666666666666,1,['Unfairness: Jain Index = 0.16'],0.16365834548720484,8.616719,-3.350274586677551,47.649612,7.5048463344573975,0.626562,0.07499055118106487,True,False,True,False
Stable High Load,178,Random-Fuzzer,Utility,10,0.6666666666666666,1,['Ping-Pong: 3 UEs oscillating'],0.29240439453993844,14.496474,-2.5087509393692016,70.719826,8.806799840927123,0.4072654,0.07499055118106486,True,False,False,False
Stable High Load,179,Random-Fuzzer,Utility,9,0.6,2,"['Ping-Pong: 3 UEs oscillating', 'Unfairness: Jain Index = 0.14']",0.14117493898274783,6.3745656,-3.8490341901779175,38.9125,6.92793231010437,0.73862296,0.10942024088643862,True,False,True,False
Stable High Load,180,Random-Fuzzer,Utility,7,0.4666666666666667,1,['Ping-Pong: 5 UEs oscillating'],0.20324302846112874,8.163946,-5.810288286209106,48.314552,5.180773735046387,1.0142745,0.042591770999996004,True,False,False,False
Stable High Load,181,Random-Fuzzer,Utility,9,0.6,2,"['Ping-Pong: 6 UEs oscillating', 'Unfairness: Jain Index = 0.14']",0.14251752809417184,6.4160852,-4.5706957340240475,39.43681,7.027329683303833,0.94413286,0.08302664654363189,True,False,True,False
Stable High Load,182,Random-Fuzzer,Utility,8,0.5333333333333333,1,['Ping-Pong: 5 UEs oscillating'],0.2977955817506408,15.504968,3.0178635120391846,72.72302,21.709315299987793,0.24599478,0.05553287518900287,True,False,False,False
Stable High Load,183,Random-Fuzzer,Utility,8,0.5333333333333333,1,['Ping-Pong: 4 UEs oscillating'],0.31884684791064055,4.250415,-2.6289919376373283,29.295143,11.009022426605226,0.9158151,0.07499055118106487,True,False,False,False
Stable High Load,184,Random-Fuzzer,Utility,10,0.6666666666666666,1,['Ping-Pong: 3 UEs oscillating'],0.34702993236138047,13.144675,-0.14732632637023912,65.4289,13.488563537597656,0.42841583,0.09712418121129114,True,False,False,False
Stable High Load,185,Random-Fuzzer,Utility,12,0.8,2,"['Ping-Pong: 3 UEs oscillating', 'Unfairness: Jain Index = 0.15']",0.14652751185310825,6.288382,-3.799541139602661,39.99199,6.921478033065796,0.8417028,0.05553287518900287,True,False,True,False
Stable High Load,186,Random-Fuzzer,Utility,10,0.6666666666666666,1,['Ping-Pong: 6 UEs oscillating'],0.4045422684225743,13.33059,-3.597150278091431,68.21992,7.15745997428894,0.58518696,0.0659828879073858,True,False,False,False
Stable High Load,187,Random-Fuzzer,Utility,8,0.5333333333333333,1,['Ping-Pong: 5 UEs oscillating'],0.3029951567205114,13.122605,-0.4359576970338821,64.64486,12.71668519973755,0.39091384,0.042591770999996004,True,False,False,False
Stable High Load,188,Random-Fuzzer,Utility,7,0.4666666666666667,2,"['Ping-Pong: 4 UEs oscillating', 'Unfairness: Jain Index = 0.09']",0.0852554616345732,4.3892994,-5.791164684295654,32.944897,5.205515956878663,1.1301361,0.055532875189002864,True,False,True,False
Stable High Load,189,Random-Fuzzer,Utility,8,0.5333333333333333,2,"['Ping-Pong: 4 UEs oscillating', 'Unfairness: Jain Index = 0.12']",0.12225421042505609,8.615106,-2.3250695705413817,45.78385,9.28334174156189,0.5176434,0.07499055118106486,True,False,True,False
Stable High Load,190,Random-Fuzzer,Utility,9,0.6,1,['Ping-Pong: 5 UEs oscillating'],0.21721264000804238,11.333376,-1.113159990310669,56.417812,11.312716484069824,0.3985992,0.0659828879073858,True,False,False,False
Stable High Load,191,Random-Fuzzer,Utility,9,0.6,2,"['Ping-Pong: 4 UEs oscillating', 'Unfairness: Jain Index = 0.18']",0.1825588340881438,3.185097,-3.7476361274719237,24.852594,6.97501540184021,0.73902124,0.042591770999996004,True,False,True,False
Stable High Load,192,Random-Fuzzer,Utility,9,0.6,2,"['Ping-Pong: 4 UEs oscillating', 'Unfairness: Jain Index = 0.13']",0.12533812172460546,8.851615,-3.26142041683197,47.852947,8.343608379364014,0.64176255,0.1034550522971449,True,False,True,False
Stable High Load,193,Random-Fuzzer,Utility,8,0.5333333333333333,1,['Ping-Pong: 6 UEs oscillating'],0.21451541201951266,11.566247,-0.38167302012443527,57.00163,12.94864206314087,0.3753429,0.09035079029052513,True,False,False,False
Stable High Load,194,Random-Fuzzer,Utility,8,0.5333333333333333,1,['Ping-Pong: 5 UEs oscillating'],0.2432967840010802,10.958237,-0.6278338491916656,56.014294,12.323469257354736,0.45948404,0.055532875189002864,True,False,False,False
Stable High Load,195,Random-Fuzzer,Utility,10,0.6666666666666666,2,"['Ping-Pong: 4 UEs oscillating', 'Unfairness: Jain Index = 0.15']",0.14738859581733396,7.644861,-0.43717669844627377,42.054016,12.716151332855224,0.5238303,0.0659828879073858,True,False,True,False
Stable High Load,196,Random-Fuzzer,Utility,6,0.4,1,['Ping-Pong: 2 UEs oscillating'],0.23640345982133573,7.419116,-2.6075215339660636,41.66311,11.060867404937746,0.8067636,0.07499055118106487,True,False,False,False
Stable High Load,197,Random-Fuzzer,Utility,7,0.4666666666666667,1,['Unfairness: Jain Index = 0.14'],0.14314593472793982,3.8798838,-7.540360641479492,30.331268,3.204777979850769,1.0524904,0.12046772038736683,True,False,True,False
Stable High Load,198,Random-Fuzzer,Utility,10,0.6666666666666666,1,['Unfairness: Jain Index = 0.14'],0.13566190318591229,6.264624,-8.715040016174317,41.4502,2.5264061093330383,1.2781198,0.08302664654363189,True,False,True,False
Stable High Load,199,Random-Fuzzer,Utility,10,0.6666666666666666,2,"['Ping-Pong: 5 UEs oscillating', 'Unfairness: Jain Index = 0.14']",0.13822385082918798,5.413979,-3.331484079360962,35.2928,7.547751188278198,0.7498133,0.09035079029052513,True,False,True,False
Stable High Load,200,Random-Fuzzer,Utility,12,0.8,4,"['Ping-Pong: 7 UEs oscillating', 'QoS Violation: 5th Percentile Throughput = 1.88 Mbps', 'Unfairness: Jain Index = 0.08', 'CRITICAL FAILURE: Low QoE, High Unfairness, and System Instability Co-occurred']",0.07830261998756269,2.911363,-10.0,28.691364,1.8810487985610962,1.5000209,0.10942024088643863,True,True,True,True
Stable High Load,201,Random-Fuzzer,Utility,12,0.8,1,['Ping-Pong: 8 UEs oscillating'],0.2677284832473557,10.516732,-5.032465219497681,56.581795,5.857209300994874,0.77483547,0.05553287518900287,True,False,False,False
Stable High Load,202,Random-Fuzzer,Utility,8,0.5333333333333333,2,"['Ping-Pong: 5 UEs oscillating', 'QoS Violation: 5th Percentile Throughput = 1.96 Mbps']",0.2747374796858305,9.036349,-9.824142837524414,53.22328,1.9556405425071717,1.2665647,0.08302664654363189,True,True,False,False
Stable High Load,203,Random-Fuzzer,Utility,10,0.6666666666666666,1,['Ping-Pong: 4 UEs oscillating'],0.21399834910389964,9.346644,-9.034858417510986,52.61855,2.3425370812416078,1.0871683,0.055532875189002864,True,False,False,False
Stable High Load,204,Random-Fuzzer,Utility,11,0.7333333333333333,3,"['Ping-Pong: 3 UEs oscillating', 'QoS Violation: 5th Percentile Throughput = 1.88 Mbps', 'Unfairness: Jain Index = 0.08']",0.07572839283924734,4.3435364,-10.0,32.654865,1.8810487985610962,1.3410581,0.09035079029052512,True,True,True,False
Stable High Load,205,Random-Fuzzer,Utility,10,0.6666666666666666,2,"['Ping-Pong: 5 UEs oscillating', 'Unfairness: Jain Index = 0.15']",0.148030836459901,5.4760084,-8.214343309402466,37.951786,2.85007039308548,1.2265741,0.09712418121129114,True,False,True,False
Stable High Load,206,Random-Fuzzer,Utility,10,0.6666666666666666,1,['Ping-Pong: 7 UEs oscillating'],0.20671958932735582,8.105079,-7.389271354675293,47.09828,3.491793489456177,0.9979888,0.042591770999996004,True,False,False,False
Stable High Load,207,Random-Fuzzer,Utility,7,0.4666666666666667,1,['Ping-Pong: 6 UEs oscillating'],0.4098522021133582,1.043968,-8.162102460861206,19.766466,2.8865368485450746,1.3467052,0.042591770999996004,True,False,False,False
Stable High Load,208,Random-Fuzzer,Utility,7,0.4666666666666667,1,['Ping-Pong: 3 UEs oscillating'],0.22116538433683514,9.282552,-5.977668619155883,52.53547,4.968931102752686,0.97735983,0.042591770999996004,True,False,False,False
Stable High Load,209,Random-Fuzzer,Utility,8,0.5333333333333333,2,"['Ping-Pong: 2 UEs oscillating', 'Unfairness: Jain Index = 0.15']",0.14649366188576998,9.11809,-2.277846765518188,47.743687,9.820008611679079,0.53219104,0.0659828879073858,True,False,True,False
Stable High Load,210,Random-Fuzzer,Utility,8,0.5333333333333333,2,"['Ping-Pong: 3 UEs oscillating', 'Unfairness: Jain Index = 0.11']",0.11197923489431155,8.037883,-6.460400295257568,44.783447,4.403778648376465,0.8588511,0.09712418121129113,True,False,True,False
Stable High Load,211,Random-Fuzzer,Utility,11,0.7333333333333333,2,"['Ping-Pong: 5 UEs oscillating', 'Unfairness: Jain Index = 0.09']",0.08587699887525749,5.250253,-5.997472143173217,35.650513,4.944421863555909,1.0723574,0.05553287518900286,True,False,True,False
Stable High Load,212,Random-Fuzzer,Utility,13,0.8666666666666667,2,"['Ping-Pong: 7 UEs oscillating', 'Unfairness: Jain Index = 0.13']",0.12575237736891368,6.805479,-5.146399354934692,40.779884,6.106805610656739,0.92080474,0.0659828879073858,True,False,True,False
Stable High Load,213,Random-Fuzzer,Utility,12,0.8,4,"['Ping-Pong: 9 UEs oscillating', 'QoS Violation: 5th Percentile Throughput = 1.88 Mbps', 'Unfairness: Jain Index = 0.15', 'CRITICAL FAILURE: Low QoE, High Unfairness, and System Instability Co-occurred']",0.15010755454774907,5.3871036,-10.0,40.649555,1.8810487985610962,1.7698601,0.0659828879073858,True,True,True,True
Stable High Load,214,Random-Fuzzer,Utility,10,0.6666666666666666,2,"['Ping-Pong: 9 UEs oscillating', 'Unfairness: Jain Index = 0.20']",0.19976933232682353,8.6459255,-5.275681352615356,49.361073,5.915399694442749,0.9416679,0.09712418121129114,True,False,True,False
Stable High Load,215,Random-Fuzzer,Utility,11,0.7333333333333333,2,"['Ping-Pong: 8 UEs oscillating', 'Unfairness: Jain Index = 0.15']",0.15266456034730305,7.8438735,-2.6375033140182493,44.136105,8.755681085586549,0.62769794,0.0659828879073858,True,False,True,False
Stable High Load,216,Random-Fuzzer,Utility,9,0.6,1,['Ping-Pong: 5 UEs oscillating'],0.2893245342783173,11.932889,-3.8343826770782465,61.312016,8.374111652374268,0.75443035,0.0659828879073858,True,False,False,False
Stable High Load,217,Random-Fuzzer,Utility,9,0.6,1,['Ping-Pong: 5 UEs oscillating'],0.3510719915616871,12.289015,-4.764054727554321,64.71345,6.705523252487183,0.8627194,0.042591770999996004,True,False,False,False
Stable High Load,218,Random-Fuzzer,Utility,9,0.6,1,['Ping-Pong: 3 UEs oscillating'],0.345002386828214,13.081685,-2.463333988189697,66.02179,8.875022029876709,0.5003989,0.08302664654363189,True,False,False,False
Stable High Load,219,Random-Fuzzer,Utility,9,0.6,3,"['Ping-Pong: 4 UEs oscillating', 'QoS Violation: 5th Percentile Throughput = 1.88 Mbps', 'Unfairness: Jain Index = 0.19']",0.1885511435141317,5.4450846,-10.0,38.89325,1.8810487985610962,1.3986745,0.08302664654363189,True,True,True,False
Stable High Load,220,Random-Fuzzer,Utility,10,0.6666666666666666,1,['Ping-Pong: 7 UEs oscillating'],0.28168017755085784,10.949743,-4.660776615142822,57.846733,5.816047525405883,0.6451682,0.07499055118106486,True,False,False,False
Stable High Load,221,Random-Fuzzer,Utility,10,0.6666666666666666,1,['Ping-Pong: 7 UEs oscillating'],0.20346727267599107,6.5823307,-4.363163685798645,41.701523,7.38728051185608,1.0251303,0.07499055118106486,True,False,False,False
Stable High Load,222,Random-Fuzzer,Utility,10,0.6666666666666666,2,"['Ping-Pong: 8 UEs oscillating', 'QoS Violation: 5th Percentile Throughput = 1.88 Mbps']",0.2524771771528356,9.8349085,-10.0,56.084732,1.8810487985610962,1.2489493,0.09712418121129114,True,True,False,False
Stable High Load,223,Random-Fuzzer,Utility,7,0.4666666666666667,2,"['Ping-Pong: 5 UEs oscillating', 'Unfairness: Jain Index = 0.14']",0.1436224652226664,6.2217855,-8.297330188751221,39.61499,2.793223798274994,1.0931331,0.1034550522971449,True,False,True,False
Stable High Load,224,Random-Fuzzer,Utility,9,0.6,1,['Ping-Pong: 5 UEs oscillating'],0.3775569671325421,15.777776,0.7863390982151032,75.087,15.55380916595459,0.2999927,0.09035079029052513,True,False,False,False
Stable High Load,225,Random-Fuzzer,Utility,8,0.5333333333333333,1,['Ping-Pong: 6 UEs oscillating'],0.2217547565128583,10.580554,-2.9025285959243776,54.48049,8.171666669845582,0.5002893,0.07499055118106486,True,False,False,False
Stable High Load,226,Random-Fuzzer,Utility,7,0.4666666666666667,1,['Ping-Pong: 4 UEs oscillating'],0.3228217870367235,10.299774,-5.95068769454956,57.18971,5.002511310577393,0.96037894,0.10942024088643863,True,False,False,False
Stable High Load,227,Random-Fuzzer,Utility,9,0.6,1,['Ping-Pong: 4 UEs oscillating'],0.2410921986821847,14.325236,3.663657188415528,67.439064,24.32434711456299,0.2582057,0.1034550522971449,True,False,False,False
Stable High Load,228,Random-Fuzzer,Utility,12,0.8,2,"['Ping-Pong: 4 UEs oscillating', 'Unfairness: Jain Index = 0.10']",0.10340415127902168,1.6719967,-8.785242557525635,25.352339,2.4845887303352354,1.5963544,0.14443572274383906,True,False,True,False
Stable High Load,229,Random-Fuzzer,Utility,11,0.7333333333333333,1,['Ping-Pong: 6 UEs oscillating'],0.34364035114683983,11.38735,-7.578780364990234,61.6884,3.3314342498779297,0.9895595,0.09712418121129114,True,False,False,False
Stable High Load,230,Random-Fuzzer,Utility,9,0.6,1,['Ping-Pong: 7 UEs oscillating'],0.2125166321117605,8.27081,-3.8993813991546626,47.63977,7.357587003707886,0.8027796,0.042591770999996004,True,False,False,False
Stable High Load,231,Random-Fuzzer,Utility,8,0.5333333333333333,3,"['Ping-Pong: 5 UEs oscillating', 'QoS Violation: 5th Percentile Throughput = 1.88 Mbps', 'Unfairness: Jain Index = 0.18']",0.18477133261860842,6.14944,-10.0,42.44392,1.8810487985610962,1.6674554,0.08302664654363187,True,True,True,False
Stable High Load,232,Random-Fuzzer,Utility,8,0.5333333333333333,3,"['Ping-Pong: 4 UEs oscillating', 'QoS Violation: 5th Percentile Throughput = 1.88 Mbps', 'Unfairness: Jain Index = 0.07']",0.07334539923974533,2.6625845,-10.0,27.648174,1.8810487985610962,1.5858767,0.0659828879073858,True,True,True,False
Stable High Load,233,Random-Fuzzer,Utility,6,0.4,1,['Ping-Pong: 4 UEs oscillating'],0.22433348965140734,10.209212,-3.168488353490829,53.909714,9.76277961730957,0.7790894,0.042591770999996004,True,False,False,False
Stable High Load,234,Random-Fuzzer,Utility,11,0.7333333333333333,1,['Ping-Pong: 5 UEs oscillating'],0.3419785641904952,13.724422,-1.8662970304489126,68.01454,12.955095005035401,0.67314166,0.1256276757930754,True,False,False,False
Stable High Load,235,Random-Fuzzer,Utility,9,0.6,2,"['Ping-Pong: 4 UEs oscillating', 'Unfairness: Jain Index = 0.14']",0.1411871490818535,7.421313,-4.228318285942077,41.89942,6.546115708351135,0.6612171,0.0659828879073858,True,False,True,False
Stable High Load,236,Random-Fuzzer,Utility,10,0.6666666666666666,1,['Ping-Pong: 9 UEs oscillating'],0.4527441500233359,14.565667,-1.7168569326400756,72.638985,10.214529705047607,0.4734769,0.0659828879073858,True,False,False,False
Stable High Load,237,Random-Fuzzer,Utility,10,0.6666666666666666,1,['Ping-Pong: 8 UEs oscillating'],0.20156982861549413,8.148222,-4.895398092269897,46.65075,6.494276094436646,0.9117762,0.08302664654363189,True,False,False,False
Stable High Load,238,Random-Fuzzer,Utility,8,0.5333333333333333,1,['Ping-Pong: 6 UEs oscillating'],0.2332542436577185,11.131501,-2.0009909510612487,56.74214,9.673265743255616,0.47118062,0.042591770999996004,True,False,False,False
Stable High Load,239,Random-Fuzzer,Utility,9,0.6,3,"['Ping-Pong: 3 UEs oscillating', 'QoS Violation: 5th Percentile Throughput = 1.88 Mbps', 'Unfairness: Jain Index = 0.07']",0.07406308532418412,3.263564,-10.0,30.105791,1.8810487985610962,1.5675656,0.07499055118106487,True,True,True,False
Stable High Load,240,Random-Fuzzer,Utility,12,0.8,3,"['Ping-Pong: 3 UEs oscillating', 'QoS Violation: 5th Percentile Throughput = 1.88 Mbps', 'Unfairness: Jain Index = 0.14']",0.14454028330665636,5.3894973,-10.0,39.097946,1.8810487985610962,1.473032,0.07499055118106487,True,True,True,False
Stable High Load,241,Random-Fuzzer,Utility,9,0.6,3,"['Ping-Pong: 4 UEs oscillating', 'QoS Violation: 5th Percentile Throughput = 1.88 Mbps', 'Unfairness: Jain Index = 0.18']",0.1827655369439191,3.263326,-10.0,28.687954,1.8810487985610962,1.4819334,0.1034550522971449,True,True,True,False
Stable High Load,242,Random-Fuzzer,Utility,8,0.5333333333333333,4,"['Ping-Pong: 6 UEs oscillating', 'QoS Violation: 5th Percentile Throughput = 1.88 Mbps', 'Unfairness: Jain Index = 0.08', 'CRITICAL FAILURE: Low QoE, High Unfairness, and System Instability Co-occurred']",0.07979267396904213,4.060446,-10.0,32.115883,1.8810487985610962,1.3992542,0.10345505229714491,True,True,True,True
Stable High Load,243,Random-Fuzzer,Utility,9,0.6,2,"['Ping-Pong: 4 UEs oscillating', 'QoS Violation: 5th Percentile Throughput = 1.88 Mbps']",0.2175834304252268,8.886145,-10.0,51.362625,1.8810487985610962,1.2145984,0.09035079029052512,True,True,False,False
Stable High Load,244,Random-Fuzzer,Utility,8,0.5333333333333333,1,['Ping-Pong: 5 UEs oscillating'],0.3591331639302042,13.241948,-3.3070117473602294,67.3784,7.566454792022705,0.552276,0.023328473740792173,True,False,False,False
Stable High Load,245,Random-Fuzzer,Utility,8,0.5333333333333333,2,"['Ping-Pong: 6 UEs oscillating', 'QoS Violation: 5th Percentile Throughput = 1.88 Mbps']",0.2037532367571981,6.897977,-10.0,43.415775,1.8810487985610962,1.2718104,0.042591770999996004,True,True,False,False
Stable High Load,246,Random-Fuzzer,Utility,9,0.6,1,['Ping-Pong: 5 UEs oscillating'],0.27002371089964167,9.178195,-4.834744262695311,51.366455,6.591096067428589,0.9049242,0.023328473740792173,True,False,False,False
Stable High Load,247,Random-Fuzzer,Utility,12,0.8,1,['Ping-Pong: 5 UEs oscillating'],0.2780706037711689,11.36496,-1.3826518654823303,57.874138,10.8533278465271,0.46637446,0.05553287518900287,True,False,False,False
Stable High Load,248,Random-Fuzzer,Utility,12,0.8,4,"['Ping-Pong: 7 UEs oscillating', 'QoS Violation: 5th Percentile Throughput = 1.88 Mbps', 'Unfairness: Jain Index = 0.07', 'CRITICAL FAILURE: Low QoE, High Unfairness, and System Instability Co-occurred']",0.071423677314705,3.2584865,-10.0,28.483438,1.8810487985610962,1.3790401,0.08302664654363189,True,True,True,True
Stable High Load,249,Random-Fuzzer,Utility,11,0.7333333333333333,1,['Ping-Pong: 8 UEs oscillating'],0.25542718022751104,9.501123,-4.638077759742736,52.559025,6.063005900382996,0.7519978,0.0659828879073858,True,False,False,False
Stable High Load,250,Random-Fuzzer,Utility,10,0.6666666666666666,4,"['Ping-Pong: 7 UEs oscillating', 'QoS Violation: 5th Percentile Throughput = 1.88 Mbps', 'Unfairness: Jain Index = 0.14', 'CRITICAL FAILURE: Low QoE, High Unfairness, and System Instability Co-occurred']",0.13919448588163796,5.5209703,-10.0,37.502766,1.8810487985610962,1.2989835,0.055532875189002864,True,True,True,True
Stable High Load,251,Random-Fuzzer,Utility,8,0.5333333333333333,4,"['Ping-Pong: 6 UEs oscillating', 'QoS Violation: 5th Percentile Throughput = 1.88 Mbps', 'Unfairness: Jain Index = 0.15', 'CRITICAL FAILURE: Low QoE, High Unfairness, and System Instability Co-occurred']",0.15169351992953878,5.4024076,-10.0,39.135082,1.8810487985610962,1.448151,0.0659828879073858,True,True,True,True
Stable High Load,252,Random-Fuzzer,Utility,10,0.6666666666666666,1,['Ping-Pong: 5 UEs oscillating'],0.3145086248578931,10.62837,-4.153675818443298,57.11569,7.7661531448364265,0.84553754,0.05553287518900287,True,False,False,False
Stable High Load,253,Random-Fuzzer,Utility,9,0.6,1,['Ping-Pong: 2 UEs oscillating'],0.3655542632304131,13.743648,-3.725938200950622,69.51927,8.589076519012451,0.7460519,0.0659828879073858,True,False,False,False
Stable High Load,254,Random-Fuzzer,Utility,8,0.5333333333333333,3,"['Ping-Pong: 5 UEs oscillating', 'QoS Violation: 5th Percentile Throughput = 1.88 Mbps', 'Unfairness: Jain Index = 0.15']",0.1488390306970322,6.8680654,-10.0,44.37711,1.8810487985610962,1.4824955,0.08302664654363189,True,True,True,False
Stable High Load,255,Random-Fuzzer,Utility,7,0.4666666666666667,2,"['Ping-Pong: 4 UEs oscillating', 'QoS Violation: 5th Percentile Throughput = 1.88 Mbps']",0.3295946318227967,10.437106,-10.0,59.051437,1.8810487985610962,1.2582101,0.07499055118106487,True,True,False,False
Stable High Load,256,Random-Fuzzer,Utility,9,0.6,1,['Ping-Pong: 5 UEs oscillating'],0.2860341661663058,11.972565,-7.461620140075683,62.77517,3.384092664718628,0.8660386,0.09712418121129114,True,False,False,False
Stable High Load,257,Random-Fuzzer,Utility,10,0.6666666666666666,1,['Ping-Pong: 6 UEs oscillating'],0.2763254668581356,10.57643,-7.137148761749267,57.098717,3.718045997619629,0.90994126,0.07499055118106486,True,False,False,False
Stable High Load,258,Random-Fuzzer,Utility,10,0.6666666666666666,1,['Ping-Pong: 7 UEs oscillating'],0.277057628837493,11.535937,-4.341455030441284,59.875496,6.755358123779297,0.6692896,0.09035079029052513,True,False,False,False
Stable High Load,259,Random-Fuzzer,Utility,11,0.7333333333333333,2,"['Ping-Pong: 9 UEs oscillating', 'QoS Violation: 5th Percentile Throughput = 1.88 Mbps']",0.21564258714446155,7.682593,-10.0,47.59103,1.8810487985610962,1.3144597,0.09035079029052513,True,True,False,False
Stable High Load,260,Random-Fuzzer,Utility,10,0.6666666666666666,1,['Ping-Pong: 8 UEs oscillating'],0.3447638543024047,14.228683,-0.49030716419219944,69.5261,13.199313926696778,0.4014834,0.05553287518900287,True,False,False,False
Stable High Load,261,Random-Fuzzer,Utility,10,0.6666666666666666,1,['Ping-Pong: 7 UEs oscillating'],0.2744482703276242,10.430822,-5.754068613052368,56.24565,5.253827142715455,0.88664126,0.05553287518900287,True,False,False,False
Stable High Load,262,Random-Fuzzer,Utility,7,0.4666666666666667,1,['Ping-Pong: 4 UEs oscillating'],0.20018309378443347,10.6753025,-4.13789300918579,56.76165,7.795336723327637,0.8268224,0.09035079029052513,True,False,False,False
Stable High Load,263,Random-Fuzzer,Utility,5,0.3333333333333333,1,['Ping-Pong: 2 UEs oscillating'],0.32210432019887847,13.0075035,-3.044984889030456,66.048134,10.038477516174318,0.74062896,0.0659828879073858,True,False,False,False
Stable High Load,264,Random-Fuzzer,Utility,8,0.5333333333333333,2,"['Ping-Pong: 3 UEs oscillating', 'Unfairness: Jain Index = 0.15']",0.1533066837109655,6.5608764,-7.792880392074585,42.83019,3.1598475098609926,1.2523634,0.08302664654363189,True,False,True,False
Stable High Load,265,Random-Fuzzer,Utility,11,0.7333333333333333,2,"['Ping-Pong: 5 UEs oscillating', 'Unfairness: Jain Index = 0.14']",0.14049616836429096,4.5934863,-7.682519721984863,35.533913,3.247051274776459,1.3317771,0.08302664654363189,True,False,True,False
Stable High Load,266,Random-Fuzzer,Utility,12,0.8,2,"['Ping-Pong: 7 UEs oscillating', 'QoS Violation: 5th Percentile Throughput = 1.88 Mbps']",0.33214210037896863,9.099257,-10.0,54.247257,1.8810487985610962,1.3172531,0.12046772038736682,True,True,False,False
Stable High Load,267,Random-Fuzzer,Utility,11,0.7333333333333333,1,['Ping-Pong: 8 UEs oscillating'],0.23932201135689074,10.685405,-6.578167676925659,57.156483,4.275814104080201,0.8749222,0.1034550522971449,True,False,False,False
Stable High Load,268,Random-Fuzzer,Utility,5,0.3333333333333333,1,['Ping-Pong: 5 UEs oscillating'],0.37435857036239967,15.297374,-1.4532173156738282,73.82972,10.667348098754882,0.3595228,0.0659828879073858,True,False,False,False
Stable High Load,269,Random-Fuzzer,Utility,7,0.4666666666666667,1,['Ping-Pong: 4 UEs oscillating'],0.24556033723211898,11.528042,-4.176647877693176,59.73007,7.723838424682618,0.7715258,0.08302664654363189,True,False,False,False
Stable High Load,270,Random-Fuzzer,Utility,7,0.4666666666666667,1,['Ping-Pong: 3 UEs oscillating'],0.2172953508093224,10.5666895,-3.530089139938354,55.109943,8.988284587860107,0.7557873,0.11507662831994829,True,False,False,False
Stable High Load,271,Random-Fuzzer,Utility,10,0.6666666666666666,2,"['Ping-Pong: 6 UEs oscillating', 'Unfairness: Jain Index = 0.13']",0.1307275506594267,5.7629676,-9.086175346374512,39.514606,2.314581334590912,1.3062149,0.08302664654363189,True,False,True,False
Stable High Load,272,Random-Fuzzer,Utility,10,0.6666666666666666,2,"['Ping-Pong: 5 UEs oscillating', 'QoS Violation: 5th Percentile Throughput = 1.88 Mbps']",0.27263223472716913,9.001334,-10.0,52.711353,1.8810487985610962,1.2711211,0.07499055118106486,True,True,False,False
Stable High Load,273,Random-Fuzzer,Utility,11,0.7333333333333333,2,"['Ping-Pong: 7 UEs oscillating', 'QoS Violation: 5th Percentile Throughput = 1.88 Mbps']",0.20715877761565335,7.667606,-10.0,47.695076,1.8810487985610962,1.5594169,0.08302664654363187,True,True,False,False
Stable High Load,274,Random-Fuzzer,Utility,12,0.8,1,['Ping-Pong: 8 UEs oscillating'],0.2897483979076829,12.295208,-1.6060020208358763,61.857407,10.454251194000244,0.4583917,0.09712418121129114,True,False,False,False
Stable High Load,275,Random-Fuzzer,Utility,10,0.6666666666666666,4,"['Ping-Pong: 8 UEs oscillating', 'QoS Violation: 5th Percentile Throughput = 1.88 Mbps', 'Unfairness: Jain Index = 0.10', 'CRITICAL FAILURE: Low QoE, High Unfairness, and System Instability Co-occurred']",0.09542967433628373,5.387062,-10.0,37.483635,1.8810487985610962,1.5722276,0.09035079029052513,True,True,True,True
Stable High Load,276,Random-Fuzzer,Utility,7,0.4666666666666667,1,['Ping-Pong: 6 UEs oscillating'],0.2593373330309698,12.164882,-3.793460083007812,62.868477,8.454722976684572,0.7868489,0.055532875189002864,True,False,False,False
Stable High Load,277,Random-Fuzzer,Utility,10,0.6666666666666666,1,['Ping-Pong: 5 UEs oscillating'],0.3047275399600741,11.475238,-3.391944599151611,59.880222,7.512931871414184,0.5909189,0.042591770999996004,True,False,False,False
Stable High Load,278,Random-Fuzzer,Utility,9,0.6,1,['Ping-Pong: 5 UEs oscillating'],0.2182275778452649,8.887605,-5.045725965499877,50.462612,6.259681272506715,0.93266594,0.09712418121129114,True,False,False,False
Stable High Load,279,Random-Fuzzer,Utility,9,0.6,2,"['Ping-Pong: 6 UEs oscillating', 'QoS Violation: 5th Percentile Throughput = 1.88 Mbps']",0.31977805025306405,11.763671,-10.0,63.01235,1.8810487985610962,1.128109,0.08302664654363189,True,True,False,False
Stable High Load,280,Random-Fuzzer,Utility,8,0.5333333333333333,1,['Ping-Pong: 2 UEs oscillating'],0.28426821267745445,14.11011,1.6923129558563237,67.79291,19.53794937133789,0.3437323,0.042591770999996004,True,False,False,False
Stable High Load,281,Random-Fuzzer,Utility,8,0.5333333333333333,1,['Ping-Pong: 3 UEs oscillating'],0.23308099167852933,9.628414,-3.8467184305191036,52.727932,8.349933528900147,0.86047196,0.05553287518900287,True,False,False,False
Stable High Load,282,Random-Fuzzer,Utility,8,0.5333333333333333,2,"['Ping-Pong: 3 UEs oscillating', 'QoS Violation: 5th Percentile Throughput = 1.88 Mbps']",0.2105448552621694,8.827594,-10.0,50.670986,1.8810487985610962,1.1972921,0.09712418121129114,True,True,False,False
Stable High Load,283,Random-Fuzzer,Utility,6,0.4,1,['Ping-Pong: 3 UEs oscillating'],0.31849273952361845,14.316656,-2.0738577485084533,70.25407,9.536870956420898,0.41883534,0.042591770999996004,True,False,False,False
Stable High Load,284,Random-Fuzzer,Utility,7,0.4666666666666667,3,"['Ping-Pong: 3 UEs oscillating', 'QoS Violation: 5th Percentile Throughput = 1.88 Mbps', 'Unfairness: Jain Index = 0.14']",0.14393581984104245,6.4003773,-10.0,42.065636,1.8810487985610962,1.3600292,0.05553287518900287,True,True,True,False
Stable High Load,285,Random-Fuzzer,Utility,8,0.5333333333333333,1,['Ping-Pong: 3 UEs oscillating'],0.27969852799757616,12.116486,0.5839554309844974,60.20405,16.209724044799806,0.4205661,0.09712418121129114,True,False,False,False
Stable High Load,286,Random-Fuzzer,Utility,9,0.6,1,['Ping-Pong: 3 UEs oscillating'],0.2645004958091851,7.3502226,-5.335532760620117,42.55285,5.828637361526489,0.8966048,0.07499055118106487,True,False,False,False
Stable High Load,287,Random-Fuzzer,Utility,9,0.6,3,"['Ping-Pong: 2 UEs oscillating', 'QoS Violation: 5th Percentile Throughput = 1.88 Mbps', 'Unfairness: Jain Index = 0.10']",0.10132484700774198,6.311913,-10.0,39.94804,1.8810487985610962,1.2273287,0.09712418121129113,True,True,True,False
Stable High Load,288,Random-Fuzzer,Utility,8,0.5333333333333333,1,['Ping-Pong: 5 UEs oscillating'],0.22136308437688576,9.716804,-5.620401096343993,52.754097,5.431423664093018,0.8569465,0.07499055118106487,True,False,False,False
Stable High Load,289,Random-Fuzzer,Utility,7,0.4666666666666667,2,"['Ping-Pong: 5 UEs oscillating', 'Unfairness: Jain Index = 0.14']",0.14104877162499807,7.0374727,-4.502781963348388,40.877632,6.2310720682144165,0.71097773,0.07499055118106487,True,False,True,False
Stable High Load,290,Random-Fuzzer,Utility,10,0.6666666666666666,1,['Ping-Pong: 4 UEs oscillating'],0.2776964003497816,9.896953,-4.917554903030394,55.096245,6.459219884872437,0.9388482,0.09035079029052513,True,False,False,False
Stable High Load,291,Random-Fuzzer,Utility,10,0.6666666666666666,2,"['Ping-Pong: 4 UEs oscillating', 'Unfairness: Jain Index = 0.18']",0.18161425378091878,11.133123,-2.3668218374252317,55.763954,9.319715547561646,0.44823503,0.12046772038736682,True,False,True,False
Stable High Load,292,Random-Fuzzer,Utility,10,0.6666666666666666,2,"['Ping-Pong: 6 UEs oscillating', 'Unfairness: Jain Index = 0.08']",0.07716379022425378,5.102758,-4.946331596374511,33.541206,6.413937139511109,0.9561787,0.09712418121129114,True,False,True,False
Stable High Load,293,Random-Fuzzer,Utility,10,0.6666666666666666,1,['Ping-Pong: 6 UEs oscillating'],0.27732732650277697,12.1971655,-0.6347324311733245,60.7132,12.62394323348999,0.42284885,0.06598288790738581,True,False,False,False
Stable High Load,294,Random-Fuzzer,Utility,7,0.4666666666666667,1,['Ping-Pong: 4 UEs oscillating'],0.22051511061189918,9.260382,-4.561220407485962,51.025505,7.043434190750123,0.8581402,0.1034550522971449,True,False,False,False
Stable High Load,295,Random-Fuzzer,Utility,9,0.6,1,['Ping-Pong: 3 UEs oscillating'],0.2937621362085142,12.243722,-1.1094068467617033,61.798588,11.34568166732788,0.46261775,0.07499055118106487,True,False,False,False
Stable High Load,296,Random-Fuzzer,Utility,11,0.7333333333333333,1,['Ping-Pong: 5 UEs oscillating'],0.2718919865585575,10.460992,-2.5345957636833187,54.821575,9.497699594497682,0.5876346,0.05553287518900286,True,False,False,False
Stable High Load,297,Random-Fuzzer,Utility,8,0.5333333333333333,1,['Ping-Pong: 5 UEs oscillating'],0.34487308926358445,13.90459,-3.743016338348388,69.20822,8.526739883422852,0.6915308,0.09035079029052513,True,False,False,False
Stable High Load,298,Random-Fuzzer,Utility,7,0.4666666666666667,1,['Ping-Pong: 4 UEs oscillating'],0.28253034834135865,11.310443,-2.722652316093445,58.563618,8.458686447143554,0.5366439,0.1034550522971449,True,False,False,False
Stable High Load,299,Random-Fuzzer,Utility,7,0.4666666666666667,1,['Ping-Pong: 3 UEs oscillating'],0.2964857541934553,11.460591,-4.08595197200775,60.45165,7.892009830474854,0.82134223,0.05553287518900286,True,False,False,False
Stable High Load,0,Random-Fuzzer,ML-Based,6,0.4,1,['Unfairness: Jain Index = 0.17'],0.1719804417473398,8.247352,-7.709151268005371,48.222588,3.089973568916321,0.9595853,0.09712418121129114,False,False,True,False
Stable High Load,1,Random-Fuzzer,ML-Based,13,0.8666666666666667,2,"['QoS Violation: 5th Percentile Throughput = 1.88 Mbps', 'Unfairness: Jain Index = 0.09']",0.08785203581614838,-6.210869,-10.0,12.28385,1.8810487985610962,5.3772216,0.32352929050405776,False,True,True,False
Stable High Load,2,Random-Fuzzer,ML-Based,3,0.2,1,['QoS Violation: 5th Percentile Throughput = 1.88 Mbps'],0.24181602070903452,-8.072128,-10.0,4.58252,1.8810487985610962,5.391641,0.2969229955832362,False,True,False,False
Stable High Load,3,Random-Fuzzer,ML-Based,6,0.4,3,"['Ping-Pong: 3 UEs oscillating', 'QoS Violation: 5th Percentile Throughput = 1.88 Mbps', 'Unfairness: Jain Index = 0.13']",0.1304934557070431,-4.537008,-10.0,16.276861,1.8810487985610962,4.8820224,0.2180099646144685,True,True,True,False
Stable High Load,4,Random-Fuzzer,ML-Based,7,0.4666666666666667,3,"['Ping-Pong: 2 UEs oscillating', 'QoS Violation: 5th Percentile Throughput = 1.88 Mbps', 'Unfairness: Jain Index = 0.07']",0.07310354799969049,-7.6454196,-10.0,7.389972,1.8810487985610962,5.6100416,0.2990536851068112,True,True,True,False
Stable High Load,5,Random-Fuzzer,ML-Based,4,0.26666666666666666,2,"['QoS Violation: 5th Percentile Throughput = 1.88 Mbps', 'Unfairness: Jain Index = 0.08']",0.08171570930087968,-5.416525,-10.0,16.416027,1.8810487985610962,5.5438204,0.2969229955832362,False,True,True,False
Stable High Load,6,Random-Fuzzer,ML-Based,9,0.6,3,"['Ping-Pong: 2 UEs oscillating', 'QoS Violation: 5th Percentile Throughput = 1.88 Mbps', 'Unfairness: Jain Index = 0.10']",0.09762196020715512,-4.8808346,-10.0,15.144621,1.8810487985610962,4.9105973,0.19331222028747086,True,True,True,False
Stable High Load,7,Random-Fuzzer,ML-Based,8,0.5333333333333333,3,"['Ping-Pong: 2 UEs oscillating', 'QoS Violation: 5th Percentile Throughput = 1.88 Mbps', 'Unfairness: Jain Index = 0.12']",0.12322195303262315,-8.94492,-10.0,3.8263419,1.8810487985610962,5.9798813,0.2990536851068112,True,True,True,False
Stable High Load,8,Random-Fuzzer,ML-Based,5,0.3333333333333333,2,"['Ping-Pong: 3 UEs oscillating', 'QoS Violation: 5th Percentile Throughput = 1.88 Mbps']",0.44188245984462887,-9.058136,-10.0,2.7266734,1.8810487985610962,5.6739326,0.2723876123061923,True,True,False,False
Stable High Load,9,Random-Fuzzer,ML-Based,9,0.6,3,"['Ping-Pong: 4 UEs oscillating', 'QoS Violation: 5th Percentile Throughput = 1.88 Mbps', 'Unfairness: Jain Index = 0.08']",0.08126608191352923,-5.307421,-10.0,16.909279,1.8810487985610962,5.543315,0.18319413392067949,True,True,True,False
Stable High Load,10,Random-Fuzzer,ML-Based,6,0.4,2,"['Ping-Pong: 2 UEs oscillating', 'QoS Violation: 5th Percentile Throughput = 1.88 Mbps']",0.4336734953101274,-9.41296,-10.0,2.4991198,1.8810487985610962,6.0258603,0.2969229955832362,True,True,False,False
Stable High Load,11,Random-Fuzzer,ML-Based,10,0.6666666666666666,2,"['Ping-Pong: 4 UEs oscillating', 'QoS Violation: 5th Percentile Throughput = 1.88 Mbps']",0.9428626285418649,-9.791265,-10.0,2.0017,1.8810487985610962,6.170879,0.1570706904997204,True,True,False,False
Stable High Load,12,Random-Fuzzer,ML-Based,10,0.6666666666666666,3,"['Ping-Pong: 4 UEs oscillating', 'QoS Violation: 5th Percentile Throughput = 1.88 Mbps', 'Unfairness: Jain Index = 0.17']",0.16896883884036565,-2.6706095,-10.0,18.763767,1.8810487985610962,3.9330027,0.2700466072144348,True,True,True,False
Stable High Load,13,Random-Fuzzer,ML-Based,13,0.8666666666666667,4,"['Ping-Pong: 7 UEs oscillating', 'QoS Violation: 5th Percentile Throughput = 1.88 Mbps', 'Unfairness: Jain Index = 0.09', 'CRITICAL FAILURE: Low QoE, High Unfairness, and System Instability Co-occurred']",0.08898267300039386,-6.581712,-10.0,7.3419123,1.8810487985610962,4.5995307,0.1724835264407127,True,True,True,True
Stable High Load,14,Random-Fuzzer,ML-Based,13,0.8666666666666667,4,"['Ping-Pong: 7 UEs oscillating', 'QoS Violation: 5th Percentile Throughput = 1.88 Mbps', 'Unfairness: Jain Index = 0.09', 'CRITICAL FAILURE: Low QoE, High Unfairness, and System Instability Co-occurred']",0.08744908479512559,-2.2877731,-10.0,24.474085,1.8810487985610962,4.7205973,0.21800996461446853,True,True,True,True
Stable High Load,15,Random-Fuzzer,ML-Based,12,0.8,4,"['Ping-Pong: 9 UEs oscillating', 'QoS Violation: 5th Percentile Throughput = 1.88 Mbps', 'Unfairness: Jain Index = 0.08', 'CRITICAL FAILURE: Low QoE, High Unfairness, and System Instability Co-occurred']",0.07995362805273305,-8.025521,-10.0,6.076297,1.8810487985610962,5.644137,0.13997084244475302,True,True,True,True
Stable High Load,16,Random-Fuzzer,ML-Based,10,0.6666666666666666,4,"['Ping-Pong: 10 UEs oscillating', 'QoS Violation: 5th Percentile Throughput = 1.88 Mbps', 'Unfairness: Jain Index = 0.13', 'CRITICAL FAILURE: Low QoE, High Unfairness, and System Instability Co-occurred']",0.12853614413103587,-8.094729,-10.0,4.985379,1.8810487985610962,5.4846964,0.24281045302822785,True,True,True,True
Stable High Load,17,Random-Fuzzer,ML-Based,6,0.4,3,"['Ping-Pong: 4 UEs oscillating', 'QoS Violation: 5th Percentile Throughput = 1.88 Mbps', 'Unfairness: Jain Index = 0.07']",0.0671199654269709,-6.645778,-10.0,11.068828,1.8810487985610962,5.400511,0.2454114043185738,True,True,True,False
Stable High Load,18,Random-Fuzzer,ML-Based,11,0.7333333333333333,3,"['Ping-Pong: 3 UEs oscillating', 'QoS Violation: 5th Percentile Throughput = 1.88 Mbps', 'Unfairness: Jain Index = 0.15']",0.1504297195633244,-7.0842714,-10.0,7.652656,1.8810487985610962,5.2626786,0.18999940326914289,True,True,True,False
Stable High Load,19,Random-Fuzzer,ML-Based,11,0.7333333333333333,2,"['Ping-Pong: 3 UEs oscillating', 'QoS Violation: 5th Percentile Throughput = 1.88 Mbps']",0.6568012421902693,-9.558677,-10.0,2.2528305,1.8810487985610962,6.061395,0.1529750324210382,True,True,False,False
Stable High Load,20,Random-Fuzzer,ML-Based,10,0.6666666666666666,3,"['Ping-Pong: 5 UEs oscillating', 'QoS Violation: 5th Percentile Throughput = 1.88 Mbps', 'Unfairness: Jain Index = 0.07']",0.06986185677711099,-8.152464,-10.0,7.144075,1.8810487985610962,5.9640226,0.32352929050405776,True,True,True,False
Stable High Load,21,Random-Fuzzer,ML-Based,9,0.6,2,"['Ping-Pong: 6 UEs oscillating', 'QoS Violation: 5th Percentile Throughput = 1.88 Mbps']",0.23463848010897112,-5.6982355,-10.0,9.567531,1.8810487985610962,4.4525747,0.15707069049972042,True,True,False,False
Stable High Load,22,Random-Fuzzer,ML-Based,9,0.6,3,"['Ping-Pong: 4 UEs oscillating', 'QoS Violation: 5th Percentile Throughput = 1.88 Mbps', 'Unfairness: Jain Index = 0.10']",0.0958505260266866,-4.9485765,-10.0,13.822687,1.8810487985610962,4.637825,0.20603150145508511,True,True,True,False
Stable High Load,23,Random-Fuzzer,ML-Based,8,0.5333333333333333,1,['QoS Violation: 5th Percentile Throughput = 1.88 Mbps'],0.3120928278580475,-8.615826,-10.0,3.3122513,1.8810487985610962,5.4623384,0.2990536851068112,True,True,False,False
Stable High Load,24,Random-Fuzzer,ML-Based,9,0.6,3,"['Ping-Pong: 2 UEs oscillating', 'QoS Violation: 5th Percentile Throughput = 1.88 Mbps', 'Unfairness: Jain Index = 0.07']",0.07039933391909217,-4.923484,-10.0,15.9759,1.8810487985610962,5.0642796,0.17248352644071271,True,True,True,False
Stable High Load,25,Random-Fuzzer,ML-Based,9,0.6,3,"['Ping-Pong: 3 UEs oscillating', 'QoS Violation: 5th Percentile Throughput = 1.88 Mbps', 'Unfairness: Jain Index = 0.08']",0.08367821049581921,-4.5817156,-10.0,17.927738,1.8810487985610962,5.1740313,0.22090311437606097,True,True,True,False
Stable High Load,26,Random-Fuzzer,ML-Based,13,0.8666666666666667,4,"['Ping-Pong: 7 UEs oscillating', 'QoS Violation: 5th Percentile Throughput = 1.88 Mbps', 'Unfairness: Jain Index = 0.07', 'CRITICAL FAILURE: Low QoE, High Unfairness, and System Instability Co-occurred']",0.06687198380250471,-7.081192,-10.0,11.002212,1.8810487985610962,5.7239165,0.1529750324210382,True,True,True,True
Stable High Load,27,Random-Fuzzer,ML-Based,12,0.8,4,"['Ping-Pong: 7 UEs oscillating', 'QoS Violation: 5th Percentile Throughput = 1.88 Mbps', 'Unfairness: Jain Index = 0.07', 'CRITICAL FAILURE: Low QoE, High Unfairness, and System Instability Co-occurred']",0.06739361785308763,-6.2273083,-10.0,11.519475,1.8810487985610962,5.208403,0.13997084244475305,True,True,True,True
Stable High Load,28,Random-Fuzzer,ML-Based,9,0.6,2,"['Ping-Pong: 6 UEs oscillating', 'QoS Violation: 5th Percentile Throughput = 1.88 Mbps']",1.000000119209291,-10.0,-10.0,1.8810486,1.8810487985610962,6.3794193,0.32352929050405776,True,True,False,False
Stable High Load,29,Random-Fuzzer,ML-Based,10,0.6666666666666666,3,"['Ping-Pong: 4 UEs oscillating', 'QoS Violation: 5th Percentile Throughput = 1.88 Mbps', 'Unfairness: Jain Index = 0.07']",0.0674209349362069,-6.107457,-10.0,11.3966255,1.8810487985610962,5.0336833,0.1256276757930754,True,True,True,False
Stable High Load,30,Random-Fuzzer,ML-Based,11,0.7333333333333333,3,"['Ping-Pong: 5 UEs oscillating', 'QoS Violation: 5th Percentile Throughput = 1.88 Mbps', 'Unfairness: Jain Index = 0.19']",0.19402005926040333,-8.7429,-10.0,3.5547576,1.8810487985610962,5.6989594,0.20603150145508511,True,True,True,False
Stable High Load,31,Random-Fuzzer,ML-Based,13,0.8666666666666667,4,"['Ping-Pong: 7 UEs oscillating', 'QoS Violation: 5th Percentile Throughput = 1.88 Mbps', 'Unfairness: Jain Index = 0.07', 'CRITICAL FAILURE: Low QoE, High Unfairness, and System Instability Co-occurred']",0.07167459225701245,-6.411795,-10.0,10.481443,1.8810487985610962,5.2357416,0.14876666049346007,True,True,True,True
Stable High Load,32,Random-Fuzzer,ML-Based,11,0.7333333333333333,4,"['Ping-Pong: 6 UEs oscillating', 'QoS Violation: 5th Percentile Throughput = 1.88 Mbps', 'Unfairness: Jain Index = 0.07', 'CRITICAL FAILURE: Low QoE, High Unfairness, and System Instability Co-occurred']",0.06792823191102382,-6.929501,-10.0,10.236066,1.8810487985610962,5.58216,0.2969229955832362,True,True,True,True
Stable High Load,33,Random-Fuzzer,ML-Based,14,0.9333333333333333,2,"['Ping-Pong: 9 UEs oscillating', 'QoS Violation: 5th Percentile Throughput = 1.88 Mbps']",0.2543711776661338,-4.549808,-10.0,13.206497,1.8810487985610962,4.449934,0.1529750324210382,True,True,False,False
Stable High Load,34,Random-Fuzzer,ML-Based,14,0.9333333333333333,4,"['Ping-Pong: 10 UEs oscillating', 'QoS Violation: 5th Percentile Throughput = 1.88 Mbps', 'Unfairness: Jain Index = 0.11', 'CRITICAL FAILURE: Low QoE, High Unfairness, and System Instability Co-occurred']",0.11138335099455714,-8.796238,-10.0,4.1131306,1.8810487985610962,5.877862,0.2969229955832362,True,True,True,True
Stable High Load,35,Random-Fuzzer,ML-Based,12,0.8,4,"['Ping-Pong: 10 UEs oscillating', 'QoS Violation: 5th Percentile Throughput = 1.88 Mbps', 'Unfairness: Jain Index = 0.14', 'CRITICAL FAILURE: Low QoE, High Unfairness, and System Instability Co-occurred']",0.13598830079390653,-3.004006,-10.0,23.685726,1.8810487985610962,4.9666805,0.24281045302822785,True,True,True,True
Stable High Load,36,Random-Fuzzer,ML-Based,7,0.4666666666666667,3,"['Ping-Pong: 5 UEs oscillating', 'QoS Violation: 5th Percentile Throughput = 1.88 Mbps', 'Unfairness: Jain Index = 0.13']",0.1335067132280275,-4.6666665,-10.0,19.810461,1.8810487985610962,5.540565,0.20909046095333478,True,True,True,False
Stable High Load,37,Random-Fuzzer,ML-Based,7,0.4666666666666667,3,"['Ping-Pong: 3 UEs oscillating', 'QoS Violation: 5th Percentile Throughput = 1.88 Mbps', 'Unfairness: Jain Index = 0.14']",0.13688622800495276,-2.7818112,-10.0,24.142317,1.8810487985610962,4.818094,0.17969487870584008,True,True,True,False
Stable High Load,38,Random-Fuzzer,ML-Based,11,0.7333333333333333,3,"['Ping-Pong: 2 UEs oscillating', 'QoS Violation: 5th Percentile Throughput = 1.88 Mbps', 'Unfairness: Jain Index = 0.15']",0.15267912492764263,-8.339269,-10.0,4.4802575,1.8810487985610962,5.6227927,0.19331222028747086,True,True,True,False
Stable High Load,39,Random-Fuzzer,ML-Based,8,0.5333333333333333,3,"['Ping-Pong: 2 UEs oscillating', 'QoS Violation: 5th Percentile Throughput = 1.88 Mbps', 'Unfairness: Jain Index = 0.09']",0.09480391775132199,-7.3554373,-10.0,6.875394,1.8810487985610962,5.221237,0.24281045302822785,True,True,True,False
Stable High Load,40,Random-Fuzzer,ML-Based,11,0.7333333333333333,3,"['Ping-Pong: 4 UEs oscillating', 'QoS Violation: 5th Percentile Throughput = 1.88 Mbps', 'Unfairness: Jain Index = 0.07']",0.06763540870199117,-5.0025983,-10.0,14.262905,1.8810487985610962,4.7329116,0.17969487870584008,True,True,True,False
Stable High Load,41,Random-Fuzzer,ML-Based,11,0.7333333333333333,3,"['Ping-Pong: 5 UEs oscillating', 'QoS Violation: 5th Percentile Throughput = 1.88 Mbps', 'Unfairness: Jain Index = 0.07']",0.070715691688831,-6.227892,-10.0,11.708338,1.8810487985610962,5.2882676,0.12046772038736683,True,True,True,False
Stable High Load,42,Random-Fuzzer,ML-Based,11,0.7333333333333333,4,"['Ping-Pong: 6 UEs oscillating', 'QoS Violation: 5th Percentile Throughput = 1.88 Mbps', 'Unfairness: Jain Index = 0.13', 'CRITICAL FAILURE: Low QoE, High Unfairness, and System Instability Co-occurred']",0.13372531524159226,-3.839752,-10.0,21.010925,1.8810487985610962,5.1554956,0.2180099646144685,True,True,True,True
Stable High Load,43,Random-Fuzzer,ML-Based,12,0.8,2,"['Ping-Pong: 8 UEs oscillating', 'QoS Violation: 5th Percentile Throughput = 1.88 Mbps']",0.25180848059989147,-8.181261,-10.0,4.152225,1.8810487985610962,5.362514,0.19331222028747086,True,True,False,False
Stable High Load,44,Random-Fuzzer,ML-Based,13,0.8666666666666667,4,"['Ping-Pong: 8 UEs oscillating', 'QoS Violation: 5th Percentile Throughput = 1.88 Mbps', 'Unfairness: Jain Index = 0.19', 'CRITICAL FAILURE: Low QoE, High Unfairness, and System Instability Co-occurred']",0.19327185445714426,-7.450202,-10.0,5.426557,1.8810487985610962,5.0412536,0.07499055118106487,True,True,True,True
Stable High Load,45,Random-Fuzzer,ML-Based,12,0.8,2,"['Ping-Pong: 9 UEs oscillating', 'QoS Violation: 5th Percentile Throughput = 1.88 Mbps']",0.24956576516007067,-9.236821,-10.0,2.9051306,1.8810487985610962,6.000522,0.32352929050405776,True,True,False,False
Stable High Load,46,Random-Fuzzer,ML-Based,14,0.9333333333333333,2,"['Ping-Pong: 11 UEs oscillating', 'QoS Violation: 5th Percentile Throughput = 1.88 Mbps']",0.32866649021666433,-8.63737,-10.0,3.3066022,1.8810487985610962,5.4924836,0.11507662831994829,True,True,False,False
Stable High Load,47,Random-Fuzzer,ML-Based,15,1.0,4,"['Ping-Pong: 12 UEs oscillating', 'QoS Violation: 5th Percentile Throughput = 1.88 Mbps', 'Unfairness: Jain Index = 0.07', 'CRITICAL FAILURE: Low QoE, High Unfairness, and System Instability Co-occurred']",0.06704997269483898,-6.0435977,-10.0,12.165197,1.8810487985610962,5.0925493,0.2180099646144685,True,True,True,True
Stable High Load,48,Random-Fuzzer,ML-Based,11,0.7333333333333333,2,"['Ping-Pong: 11 UEs oscillating', 'QoS Violation: 5th Percentile Throughput = 1.88 Mbps']",0.22501735894863506,-8.439757,-10.0,4.070982,1.8810487985610962,5.622487,0.13058389715049606,True,True,False,False
Stable High Load,49,Random-Fuzzer,ML-Based,12,0.8,2,"['Ping-Pong: 9 UEs oscillating', 'QoS Violation: 5th Percentile Throughput = 1.88 Mbps']",0.722148414851144,-9.190185,-10.0,2.4357727,1.8810487985610962,5.6564155,0.1724835264407127,True,True,False,False
Stable High Load,50,Random-Fuzzer,ML-Based,12,0.8,4,"['Ping-Pong: 7 UEs oscillating', 'QoS Violation: 5th Percentile Throughput = 1.88 Mbps', 'Unfairness: Jain Index = 0.19', 'CRITICAL FAILURE: Low QoE, High Unfairness, and System Instability Co-occurred']",0.18628128681893233,-7.5549173,-10.0,5.9927053,1.8810487985610962,5.298655,0.10942024088643863,True,True,True,True
Stable High Load,51,Random-Fuzzer,ML-Based,10,0.6666666666666666,4,"['Ping-Pong: 7 UEs oscillating', 'QoS Violation: 5th Percentile Throughput = 1.88 Mbps', 'Unfairness: Jain Index = 0.07', 'CRITICAL FAILURE: Low QoE, High Unfairness, and System Instability Co-occurred']",0.06723729157982829,-6.350989,-10.0,12.536167,1.8810487985610962,5.5640693,0.20909046095333475,True,True,True,True
Stable High Load,52,Random-Fuzzer,ML-Based,12,0.8,4,"['Ping-Pong: 6 UEs oscillating', 'QoS Violation: 5th Percentile Throughput = 1.88 Mbps', 'Unfairness: Jain Index = 0.09', 'CRITICAL FAILURE: Low QoE, High Unfairness, and System Instability Co-occurred']",0.08753202438477467,-5.745862,-10.0,12.231485,1.8810487985610962,5.1572366,0.13997084244475305,True,True,True,True
Stable High Load,53,Random-Fuzzer,ML-Based,11,0.7333333333333333,2,"['Ping-Pong: 7 UEs oscillating', 'QoS Violation: 5th Percentile Throughput = 1.88 Mbps']",0.22263188461171493,-4.217295,-10.0,13.749066,1.8810487985610962,4.27867,0.13997084244475305,True,True,False,False
Stable High Load,54,Random-Fuzzer,ML-Based,11,0.7333333333333333,4,"['Ping-Pong: 7 UEs oscillating', 'QoS Violation: 5th Percentile Throughput = 1.88 Mbps', 'Unfairness: Jain Index = 0.08', 'CRITICAL FAILURE: Low QoE, High Unfairness, and System Instability Co-occurred']",0.08124301173096862,-6.6530232,-10.0,9.210237,1.8810487985610962,5.221246,0.2454114043185738,True,True,True,True
Stable High Load,55,Random-Fuzzer,ML-Based,13,0.8666666666666667,4,"['Ping-Pong: 8 UEs oscillating', 'QoS Violation: 5th Percentile Throughput = 1.88 Mbps', 'Unfairness: Jain Index = 0.07', 'CRITICAL FAILURE: Low QoE, High Unfairness, and System Instability Co-occurred']",0.0680330364319945,-5.6592307,-10.0,12.046566,1.8810487985610962,4.8949757,0.13535876574811329,True,True,True,True
Stable High Load,56,Random-Fuzzer,ML-Based,12,0.8,4,"['Ping-Pong: 8 UEs oscillating', 'QoS Violation: 5th Percentile Throughput = 1.88 Mbps', 'Unfairness: Jain Index = 0.17', 'CRITICAL FAILURE: Low QoE, High Unfairness, and System Instability Co-occurred']",0.16662258030032567,-0.3681731,-10.0,29.633602,1.8810487985610962,4.0652404,0.09035079029052513,True,True,True,True
Stable High Load,57,Random-Fuzzer,ML-Based,13,0.8666666666666667,4,"['Ping-Pong: 11 UEs oscillating', 'QoS Violation: 5th Percentile Throughput = 1.88 Mbps', 'Unfairness: Jain Index = 0.09', 'CRITICAL FAILURE: Low QoE, High Unfairness, and System Instability Co-occurred']",0.09038797113594375,-5.1595016,-10.0,17.576708,1.8810487985610962,5.542476,0.16876233473018432,True,True,True,True
Stable High Load,58,Random-Fuzzer,ML-Based,14,0.9333333333333333,4,"['Ping-Pong: 11 UEs oscillating', 'QoS Violation: 5th Percentile Throughput = 1.88 Mbps', 'Unfairness: Jain Index = 0.14', 'CRITICAL FAILURE: Low QoE, High Unfairness, and System Instability Co-occurred']",0.13745967902614825,-0.22203413,-10.0,29.084055,1.8810487985610962,3.9762216,0.12046772038736682,True,True,True,True
Stable High Load,59,Random-Fuzzer,ML-Based,10,0.6666666666666666,4,"['Ping-Pong: 9 UEs oscillating', 'QoS Violation: 5th Percentile Throughput = 1.88 Mbps', 'Unfairness: Jain Index = 0.07', 'CRITICAL FAILURE: Low QoE, High Unfairness, and System Instability Co-occurred']",0.06770153398694605,-7.1935625,-10.0,9.449148,1.8810487985610962,5.550018,0.12046772038736682,True,True,True,True
Stable High Load,60,Random-Fuzzer,ML-Based,12,0.8,4,"['Ping-Pong: 8 UEs oscillating', 'QoS Violation: 5th Percentile Throughput = 1.88 Mbps', 'Unfairness: Jain Index = 0.07', 'CRITICAL FAILURE: Low QoE, High Unfairness, and System Instability Co-occurred']",0.06773919257177344,-4.8372703,-10.0,14.710514,1.8810487985610962,4.819387,0.12046772038736682,True,True,True,True
Stable High Load,61,Random-Fuzzer,ML-Based,13,0.8666666666666667,4,"['Ping-Pong: 7 UEs oscillating', 'QoS Violation: 5th Percentile Throughput = 1.88 Mbps', 'Unfairness: Jain Index = 0.12', 'CRITICAL FAILURE: Low QoE, High Unfairness, and System Instability Co-occurred']",0.11715724444470187,-1.3344501,-10.0,24.40247,1.8810487985610962,3.9861877,0.10345505229714491,True,True,True,True
Stable High Load,62,Random-Fuzzer,ML-Based,12,0.8,4,"['Ping-Pong: 8 UEs oscillating', 'QoS Violation: 5th Percentile Throughput = 1.88 Mbps', 'Unfairness: Jain Index = 0.07', 'CRITICAL FAILURE: Low QoE, High Unfairness, and System Instability Co-occurred']",0.06952757664949767,-4.6785374,-10.0,16.862112,1.8810487985610962,5.143719,0.21800996461446853,True,True,True,True
Stable High Load,63,Random-Fuzzer,ML-Based,14,0.9333333333333333,4,"['Ping-Pong: 10 UEs oscillating', 'QoS Violation: 5th Percentile Throughput = 1.88 Mbps', 'Unfairness: Jain Index = 0.08', 'CRITICAL FAILURE: Low QoE, High Unfairness, and System Instability Co-occurred']",0.08217805818773373,-1.8527434,-10.0,24.086285,1.8810487985610962,4.344926,0.10345505229714491,True,True,True,True
Stable High Load,64,Random-Fuzzer,ML-Based,14,0.9333333333333333,4,"['Ping-Pong: 11 UEs oscillating', 'QoS Violation: 5th Percentile Throughput = 1.88 Mbps', 'Unfairness: Jain Index = 0.09', 'CRITICAL FAILURE: Low QoE, High Unfairness, and System Instability Co-occurred']",0.08692847192158444,-3.5067983,-10.0,20.267168,1.8810487985610962,4.7991796,0.14443572274383906,True,True,True,True
Stable High Load,65,Random-Fuzzer,ML-Based,15,1.0,2,"['Ping-Pong: 13 UEs oscillating', 'QoS Violation: 5th Percentile Throughput = 1.88 Mbps']",0.23285967739324037,-6.3535876,-10.0,7.9441047,1.8810487985610962,4.75859,0.1256276757930754,True,True,False,False
Stable High Load,66,Random-Fuzzer,ML-Based,10,0.6666666666666666,4,"['Ping-Pong: 9 UEs oscillating', 'QoS Violation: 5th Percentile Throughput = 1.88 Mbps', 'Unfairness: Jain Index = 0.13', 'CRITICAL FAILURE: Low QoE, High Unfairness, and System Instability Co-occurred']",0.1318263706888417,-7.8791933,-10.0,5.384541,1.8810487985610962,5.396728,0.20603150145508511,True,True,True,True
Stable High Load,67,Random-Fuzzer,ML-Based,11,0.7333333333333333,4,"['Ping-Pong: 7 UEs oscillating', 'QoS Violation: 5th Percentile Throughput = 1.88 Mbps', 'Unfairness: Jain Index = 0.11', 'CRITICAL FAILURE: Low QoE, High Unfairness, and System Instability Co-occurred']",0.1075039934026911,-8.014771,-10.0,5.569808,1.8810487985610962,5.5939975,0.13058389715049606,True,True,True,True
Stable High Load,68,Random-Fuzzer,ML-Based,15,1.0,4,"['Ping-Pong: 7 UEs oscillating', 'QoS Violation: 5th Percentile Throughput = 1.88 Mbps', 'Unfairness: Jain Index = 0.12', 'CRITICAL FAILURE: Low QoE, High Unfairness, and System Instability Co-occurred']",0.11515926371059557,-3.8069072,-10.0,20.820873,1.8810487985610962,5.1395316,0.07499055118106489,True,True,True,True
Stable High Load,69,Random-Fuzzer,ML-Based,12,0.8,4,"['Ping-Pong: 8 UEs oscillating', 'QoS Violation: 5th Percentile Throughput = 1.88 Mbps', 'Unfairness: Jain Index = 0.08', 'CRITICAL FAILURE: Low QoE, High Unfairness, and System Instability Co-occurred']",0.07635987895894812,-6.8605127,-10.0,7.4179583,1.8810487985610962,4.6802297,0.20909046095333475,True,True,True,True
Stable High Load,70,Random-Fuzzer,ML-Based,12,0.8,4,"['Ping-Pong: 10 UEs oscillating', 'QoS Violation: 5th Percentile Throughput = 1.88 Mbps', 'Unfairness: Jain Index = 0.16', 'CRITICAL FAILURE: Low QoE, High Unfairness, and System Instability Co-occurred']",0.1622595031381125,-7.6216755,-10.0,6.780677,1.8810487985610962,5.570288,0.09035079029052513,True,True,True,True
Stable High Load,71,Random-Fuzzer,ML-Based,11,0.7333333333333333,2,"['Ping-Pong: 7 UEs oscillating', 'QoS Violation: 5th Percentile Throughput = 1.88 Mbps']",0.4214540616121657,-9.4038515,-10.0,2.5171466,1.8810487985610962,6.024162,0.20603150145508511,True,True,False,False
Stable High Load,72,Random-Fuzzer,ML-Based,13,0.8666666666666667,4,"['Ping-Pong: 7 UEs oscillating', 'QoS Violation: 5th Percentile Throughput = 1.88 Mbps', 'Unfairness: Jain Index = 0.10', 'CRITICAL FAILURE: Low QoE, High Unfairness, and System Instability Co-occurred']",0.09659487014765665,-3.392991,-10.0,19.959713,1.8810487985610962,4.561827,0.13535876574811329,True,True,True,True
Stable High Load,73,Random-Fuzzer,ML-Based,11,0.7333333333333333,2,"['Ping-Pong: 7 UEs oscillating', 'QoS Violation: 5th Percentile Throughput = 1.88 Mbps']",0.8484707338934834,-9.530141,-10.0,2.1736171,1.8810487985610962,5.928793,0.11507662831994829,True,True,False,False
Stable High Load,74,Random-Fuzzer,ML-Based,12,0.8,4,"['Ping-Pong: 8 UEs oscillating', 'QoS Violation: 5th Percentile Throughput = 1.88 Mbps', 'Unfairness: Jain Index = 0.08', 'CRITICAL FAILURE: Low QoE, High Unfairness, and System Instability Co-occurred']",0.07803276851359685,-6.5780516,-10.0,8.434518,1.8810487985610962,4.9314103,0.22090311437606097,True,True,True,True
Stable High Load,75,Random-Fuzzer,ML-Based,14,0.9333333333333333,4,"['Ping-Pong: 9 UEs oscillating', 'QoS Violation: 5th Percentile Throughput = 1.88 Mbps', 'Unfairness: Jain Index = 0.12', 'CRITICAL FAILURE: Low QoE, High Unfairness, and System Instability Co-occurred']",0.1231608173720219,-4.221455,-10.0,16.368498,1.8810487985610962,4.7581058,0.15707069049972042,True,True,True,True
Stable High Load,76,Random-Fuzzer,ML-Based,11,0.7333333333333333,2,"['Ping-Pong: 9 UEs oscillating', 'QoS Violation: 5th Percentile Throughput = 1.88 Mbps']",0.8004867901580426,-9.653485,-10.0,2.1318123,1.8810487985610962,6.095906,0.11507662831994829,True,True,False,False
Stable High Load,77,Random-Fuzzer,ML-Based,12,0.8,4,"['Ping-Pong: 7 UEs oscillating', 'QoS Violation: 5th Percentile Throughput = 1.88 Mbps', 'Unfairness: Jain Index = 0.13', 'CRITICAL FAILURE: Low QoE, High Unfairness, and System Instability Co-occurred']",0.13377577708310362,-2.9789214,-10.0,21.53961,1.8810487985610962,4.3884134,0.13058389715049606,True,True,True,True
Stable High Load,78,Random-Fuzzer,ML-Based,13,0.8666666666666667,4,"['Ping-Pong: 7 UEs oscillating', 'QoS Violation: 5th Percentile Throughput = 1.88 Mbps', 'Unfairness: Jain Index = 0.10', 'CRITICAL FAILURE: Low QoE, High Unfairness, and System Instability Co-occurred']",0.10118874239094777,-3.2134607,-10.0,21.323456,1.8810487985610962,4.6490736,0.11507662831994829,True,True,True,True
Stable High Load,79,Random-Fuzzer,ML-Based,13,0.8666666666666667,2,"['Ping-Pong: 9 UEs oscillating', 'QoS Violation: 5th Percentile Throughput = 1.88 Mbps']",0.317990073051102,-8.410336,-10.0,3.614291,1.8810487985610962,5.3848863,0.1687623347301843,True,True,False,False
Stable High Load,80,Random-Fuzzer,ML-Based,14,0.9333333333333333,4,"['Ping-Pong: 11 UEs oscillating', 'QoS Violation: 5th Percentile Throughput = 1.88 Mbps', 'Unfairness: Jain Index = 0.15', 'CRITICAL FAILURE: Low QoE, High Unfairness, and System Instability Co-occurred']",0.15397008046496907,-0.97432125,-10.0,29.24316,1.8810487985610962,4.448602,0.042591770999996004,True,True,True,True
Stable High Load,81,Random-Fuzzer,ML-Based,12,0.8,2,"['Ping-Pong: 10 UEs oscillating', 'QoS Violation: 5th Percentile Throughput = 1.88 Mbps']",0.8604535222256423,-9.700948,-10.0,2.08139,1.8810487985610962,6.1178517,0.2180099646144685,True,True,False,False
Stable High Load,82,Random-Fuzzer,ML-Based,13,0.8666666666666667,4,"['Ping-Pong: 9 UEs oscillating', 'QoS Violation: 5th Percentile Throughput = 1.88 Mbps', 'Unfairness: Jain Index = 0.07', 'CRITICAL FAILURE: Low QoE, High Unfairness, and System Instability Co-occurred']",0.070517295671185,-6.773092,-10.0,8.789338,1.8810487985610962,5.0566278,0.09035079029052513,True,True,True,True
Stable High Load,83,Random-Fuzzer,ML-Based,13,0.8666666666666667,2,"['Ping-Pong: 8 UEs oscillating', 'QoS Violation: 5th Percentile Throughput = 1.88 Mbps']",0.4371451733103412,-8.216793,-10.0,3.6237001,1.8810487985610962,5.190367,0.2969229955832362,True,True,False,False
Stable High Load,84,Random-Fuzzer,ML-Based,13,0.8666666666666667,4,"['Ping-Pong: 9 UEs oscillating', 'QoS Violation: 5th Percentile Throughput = 1.88 Mbps', 'Unfairness: Jain Index = 0.13', 'CRITICAL FAILURE: Low QoE, High Unfairness, and System Instability Co-occurred']",0.13363614055141868,-3.4358256,-10.0,20.800457,1.8810487985610962,4.5656905,0.09712418121129114,True,True,True,True
Stable High Load,85,Random-Fuzzer,ML-Based,12,0.8,4,"['Ping-Pong: 9 UEs oscillating', 'QoS Violation: 5th Percentile Throughput = 1.88 Mbps', 'Unfairness: Jain Index = 0.12', 'CRITICAL FAILURE: Low QoE, High Unfairness, and System Instability Co-occurred']",0.12388301602243988,-5.472144,-10.0,14.33166,1.8810487985610962,5.1081185,0.10345505229714491,True,True,True,True
Stable High Load,86,Random-Fuzzer,ML-Based,9,0.6,3,"['Ping-Pong: 5 UEs oscillating', 'QoS Violation: 5th Percentile Throughput = 1.88 Mbps', 'Unfairness: Jain Index = 0.14']",0.13741832485219269,-1.7091886,-10.0,26.840122,1.8810487985610962,4.6356225,0.2990536851068112,True,True,True,False
Stable High Load,87,Random-Fuzzer,ML-Based,12,0.8,4,"['Ping-Pong: 6 UEs oscillating', 'QoS Violation: 5th Percentile Throughput = 1.88 Mbps', 'Unfairness: Jain Index = 0.07', 'CRITICAL FAILURE: Low QoE, High Unfairness, and System Instability Co-occurred']",0.07423421402178638,-6.994356,-10.0,8.17587,1.8810487985610962,5.1695476,0.07499055118106487,True,True,True,True
Stable High Load,88,Random-Fuzzer,ML-Based,11,0.7333333333333333,4,"['Ping-Pong: 7 UEs oscillating', 'QoS Violation: 5th Percentile Throughput = 1.88 Mbps', 'Unfairness: Jain Index = 0.07', 'CRITICAL FAILURE: Low QoE, High Unfairness, and System Instability Co-occurred']",0.06954833284445192,-6.8930206,-10.0,10.132677,1.8810487985610962,5.5686107,0.2454114043185738,True,True,True,True
Stable High Load,89,Random-Fuzzer,ML-Based,12,0.8,4,"['Ping-Pong: 9 UEs oscillating', 'QoS Violation: 5th Percentile Throughput = 1.88 Mbps', 'Unfairness: Jain Index = 0.07', 'CRITICAL FAILURE: Low QoE, High Unfairness, and System Instability Co-occurred']",0.0670934272938813,-6.202773,-10.0,11.979263,1.8810487985610962,5.26654,0.13997084244475302,True,True,True,True
Stable High Load,90,Random-Fuzzer,ML-Based,12,0.8,2,"['Ping-Pong: 8 UEs oscillating', 'QoS Violation: 5th Percentile Throughput = 1.88 Mbps']",0.8098406905678878,-9.660386,-10.0,2.1240845,1.8810487985610962,6.0988793,0.17969487870584008,True,True,False,False
Stable High Load,91,Random-Fuzzer,ML-Based,14,0.9333333333333333,4,"['Ping-Pong: 9 UEs oscillating', 'QoS Violation: 5th Percentile Throughput = 1.88 Mbps', 'Unfairness: Jain Index = 0.09', 'CRITICAL FAILURE: Low QoE, High Unfairness, and System Instability Co-occurred']",0.08826025154825766,-8.19859,-10.0,5.3025374,1.8810487985610962,5.561305,0.07499055118106487,True,True,True,True
Stable High Load,92,Random-Fuzzer,ML-Based,13,0.8666666666666667,2,"['Ping-Pong: 10 UEs oscillating', 'QoS Violation: 5th Percentile Throughput = 1.88 Mbps']",0.3400846104106002,-8.915021,-10.0,3.0432093,1.8810487985610962,5.7093863,0.22375885951372818,True,True,False,False
Stable High Load,93,Random-Fuzzer,ML-Based,13,0.8666666666666667,4,"['Ping-Pong: 11 UEs oscillating', 'QoS Violation: 5th Percentile Throughput = 1.88 Mbps', 'Unfairness: Jain Index = 0.07', 'CRITICAL FAILURE: Low QoE, High Unfairness, and System Instability Co-occurred']",0.07318854986759774,-2.5810418,-10.0,21.310936,1.8810487985610962,4.3788223,0.09712418121129114,True,True,True,True
Stable High Load,94,Random-Fuzzer,ML-Based,11,0.7333333333333333,4,"['Ping-Pong: 9 UEs oscillating', 'QoS Violation: 5th Percentile Throughput = 1.88 Mbps', 'Unfairness: Jain Index = 0.08', 'CRITICAL FAILURE: Low QoE, High Unfairness, and System Instability Co-occurred']",0.07545596507909198,-8.430886,-10.0,5.879638,1.8810487985610962,5.9550886,0.2700466072144348,True,True,True,True
Stable High Load,95,Random-Fuzzer,ML-Based,14,0.9333333333333333,4,"['Ping-Pong: 11 UEs oscillating', 'QoS Violation: 5th Percentile Throughput = 1.88 Mbps', 'Unfairness: Jain Index = 0.14', 'CRITICAL FAILURE: Low QoE, High Unfairness, and System Instability Co-occurred']",0.14340379020169763,-1.4741879,-10.0,27.247814,1.8810487985610962,4.4746785,0.055532875189002864,True,True,True,True
Stable High Load,96,Random-Fuzzer,ML-Based,12,0.8,4,"['Ping-Pong: 8 UEs oscillating', 'QoS Violation: 5th Percentile Throughput = 1.88 Mbps', 'Unfairness: Jain Index = 0.09', 'CRITICAL FAILURE: Low QoE, High Unfairness, and System Instability Co-occurred']",0.08699984002532794,-7.0320325,-10.0,8.559667,1.8810487985610962,5.355251,0.2265786143499109,True,True,True,True
Stable High Load,97,Random-Fuzzer,ML-Based,11,0.7333333333333333,4,"['Ping-Pong: 9 UEs oscillating', 'QoS Violation: 5th Percentile Throughput = 1.88 Mbps', 'Unfairness: Jain Index = 0.07', 'CRITICAL FAILURE: Low QoE, High Unfairness, and System Instability Co-occurred']",0.07365034035122216,-7.9665985,-10.0,6.528418,1.8810487985610962,5.579773,0.08302664654363189,True,True,True,True
Stable High Load,98,Random-Fuzzer,ML-Based,13,0.8666666666666667,4,"['Ping-Pong: 8 UEs oscillating', 'QoS Violation: 5th Percentile Throughput = 1.88 Mbps', 'Unfairness: Jain Index = 0.13', 'CRITICAL FAILURE: Low QoE, High Unfairness, and System Instability Co-occurred']",0.13487293098337103,-6.3591704,-10.0,12.1652,1.8810487985610962,5.5490956,0.21800996461446853,True,True,True,True
Stable High Load,99,Random-Fuzzer,ML-Based,14,0.9333333333333333,4,"['Ping-Pong: 10 UEs oscillating', 'QoS Violation: 5th Percentile Throughput = 1.88 Mbps', 'Unfairness: Jain Index = 0.12', 'CRITICAL FAILURE: Low QoE, High Unfairness, and System Instability Co-occurred']",0.1242975072532872,-1.0178593,-10.0,26.264538,1.8810487985610962,4.030427,0.08302664654363189,True,True,True,True
Stable High Load,100,Random-Fuzzer,ML-Based,11,0.7333333333333333,2,"['Ping-Pong: 10 UEs oscillating', 'QoS Violation: 5th Percentile Throughput = 1.88 Mbps']",0.7364084036364609,-9.379154,-10.0,2.3238251,1.8810487985610962,5.8566422,0.17248352644071271,True,True,False,False
Stable High Load,101,Random-Fuzzer,ML-Based,10,0.6666666666666666,4,"['Ping-Pong: 9 UEs oscillating', 'QoS Violation: 5th Percentile Throughput = 1.88 Mbps', 'Unfairness: Jain Index = 0.08', 'CRITICAL FAILURE: Low QoE, High Unfairness, and System Instability Co-occurred']",0.08007949426346608,-5.706551,-10.0,12.533081,1.8810487985610962,4.999599,0.16876233473018432,True,True,True,True
Stable High Load,102,Random-Fuzzer,ML-Based,14,0.9333333333333333,4,"['Ping-Pong: 9 UEs oscillating', 'QoS Violation: 5th Percentile Throughput = 1.88 Mbps', 'Unfairness: Jain Index = 0.16', 'CRITICAL FAILURE: Low QoE, High Unfairness, and System Instability Co-occurred']",0.16433198163971377,-0.069756314,-10.0,29.774109,1.8810487985610962,3.7966418,0.10345505229714491,True,True,True,True
Stable High Load,103,Random-Fuzzer,ML-Based,11,0.7333333333333333,4,"['Ping-Pong: 7 UEs oscillating', 'QoS Violation: 5th Percentile Throughput = 1.88 Mbps', 'Unfairness: Jain Index = 0.09', 'CRITICAL FAILURE: Low QoE, High Unfairness, and System Instability Co-occurred']",0.09169539972490223,-8.392176,-10.0,5.0002875,1.8810487985610962,5.7085433,0.17248352644071271,True,True,True,True
Stable High Load,104,Random-Fuzzer,ML-Based,15,1.0,2,"['Ping-Pong: 11 UEs oscillating', 'QoS Violation: 5th Percentile Throughput = 1.88 Mbps']",0.2399710450577966,-7.081602,-10.0,5.883372,1.8810487985610962,4.7980676,0.12046772038736682,True,True,False,False
Stable High Load,105,Random-Fuzzer,ML-Based,13,0.8666666666666667,4,"['Ping-Pong: 9 UEs oscillating', 'QoS Violation: 5th Percentile Throughput = 1.88 Mbps', 'Unfairness: Jain Index = 0.19', 'CRITICAL FAILURE: Low QoE, High Unfairness, and System Instability Co-occurred']",0.19417663847992434,-8.027407,-10.0,5.2903614,1.8810487985610962,5.5872235,0.07499055118106487,True,True,True,True
Stable High Load,106,Random-Fuzzer,ML-Based,14,0.9333333333333333,4,"['Ping-Pong: 12 UEs oscillating', 'QoS Violation: 5th Percentile Throughput = 1.88 Mbps', 'Unfairness: Jain Index = 0.07', 'CRITICAL FAILURE: Low QoE, High Unfairness, and System Instability Co-occurred']",0.07268715118273314,-3.3802156,-10.0,19.169872,1.8810487985610962,4.4303536,0.1256276757930754,True,True,True,True
Stable High Load,107,Random-Fuzzer,ML-Based,11,0.7333333333333333,4,"['Ping-Pong: 10 UEs oscillating', 'QoS Violation: 5th Percentile Throughput = 1.88 Mbps', 'Unfairness: Jain Index = 0.10', 'CRITICAL FAILURE: Low QoE, High Unfairness, and System Instability Co-occurred']",0.10432493032905012,-7.0636234,-10.0,6.98297,1.8810487985610962,5.064551,0.21800996461446853,True,True,True,True
Stable High Load,108,Random-Fuzzer,ML-Based,14,0.9333333333333333,4,"['Ping-Pong: 10 UEs oscillating', 'QoS Violation: 5th Percentile Throughput = 1.88 Mbps', 'Unfairness: Jain Index = 0.07', 'CRITICAL FAILURE: Low QoE, High Unfairness, and System Instability Co-occurred']",0.07201206964175574,-3.5450656,-10.0,18.799826,1.8810487985610962,4.5221734,0.13058389715049606,True,True,True,True
Stable High Load,109,Random-Fuzzer,ML-Based,13,0.8666666666666667,4,"['Ping-Pong: 10 UEs oscillating', 'QoS Violation: 5th Percentile Throughput = 1.88 Mbps', 'Unfairness: Jain Index = 0.12', 'CRITICAL FAILURE: Low QoE, High Unfairness, and System Instability Co-occurred']",0.1228105676421224,-6.8010435,-10.0,8.343592,1.8810487985610962,5.183114,0.17248352644071271,True,True,True,True
Stable High Load,110,Random-Fuzzer,ML-Based,13,0.8666666666666667,4,"['Ping-Pong: 10 UEs oscillating', 'QoS Violation: 5th Percentile Throughput = 1.88 Mbps', 'Unfairness: Jain Index = 0.07', 'CRITICAL FAILURE: Low QoE, High Unfairness, and System Instability Co-occurred']",0.06687091211468602,-7.0910864,-10.0,10.993658,1.8810487985610962,5.729837,0.08302664654363189,True,True,True,True
Stable High Load,111,Random-Fuzzer,ML-Based,15,1.0,4,"['Ping-Pong: 11 UEs oscillating', 'QoS Violation: 5th Percentile Throughput = 1.88 Mbps', 'Unfairness: Jain Index = 0.08', 'CRITICAL FAILURE: Low QoE, High Unfairness, and System Instability Co-occurred']",0.07571983889204935,-5.450087,-10.0,16.26852,1.8810487985610962,5.54431,0.1649572197684645,True,True,True,True
Stable High Load,112,Random-Fuzzer,ML-Based,11,0.7333333333333333,4,"['Ping-Pong: 11 UEs oscillating', 'QoS Violation: 5th Percentile Throughput = 1.88 Mbps', 'Unfairness: Jain Index = 0.14', 'CRITICAL FAILURE: Low QoE, High Unfairness, and System Instability Co-occurred']",0.13666035273093521,-2.1240728,-10.0,25.230835,1.8810487985610962,4.618151,0.12046772038736682,True,True,True,True
Stable High Load,113,Random-Fuzzer,ML-Based,12,0.8,4,"['Ping-Pong: 9 UEs oscillating', 'QoS Violation: 5th Percentile Throughput = 1.88 Mbps', 'Unfairness: Jain Index = 0.09', 'CRITICAL FAILURE: Low QoE, High Unfairness, and System Instability Co-occurred']",0.09128871279921395,-5.853256,-10.0,11.3296385,1.8810487985610962,4.9742994,0.1034550522971449,True,True,True,True
Stable High Load,114,Random-Fuzzer,ML-Based,14,0.9333333333333333,4,"['Ping-Pong: 9 UEs oscillating', 'QoS Violation: 5th Percentile Throughput = 1.88 Mbps', 'Unfairness: Jain Index = 0.12', 'CRITICAL FAILURE: Low QoE, High Unfairness, and System Instability Co-occurred']",0.11591742829518041,-8.909202,-10.0,3.9566233,1.8810487985610962,5.9783564,0.14443572274383906,True,True,True,True
Stable High Load,115,Random-Fuzzer,ML-Based,13,0.8666666666666667,4,"['Ping-Pong: 11 UEs oscillating', 'QoS Violation: 5th Percentile Throughput = 1.88 Mbps', 'Unfairness: Jain Index = 0.18', 'CRITICAL FAILURE: Low QoE, High Unfairness, and System Instability Co-occurred']",0.17623302640106855,-8.937513,-10.0,3.396672,1.8810487985610962,5.816595,0.13535876574811329,True,True,True,True
Stable High Load,116,Random-Fuzzer,ML-Based,11,0.7333333333333333,4,"['Ping-Pong: 9 UEs oscillating', 'QoS Violation: 5th Percentile Throughput = 1.88 Mbps', 'Unfairness: Jain Index = 0.07', 'CRITICAL FAILURE: Low QoE, High Unfairness, and System Instability Co-occurred']",0.06801156423376918,-7.798508,-10.0,8.345185,1.8810487985610962,5.8466578,0.14876666049346007,True,True,True,True
Stable High Load,117,Random-Fuzzer,ML-Based,13,0.8666666666666667,4,"['Ping-Pong: 8 UEs oscillating', 'QoS Violation: 5th Percentile Throughput = 1.88 Mbps', 'Unfairness: Jain Index = 0.13', 'CRITICAL FAILURE: Low QoE, High Unfairness, and System Instability Co-occurred']",0.13223880394599202,-3.6511433,-10.0,18.436123,1.8810487985610962,4.7331367,0.07499055118106487,True,True,True,True
Stable High Load,118,Random-Fuzzer,ML-Based,11,0.7333333333333333,2,"['Ping-Pong: 8 UEs oscillating', 'QoS Violation: 5th Percentile Throughput = 1.88 Mbps']",0.7069652970525453,-9.590251,-10.0,2.209342,1.8810487985610962,6.0716777,0.13535876574811329,True,True,False,False
Stable High Load,119,Random-Fuzzer,ML-Based,11,0.7333333333333333,4,"['Ping-Pong: 7 UEs oscillating', 'QoS Violation: 5th Percentile Throughput = 1.88 Mbps', 'Unfairness: Jain Index = 0.10', 'CRITICAL FAILURE: Low QoE, High Unfairness, and System Instability Co-occurred']",0.09924551925604261,-7.0090766,-10.0,7.666196,1.8810487985610962,5.1356006,0.1256276757930754,True,True,True,True
Stable High Load,120,Random-Fuzzer,ML-Based,14,0.9333333333333333,2,"['Ping-Pong: 6 UEs oscillating', 'QoS Violation: 5th Percentile Throughput = 1.88 Mbps']",0.4003180304201026,-8.822467,-10.0,2.978744,1.8810487985610962,5.536817,0.13058389715049606,True,True,False,False
Stable High Load,121,Random-Fuzzer,ML-Based,13,0.8666666666666667,2,"['Ping-Pong: 9 UEs oscillating', 'QoS Violation: 5th Percentile Throughput = 1.88 Mbps']",0.6992541665725894,-8.756351,-10.0,2.7561674,1.8810487985610962,5.301265,0.16876233473018432,True,True,False,False
Stable High Load,122,Random-Fuzzer,ML-Based,13,0.8666666666666667,4,"['Ping-Pong: 11 UEs oscillating', 'QoS Violation: 5th Percentile Throughput = 1.88 Mbps', 'Unfairness: Jain Index = 0.17', 'CRITICAL FAILURE: Low QoE, High Unfairness, and System Instability Co-occurred']",0.1676790195535802,-7.571724,-10.0,6.5973773,1.8810487985610962,5.442752,0.1150766283199483,True,True,True,True
Stable High Load,123,Random-Fuzzer,ML-Based,14,0.9333333333333333,4,"['Ping-Pong: 11 UEs oscillating', 'QoS Violation: 5th Percentile Throughput = 1.88 Mbps', 'Unfairness: Jain Index = 0.09', 'CRITICAL FAILURE: Low QoE, High Unfairness, and System Instability Co-occurred']",0.0851525059883693,-6.674472,-10.0,8.354946,1.8810487985610962,5.029381,0.10942024088643863,True,True,True,True
Stable High Load,124,Random-Fuzzer,ML-Based,15,1.0,2,"['Ping-Pong: 12 UEs oscillating', 'QoS Violation: 5th Percentile Throughput = 1.88 Mbps']",0.2554526809951866,-8.187951,-10.0,3.923171,1.8810487985610962,5.2281146,0.12046772038736683,True,True,False,False
Stable High Load,125,Random-Fuzzer,ML-Based,13,0.8666666666666667,4,"['Ping-Pong: 12 UEs oscillating', 'QoS Violation: 5th Percentile Throughput = 1.88 Mbps', 'Unfairness: Jain Index = 0.07', 'CRITICAL FAILURE: Low QoE, High Unfairness, and System Instability Co-occurred']",0.07266985575130804,-4.9730096,-10.0,16.352825,1.8810487985610962,5.188621,0.08302664654363189,True,True,True,True
Stable High Load,126,Random-Fuzzer,ML-Based,13,0.8666666666666667,2,"['Ping-Pong: 11 UEs oscillating', 'QoS Violation: 5th Percentile Throughput = 1.88 Mbps']",0.781811159589578,-9.49281,-10.0,2.2214656,1.8810487985610962,5.914582,0.10942024088643863,True,True,False,False
Stable High Load,127,Random-Fuzzer,ML-Based,13,0.8666666666666667,4,"['Ping-Pong: 10 UEs oscillating', 'QoS Violation: 5th Percentile Throughput = 1.88 Mbps', 'Unfairness: Jain Index = 0.07', 'CRITICAL FAILURE: Low QoE, High Unfairness, and System Instability Co-occurred']",0.06702827291621939,-6.3977313,-10.0,11.931932,1.8810487985610962,5.388207,0.10345505229714491,True,True,True,True
Stable High Load,128,Random-Fuzzer,ML-Based,12,0.8,4,"['Ping-Pong: 8 UEs oscillating', 'QoS Violation: 5th Percentile Throughput = 1.88 Mbps', 'Unfairness: Jain Index = 0.19', 'CRITICAL FAILURE: Low QoE, High Unfairness, and System Instability Co-occurred']",0.1869887896265824,-7.2789707,-10.0,4.882388,1.8810487985610962,4.494308,0.11507662831994829,True,True,True,True
Stable High Load,129,Random-Fuzzer,ML-Based,13,0.8666666666666667,2,"['Ping-Pong: 8 UEs oscillating', 'QoS Violation: 5th Percentile Throughput = 1.88 Mbps']",0.2984694840439298,-8.679022,-10.0,3.423735,1.8810487985610962,5.616461,0.12046772038736682,True,True,False,False
Stable High Load,130,Random-Fuzzer,ML-Based,13,0.8666666666666667,4,"['Ping-Pong: 9 UEs oscillating', 'QoS Violation: 5th Percentile Throughput = 1.88 Mbps', 'Unfairness: Jain Index = 0.07', 'CRITICAL FAILURE: Low QoE, High Unfairness, and System Instability Co-occurred']",0.06837170865217984,-3.833199,-10.0,16.579245,1.8810487985610962,4.4283347,0.1034550522971449,True,True,True,True
Stable High Load,131,Random-Fuzzer,ML-Based,14,0.9333333333333333,4,"['Ping-Pong: 12 UEs oscillating', 'QoS Violation: 5th Percentile Throughput = 1.88 Mbps', 'Unfairness: Jain Index = 0.07', 'CRITICAL FAILURE: Low QoE, High Unfairness, and System Instability Co-occurred']",0.0673763939947449,-5.027677,-10.0,13.852636,1.8810487985610962,4.725898,0.08302664654363189,True,True,True,True
Stable High Load,132,Random-Fuzzer,ML-Based,14,0.9333333333333333,4,"['Ping-Pong: 13 UEs oscillating', 'QoS Violation: 5th Percentile Throughput = 1.88 Mbps', 'Unfairness: Jain Index = 0.13', 'CRITICAL FAILURE: Low QoE, High Unfairness, and System Instability Co-occurred']",0.13401851150356783,-3.4521325,-10.0,21.85041,1.8810487985610962,4.971666,0.13997084244475305,True,True,True,True
Stable High Load,133,Random-Fuzzer,ML-Based,13,0.8666666666666667,2,"['Ping-Pong: 13 UEs oscillating', 'QoS Violation: 5th Percentile Throughput = 1.88 Mbps']",0.3411853338342113,-7.6059537,-10.0,4.744535,1.8810487985610962,4.9894457,0.1529750324210382,True,True,False,False
Stable High Load,134,Random-Fuzzer,ML-Based,12,0.8,4,"['Ping-Pong: 11 UEs oscillating', 'QoS Violation: 5th Percentile Throughput = 1.88 Mbps', 'Unfairness: Jain Index = 0.13', 'CRITICAL FAILURE: Low QoE, High Unfairness, and System Instability Co-occurred']",0.13450170213862528,-1.3036135,-10.0,24.864079,1.8810487985610962,4.0022054,0.10942024088643863,True,True,True,True
Stable High Load,135,Random-Fuzzer,ML-Based,12,0.8,4,"['Ping-Pong: 10 UEs oscillating', 'QoS Violation: 5th Percentile Throughput = 1.88 Mbps', 'Unfairness: Jain Index = 0.07', 'CRITICAL FAILURE: Low QoE, High Unfairness, and System Instability Co-occurred']",0.06691225333090235,-6.6797705,-10.0,11.320712,1.8810487985610962,5.419707,0.10942024088643863,True,True,True,True
Stable High Load,136,Random-Fuzzer,ML-Based,15,1.0,4,"['Ping-Pong: 11 UEs oscillating', 'QoS Violation: 5th Percentile Throughput = 1.88 Mbps', 'Unfairness: Jain Index = 0.07', 'CRITICAL FAILURE: Low QoE, High Unfairness, and System Instability Co-occurred']",0.06878237433466491,-3.3161674,-10.0,17.515093,1.8810487985610962,4.1426115,0.09712418121129114,True,True,True,True
Stable High Load,137,Random-Fuzzer,ML-Based,12,0.8,2,"['Ping-Pong: 10 UEs oscillating', 'QoS Violation: 5th Percentile Throughput = 1.88 Mbps']",0.9738996406722913,-9.848708,-10.0,1.9606814,1.8810487985610962,6.214242,0.22090311437606097,True,True,False,False
Stable High Load,138,Random-Fuzzer,ML-Based,15,1.0,4,"['Ping-Pong: 12 UEs oscillating', 'QoS Violation: 5th Percentile Throughput = 1.88 Mbps', 'Unfairness: Jain Index = 0.09', 'CRITICAL FAILURE: Low QoE, High Unfairness, and System Instability Co-occurred']",0.08565344807321151,-2.775102,-10.0,22.463293,1.8810487985610962,4.631272,0.0659828879073858,True,True,True,True
Stable High Load,139,Random-Fuzzer,ML-Based,13,0.8666666666666667,4,"['Ping-Pong: 10 UEs oscillating', 'QoS Violation: 5th Percentile Throughput = 1.88 Mbps', 'Unfairness: Jain Index = 0.08', 'CRITICAL FAILURE: Low QoE, High Unfairness, and System Instability Co-occurred']",0.08346983288379105,-5.265095,-10.0,17.100004,1.8810487985610962,5.5430574,0.07499055118106487,True,True,True,True
Stable High Load,140,Random-Fuzzer,ML-Based,14,0.9333333333333333,4,"['Ping-Pong: 12 UEs oscillating', 'QoS Violation: 5th Percentile Throughput = 1.88 Mbps', 'Unfairness: Jain Index = 0.07', 'CRITICAL FAILURE: Low QoE, High Unfairness, and System Instability Co-occurred']",0.06705042444258316,-6.402666,-10.0,12.006782,1.8810487985610962,5.4192142,0.13058389715049606,True,True,True,True
Stable High Load,141,Random-Fuzzer,ML-Based,12,0.8,2,"['Ping-Pong: 10 UEs oscillating', 'QoS Violation: 5th Percentile Throughput = 1.88 Mbps']",0.45686039206698387,-9.023127,-10.0,2.7170537,1.8810487985610962,5.5989084,0.10942024088643863,True,True,False,False
Stable High Load,142,Random-Fuzzer,ML-Based,14,0.9333333333333333,4,"['Ping-Pong: 11 UEs oscillating', 'QoS Violation: 5th Percentile Throughput = 1.88 Mbps', 'Unfairness: Jain Index = 0.07', 'CRITICAL FAILURE: Low QoE, High Unfairness, and System Instability Co-occurred']",0.07291262045414508,-6.5694675,-10.0,11.333417,1.8810487985610962,5.555557,0.19977311393717173,True,True,True,True
Stable High Load,143,Random-Fuzzer,ML-Based,11,0.7333333333333333,2,"['Ping-Pong: 9 UEs oscillating', 'QoS Violation: 5th Percentile Throughput = 1.88 Mbps']",0.8601235366284011,-9.334723,-10.0,2.278796,1.8810487985610962,5.725697,0.1965692137195266,True,True,False,False
Stable High Load,144,Random-Fuzzer,ML-Based,12,0.8,4,"['Ping-Pong: 9 UEs oscillating', 'QoS Violation: 5th Percentile Throughput = 1.88 Mbps', 'Unfairness: Jain Index = 0.09', 'CRITICAL FAILURE: Low QoE, High Unfairness, and System Instability Co-occurred']",0.09186577241165732,-4.9909954,-10.0,12.874882,1.8810487985610962,4.533896,0.08302664654363189,True,True,True,True
Stable High Load,145,Random-Fuzzer,ML-Based,15,1.0,4,"['Ping-Pong: 9 UEs oscillating', 'QoS Violation: 5th Percentile Throughput = 1.88 Mbps', 'Unfairness: Jain Index = 0.07', 'CRITICAL FAILURE: Low QoE, High Unfairness, and System Instability Co-occurred']",0.06973904827482025,-4.620822,-10.0,17.095549,1.8810487985610962,5.142244,0.11507662831994829,True,True,True,True
Stable High Load,146,Random-Fuzzer,ML-Based,11,0.7333333333333333,4,"['Ping-Pong: 9 UEs oscillating', 'QoS Violation: 5th Percentile Throughput = 1.88 Mbps', 'Unfairness: Jain Index = 0.07', 'CRITICAL FAILURE: Low QoE, High Unfairness, and System Instability Co-occurred']",0.07458895117891792,-4.990863,-10.0,16.40432,1.8810487985610962,5.0837803,0.10942024088643863,True,True,True,True
Stable High Load,147,Random-Fuzzer,ML-Based,14,0.9333333333333333,4,"['Ping-Pong: 10 UEs oscillating', 'QoS Violation: 5th Percentile Throughput = 1.88 Mbps', 'Unfairness: Jain Index = 0.07', 'CRITICAL FAILURE: Low QoE, High Unfairness, and System Instability Co-occurred']",0.06736898444748327,-5.230922,-10.0,13.502944,1.8810487985610962,4.7251196,0.12046772038736682,True,True,True,True
Stable High Load,148,Random-Fuzzer,ML-Based,14,0.9333333333333333,4,"['Ping-Pong: 10 UEs oscillating', 'QoS Violation: 5th Percentile Throughput = 1.88 Mbps', 'Unfairness: Jain Index = 0.07', 'CRITICAL FAILURE: Low QoE, High Unfairness, and System Instability Co-occurred']",0.06884527297838557,-4.230193,-10.0,16.275408,1.8810487985610962,4.535205,0.08302664654363187,True,True,True,True
Stable High Load,149,Random-Fuzzer,ML-Based,11,0.7333333333333333,4,"['Ping-Pong: 10 UEs oscillating', 'QoS Violation: 5th Percentile Throughput = 1.88 Mbps', 'Unfairness: Jain Index = 0.07', 'CRITICAL FAILURE: Low QoE, High Unfairness, and System Instability Co-occurred']",0.06686303083546741,-7.176588,-10.0,10.928991,1.8810487985610962,5.7903204,0.13997084244475305,True,True,True,True
Stable High Load,150,Random-Fuzzer,ML-Based,13,0.8666666666666667,2,"['Ping-Pong: 8 UEs oscillating', 'QoS Violation: 5th Percentile Throughput = 1.88 Mbps']",0.9606261601275021,-9.820628,-10.0,1.9798759,1.8810487985610962,6.191975,0.10942024088643863,True,True,False,False
Stable High Load,151,Random-Fuzzer,ML-Based,14,0.9333333333333333,4,"['Ping-Pong: 8 UEs oscillating', 'QoS Violation: 5th Percentile Throughput = 1.88 Mbps', 'Unfairness: Jain Index = 0.07', 'CRITICAL FAILURE: Low QoE, High Unfairness, and System Instability Co-occurred']",0.06999050231838704,-4.8222528,-10.0,15.850406,1.8810487985610962,4.9343553,0.17248352644071271,True,True,True,True
Stable High Load,152,Random-Fuzzer,ML-Based,11,0.7333333333333333,4,"['Ping-Pong: 9 UEs oscillating', 'QoS Violation: 5th Percentile Throughput = 1.88 Mbps', 'Unfairness: Jain Index = 0.14', 'CRITICAL FAILURE: Low QoE, High Unfairness, and System Instability Co-occurred']",0.1408587348718884,-6.4798045,-10.0,10.186078,1.8810487985610962,5.2506084,0.12046772038736682,True,True,True,True
Stable High Load,153,Random-Fuzzer,ML-Based,14,0.9333333333333333,4,"['Ping-Pong: 9 UEs oscillating', 'QoS Violation: 5th Percentile Throughput = 1.88 Mbps', 'Unfairness: Jain Index = 0.08', 'CRITICAL FAILURE: Low QoE, High Unfairness, and System Instability Co-occurred']",0.08008012650508123,-4.4916506,-10.0,17.543537,1.8810487985610962,4.944521,0.09712418121129114,True,True,True,True
Stable High Load,154,Random-Fuzzer,ML-Based,13,0.8666666666666667,4,"['Ping-Pong: 9 UEs oscillating', 'QoS Violation: 5th Percentile Throughput = 1.88 Mbps', 'Unfairness: Jain Index = 0.07', 'CRITICAL FAILURE: Low QoE, High Unfairness, and System Instability Co-occurred']",0.06713477733770867,-7.186578,-10.0,10.099096,1.8810487985610962,5.643611,0.13058389715049606,True,True,True,True
Stable High Load,155,Random-Fuzzer,ML-Based,12,0.8,4,"['Ping-Pong: 10 UEs oscillating', 'QoS Violation: 5th Percentile Throughput = 1.88 Mbps', 'Unfairness: Jain Index = 0.07', 'CRITICAL FAILURE: Low QoE, High Unfairness, and System Instability Co-occurred']",0.06891709075106764,-5.7399087,-10.0,14.477061,1.8810487985610962,5.399539,0.08302664654363189,True,True,True,True
Stable High Load,156,Random-Fuzzer,ML-Based,14,0.9333333333333333,4,"['Ping-Pong: 10 UEs oscillating', 'QoS Violation: 5th Percentile Throughput = 1.88 Mbps', 'Unfairness: Jain Index = 0.07', 'CRITICAL FAILURE: Low QoE, High Unfairness, and System Instability Co-occurred']",0.06755303054940666,-7.4915385,-10.0,9.10255,1.8810487985610962,5.719283,0.1649572197684645,True,True,True,True
Stable High Load,157,Random-Fuzzer,ML-Based,14,0.9333333333333333,4,"['Ping-Pong: 10 UEs oscillating', 'QoS Violation: 5th Percentile Throughput = 1.88 Mbps', 'Unfairness: Jain Index = 0.07', 'CRITICAL FAILURE: Low QoE, High Unfairness, and System Instability Co-occurred']",0.06974353903517896,-4.6533294,-10.0,15.712728,1.8810487985610962,4.835689,0.08302664654363189,True,True,True,True
Stable High Load,158,Random-Fuzzer,ML-Based,13,0.8666666666666667,4,"['Ping-Pong: 11 UEs oscillating', 'QoS Violation: 5th Percentile Throughput = 1.88 Mbps', 'Unfairness: Jain Index = 0.07', 'CRITICAL FAILURE: Low QoE, High Unfairness, and System Instability Co-occurred']",0.06789416938970799,-4.462425,-10.0,15.043762,1.8810487985610962,4.519166,0.12046772038736682,True,True,True,True
Stable High Load,159,Random-Fuzzer,ML-Based,13,0.8666666666666667,4,"['Ping-Pong: 10 UEs oscillating', 'QoS Violation: 5th Percentile Throughput = 1.88 Mbps', 'Unfairness: Jain Index = 0.07', 'CRITICAL FAILURE: Low QoE, High Unfairness, and System Instability Co-occurred']",0.06922283601498333,-4.131972,-10.0,16.657606,1.8810487985610962,4.607074,0.09035079029052513,True,True,True,True
Stable High Load,160,Random-Fuzzer,ML-Based,13,0.8666666666666667,4,"['Ping-Pong: 10 UEs oscillating', 'QoS Violation: 5th Percentile Throughput = 1.88 Mbps', 'Unfairness: Jain Index = 0.07', 'CRITICAL FAILURE: Low QoE, High Unfairness, and System Instability Co-occurred']",0.06688595038116558,-6.94115,-10.0,11.112784,1.8810487985610962,5.61255,0.20909046095333475,True,True,True,True
Stable High Load,161,Random-Fuzzer,ML-Based,13,0.8666666666666667,2,"['Ping-Pong: 9 UEs oscillating', 'QoS Violation: 5th Percentile Throughput = 1.88 Mbps']",0.37174392967513936,-8.74045,-10.0,3.2913985,1.8810487985610962,5.656756,0.07499055118106486,True,True,False,False
Stable High Load,162,Random-Fuzzer,ML-Based,10,0.6666666666666666,4,"['Ping-Pong: 7 UEs oscillating', 'QoS Violation: 5th Percentile Throughput = 1.88 Mbps', 'Unfairness: Jain Index = 0.13', 'CRITICAL FAILURE: Low QoE, High Unfairness, and System Instability Co-occurred']",0.13347036225577452,-6.620911,-10.0,7.5159883,1.8810487985610962,4.8809876,0.18999940326914289,True,True,True,True
Stable High Load,163,Random-Fuzzer,ML-Based,15,1.0,2,"['Ping-Pong: 9 UEs oscillating', 'QoS Violation: 5th Percentile Throughput = 1.88 Mbps']",0.2536779079396006,-7.2353654,-10.0,5.475251,1.8810487985610962,4.9199996,0.10345505229714491,True,True,False,False
Stable High Load,164,Random-Fuzzer,ML-Based,14,0.9333333333333333,2,"['Ping-Pong: 9 UEs oscillating', 'QoS Violation: 5th Percentile Throughput = 1.88 Mbps']",0.4307434290143411,-9.065342,-10.0,2.7766683,1.8810487985610962,5.749194,0.12046772038736682,True,True,False,False
Stable High Load,165,Random-Fuzzer,ML-Based,12,0.8,4,"['Ping-Pong: 12 UEs oscillating', 'QoS Violation: 5th Percentile Throughput = 1.88 Mbps', 'Unfairness: Jain Index = 0.12', 'CRITICAL FAILURE: Low QoE, High Unfairness, and System Instability Co-occurred']",0.11571569319376393,-4.345341,-10.0,19.287066,1.8810487985610962,5.192633,0.0659828879073858,True,True,True,True
Stable High Load,166,Random-Fuzzer,ML-Based,10,0.6666666666666666,4,"['Ping-Pong: 9 UEs oscillating', 'QoS Violation: 5th Percentile Throughput = 1.88 Mbps', 'Unfairness: Jain Index = 0.07', 'CRITICAL FAILURE: Low QoE, High Unfairness, and System Instability Co-occurred']",0.07137762075484097,-3.9448166,-10.0,17.394361,1.8810487985610962,4.564989,0.10345505229714491,True,True,True,True
Stable High Load,167,Random-Fuzzer,ML-Based,11,0.7333333333333333,4,"['Ping-Pong: 6 UEs oscillating', 'QoS Violation: 5th Percentile Throughput = 1.88 Mbps', 'Unfairness: Jain Index = 0.08', 'CRITICAL FAILURE: Low QoE, High Unfairness, and System Instability Co-occurred']",0.08357870271140806,-8.320519,-10.0,5.3534245,1.8810487985610962,5.675704,0.1256276757930754,True,True,True,True
Stable High Load,168,Random-Fuzzer,ML-Based,15,1.0,4,"['Ping-Pong: 7 UEs oscillating', 'QoS Violation: 5th Percentile Throughput = 1.88 Mbps', 'Unfairness: Jain Index = 0.07', 'CRITICAL FAILURE: Low QoE, High Unfairness, and System Instability Co-occurred']",0.0670925865637676,-5.485455,-10.0,12.53366,1.8810487985610962,4.695562,0.07499055118106487,True,True,True,True
Stable High Load,169,Random-Fuzzer,ML-Based,12,0.8,4,"['Ping-Pong: 9 UEs oscillating', 'QoS Violation: 5th Percentile Throughput = 1.88 Mbps', 'Unfairness: Jain Index = 0.07', 'CRITICAL FAILURE: Low QoE, High Unfairness, and System Instability Co-occurred']",0.0721784840035765,-8.253366,-10.0,6.492378,1.8810487985610962,5.9001355,0.10345505229714491,True,True,True,True
Stable High Load,170,Random-Fuzzer,ML-Based,11,0.7333333333333333,2,"['Ping-Pong: 9 UEs oscillating', 'QoS Violation: 5th Percentile Throughput = 1.88 Mbps']",0.37729590395000273,-9.362966,-10.0,2.5924232,1.8810487985610962,6.0103197,0.12046772038736682,True,True,False,False
Stable High Load,171,Random-Fuzzer,ML-Based,14,0.9333333333333333,4,"['Ping-Pong: 9 UEs oscillating', 'QoS Violation: 5th Percentile Throughput = 1.88 Mbps', 'Unfairness: Jain Index = 0.07', 'CRITICAL FAILURE: Low QoE, High Unfairness, and System Instability Co-occurred']",0.06795022246703436,-5.615409,-10.0,13.988597,1.8810487985610962,5.2321005,0.06598288790738581,True,True,True,True
Stable High Load,172,Random-Fuzzer,ML-Based,12,0.8,2,"['Ping-Pong: 8 UEs oscillating', 'QoS Violation: 5th Percentile Throughput = 1.88 Mbps']",0.23472826665659216,-7.3476686,-10.0,5.3191586,1.8810487985610962,4.8566766,0.18319413392067949,True,True,False,False
Stable High Load,173,Random-Fuzzer,ML-Based,12,0.8,4,"['Ping-Pong: 9 UEs oscillating', 'QoS Violation: 5th Percentile Throughput = 1.88 Mbps', 'Unfairness: Jain Index = 0.07', 'CRITICAL FAILURE: Low QoE, High Unfairness, and System Instability Co-occurred']",0.06689069854708565,-6.947622,-10.0,11.143117,1.8810487985610962,5.660851,0.09712418121129114,True,True,True,True
Stable High Load,174,Random-Fuzzer,ML-Based,12,0.8,2,"['Ping-Pong: 8 UEs oscillating', 'QoS Violation: 5th Percentile Throughput = 1.88 Mbps']",0.20795738695926033,-8.375874,-10.0,4.0175667,1.8810487985610962,5.4856296,0.09712418121129114,True,True,False,False
Stable High Load,175,Random-Fuzzer,ML-Based,13,0.8666666666666667,4,"['Ping-Pong: 8 UEs oscillating', 'QoS Violation: 5th Percentile Throughput = 1.88 Mbps', 'Unfairness: Jain Index = 0.13', 'CRITICAL FAILURE: Low QoE, High Unfairness, and System Instability Co-occurred']",0.1336872592509379,-3.7733333,-10.0,20.901426,1.8810487985610962,5.014996,0.17248352644071271,True,True,True,True
Stable High Load,176,Random-Fuzzer,ML-Based,15,1.0,4,"['Ping-Pong: 10 UEs oscillating', 'QoS Violation: 5th Percentile Throughput = 1.88 Mbps', 'Unfairness: Jain Index = 0.07', 'CRITICAL FAILURE: Low QoE, High Unfairness, and System Instability Co-occurred']",0.07085986895618411,-4.4753795,-10.0,16.768534,1.8810487985610962,4.875725,0.10942024088643863,True,True,True,True
Stable High Load,177,Random-Fuzzer,ML-Based,12,0.8,2,"['Ping-Pong: 11 UEs oscillating', 'QoS Violation: 5th Percentile Throughput = 1.88 Mbps']",1.000000119209291,-10.0,-10.0,1.8810486,1.8810487985610962,6.3794193,0.12046772038736682,True,True,False,False
Stable High Load,178,Random-Fuzzer,ML-Based,15,1.0,4,"['Ping-Pong: 12 UEs oscillating', 'QoS Violation: 5th Percentile Throughput = 1.88 Mbps', 'Unfairness: Jain Index = 0.14', 'CRITICAL FAILURE: Low QoE, High Unfairness, and System Instability Co-occurred']",0.13755361628999313,-6.1681457,-10.0,10.370574,1.8810487985610962,5.1618123,0.10942024088643863,True,True,True,True
Stable High Load,179,Random-Fuzzer,ML-Based,14,0.9333333333333333,4,"['Ping-Pong: 12 UEs oscillating', 'QoS Violation: 5th Percentile Throughput = 1.88 Mbps', 'Unfairness: Jain Index = 0.07', 'CRITICAL FAILURE: Low QoE, High Unfairness, and System Instability Co-occurred']",0.0684337363776307,-4.895994,-10.0,15.740149,1.8810487985610962,5.065834,0.10942024088643863,True,True,True,True
Stable High Load,180,Random-Fuzzer,ML-Based,12,0.8,2,"['Ping-Pong: 11 UEs oscillating', 'QoS Violation: 5th Percentile Throughput = 1.88 Mbps']",0.23989574035203676,-8.500014,-10.0,3.5845306,1.8810487985610962,5.4019556,0.16106223357416918,True,True,False,False
Stable High Load,181,Random-Fuzzer,ML-Based,12,0.8,4,"['Ping-Pong: 10 UEs oscillating', 'QoS Violation: 5th Percentile Throughput = 1.88 Mbps', 'Unfairness: Jain Index = 0.08', 'CRITICAL FAILURE: Low QoE, High Unfairness, and System Instability Co-occurred']",0.08428597875991697,-7.4224854,-10.0,7.3623037,1.8810487985610962,5.4212627,0.12046772038736682,True,True,True,True
Stable High Load,182,Random-Fuzzer,ML-Based,14,0.9333333333333333,4,"['Ping-Pong: 10 UEs oscillating', 'QoS Violation: 5th Percentile Throughput = 1.88 Mbps', 'Unfairness: Jain Index = 0.07', 'CRITICAL FAILURE: Low QoE, High Unfairness, and System Instability Co-occurred']",0.06794961805121558,-4.3872313,-10.0,15.331867,1.8810487985610962,4.5286756,0.13058389715049606,True,True,True,True
Stable High Load,183,Random-Fuzzer,ML-Based,9,0.6,4,"['Ping-Pong: 6 UEs oscillating', 'QoS Violation: 5th Percentile Throughput = 1.88 Mbps', 'Unfairness: Jain Index = 0.07', 'CRITICAL FAILURE: Low QoE, High Unfairness, and System Instability Co-occurred']",0.06828857872197774,-5.3914285,-10.0,14.544795,1.8810487985610962,5.19472,0.07499055118106487,True,True,True,True
Stable High Load,184,Random-Fuzzer,ML-Based,12,0.8,2,"['Ping-Pong: 6 UEs oscillating', 'QoS Violation: 5th Percentile Throughput = 1.88 Mbps']",0.2856484419533811,-8.513156,-10.0,3.6729982,1.8810487985610962,5.528414,0.10942024088643863,True,True,False,False
Stable High Load,185,Random-Fuzzer,ML-Based,9,0.6,2,"['Ping-Pong: 4 UEs oscillating', 'QoS Violation: 5th Percentile Throughput = 1.88 Mbps']",0.9917487807508574,-9.907839,-10.0,1.9251335,1.8810487985610962,6.2687974,0.09035079029052513,True,True,False,False
Stable High Load,186,Random-Fuzzer,ML-Based,14,0.9333333333333333,2,"['Ping-Pong: 6 UEs oscillating', 'QoS Violation: 5th Percentile Throughput = 1.88 Mbps']",0.9983945336864004,-9.956405,-10.0,1.9003437,1.8810487985610962,6.322708,0.05553287518900287,True,True,False,False
Stable High Load,187,Random-Fuzzer,ML-Based,12,0.8,4,"['Ping-Pong: 7 UEs oscillating', 'QoS Violation: 5th Percentile Throughput = 1.88 Mbps', 'Unfairness: Jain Index = 0.08', 'CRITICAL FAILURE: Low QoE, High Unfairness, and System Instability Co-occurred']",0.08022550800583207,-3.9628053,-10.0,19.964758,1.8810487985610962,5.1337843,0.12046772038736683,True,True,True,True
Stable High Load,188,Random-Fuzzer,ML-Based,15,1.0,4,"['Ping-Pong: 11 UEs oscillating', 'QoS Violation: 5th Percentile Throughput = 1.88 Mbps', 'Unfairness: Jain Index = 0.13', 'CRITICAL FAILURE: Low QoE, High Unfairness, and System Instability Co-occurred']",0.1337118630937787,-2.89939,-10.0,21.337366,1.8810487985610962,4.217365,0.11507662831994829,True,True,True,True
Stable High Load,189,Random-Fuzzer,ML-Based,14,0.9333333333333333,2,"['Ping-Pong: 11 UEs oscillating', 'QoS Violation: 5th Percentile Throughput = 1.88 Mbps']",0.3170969464450224,-7.867908,-10.0,4.280411,1.8810487985610962,5.057043,0.13997084244475305,True,True,False,False
Stable High Load,190,Random-Fuzzer,ML-Based,14,0.9333333333333333,4,"['Ping-Pong: 14 UEs oscillating', 'QoS Violation: 5th Percentile Throughput = 1.88 Mbps', 'Unfairness: Jain Index = 0.10', 'CRITICAL FAILURE: Low QoE, High Unfairness, and System Instability Co-occurred']",0.09758331559206371,-7.0190415,-10.0,6.153745,1.8810487985610962,4.5462523,0.055532875189002864,True,True,True,True
Stable High Load,191,Random-Fuzzer,ML-Based,15,1.0,4,"['Ping-Pong: 14 UEs oscillating', 'QoS Violation: 5th Percentile Throughput = 1.88 Mbps', 'Unfairness: Jain Index = 0.08', 'CRITICAL FAILURE: Low QoE, High Unfairness, and System Instability Co-occurred']",0.07522257490544662,-2.7732878,-10.0,20.561237,1.8810487985610962,4.2379713,0.08302664654363189,True,True,True,True
Stable High Load,192,Random-Fuzzer,ML-Based,14,0.9333333333333333,4,"['Ping-Pong: 13 UEs oscillating', 'QoS Violation: 5th Percentile Throughput = 1.88 Mbps', 'Unfairness: Jain Index = 0.07', 'CRITICAL FAILURE: Low QoE, High Unfairness, and System Instability Co-occurred']",0.07440560541292394,-2.953567,-10.0,19.357466,1.8810487985610962,4.1777506,0.0659828879073858,True,True,True,True
Stable High Load,193,Random-Fuzzer,ML-Based,13,0.8666666666666667,4,"['Ping-Pong: 12 UEs oscillating', 'QoS Violation: 5th Percentile Throughput = 1.88 Mbps', 'Unfairness: Jain Index = 0.07', 'CRITICAL FAILURE: Low QoE, High Unfairness, and System Instability Co-occurred']",0.06908092699619485,-4.794484,-10.0,15.776986,1.8810487985610962,4.918261,0.09712418121129114,True,True,True,True
Stable High Load,194,Random-Fuzzer,ML-Based,13,0.8666666666666667,4,"['Ping-Pong: 11 UEs oscillating', 'QoS Violation: 5th Percentile Throughput = 1.88 Mbps', 'Unfairness: Jain Index = 0.09', 'CRITICAL FAILURE: Low QoE, High Unfairness, and System Instability Co-occurred']",0.0870514730372055,-8.673905,-10.0,4.8807764,1.8810487985610962,5.971191,0.19331222028747086,True,True,True,True
Stable High Load,195,Random-Fuzzer,ML-Based,13,0.8666666666666667,4,"['Ping-Pong: 9 UEs oscillating', 'QoS Violation: 5th Percentile Throughput = 1.88 Mbps', 'Unfairness: Jain Index = 0.07', 'CRITICAL FAILURE: Low QoE, High Unfairness, and System Instability Co-occurred']",0.07025299380996937,-5.7280536,-10.0,15.036235,1.8810487985610962,5.547055,0.12046772038736682,True,True,True,True
Stable High Load,196,Random-Fuzzer,ML-Based,14,0.9333333333333333,4,"['Ping-Pong: 11 UEs oscillating', 'QoS Violation: 5th Percentile Throughput = 1.88 Mbps', 'Unfairness: Jain Index = 0.07', 'CRITICAL FAILURE: Low QoE, High Unfairness, and System Instability Co-occurred']",0.07161685685945439,-4.68006,-10.0,16.99646,1.8810487985610962,5.138634,0.09712418121129114,True,True,True,True
Stable High Load,197,Random-Fuzzer,ML-Based,14,0.9333333333333333,2,"['Ping-Pong: 11 UEs oscillating', 'QoS Violation: 5th Percentile Throughput = 1.88 Mbps']",0.38024001281655495,-8.417088,-10.0,3.4380329,1.8810487985610962,5.295014,0.11507662831994829,True,True,False,False
Stable High Load,198,Random-Fuzzer,ML-Based,15,1.0,2,"['Ping-Pong: 13 UEs oscillating', 'QoS Violation: 5th Percentile Throughput = 1.88 Mbps']",0.9836705202126667,-9.799661,-10.0,1.9768668,1.8810487985610962,6.1375966,0.0659828879073858,True,True,False,False
Stable High Load,199,Random-Fuzzer,ML-Based,14,0.9333333333333333,4,"['Ping-Pong: 13 UEs oscillating', 'QoS Violation: 5th Percentile Throughput = 1.88 Mbps', 'Unfairness: Jain Index = 0.15', 'CRITICAL FAILURE: Low QoE, High Unfairness, and System Instability Co-occurred']",0.15424907518250594,-6.1817536,-10.0,8.873397,1.8810487985610962,4.775164,0.0659828879073858,True,True,True,True
Stable High Load,200,Random-Fuzzer,ML-Based,14,0.9333333333333333,4,"['Ping-Pong: 13 UEs oscillating', 'QoS Violation: 5th Percentile Throughput = 1.88 Mbps', 'Unfairness: Jain Index = 0.17', 'CRITICAL FAILURE: Low QoE, High Unfairness, and System Instability Co-occurred']",0.1651443677256706,-3.7201357,-10.0,14.160112,1.8810487985610962,4.0267506,0.042591770999996004,True,True,True,True
Stable High Load,201,Random-Fuzzer,ML-Based,13,0.8666666666666667,4,"['Ping-Pong: 12 UEs oscillating', 'QoS Violation: 5th Percentile Throughput = 1.88 Mbps', 'Unfairness: Jain Index = 0.07', 'CRITICAL FAILURE: Low QoE, High Unfairness, and System Instability Co-occurred']",0.072971800644671,-6.6216207,-10.0,8.482618,1.8810487985610962,4.8343463,0.12046772038736682,True,True,True,True
Stable High Load,202,Random-Fuzzer,ML-Based,15,1.0,4,"['Ping-Pong: 13 UEs oscillating', 'QoS Violation: 5th Percentile Throughput = 1.88 Mbps', 'Unfairness: Jain Index = 0.07', 'CRITICAL FAILURE: Low QoE, High Unfairness, and System Instability Co-occurred']",0.0679695161741562,-5.634245,-10.0,13.979284,1.8810487985610962,5.23987,0.10942024088643863,True,True,True,True
Stable High Load,203,Random-Fuzzer,ML-Based,12,0.8,4,"['Ping-Pong: 11 UEs oscillating', 'QoS Violation: 5th Percentile Throughput = 1.88 Mbps', 'Unfairness: Jain Index = 0.08', 'CRITICAL FAILURE: Low QoE, High Unfairness, and System Instability Co-occurred']",0.08461290418787745,-7.8654957,-10.0,5.906458,1.8810487985610962,5.416168,0.09712418121129114,True,True,True,True
Stable High Load,204,Random-Fuzzer,ML-Based,12,0.8,2,"['Ping-Pong: 10 UEs oscillating', 'QoS Violation: 5th Percentile Throughput = 1.88 Mbps']",0.9968860468715712,-9.940661,-10.0,1.907978,1.8810487985610962,6.3042355,0.09712418121129114,True,True,False,False
Stable High Load,205,Random-Fuzzer,ML-Based,14,0.9333333333333333,4,"['Ping-Pong: 9 UEs oscillating', 'QoS Violation: 5th Percentile Throughput = 1.88 Mbps', 'Unfairness: Jain Index = 0.07', 'CRITICAL FAILURE: Low QoE, High Unfairness, and System Instability Co-occurred']",0.07148140037506796,-4.8298135,-10.0,16.294476,1.8810487985610962,5.031201,0.09712418121129114,True,True,True,True
Stable High Load,206,Random-Fuzzer,ML-Based,9,0.6,2,"['Ping-Pong: 6 UEs oscillating', 'QoS Violation: 5th Percentile Throughput = 1.88 Mbps']",0.4127709834453411,-9.397247,-10.0,2.53042,1.8810487985610962,6.022962,0.09035079029052513,True,True,False,False
Stable High Load,207,Random-Fuzzer,ML-Based,14,0.9333333333333333,4,"['Ping-Pong: 8 UEs oscillating', 'QoS Violation: 5th Percentile Throughput = 1.88 Mbps', 'Unfairness: Jain Index = 0.13', 'CRITICAL FAILURE: Low QoE, High Unfairness, and System Instability Co-occurred']",0.13463435105669638,-3.3779795,-10.0,22.656963,1.8810487985610962,5.133216,0.07499055118106486,True,True,True,True
Stable High Load,208,Random-Fuzzer,ML-Based,15,1.0,4,"['Ping-Pong: 9 UEs oscillating', 'QoS Violation: 5th Percentile Throughput = 1.88 Mbps', 'Unfairness: Jain Index = 0.07', 'CRITICAL FAILURE: Low QoE, High Unfairness, and System Instability Co-occurred']",0.06709229124289635,-6.0118775,-10.0,12.401771,1.8810487985610962,5.229308,0.07499055118106486,True,True,True,True
Stable High Load,209,Random-Fuzzer,ML-Based,11,0.7333333333333333,2,"['Ping-Pong: 11 UEs oscillating', 'QoS Violation: 5th Percentile Throughput = 1.88 Mbps']",0.41011867251532574,-9.051469,-10.0,2.7585595,1.8810487985610962,5.6765037,0.08302664654363189,True,True,False,False
Stable High Load,210,Random-Fuzzer,ML-Based,13,0.8666666666666667,4,"['Ping-Pong: 10 UEs oscillating', 'QoS Violation: 5th Percentile Throughput = 1.88 Mbps', 'Unfairness: Jain Index = 0.08', 'CRITICAL FAILURE: Low QoE, High Unfairness, and System Instability Co-occurred']",0.0780634667958491,-7.350398,-10.0,7.3063965,1.8810487985610962,5.3238378,0.09035079029052513,True,True,True,True
Stable High Load,211,Random-Fuzzer,ML-Based,13,0.8666666666666667,2,"['Ping-Pong: 8 UEs oscillating', 'QoS Violation: 5th Percentile Throughput = 1.88 Mbps']",0.26677886425463465,-8.454478,-10.0,3.9853606,1.8810487985610962,5.620044,0.1150766283199483,True,True,False,False
Stable High Load,212,Random-Fuzzer,ML-Based,15,1.0,4,"['Ping-Pong: 11 UEs oscillating', 'QoS Violation: 5th Percentile Throughput = 1.88 Mbps', 'Unfairness: Jain Index = 0.07', 'CRITICAL FAILURE: Low QoE, High Unfairness, and System Instability Co-occurred']",0.07145282469366857,-7.316948,-10.0,8.355522,1.8810487985610962,5.5235157,0.10942024088643863,True,True,True,True
Stable High Load,213,Random-Fuzzer,ML-Based,13,0.8666666666666667,4,"['Ping-Pong: 11 UEs oscillating', 'QoS Violation: 5th Percentile Throughput = 1.88 Mbps', 'Unfairness: Jain Index = 0.15', 'CRITICAL FAILURE: Low QoE, High Unfairness, and System Instability Co-occurred']",0.14977222039653795,-7.8976836,-10.0,4.757562,1.8810487985610962,5.181738,0.10942024088643863,True,True,True,True
Stable High Load,214,Random-Fuzzer,ML-Based,15,1.0,4,"['Ping-Pong: 13 UEs oscillating', 'QoS Violation: 5th Percentile Throughput = 1.88 Mbps', 'Unfairness: Jain Index = 0.07', 'CRITICAL FAILURE: Low QoE, High Unfairness, and System Instability Co-occurred']",0.06712823750413435,-5.6745048,-10.0,12.65601,1.8810487985610962,4.915601,0.10345505229714491,True,True,True,True
Stable High Load,215,Random-Fuzzer,ML-Based,13,0.8666666666666667,2,"['Ping-Pong: 11 UEs oscillating', 'QoS Violation: 5th Percentile Throughput = 1.88 Mbps']",0.5806188889831893,-9.1967,-10.0,2.54839,1.8810487985610962,5.7817073,0.12046772038736682,True,True,False,False
Stable High Load,216,Random-Fuzzer,ML-Based,15,1.0,4,"['Ping-Pong: 13 UEs oscillating', 'QoS Violation: 5th Percentile Throughput = 1.88 Mbps', 'Unfairness: Jain Index = 0.11', 'CRITICAL FAILURE: Low QoE, High Unfairness, and System Instability Co-occurred']",0.11465290774305895,-7.2659283,-10.0,6.828637,1.8810487985610962,5.247152,0.06598288790738581,True,True,True,True
Stable High Load,217,Random-Fuzzer,ML-Based,13,0.8666666666666667,2,"['Ping-Pong: 11 UEs oscillating', 'QoS Violation: 5th Percentile Throughput = 1.88 Mbps']",0.9884686630234267,-9.893248,-10.0,1.9333278,1.8810487985610962,6.2542853,0.13997084244475305,True,True,False,False
Stable High Load,218,Random-Fuzzer,ML-Based,14,0.9333333333333333,4,"['Ping-Pong: 12 UEs oscillating', 'QoS Violation: 5th Percentile Throughput = 1.88 Mbps', 'Unfairness: Jain Index = 0.07', 'CRITICAL FAILURE: Low QoE, High Unfairness, and System Instability Co-occurred']",0.07076594779497955,-4.448454,-10.0,17.528446,1.8810487985610962,5.03786,0.08302664654363189,True,True,True,True
Stable High Load,219,Random-Fuzzer,ML-Based,11,0.7333333333333333,4,"['Ping-Pong: 9 UEs oscillating', 'QoS Violation: 5th Percentile Throughput = 1.88 Mbps', 'Unfairness: Jain Index = 0.09', 'CRITICAL FAILURE: Low QoE, High Unfairness, and System Instability Co-occurred']",0.09146346968885104,-5.6559367,-10.0,10.646501,1.8810487985610962,4.8006,0.08302664654363189,True,True,True,True
Stable High Load,220,Random-Fuzzer,ML-Based,13,0.8666666666666667,4,"['Ping-Pong: 8 UEs oscillating', 'QoS Violation: 5th Percentile Throughput = 1.88 Mbps', 'Unfairness: Jain Index = 0.07', 'CRITICAL FAILURE: Low QoE, High Unfairness, and System Instability Co-occurred']",0.0675370095704007,-5.3881755,-10.0,13.695916,1.8810487985610962,4.950916,0.07499055118106486,True,True,True,True
Stable High Load,221,Random-Fuzzer,ML-Based,15,1.0,2,"['Ping-Pong: 9 UEs oscillating', 'QoS Violation: 5th Percentile Throughput = 1.88 Mbps']",0.6429245298735311,-9.04106,-10.0,2.6060982,1.8810487985610962,5.6006947,0.11507662831994829,True,True,False,False
Stable High Load,222,Random-Fuzzer,ML-Based,14,0.9333333333333333,4,"['Ping-Pong: 12 UEs oscillating', 'QoS Violation: 5th Percentile Throughput = 1.88 Mbps', 'Unfairness: Jain Index = 0.07', 'CRITICAL FAILURE: Low QoE, High Unfairness, and System Instability Co-occurred']",0.07320386329045091,-3.686302,-10.0,18.58439,1.8810487985610962,4.578131,0.16876233473018432,True,True,True,True
Stable High Load,223,Random-Fuzzer,ML-Based,13,0.8666666666666667,4,"['Ping-Pong: 12 UEs oscillating', 'QoS Violation: 5th Percentile Throughput = 1.88 Mbps', 'Unfairness: Jain Index = 0.12', 'CRITICAL FAILURE: Low QoE, High Unfairness, and System Instability Co-occurred']",0.1207519746694732,-8.933423,-10.0,3.8679287,1.8810487985610962,5.9793735,0.09035079029052513,True,True,True,True
Stable High Load,224,Random-Fuzzer,ML-Based,14,0.9333333333333333,4,"['Ping-Pong: 11 UEs oscillating', 'QoS Violation: 5th Percentile Throughput = 1.88 Mbps', 'Unfairness: Jain Index = 0.07', 'CRITICAL FAILURE: Low QoE, High Unfairness, and System Instability Co-occurred']",0.06783200204055724,-5.780955,-10.0,13.679083,1.8810487985610962,5.2361875,0.13997084244475305,True,True,True,True
Stable High Load,225,Random-Fuzzer,ML-Based,13,0.8666666666666667,4,"['Ping-Pong: 10 UEs oscillating', 'QoS Violation: 5th Percentile Throughput = 1.88 Mbps', 'Unfairness: Jain Index = 0.13', 'CRITICAL FAILURE: Low QoE, High Unfairness, and System Instability Co-occurred']",0.13132913978995228,-8.469934,-10.0,4.104036,1.8810487985610962,5.47773,0.12046772038736682,True,True,True,True
Stable High Load,226,Random-Fuzzer,ML-Based,12,0.8,2,"['Ping-Pong: 10 UEs oscillating', 'QoS Violation: 5th Percentile Throughput = 1.88 Mbps']",0.24923690570062174,-8.328612,-10.0,3.787479,1.8810487985610962,5.3139653,0.13997084244475305,True,True,False,False
Stable High Load,227,Random-Fuzzer,ML-Based,12,0.8,4,"['Ping-Pong: 9 UEs oscillating', 'QoS Violation: 5th Percentile Throughput = 1.88 Mbps', 'Unfairness: Jain Index = 0.07', 'CRITICAL FAILURE: Low QoE, High Unfairness, and System Instability Co-occurred']",0.06722128629297552,-5.981535,-10.0,12.717894,1.8810487985610962,5.25696,0.09712418121129114,True,True,True,True
Stable High Load,228,Random-Fuzzer,ML-Based,14,0.9333333333333333,4,"['Ping-Pong: 9 UEs oscillating', 'QoS Violation: 5th Percentile Throughput = 1.88 Mbps', 'Unfairness: Jain Index = 0.07', 'CRITICAL FAILURE: Low QoE, High Unfairness, and System Instability Co-occurred']",0.06770959879693227,-5.0809755,-10.0,14.208013,1.8810487985610962,4.8217545,0.1034550522971449,True,True,True,True
Stable High Load,229,Random-Fuzzer,ML-Based,13,0.8666666666666667,4,"['Ping-Pong: 9 UEs oscillating', 'QoS Violation: 5th Percentile Throughput = 1.88 Mbps', 'Unfairness: Jain Index = 0.08', 'CRITICAL FAILURE: Low QoE, High Unfairness, and System Instability Co-occurred']",0.07782824913881979,-3.8444328,-10.0,19.974703,1.8810487985610962,4.9773045,0.09712418121129114,True,True,True,True
Stable High Load,230,Random-Fuzzer,ML-Based,13,0.8666666666666667,4,"['Ping-Pong: 11 UEs oscillating', 'QoS Violation: 5th Percentile Throughput = 1.88 Mbps', 'Unfairness: Jain Index = 0.11', 'CRITICAL FAILURE: Low QoE, High Unfairness, and System Instability Co-occurred']",0.10577444091588459,-8.077193,-10.0,5.156201,1.8810487985610962,5.473086,0.13997084244475305,True,True,True,True
Stable High Load,231,Random-Fuzzer,ML-Based,13,0.8666666666666667,4,"['Ping-Pong: 10 UEs oscillating', 'QoS Violation: 5th Percentile Throughput = 1.88 Mbps', 'Unfairness: Jain Index = 0.10', 'CRITICAL FAILURE: Low QoE, High Unfairness, and System Instability Co-occurred']",0.09655293704076019,-6.783628,-10.0,8.443239,1.8810487985610962,5.208391,0.13058389715049606,True,True,True,True
Stable High Load,232,Random-Fuzzer,ML-Based,15,1.0,2,"['Ping-Pong: 12 UEs oscillating', 'QoS Violation: 5th Percentile Throughput = 1.88 Mbps']",0.8682902793202518,-9.535932,-10.0,2.1661732,1.8810487985610962,5.9377675,0.07499055118106486,True,True,False,False
Stable High Load,233,Random-Fuzzer,ML-Based,12,0.8,4,"['Ping-Pong: 10 UEs oscillating', 'QoS Violation: 5th Percentile Throughput = 1.88 Mbps', 'Unfairness: Jain Index = 0.07', 'CRITICAL FAILURE: Low QoE, High Unfairness, and System Instability Co-occurred']",0.06696890685894166,-6.677055,-10.0,11.608962,1.8810487985610962,5.594716,0.10345505229714491,True,True,True,True
Stable High Load,234,Random-Fuzzer,ML-Based,14,0.9333333333333333,4,"['Ping-Pong: 11 UEs oscillating', 'QoS Violation: 5th Percentile Throughput = 1.88 Mbps', 'Unfairness: Jain Index = 0.20', 'CRITICAL FAILURE: Low QoE, High Unfairness, and System Instability Co-occurred']",0.19794683716304867,-6.629191,-10.0,6.900514,1.8810487985610962,4.551421,0.12046772038736682,True,True,True,True
Stable High Load,235,Random-Fuzzer,ML-Based,14,0.9333333333333333,4,"['Ping-Pong: 10 UEs oscillating', 'QoS Violation: 5th Percentile Throughput = 1.88 Mbps', 'Unfairness: Jain Index = 0.07', 'CRITICAL FAILURE: Low QoE, High Unfairness, and System Instability Co-occurred']",0.06770581303152283,-5.4560547,-10.0,14.043793,1.8810487985610962,5.156861,0.09035079029052512,True,True,True,True
Stable High Load,236,Random-Fuzzer,ML-Based,13,0.8666666666666667,4,"['Ping-Pong: 11 UEs oscillating', 'QoS Violation: 5th Percentile Throughput = 1.88 Mbps', 'Unfairness: Jain Index = 0.10', 'CRITICAL FAILURE: Low QoE, High Unfairness, and System Instability Co-occurred']",0.10186137088133085,-8.821031,-10.0,4.2908144,1.8810487985610962,5.9751616,0.05553287518900287,True,True,True,True
Stable High Load,237,Random-Fuzzer,ML-Based,11,0.7333333333333333,4,"['Ping-Pong: 9 UEs oscillating', 'QoS Violation: 5th Percentile Throughput = 1.88 Mbps', 'Unfairness: Jain Index = 0.12', 'CRITICAL FAILURE: Low QoE, High Unfairness, and System Instability Co-occurred']",0.12132458427188267,-8.4137535,-10.0,4.4981675,1.8810487985610962,5.6545033,0.2969229955832362,True,True,True,True
Stable High Load,238,Random-Fuzzer,ML-Based,9,0.6,4,"['Ping-Pong: 6 UEs oscillating', 'QoS Violation: 5th Percentile Throughput = 1.88 Mbps', 'Unfairness: Jain Index = 0.07', 'CRITICAL FAILURE: Low QoE, High Unfairness, and System Instability Co-occurred']",0.06988145951084417,-4.6953487,-10.0,15.985147,1.8810487985610962,4.880463,0.1724835264407127,True,True,True,True
Stable High Load,239,Random-Fuzzer,ML-Based,13,0.8666666666666667,4,"['Ping-Pong: 6 UEs oscillating', 'QoS Violation: 5th Percentile Throughput = 1.88 Mbps', 'Unfairness: Jain Index = 0.11', 'CRITICAL FAILURE: Low QoE, High Unfairness, and System Instability Co-occurred']",0.106636281376526,-7.1360216,-10.0,6.3824115,1.8810487985610962,4.8698807,0.11507662831994829,True,True,True,True
Stable High Load,240,Random-Fuzzer,ML-Based,12,0.8,2,"['Ping-Pong: 7 UEs oscillating', 'QoS Violation: 5th Percentile Throughput = 1.88 Mbps']",0.3487428781341951,-7.200545,-10.0,4.9123135,1.8810487985610962,4.6251364,0.1529750324210382,True,True,False,False
Stable High Load,241,Random-Fuzzer,ML-Based,14,0.9333333333333333,4,"['Ping-Pong: 9 UEs oscillating', 'QoS Violation: 5th Percentile Throughput = 1.88 Mbps', 'Unfairness: Jain Index = 0.16', 'CRITICAL FAILURE: Low QoE, High Unfairness, and System Instability Co-occurred']",0.15723026194068895,-7.232271,-10.0,6.817872,1.8810487985610962,5.1647754,0.10942024088643863,True,True,True,True
Stable High Load,242,Random-Fuzzer,ML-Based,14,0.9333333333333333,4,"['Ping-Pong: 10 UEs oscillating', 'QoS Violation: 5th Percentile Throughput = 1.88 Mbps', 'Unfairness: Jain Index = 0.07', 'CRITICAL FAILURE: Low QoE, High Unfairness, and System Instability Co-occurred']",0.06716594334253835,-5.549277,-10.0,12.757704,1.8810487985610962,4.7643943,0.08302664654363189,True,True,True,True
Stable High Load,243,Random-Fuzzer,ML-Based,13,0.8666666666666667,2,"['Ping-Pong: 11 UEs oscillating', 'QoS Violation: 5th Percentile Throughput = 1.88 Mbps']",0.2317555740442999,-8.509466,-10.0,3.501577,1.8810487985610962,5.324095,0.10942024088643863,True,True,False,False
Stable High Load,244,Random-Fuzzer,ML-Based,13,0.8666666666666667,4,"['Ping-Pong: 10 UEs oscillating', 'QoS Violation: 5th Percentile Throughput = 1.88 Mbps', 'Unfairness: Jain Index = 0.13', 'CRITICAL FAILURE: Low QoE, High Unfairness, and System Instability Co-occurred']",0.13375451921603754,-3.2851822,-10.0,21.374672,1.8810487985610962,4.6961417,0.08302664654363189,True,True,True,True
Stable High Load,245,Random-Fuzzer,ML-Based,11,0.7333333333333333,4,"['Ping-Pong: 7 UEs oscillating', 'QoS Violation: 5th Percentile Throughput = 1.88 Mbps', 'Unfairness: Jain Index = 0.07', 'CRITICAL FAILURE: Low QoE, High Unfairness, and System Instability Co-occurred']",0.0672306769159995,-5.8749175,-10.0,12.853351,1.8810487985610962,5.223832,0.10345505229714491,True,True,True,True
Stable High Load,246,Random-Fuzzer,ML-Based,14,0.9333333333333333,4,"['Ping-Pong: 8 UEs oscillating', 'QoS Violation: 5th Percentile Throughput = 1.88 Mbps', 'Unfairness: Jain Index = 0.09', 'CRITICAL FAILURE: Low QoE, High Unfairness, and System Instability Co-occurred']",0.09497185257252197,-8.331152,-10.0,4.9559836,1.8810487985610962,5.6225076,0.1150766283199483,True,True,True,True
Stable High Load,247,Random-Fuzzer,ML-Based,15,1.0,4,"['Ping-Pong: 10 UEs oscillating', 'QoS Violation: 5th Percentile Throughput = 1.88 Mbps', 'Unfairness: Jain Index = 0.07', 'CRITICAL FAILURE: Low QoE, High Unfairness, and System Instability Co-occurred']",0.06693862250294125,-6.3672457,-10.0,11.537326,1.8810487985610962,5.153448,0.10942024088643863,True,True,True,True
Stable High Load,248,Random-Fuzzer,ML-Based,14,0.9333333333333333,4,"['Ping-Pong: 13 UEs oscillating', 'QoS Violation: 5th Percentile Throughput = 1.88 Mbps', 'Unfairness: Jain Index = 0.14', 'CRITICAL FAILURE: Low QoE, High Unfairness, and System Instability Co-occurred']",0.1435624668273635,-1.5255872,-10.0,26.745823,1.8810487985610962,4.4101205,0.08302664654363189,True,True,True,True
Stable High Load,249,Random-Fuzzer,ML-Based,9,0.6,4,"['Ping-Pong: 8 UEs oscillating', 'QoS Violation: 5th Percentile Throughput = 1.88 Mbps', 'Unfairness: Jain Index = 0.19', 'CRITICAL FAILURE: Low QoE, High Unfairness, and System Instability Co-occurred']",0.19334760182045968,-8.565412,-10.0,3.86021,1.8810487985610962,5.65024,0.10345505229714491,True,True,True,True
Stable High Load,250,Random-Fuzzer,ML-Based,14,0.9333333333333333,4,"['Ping-Pong: 7 UEs oscillating', 'QoS Violation: 5th Percentile Throughput = 1.88 Mbps', 'Unfairness: Jain Index = 0.17', 'CRITICAL FAILURE: Low QoE, High Unfairness, and System Instability Co-occurred']",0.17405100560074765,-8.034033,-10.0,4.370862,1.8810487985610962,5.206513,0.05553287518900287,True,True,True,True
Stable High Load,251,Random-Fuzzer,ML-Based,12,0.8,4,"['Ping-Pong: 7 UEs oscillating', 'QoS Violation: 5th Percentile Throughput = 1.88 Mbps', 'Unfairness: Jain Index = 0.07', 'CRITICAL FAILURE: Low QoE, High Unfairness, and System Instability Co-occurred']",0.067390099369891,-5.16295,-10.0,13.603221,1.8810487985610962,4.7119155,0.09712418121129114,True,True,True,True
Stable High Load,252,Random-Fuzzer,ML-Based,13,0.8666666666666667,4,"['Ping-Pong: 11 UEs oscillating', 'QoS Violation: 5th Percentile Throughput = 1.88 Mbps', 'Unfairness: Jain Index = 0.07', 'CRITICAL FAILURE: Low QoE, High Unfairness, and System Instability Co-occurred']",0.06685382980554597,-7.324986,-10.0,10.849248,1.8810487985610962,5.9484634,0.13058389715049606,True,True,True,True
Stable High Load,253,Random-Fuzzer,ML-Based,13,0.8666666666666667,4,"['Ping-Pong: 10 UEs oscillating', 'QoS Violation: 5th Percentile Throughput = 1.88 Mbps', 'Unfairness: Jain Index = 0.07', 'CRITICAL FAILURE: Low QoE, High Unfairness, and System Instability Co-occurred']",0.06810345827001078,-4.681111,-10.0,15.308333,1.8810487985610962,4.73947,0.0659828879073858,True,True,True,True
Stable High Load,254,Random-Fuzzer,ML-Based,11,0.7333333333333333,4,"['Ping-Pong: 8 UEs oscillating', 'QoS Violation: 5th Percentile Throughput = 1.88 Mbps', 'Unfairness: Jain Index = 0.07', 'CRITICAL FAILURE: Low QoE, High Unfairness, and System Instability Co-occurred']",0.06704093460494213,-6.079866,-10.0,12.127484,1.8810487985610962,5.1390986,0.09712418121129114,True,True,True,True
Stable High Load,255,Random-Fuzzer,ML-Based,15,1.0,4,"['Ping-Pong: 10 UEs oscillating', 'QoS Violation: 5th Percentile Throughput = 1.88 Mbps', 'Unfairness: Jain Index = 0.07', 'CRITICAL FAILURE: Low QoE, High Unfairness, and System Instability Co-occurred']",0.06811942476654695,-4.9471636,-10.0,14.649032,1.8810487985610962,4.754872,0.1150766283199483,True,True,True,True
Stable High Load,256,Random-Fuzzer,ML-Based,15,1.0,4,"['Ping-Pong: 11 UEs oscillating', 'QoS Violation: 5th Percentile Throughput = 1.88 Mbps', 'Unfairness: Jain Index = 0.09', 'CRITICAL FAILURE: Low QoE, High Unfairness, and System Instability Co-occurred']",0.08827435820087039,-8.453617,-10.0,5.016557,1.8810487985610962,5.741056,0.1724835264407127,True,True,True,True
Stable High Load,257,Random-Fuzzer,ML-Based,14,0.9333333333333333,4,"['Ping-Pong: 14 UEs oscillating', 'QoS Violation: 5th Percentile Throughput = 1.88 Mbps', 'Unfairness: Jain Index = 0.07', 'CRITICAL FAILURE: Low QoE, High Unfairness, and System Instability Co-occurred']",0.07180050401695293,-2.9225461,-10.0,19.501364,1.8810487985610962,4.1679945,0.08302664654363189,True,True,True,True
Stable High Load,258,Random-Fuzzer,ML-Based,13,0.8666666666666667,4,"['Ping-Pong: 12 UEs oscillating', 'QoS Violation: 5th Percentile Throughput = 1.88 Mbps', 'Unfairness: Jain Index = 0.07', 'CRITICAL FAILURE: Low QoE, High Unfairness, and System Instability Co-occurred']",0.06753641631357889,-5.285911,-10.0,13.584483,1.8810487985610962,4.6648297,0.08302664654363187,True,True,True,True
Stable High Load,259,Random-Fuzzer,ML-Based,14,0.9333333333333333,4,"['Ping-Pong: 11 UEs oscillating', 'QoS Violation: 5th Percentile Throughput = 1.88 Mbps', 'Unfairness: Jain Index = 0.07', 'CRITICAL FAILURE: Low QoE, High Unfairness, and System Instability Co-occurred']",0.06695331350265013,-6.351972,-10.0,11.619372,1.8810487985610962,5.1777477,0.1487666604934601,True,True,True,True
Stable High Load,260,Random-Fuzzer,ML-Based,14,0.9333333333333333,4,"['Ping-Pong: 11 UEs oscillating', 'QoS Violation: 5th Percentile Throughput = 1.88 Mbps', 'Unfairness: Jain Index = 0.14', 'CRITICAL FAILURE: Low QoE, High Unfairness, and System Instability Co-occurred']",0.14039699684028284,-5.1487975,-10.0,11.468683,1.8810487985610962,4.4200997,0.09712418121129114,True,True,True,True
Stable High Load,261,Random-Fuzzer,ML-Based,10,0.6666666666666666,4,"['Ping-Pong: 9 UEs oscillating', 'QoS Violation: 5th Percentile Throughput = 1.88 Mbps', 'Unfairness: Jain Index = 0.07', 'CRITICAL FAILURE: Low QoE, High Unfairness, and System Instability Co-occurred']",0.06728060614794404,-5.2531996,-10.0,13.244912,1.8810487985610962,4.6734495,0.14443572274383906,True,True,True,True
Stable High Load,262,Random-Fuzzer,ML-Based,13,0.8666666666666667,2,"['Ping-Pong: 9 UEs oscillating', 'QoS Violation: 5th Percentile Throughput = 1.88 Mbps']",0.4965895967193901,-8.701396,-10.0,2.930004,1.8810487985610962,5.327074,0.08302664654363189,True,True,False,False
Stable High Load,263,Random-Fuzzer,ML-Based,12,0.8,2,"['Ping-Pong: 6 UEs oscillating', 'QoS Violation: 5th Percentile Throughput = 1.88 Mbps']",0.210857940392819,-8.858838,-10.0,3.2949142,1.8810487985610962,5.67105,0.06598288790738581,True,True,False,False
Stable High Load,264,Random-Fuzzer,ML-Based,10,0.6666666666666666,2,"['Ping-Pong: 7 UEs oscillating', 'QoS Violation: 5th Percentile Throughput = 1.88 Mbps']",0.4917897775896549,-6.61892,-10.0,5.3563385,1.8810487985610962,4.21446,0.09712418121129114,True,True,False,False
Stable High Load,265,Random-Fuzzer,ML-Based,12,0.8,4,"['Ping-Pong: 6 UEs oscillating', 'QoS Violation: 5th Percentile Throughput = 1.88 Mbps', 'Unfairness: Jain Index = 0.07', 'CRITICAL FAILURE: Low QoE, High Unfairness, and System Instability Co-occurred']",0.06743229579424535,-5.4915366,-10.0,13.427433,1.8810487985610962,4.963976,0.042591770999996004,True,True,True,True
Stable High Load,266,Random-Fuzzer,ML-Based,14,0.9333333333333333,2,"['Ping-Pong: 8 UEs oscillating', 'QoS Violation: 5th Percentile Throughput = 1.88 Mbps']",0.4186508499233505,-8.018933,-10.0,3.9038918,1.8810487985610962,5.084678,0.2990536851068112,True,True,False,False
Stable High Load,267,Random-Fuzzer,ML-Based,10,0.6666666666666666,4,"['Ping-Pong: 9 UEs oscillating', 'QoS Violation: 5th Percentile Throughput = 1.88 Mbps', 'Unfairness: Jain Index = 0.10', 'CRITICAL FAILURE: Low QoE, High Unfairness, and System Instability Co-occurred']",0.10089238862516732,-5.792294,-10.0,9.429152,1.8810487985610962,4.41862,0.10942024088643862,True,True,True,True
Stable High Load,268,Random-Fuzzer,ML-Based,14,0.9333333333333333,4,"['Ping-Pong: 9 UEs oscillating', 'QoS Violation: 5th Percentile Throughput = 1.88 Mbps', 'Unfairness: Jain Index = 0.12', 'CRITICAL FAILURE: Low QoE, High Unfairness, and System Instability Co-occurred']",0.12427983882040204,-4.2649055,-10.0,16.107567,1.8810487985610962,4.529637,0.1034550522971449,True,True,True,True
Stable High Load,269,Random-Fuzzer,ML-Based,15,1.0,4,"['Ping-Pong: 9 UEs oscillating', 'QoS Violation: 5th Percentile Throughput = 1.88 Mbps', 'Unfairness: Jain Index = 0.17', 'CRITICAL FAILURE: Low QoE, High Unfairness, and System Instability Co-occurred']",0.16822092515627043,-8.133318,-10.0,4.9958553,1.8810487985610962,5.5969667,0.09712418121129114,True,True,True,True
Stable High Load,270,Random-Fuzzer,ML-Based,12,0.8,4,"['Ping-Pong: 11 UEs oscillating', 'QoS Violation: 5th Percentile Throughput = 1.88 Mbps', 'Unfairness: Jain Index = 0.14', 'CRITICAL FAILURE: Low QoE, High Unfairness, and System Instability Co-occurred']",0.13686007962149194,-7.302665,-10.0,6.764779,1.8810487985610962,5.175665,0.042591770999996004,True,True,True,True
Stable High Load,271,Random-Fuzzer,ML-Based,13,0.8666666666666667,4,"['Ping-Pong: 10 UEs oscillating', 'QoS Violation: 5th Percentile Throughput = 1.88 Mbps', 'Unfairness: Jain Index = 0.10', 'CRITICAL FAILURE: Low QoE, High Unfairness, and System Instability Co-occurred']",0.10396926144998304,-7.7065825,-10.0,5.515573,1.8810487985610962,5.1809573,0.06598288790738581,True,True,True,True
Stable High Load,272,Random-Fuzzer,ML-Based,13,0.8666666666666667,4,"['Ping-Pong: 10 UEs oscillating', 'QoS Violation: 5th Percentile Throughput = 1.88 Mbps', 'Unfairness: Jain Index = 0.15', 'CRITICAL FAILURE: Low QoE, High Unfairness, and System Instability Co-occurred']",0.15078466838761653,-6.769857,-10.0,7.3324914,1.8810487985610962,4.873588,0.13058389715049606,True,True,True,True
Stable High Load,273,Random-Fuzzer,ML-Based,12,0.8,4,"['Ping-Pong: 8 UEs oscillating', 'QoS Violation: 5th Percentile Throughput = 1.88 Mbps', 'Unfairness: Jain Index = 0.07', 'CRITICAL FAILURE: Low QoE, High Unfairness, and System Instability Co-occurred']",0.06807295276953383,-4.9549947,-10.0,14.640238,1.8810487985610962,4.7445736,0.08302664654363189,True,True,True,True
Stable High Load,274,Random-Fuzzer,ML-Based,12,0.8,2,"['Ping-Pong: 8 UEs oscillating', 'QoS Violation: 5th Percentile Throughput = 1.88 Mbps']",0.8511245650955913,-9.646714,-10.0,2.1113935,1.8810487985610962,6.055845,0.0659828879073858,True,True,False,False
Stable High Load,275,Random-Fuzzer,ML-Based,15,1.0,4,"['Ping-Pong: 9 UEs oscillating', 'QoS Violation: 5th Percentile Throughput = 1.88 Mbps', 'Unfairness: Jain Index = 0.07', 'CRITICAL FAILURE: Low QoE, High Unfairness, and System Instability Co-occurred']",0.069730105939988,-5.7762594,-10.0,14.826109,1.8810487985610962,5.547687,0.10345505229714491,True,True,True,True
Stable High Load,276,Random-Fuzzer,ML-Based,14,0.9333333333333333,4,"['Ping-Pong: 11 UEs oscillating', 'QoS Violation: 5th Percentile Throughput = 1.88 Mbps', 'Unfairness: Jain Index = 0.07', 'CRITICAL FAILURE: Low QoE, High Unfairness, and System Instability Co-occurred']",0.0669603274122965,-6.2816787,-10.0,11.68028,1.8810487985610962,5.140378,0.05553287518900287,True,True,True,True
Stable High Load,277,Random-Fuzzer,ML-Based,15,1.0,4,"['Ping-Pong: 14 UEs oscillating', 'QoS Violation: 5th Percentile Throughput = 1.88 Mbps', 'Unfairness: Jain Index = 0.17', 'CRITICAL FAILURE: Low QoE, High Unfairness, and System Instability Co-occurred']",0.17020868953431653,-7.075363,-10.0,6.1126842,1.8810487985610962,4.9218936,0.08302664654363189,True,True,True,True
Stable High Load,278,Random-Fuzzer,ML-Based,15,1.0,4,"['Ping-Pong: 14 UEs oscillating', 'QoS Violation: 5th Percentile Throughput = 1.88 Mbps', 'Unfairness: Jain Index = 0.07', 'CRITICAL FAILURE: Low QoE, High Unfairness, and System Instability Co-occurred']",0.07338635042132081,-8.356388,-10.0,6.210048,1.8810487985610962,5.9558287,0.11507662831994829,True,True,True,True
Stable High Load,279,Random-Fuzzer,ML-Based,14,0.9333333333333333,4,"['Ping-Pong: 14 UEs oscillating', 'QoS Violation: 5th Percentile Throughput = 1.88 Mbps', 'Unfairness: Jain Index = 0.07', 'CRITICAL FAILURE: Low QoE, High Unfairness, and System Instability Co-occurred']",0.06753694380261355,-7.661759,-10.0,8.915983,1.8810487985610962,5.824451,0.07499055118106487,True,True,True,True
Stable High Load,280,Random-Fuzzer,ML-Based,13,0.8666666666666667,4,"['Ping-Pong: 12 UEs oscillating', 'QoS Violation: 5th Percentile Throughput = 1.88 Mbps', 'Unfairness: Jain Index = 0.07', 'CRITICAL FAILURE: Low QoE, High Unfairness, and System Instability Co-occurred']",0.06773929500449462,-5.0524206,-10.0,14.352651,1.8810487985610962,4.8327775,0.09712418121129114,True,True,True,True
Stable High Load,281,Random-Fuzzer,ML-Based,13,0.8666666666666667,4,"['Ping-Pong: 11 UEs oscillating', 'QoS Violation: 5th Percentile Throughput = 1.88 Mbps', 'Unfairness: Jain Index = 0.07', 'CRITICAL FAILURE: Low QoE, High Unfairness, and System Instability Co-occurred']",0.07499978034423092,-6.7168736,-10.0,8.679017,1.8810487985610962,5.067138,0.07499055118106487,True,True,True,True
Stable High Load,282,Random-Fuzzer,ML-Based,11,0.7333333333333333,4,"['Ping-Pong: 9 UEs oscillating', 'QoS Violation: 5th Percentile Throughput = 1.88 Mbps', 'Unfairness: Jain Index = 0.07', 'CRITICAL FAILURE: Low QoE, High Unfairness, and System Instability Co-occurred']",0.07386554428673228,-4.1741753,-10.0,16.961124,1.8810487985610962,4.4489026,0.12046772038736682,True,True,True,True
Stable High Load,283,Random-Fuzzer,ML-Based,15,1.0,4,"['Ping-Pong: 10 UEs oscillating', 'QoS Violation: 5th Percentile Throughput = 1.88 Mbps', 'Unfairness: Jain Index = 0.07', 'CRITICAL FAILURE: Low QoE, High Unfairness, and System Instability Co-occurred']",0.06736726829878624,-4.453651,-10.0,13.922562,1.8810487985610962,4.040283,0.08302664654363187,True,True,True,True
Stable High Load,284,Random-Fuzzer,ML-Based,13,0.8666666666666667,4,"['Ping-Pong: 9 UEs oscillating', 'QoS Violation: 5th Percentile Throughput = 1.88 Mbps', 'Unfairness: Jain Index = 0.18', 'CRITICAL FAILURE: Low QoE, High Unfairness, and System Instability Co-occurred']",0.18277343453142642,-8.401098,-10.0,3.9650712,1.8810487985610962,5.4643397,0.09035079029052513,True,True,True,True
Stable High Load,285,Random-Fuzzer,ML-Based,12,0.8,4,"['Ping-Pong: 10 UEs oscillating', 'QoS Violation: 5th Percentile Throughput = 1.88 Mbps', 'Unfairness: Jain Index = 0.07', 'CRITICAL FAILURE: Low QoE, High Unfairness, and System Instability Co-occurred']",0.06694921156474717,-6.2868443,-10.0,11.617719,1.8810487985610962,5.112115,0.08302664654363187,True,True,True,True
Stable High Load,286,Random-Fuzzer,ML-Based,14,0.9333333333333333,4,"['Ping-Pong: 9 UEs oscillating', 'QoS Violation: 5th Percentile Throughput = 1.88 Mbps', 'Unfairness: Jain Index = 0.13', 'CRITICAL FAILURE: Low QoE, High Unfairness, and System Instability Co-occurred']",0.13402902860592436,-2.6929343,-10.0,22.435253,1.8810487985610962,4.4363103,0.09712418121129114,True,True,True,True
Stable High Load,287,Random-Fuzzer,ML-Based,15,1.0,2,"['Ping-Pong: 11 UEs oscillating', 'QoS Violation: 5th Percentile Throughput = 1.88 Mbps']",0.459145570765359,-9.177684,-10.0,2.641301,1.8810487985610962,5.80006,0.12046772038736683,True,True,False,False
Stable High Load,288,Random-Fuzzer,ML-Based,15,1.0,4,"['Ping-Pong: 14 UEs oscillating', 'QoS Violation: 5th Percentile Throughput = 1.88 Mbps', 'Unfairness: Jain Index = 0.13', 'CRITICAL FAILURE: Low QoE, High Unfairness, and System Instability Co-occurred']",0.13382102886803954,-3.0265112,-10.0,21.76099,1.8810487985610962,4.588805,0.0659828879073858,True,True,True,True
Stable High Load,289,Random-Fuzzer,ML-Based,14,0.9333333333333333,4,"['Ping-Pong: 14 UEs oscillating', 'QoS Violation: 5th Percentile Throughput = 1.88 Mbps', 'Unfairness: Jain Index = 0.07', 'CRITICAL FAILURE: Low QoE, High Unfairness, and System Instability Co-occurred']",0.06687268057143333,-7.040217,-10.0,11.010602,1.8810487985610962,5.6555014,0.08302664654363187,True,True,True,True
Stable High Load,290,Random-Fuzzer,ML-Based,10,0.6666666666666666,4,"['Ping-Pong: 9 UEs oscillating', 'QoS Violation: 5th Percentile Throughput = 1.88 Mbps', 'Unfairness: Jain Index = 0.10', 'CRITICAL FAILURE: Low QoE, High Unfairness, and System Instability Co-occurred']",0.09631306821179897,-5.05245,-10.0,13.146625,1.8810487985610962,4.788773,0.09035079029052513,True,True,True,True
Stable High Load,291,Random-Fuzzer,ML-Based,12,0.8,4,"['Ping-Pong: 6 UEs oscillating', 'QoS Violation: 5th Percentile Throughput = 1.88 Mbps', 'Unfairness: Jain Index = 0.07', 'CRITICAL FAILURE: Low QoE, High Unfairness, and System Instability Co-occurred']",0.06854017876389236,-3.9727604,-10.0,16.34187,1.8810487985610962,4.3899403,0.08302664654363189,True,True,True,True
Stable High Load,292,Random-Fuzzer,ML-Based,13,0.8666666666666667,4,"['Ping-Pong: 6 UEs oscillating', 'QoS Violation: 5th Percentile Throughput = 1.88 Mbps', 'Unfairness: Jain Index = 0.07', 'CRITICAL FAILURE: Low QoE, High Unfairness, and System Instability Co-occurred']",0.06757247383511983,-5.0853505,-10.0,13.993975,1.8810487985610962,4.7074285,0.1256276757930754,True,True,True,True
Stable High Load,293,Random-Fuzzer,ML-Based,13,0.8666666666666667,2,"['Ping-Pong: 9 UEs oscillating', 'QoS Violation: 5th Percentile Throughput = 1.88 Mbps']",0.6515006504588877,-9.014348,-10.0,2.6291077,1.8810487985610962,5.5867257,0.07499055118106487,True,True,False,False
Stable High Load,294,Random-Fuzzer,ML-Based,13,0.8666666666666667,4,"['Ping-Pong: 10 UEs oscillating', 'QoS Violation: 5th Percentile Throughput = 1.88 Mbps', 'Unfairness: Jain Index = 0.13', 'CRITICAL FAILURE: Low QoE, High Unfairness, and System Instability Co-occurred']",0.12926054648439075,-6.3417315,-10.0,10.939165,1.8810487985610962,5.2663183,0.10942024088643863,True,True,True,True
Stable High Load,295,Random-Fuzzer,ML-Based,11,0.7333333333333333,2,"['Ping-Pong: 9 UEs oscillating', 'QoS Violation: 5th Percentile Throughput = 1.88 Mbps']",0.6750501153971783,-9.1585455,-10.0,2.479431,1.8810487985610962,5.64219,0.12046772038736682,True,True,False,False
Stable High Load,296,Random-Fuzzer,ML-Based,15,1.0,2,"['Ping-Pong: 10 UEs oscillating', 'QoS Violation: 5th Percentile Throughput = 1.88 Mbps']",0.9999999666481518,-9.999654,-10.0,1.8811916,1.8810487985610962,6.3789344,0.08302664654363189,True,True,False,False
Stable High Load,297,Random-Fuzzer,ML-Based,13,0.8666666666666667,4,"['Ping-Pong: 11 UEs oscillating', 'QoS Violation: 5th Percentile Throughput = 1.88 Mbps', 'Unfairness: Jain Index = 0.07', 'CRITICAL FAILURE: Low QoE, High Unfairness, and System Instability Co-occurred']",0.067580680324404,-4.7489214,-10.0,14.497721,1.8810487985610962,4.631125,0.09712418121129114,True,True,True,True
Stable High Load,298,Random-Fuzzer,ML-Based,13,0.8666666666666667,2,"['Ping-Pong: 12 UEs oscillating', 'QoS Violation: 5th Percentile Throughput = 1.88 Mbps']",0.30917594102311796,-8.921308,-10.0,3.071712,1.8810487985610962,5.7196193,0.08302664654363189,True,True,False,False
Stable High Load,299,Random-Fuzzer,ML-Based,14,0.9333333333333333,4,"['Ping-Pong: 12 UEs oscillating', 'QoS Violation: 5th Percentile Throughput = 1.88 Mbps', 'Unfairness: Jain Index = 0.07', 'CRITICAL FAILURE: Low QoE, High Unfairness, and System Instability Co-occurred']",0.06715918720569827,-5.012045,-10.0,13.031988,1.8810487985610962,4.3590226,0.1256276757930754,True,True,True,True
